experiment_id,parent_experiment_id,ts,candidate_source,model_or_engine,engine_version,seed,prompt_hash,code_sha256,data_snapshot_sha256,feature_or_formula,params_json,train_period,valid_period,result_json,admitted,reject_reason
23fc750e7626,,2026-07-15T16:48:14.707834+00:00,Alpha158,LightGBM,4.6.0,42,,261ef9823936be288169d7ee0d8f065a334010b7966193578d12ea1c40b2abf3,65990a15cd56cf02b9a4812a0a37e4574affd7fc90b500fcb5e8e64b12c7b866,"Alpha158; label=Ref($open, -11) / Ref($open, -1) - 1","{""baseline"": {""account"": 100000000.0, ""colsample_bytree"": 0.8879, ""early_stopping_rounds"": 50, ""instrument"": ""csi800"", ""learning_rate"": 0.05, ""max_depth"": -1, ""num_boost_round"": 1000, ""num_leaves"": 31, ""reg_alpha"": 0.0421, ""reg_lambda"": 0.022, ""seed"": 42, ""subsample"": 0.8789, ""validation_months"": 6}, ""cost_scenarios"": [1.0, 1.5, 2.0], ""n_drop"": 3, ""rebalance_days"": 10, ""topk"": 30, ""window"": ""W1""}",2016-01-01~2018-06-30,2018-07-01~2018-12-31; test=2019-01-01~2019-12-31,"{""status"": ""failed""}",false,"MlflowException: The filesystem tracking backend (e.g., './mlruns') is in maintenance mode and will not receive further updates. Please migrate to a database backend (e.g., 'sqlite:///mlflow.db') to access the latest MLflow features. The `mlflow migrate-filestore` tool migrates your existing data losslessly. See https://mlflow.org/docs/latest/self-hosting/migrate-from-file-store for migration guidance. If the filesystem backend is required for your workflow, set `MLFLOW_ALLOW_FILE_STORE=true` to opt out of this exception."
a7994d76a5dc,,2026-07-15T16:52:02.036146+00:00,Alpha158,LightGBM,4.6.0,42,,49c74920edb142590288c5022770006569536a36d81edfed6949d0a7ea3c3c43,65990a15cd56cf02b9a4812a0a37e4574affd7fc90b500fcb5e8e64b12c7b866,"Alpha158; label=Ref($open, -11) / Ref($open, -1) - 1","{""baseline"": {""account"": 100000000.0, ""colsample_bytree"": 0.8879, ""early_stopping_rounds"": 50, ""instrument"": ""csi800"", ""learning_rate"": 0.05, ""max_depth"": -1, ""num_boost_round"": 1000, ""num_leaves"": 31, ""reg_alpha"": 0.0421, ""reg_lambda"": 0.022, ""seed"": 42, ""subsample"": 0.8789, ""validation_months"": 6}, ""cost_scenarios"": [1.0, 1.5, 2.0], ""n_drop"": 3, ""rebalance_days"": 10, ""topk"": 30, ""window"": ""W1""}",2016-01-01~2018-06-30,2018-07-01~2018-12-31; test=2019-01-01~2019-12-31,"{""cost_scenarios"": {""1"": {""benchmark_return"": 0.33706741403504803, ""cumulative_excess"": -0.06300885336455386, ""reported_cost_sum"": 0.0057302228233557986, ""strategy_return"": 0.2528203294055904}, ""1.5"": {""benchmark_return"": 0.33706741403504803, ""cumulative_excess"": -0.0656886710831791, ""reported_cost_sum"": 0.008595334235033697, ""strategy_return"": 0.24923723245846285}, ""2"": {""benchmark_return"": 0.33706741403504803, ""cumulative_excess"": -0.06836117537997621, ""reported_cost_sum"": 0.011460445646711597, ""strategy_return"": 0.24566391404934684}}, ""prediction_rows"": 195143, ""segments"": {""test"": [""2019-01-01"", ""2019-12-31""], ""train"": [""2016-01-01"", ""2018-06-30""], ""valid"": [""2018-07-01"", ""2018-12-31""]}, ""window"": ""W1""}",false,stage0 baseline evidence; not a factor-admission experiment
4ecd97e5e243,,2026-07-15T16:52:50.184965+00:00,Alpha158,LightGBM,4.6.0,42,,49c74920edb142590288c5022770006569536a36d81edfed6949d0a7ea3c3c43,65990a15cd56cf02b9a4812a0a37e4574affd7fc90b500fcb5e8e64b12c7b866,"Alpha158; label=Ref($open, -11) / Ref($open, -1) - 1","{""baseline"": {""account"": 100000000.0, ""colsample_bytree"": 0.8879, ""early_stopping_rounds"": 50, ""instrument"": ""csi800"", ""learning_rate"": 0.05, ""max_depth"": -1, ""num_boost_round"": 1000, ""num_leaves"": 31, ""reg_alpha"": 0.0421, ""reg_lambda"": 0.022, ""seed"": 42, ""subsample"": 0.8789, ""validation_months"": 6}, ""cost_scenarios"": [1.0, 1.5, 2.0], ""n_drop"": 3, ""rebalance_days"": 10, ""topk"": 30, ""window"": ""W2""}",2017-01-01~2019-06-30,2019-07-01~2019-12-31; test=2020-01-01~2020-12-31,"{""cost_scenarios"": {""1"": {""benchmark_return"": 0.2578816167368343, ""cumulative_excess"": 0.1798641656896307, ""reported_cost_sum"": 0.006006813037467246, ""strategy_return"": 0.4841294442675288}, ""1.5"": {""benchmark_return"": 0.2578816167368343, ""cumulative_excess"": 0.1763464868746667, ""reported_cost_sum"": 0.009010219556200868, ""strategy_return"": 0.479704620752601}, ""2"": {""benchmark_return"": 0.2578816167368343, ""cumulative_excess"": 0.17283882250103977, ""reported_cost_sum"": 0.012013626074934492, ""strategy_return"": 0.475292394219333}}, ""prediction_rows"": 194400, ""segments"": {""test"": [""2020-01-01"", ""2020-12-31""], ""train"": [""2017-01-01"", ""2019-06-30""], ""valid"": [""2019-07-01"", ""2019-12-31""]}, ""window"": ""W2""}",false,stage0 baseline evidence; not a factor-admission experiment
1bc4ea3d8030,,2026-07-15T16:53:41.264053+00:00,Alpha158,LightGBM,4.6.0,42,,49c74920edb142590288c5022770006569536a36d81edfed6949d0a7ea3c3c43,65990a15cd56cf02b9a4812a0a37e4574affd7fc90b500fcb5e8e64b12c7b866,"Alpha158; label=Ref($open, -11) / Ref($open, -1) - 1","{""baseline"": {""account"": 100000000.0, ""colsample_bytree"": 0.8879, ""early_stopping_rounds"": 50, ""instrument"": ""csi800"", ""learning_rate"": 0.05, ""max_depth"": -1, ""num_boost_round"": 1000, ""num_leaves"": 31, ""reg_alpha"": 0.0421, ""reg_lambda"": 0.022, ""seed"": 42, ""subsample"": 0.8789, ""validation_months"": 6}, ""cost_scenarios"": [1.0, 1.5, 2.0], ""n_drop"": 3, ""rebalance_days"": 10, ""topk"": 30, ""window"": ""W3""}",2018-01-01~2020-06-30,2020-07-01~2020-12-31; test=2021-01-01~2021-12-31,"{""cost_scenarios"": {""1"": {""benchmark_return"": -0.00755573093609363, ""cumulative_excess"": 0.08750394965180797, ""reported_cost_sum"": 0.005859592097570268, ""strategy_return"": 0.07928706241629979}, ""1.5"": {""benchmark_return"": -0.00755573093609363, ""cumulative_excess"": 0.08432405022631917, ""reported_cost_sum"": 0.008789388146355402, ""strategy_return"": 0.07613118945527386}, ""2"": {""benchmark_return"": -0.00755573093609363, ""cumulative_excess"": 0.08115302375876099, ""reported_cost_sum"": 0.011719184195140536, ""strategy_return"": 0.07298412241049568}}, ""prediction_rows"": 194382, ""segments"": {""test"": [""2021-01-01"", ""2021-12-31""], ""train"": [""2018-01-01"", ""2020-06-30""], ""valid"": [""2020-07-01"", ""2020-12-31""]}, ""window"": ""W3""}",false,stage0 baseline evidence; not a factor-admission experiment
1eac681005da,,2026-07-15T16:54:25.416279+00:00,Alpha158,LightGBM,4.6.0,42,,49c74920edb142590288c5022770006569536a36d81edfed6949d0a7ea3c3c43,65990a15cd56cf02b9a4812a0a37e4574affd7fc90b500fcb5e8e64b12c7b866,"Alpha158; label=Ref($open, -11) / Ref($open, -1) - 1","{""baseline"": {""account"": 100000000.0, ""colsample_bytree"": 0.8879, ""early_stopping_rounds"": 50, ""instrument"": ""csi800"", ""learning_rate"": 0.05, ""max_depth"": -1, ""num_boost_round"": 1000, ""num_leaves"": 31, ""reg_alpha"": 0.0421, ""reg_lambda"": 0.022, ""seed"": 42, ""subsample"": 0.8789, ""validation_months"": 6}, ""cost_scenarios"": [1.0, 1.5, 2.0], ""n_drop"": 3, ""rebalance_days"": 10, ""topk"": 30, ""window"": ""W4""}",2019-01-01~2021-06-30,2021-07-01~2021-12-31; test=2022-01-01~2022-12-31,"{""cost_scenarios"": {""1"": {""benchmark_return"": -0.21316061896427918, ""cumulative_excess"": 0.02197844624298595, ""reported_cost_sum"": 0.005678345026235971, ""strategy_return"": -0.19586711192632134}, ""1.5"": {""benchmark_return"": -0.21316061896427918, ""cumulative_excess"": 0.01906770253910617, ""reported_cost_sum"": 0.008517517539353956, ""strategy_return"": -0.19815739970063573}, ""2"": {""benchmark_return"": -0.21316061896427918, ""cumulative_excess"": 0.016164873602689145, ""reported_cost_sum"": 0.011356690052471943, ""strategy_return"": -0.20044145982421857}}, ""prediction_rows"": 193600, ""segments"": {""test"": [""2022-01-01"", ""2022-12-31""], ""train"": [""2019-01-01"", ""2021-06-30""], ""valid"": [""2021-07-01"", ""2021-12-31""]}, ""window"": ""W4""}",false,stage0 baseline evidence; not a factor-admission experiment
8e72f090633c,,2026-07-15T16:55:16.862416+00:00,Alpha158,LightGBM,4.6.0,42,,49c74920edb142590288c5022770006569536a36d81edfed6949d0a7ea3c3c43,65990a15cd56cf02b9a4812a0a37e4574affd7fc90b500fcb5e8e64b12c7b866,"Alpha158; label=Ref($open, -11) / Ref($open, -1) - 1","{""baseline"": {""account"": 100000000.0, ""colsample_bytree"": 0.8879, ""early_stopping_rounds"": 50, ""instrument"": ""csi800"", ""learning_rate"": 0.05, ""max_depth"": -1, ""num_boost_round"": 1000, ""num_leaves"": 31, ""reg_alpha"": 0.0421, ""reg_lambda"": 0.022, ""seed"": 42, ""subsample"": 0.8789, ""validation_months"": 6}, ""cost_scenarios"": [1.0, 1.5, 2.0], ""n_drop"": 3, ""rebalance_days"": 10, ""topk"": 30, ""window"": ""W5""}",2020-01-01~2022-06-30,2022-07-01~2022-12-31; test=2023-01-01~2023-12-31,"{""cost_scenarios"": {""1"": {""benchmark_return"": -0.10373143068852952, ""cumulative_excess"": 0.13587618760867626, ""reported_cost_sum"": 0.005613079701213509, ""strategy_return"": 0.01805012558299568}, ""1.5"": {""benchmark_return"": -0.10373143068852952, ""cumulative_excess"": 0.13269066308931543, ""reported_cost_sum"": 0.008419619551820263, ""strategy_return"": 0.015195040079521549}, ""2"": {""benchmark_return"": -0.10373143068852952, ""cumulative_excess"": 0.12951366372879214, ""reported_cost_sum"": 0.011226159402427018, ""strategy_return"": 0.012347595407961931}}, ""prediction_rows"": 193572, ""segments"": {""test"": [""2023-01-01"", ""2023-12-31""], ""train"": [""2020-01-01"", ""2022-06-30""], ""valid"": [""2022-07-01"", ""2022-12-31""]}, ""window"": ""W5""}",false,stage0 baseline evidence; not a factor-admission experiment
d31e280a9d85,,2026-07-15T16:56:11.504140+00:00,Alpha158,LightGBM,4.6.0,42,,49c74920edb142590288c5022770006569536a36d81edfed6949d0a7ea3c3c43,65990a15cd56cf02b9a4812a0a37e4574affd7fc90b500fcb5e8e64b12c7b866,"Alpha158; label=Ref($open, -11) / Ref($open, -1) - 1","{""baseline"": {""account"": 100000000.0, ""colsample_bytree"": 0.8879, ""early_stopping_rounds"": 50, ""instrument"": ""csi800"", ""learning_rate"": 0.05, ""max_depth"": -1, ""num_boost_round"": 1000, ""num_leaves"": 31, ""reg_alpha"": 0.0421, ""reg_lambda"": 0.022, ""seed"": 42, ""subsample"": 0.8789, ""validation_months"": 6}, ""cost_scenarios"": [1.0, 1.5, 2.0], ""n_drop"": 3, ""rebalance_days"": 10, ""topk"": 30, ""window"": ""W6""}",2021-01-01~2023-06-30,2023-07-01~2023-12-31; test=2024-01-01~2024-12-31,"{""cost_scenarios"": {""1"": {""benchmark_return"": 0.12202917385482981, ""cumulative_excess"": 0.08784875148334037, ""reported_cost_sum"": 0.005598663049225264, ""strategy_return"": 0.22059803590586058}, ""1.5"": {""benchmark_return"": 0.12202917385482981, ""cumulative_excess"": 0.08481770701984348, ""reported_cost_sum"": 0.008397994573837895, ""strategy_return"": 0.21719711559056587}, ""2"": {""benchmark_return"": 0.12202917385482981, ""cumulative_excess"": 0.08179472347127548, ""reported_cost_sum"": 0.011197326098450528, ""strategy_return"": 0.2138052398569894}}, ""prediction_rows"": 193600, ""segments"": {""test"": [""2024-01-01"", ""2024-12-31""], ""train"": [""2021-01-01"", ""2023-06-30""], ""valid"": [""2023-07-01"", ""2023-12-31""]}, ""window"": ""W6""}",false,stage0 baseline evidence; not a factor-admission experiment
0b6d304efd06,,2026-07-15T17:03:17.142782+00:00,Alpha158,LightGBM,4.6.0,42,,c109dbf764f40a30375474fc474f6be6b21ea2f29e969eb16911da47662bcc84,65990a15cd56cf02b9a4812a0a37e4574affd7fc90b500fcb5e8e64b12c7b866,"Alpha158; label=Ref($open, -11) / Ref($open, -1) - 1","{""baseline"": {""account"": 100000000.0, ""colsample_bytree"": 0.8879, ""early_stopping_rounds"": 50, ""instrument"": ""csi800"", ""learning_rate"": 0.05, ""max_depth"": -1, ""num_boost_round"": 1000, ""num_leaves"": 31, ""reg_alpha"": 0.0421, ""reg_lambda"": 0.022, ""seed"": 42, ""subsample"": 0.8789, ""validation_months"": 6}, ""cost_scenarios"": [1.0, 1.5, 2.0], ""n_drop"": 3, ""rebalance_days"": 10, ""topk"": 30, ""window"": ""W1""}",2016-01-01~2018-06-30,2018-07-01~2018-12-31; test=2019-01-01~2019-12-31,"{""cost_scenarios"": {""1"": {""benchmark_return"": 0.33706741403504803, ""cumulative_excess"": -0.06300885336455186, ""reported_cost_sum"": 0.0057302228233558, ""strategy_return"": 0.25282032940559307}, ""1.5"": {""benchmark_return"": 0.33706741403504803, ""cumulative_excess"": -0.065688671083178, ""reported_cost_sum"": 0.008595334235033697, ""strategy_return"": 0.2492372324584644}, ""2"": {""benchmark_return"": 0.33706741403504803, ""cumulative_excess"": -0.06836117537997455, ""reported_cost_sum"": 0.0114604456467116, ""strategy_return"": 0.24566391404934906}}, ""prediction_rows"": 195143, ""segments"": {""test"": [""2019-01-01"", ""2019-12-31""], ""train"": [""2016-01-01"", ""2018-06-30""], ""valid"": [""2018-07-01"", ""2018-12-31""]}, ""window"": ""W1""}",false,stage0 baseline evidence; not a factor-admission experiment
09106cd5330f,,2026-07-15T17:04:01.165485+00:00,Alpha158,LightGBM,4.6.0,42,,c109dbf764f40a30375474fc474f6be6b21ea2f29e969eb16911da47662bcc84,65990a15cd56cf02b9a4812a0a37e4574affd7fc90b500fcb5e8e64b12c7b866,"Alpha158; label=Ref($open, -11) / Ref($open, -1) - 1","{""baseline"": {""account"": 100000000.0, ""colsample_bytree"": 0.8879, ""early_stopping_rounds"": 50, ""instrument"": ""csi800"", ""learning_rate"": 0.05, ""max_depth"": -1, ""num_boost_round"": 1000, ""num_leaves"": 31, ""reg_alpha"": 0.0421, ""reg_lambda"": 0.022, ""seed"": 42, ""subsample"": 0.8789, ""validation_months"": 6}, ""cost_scenarios"": [1.0, 1.5, 2.0], ""n_drop"": 3, ""rebalance_days"": 10, ""topk"": 30, ""window"": ""W2""}",2017-01-01~2019-06-30,2019-07-01~2019-12-31; test=2020-01-01~2020-12-31,"{""cost_scenarios"": {""1"": {""benchmark_return"": 0.2578816167368343, ""cumulative_excess"": 0.17986416568963137, ""reported_cost_sum"": 0.006006813037467244, ""strategy_return"": 0.4841294442675297}, ""1.5"": {""benchmark_return"": 0.2578816167368343, ""cumulative_excess"": 0.1763464868746678, ""reported_cost_sum"": 0.009010219556200868, ""strategy_return"": 0.47970462075260234}, ""2"": {""benchmark_return"": 0.2578816167368343, ""cumulative_excess"": 0.17283882250104, ""reported_cost_sum"": 0.012013626074934489, ""strategy_return"": 0.4752923942193332}}, ""prediction_rows"": 194400, ""segments"": {""test"": [""2020-01-01"", ""2020-12-31""], ""train"": [""2017-01-01"", ""2019-06-30""], ""valid"": [""2019-07-01"", ""2019-12-31""]}, ""window"": ""W2""}",false,stage0 baseline evidence; not a factor-admission experiment
273cd14d7d59,,2026-07-15T17:04:53.130505+00:00,Alpha158,LightGBM,4.6.0,42,,c109dbf764f40a30375474fc474f6be6b21ea2f29e969eb16911da47662bcc84,65990a15cd56cf02b9a4812a0a37e4574affd7fc90b500fcb5e8e64b12c7b866,"Alpha158; label=Ref($open, -11) / Ref($open, -1) - 1","{""baseline"": {""account"": 100000000.0, ""colsample_bytree"": 0.8879, ""early_stopping_rounds"": 50, ""instrument"": ""csi800"", ""learning_rate"": 0.05, ""max_depth"": -1, ""num_boost_round"": 1000, ""num_leaves"": 31, ""reg_alpha"": 0.0421, ""reg_lambda"": 0.022, ""seed"": 42, ""subsample"": 0.8789, ""validation_months"": 6}, ""cost_scenarios"": [1.0, 1.5, 2.0], ""n_drop"": 3, ""rebalance_days"": 10, ""topk"": 30, ""window"": ""W3""}",2018-01-01~2020-06-30,2020-07-01~2020-12-31; test=2021-01-01~2021-12-31,"{""cost_scenarios"": {""1"": {""benchmark_return"": -0.00755573093609363, ""cumulative_excess"": 0.08750394965180841, ""reported_cost_sum"": 0.00585959209757027, ""strategy_return"": 0.07928706241630024}, ""1.5"": {""benchmark_return"": -0.00755573093609363, ""cumulative_excess"": 0.08432405022631961, ""reported_cost_sum"": 0.008789388146355402, ""strategy_return"": 0.0761311894552743}, ""2"": {""benchmark_return"": -0.00755573093609363, ""cumulative_excess"": 0.08115302375876099, ""reported_cost_sum"": 0.01171918419514054, ""strategy_return"": 0.07298412241049568}}, ""prediction_rows"": 194382, ""segments"": {""test"": [""2021-01-01"", ""2021-12-31""], ""train"": [""2018-01-01"", ""2020-06-30""], ""valid"": [""2020-07-01"", ""2020-12-31""]}, ""window"": ""W3""}",false,stage0 baseline evidence; not a factor-admission experiment
1a8e3988723d,,2026-07-15T17:05:35.706635+00:00,Alpha158,LightGBM,4.6.0,42,,c109dbf764f40a30375474fc474f6be6b21ea2f29e969eb16911da47662bcc84,65990a15cd56cf02b9a4812a0a37e4574affd7fc90b500fcb5e8e64b12c7b866,"Alpha158; label=Ref($open, -11) / Ref($open, -1) - 1","{""baseline"": {""account"": 100000000.0, ""colsample_bytree"": 0.8879, ""early_stopping_rounds"": 50, ""instrument"": ""csi800"", ""learning_rate"": 0.05, ""max_depth"": -1, ""num_boost_round"": 1000, ""num_leaves"": 31, ""reg_alpha"": 0.0421, ""reg_lambda"": 0.022, ""seed"": 42, ""subsample"": 0.8789, ""validation_months"": 6}, ""cost_scenarios"": [1.0, 1.5, 2.0], ""n_drop"": 3, ""rebalance_days"": 10, ""topk"": 30, ""window"": ""W4""}",2019-01-01~2021-06-30,2021-07-01~2021-12-31; test=2022-01-01~2022-12-31,"{""cost_scenarios"": {""1"": {""benchmark_return"": -0.21316061896427918, ""cumulative_excess"": 0.02197844624298617, ""reported_cost_sum"": 0.005678345026235971, ""strategy_return"": -0.195867111926321}, ""1.5"": {""benchmark_return"": -0.21316061896427918, ""cumulative_excess"": 0.01906770253910639, ""reported_cost_sum"": 0.008517517539353956, ""strategy_return"": -0.1981573997006355}, ""2"": {""benchmark_return"": -0.21316061896427918, ""cumulative_excess"": 0.016164873602690255, ""reported_cost_sum"": 0.011356690052471943, ""strategy_return"": -0.20044145982421768}}, ""prediction_rows"": 193600, ""segments"": {""test"": [""2022-01-01"", ""2022-12-31""], ""train"": [""2019-01-01"", ""2021-06-30""], ""valid"": [""2021-07-01"", ""2021-12-31""]}, ""window"": ""W4""}",false,stage0 baseline evidence; not a factor-admission experiment
255810945280,,2026-07-15T17:06:24.654143+00:00,Alpha158,LightGBM,4.6.0,42,,c109dbf764f40a30375474fc474f6be6b21ea2f29e969eb16911da47662bcc84,65990a15cd56cf02b9a4812a0a37e4574affd7fc90b500fcb5e8e64b12c7b866,"Alpha158; label=Ref($open, -11) / Ref($open, -1) - 1","{""baseline"": {""account"": 100000000.0, ""colsample_bytree"": 0.8879, ""early_stopping_rounds"": 50, ""instrument"": ""csi800"", ""learning_rate"": 0.05, ""max_depth"": -1, ""num_boost_round"": 1000, ""num_leaves"": 31, ""reg_alpha"": 0.0421, ""reg_lambda"": 0.022, ""seed"": 42, ""subsample"": 0.8789, ""validation_months"": 6}, ""cost_scenarios"": [1.0, 1.5, 2.0], ""n_drop"": 3, ""rebalance_days"": 10, ""topk"": 30, ""window"": ""W5""}",2020-01-01~2022-06-30,2022-07-01~2022-12-31; test=2023-01-01~2023-12-31,"{""cost_scenarios"": {""1"": {""benchmark_return"": -0.10373143068852952, ""cumulative_excess"": 0.13587618760867604, ""reported_cost_sum"": 0.005613079701213511, ""strategy_return"": 0.018050125582995458}, ""1.5"": {""benchmark_return"": -0.10373143068852952, ""cumulative_excess"": 0.13269066308931676, ""reported_cost_sum"": 0.008419619551820266, ""strategy_return"": 0.01519504007952266}, ""2"": {""benchmark_return"": -0.10373143068852952, ""cumulative_excess"": 0.12951366372879392, ""reported_cost_sum"": 0.011226159402427022, ""strategy_return"": 0.012347595407963485}}, ""prediction_rows"": 193572, ""segments"": {""test"": [""2023-01-01"", ""2023-12-31""], ""train"": [""2020-01-01"", ""2022-06-30""], ""valid"": [""2022-07-01"", ""2022-12-31""]}, ""window"": ""W5""}",false,stage0 baseline evidence; not a factor-admission experiment
7862d19dcd88,,2026-07-15T17:07:16.755505+00:00,Alpha158,LightGBM,4.6.0,42,,c109dbf764f40a30375474fc474f6be6b21ea2f29e969eb16911da47662bcc84,65990a15cd56cf02b9a4812a0a37e4574affd7fc90b500fcb5e8e64b12c7b866,"Alpha158; label=Ref($open, -11) / Ref($open, -1) - 1","{""baseline"": {""account"": 100000000.0, ""colsample_bytree"": 0.8879, ""early_stopping_rounds"": 50, ""instrument"": ""csi800"", ""learning_rate"": 0.05, ""max_depth"": -1, ""num_boost_round"": 1000, ""num_leaves"": 31, ""reg_alpha"": 0.0421, ""reg_lambda"": 0.022, ""seed"": 42, ""subsample"": 0.8789, ""validation_months"": 6}, ""cost_scenarios"": [1.0, 1.5, 2.0], ""n_drop"": 3, ""rebalance_days"": 10, ""topk"": 30, ""window"": ""W6""}",2021-01-01~2023-06-30,2023-07-01~2023-12-31; test=2024-01-01~2024-12-31,"{""cost_scenarios"": {""1"": {""benchmark_return"": 0.12202917385482981, ""cumulative_excess"": 0.08784875148334237, ""reported_cost_sum"": 0.005598663049225263, ""strategy_return"": 0.2205980359058628}, ""1.5"": {""benchmark_return"": 0.12202917385482981, ""cumulative_excess"": 0.0848177070198437, ""reported_cost_sum"": 0.008397994573837896, ""strategy_return"": 0.2171971155905661}, ""2"": {""benchmark_return"": 0.12202917385482981, ""cumulative_excess"": 0.08179472347127592, ""reported_cost_sum"": 0.011197326098450526, ""strategy_return"": 0.21380523985698985}}, ""prediction_rows"": 193600, ""segments"": {""test"": [""2024-01-01"", ""2024-12-31""], ""train"": [""2021-01-01"", ""2023-06-30""], ""valid"": [""2023-07-01"", ""2023-12-31""]}, ""window"": ""W6""}",false,stage0 baseline evidence; not a factor-admission experiment
d4411875726c,,2026-07-15T17:07:55.573464+00:00,Alpha158-shadow,LightGBM,4.6.0,42,,c109dbf764f40a30375474fc474f6be6b21ea2f29e969eb16911da47662bcc84,65990a15cd56cf02b9a4812a0a37e4574affd7fc90b500fcb5e8e64b12c7b866,"Alpha158; label=Ref($open, -11) / Ref($open, -1) - 1","{""segments"": {""test"": ""2026-07-15~2026-07-15"", ""train"": ""2023-07-15~2026-01-14"", ""valid"": ""2026-01-15~2026-07-15""}, ""topk"": 30}",2023-07-15~2026-01-14,2026-01-15~2026-07-15; signal=2026-07-15,"{""manifest_path"": ""/Users/john/Desktop/shaiwei/shaiwei_init/signals/20260715.json"", ""score_rows"": 799, ""signal_sha256"": ""be00816b4faff0c25cbf9cab32117a3a838dde20bcf05bb78038901c05289cce""}",false,stage0 shadow signal; not a factor-admission experiment
780c91803f37,,2026-07-15T17:09:06.136794+00:00,AlphaGen-GP,AlphaGen upstream GP + shaiwei neutralized RankIC,259687e8f316994426416c530a94842a2fe6405e,2,,c109dbf764f40a30375474fc474f6be6b21ea2f29e969eb16911da47662bcc84,65990a15cd56cf02b9a4812a0a37e4574affd7fc90b500fcb5e8e64b12c7b866,"Corr(Corr(Min(Var(Max(Constant(0.01),10),40),40),Sum(Mean(Min(Constant(30.0),40),40),40),40),Max(Var(Sum(Ref(low,20),10),50),30),40)","{""abort_time_hours"": 12.0, ""generations"": 1, ""index_code"": ""000300.SH"", ""instrument"": ""csi300"", ""max_expression_tokens"": 20, ""min_cross_section"": 30, ""population_size"": 100, ""rank_ic_threshold"": 0.03, ""scale_time_hours"": 4.0, ""seed"": 2, ""tournament_size"": 30, ""train_end"": ""2021-12-31"", ""train_start"": ""2019-01-01""}",2019-01-01~2021-12-31,single-round throughput benchmark,"{""error"": ""expression_too_long"", ""rank_ic"": -1.0}",false,expression_too_long
425d484cc766,,2026-07-15T17:09:06.139205+00:00,AlphaGen-GP,AlphaGen upstream GP + shaiwei neutralized RankIC,259687e8f316994426416c530a94842a2fe6405e,2,,c109dbf764f40a30375474fc474f6be6b21ea2f29e969eb16911da47662bcc84,65990a15cd56cf02b9a4812a0a37e4574affd7fc90b500fcb5e8e64b12c7b866,"Greater(Constant(-30.0),Greater(Min(Constant(2.0),10),Med(open_,20)))","{""abort_time_hours"": 12.0, ""generations"": 1, ""index_code"": ""000300.SH"", ""instrument"": ""csi300"", ""max_expression_tokens"": 20, ""min_cross_section"": 30, ""population_size"": 100, ""rank_ic_threshold"": 0.03, ""scale_time_hours"": 4.0, ""seed"": 2, ""tournament_size"": 30, ""train_end"": ""2021-12-31"", ""train_start"": ""2019-01-01""}",2019-01-01~2021-12-31,single-round throughput benchmark,"{""daily_ic_count"": 730, ""error"": """", ""rank_ic"": 0.02007146291992173}",false,stage0 benchmark; not factor admission
40535902899c,,2026-07-15T17:09:06.139338+00:00,AlphaGen-GP,AlphaGen upstream GP + shaiwei neutralized RankIC,259687e8f316994426416c530a94842a2fe6405e,2,,c109dbf764f40a30375474fc474f6be6b21ea2f29e969eb16911da47662bcc84,65990a15cd56cf02b9a4812a0a37e4574affd7fc90b500fcb5e8e64b12c7b866,"Less(Var(Max(EMA(Constant(0.5),30),10),10),Delta(Mad(Ref(Constant(-0.5),20),20),40))","{""abort_time_hours"": 12.0, ""generations"": 1, ""index_code"": ""000300.SH"", ""instrument"": ""csi300"", ""max_expression_tokens"": 20, ""min_cross_section"": 30, ""population_size"": 100, ""rank_ic_threshold"": 0.03, ""scale_time_hours"": 4.0, ""seed"": 2, ""tournament_size"": 30, ""train_end"": ""2021-12-31"", ""train_start"": ""2019-01-01""}",2019-01-01~2021-12-31,single-round throughput benchmark,"{""daily_ic_count"": 0, ""error"": ""rank_ic_nan"", ""rank_ic"": -1.0}",false,rank_ic_nan
770b1508d9b9,,2026-07-15T17:09:06.139423+00:00,AlphaGen-GP,AlphaGen upstream GP + shaiwei neutralized RankIC,259687e8f316994426416c530a94842a2fe6405e,2,,c109dbf764f40a30375474fc474f6be6b21ea2f29e969eb16911da47662bcc84,65990a15cd56cf02b9a4812a0a37e4574affd7fc90b500fcb5e8e64b12c7b866,"Var(Std(EMA(Constant(10.0),40),30),50)","{""abort_time_hours"": 12.0, ""generations"": 1, ""index_code"": ""000300.SH"", ""instrument"": ""csi300"", ""max_expression_tokens"": 20, ""min_cross_section"": 30, ""population_size"": 100, ""rank_ic_threshold"": 0.03, ""scale_time_hours"": 4.0, ""seed"": 2, ""tournament_size"": 30, ""train_end"": ""2021-12-31"", ""train_start"": ""2019-01-01""}",2019-01-01~2021-12-31,single-round throughput benchmark,"{""error"": ""OutOfDataRangeError: "", ""rank_ic"": -1.0}",false,OutOfDataRangeError: 
aea251917a06,,2026-07-15T17:09:06.139540+00:00,AlphaGen-GP,AlphaGen upstream GP + shaiwei neutralized RankIC,259687e8f316994426416c530a94842a2fe6405e,2,,c109dbf764f40a30375474fc474f6be6b21ea2f29e969eb16911da47662bcc84,65990a15cd56cf02b9a4812a0a37e4574affd7fc90b500fcb5e8e64b12c7b866,"Cov(Mad(Constant(2.0),10),Std(Constant(-0.01),20),30)","{""abort_time_hours"": 12.0, ""generations"": 1, ""index_code"": ""000300.SH"", ""instrument"": ""csi300"", ""max_expression_tokens"": 20, ""min_cross_section"": 30, ""population_size"": 100, ""rank_ic_threshold"": 0.03, ""scale_time_hours"": 4.0, ""seed"": 2, ""tournament_size"": 30, ""train_end"": ""2021-12-31"", ""train_start"": ""2019-01-01""}",2019-01-01~2021-12-31,single-round throughput benchmark,"{""daily_ic_count"": 0, ""error"": ""rank_ic_nan"", ""rank_ic"": -1.0}",false,rank_ic_nan
a3f72d0ea0e9,,2026-07-15T17:09:06.139612+00:00,AlphaGen-GP,AlphaGen upstream GP + shaiwei neutralized RankIC,259687e8f316994426416c530a94842a2fe6405e,2,,c109dbf764f40a30375474fc474f6be6b21ea2f29e969eb16911da47662bcc84,65990a15cd56cf02b9a4812a0a37e4574affd7fc90b500fcb5e8e64b12c7b866,"Mad(Corr(Sum(EMA(Constant(10.0),20),20),Constant(0.5),10),20)","{""abort_time_hours"": 12.0, ""generations"": 1, ""index_code"": ""000300.SH"", ""instrument"": ""csi300"", ""max_expression_tokens"": 20, ""min_cross_section"": 30, ""population_size"": 100, ""rank_ic_threshold"": 0.03, ""scale_time_hours"": 4.0, ""seed"": 2, ""tournament_size"": 30, ""train_end"": ""2021-12-31"", ""train_start"": ""2019-01-01""}",2019-01-01~2021-12-31,single-round throughput benchmark,"{""daily_ic_count"": 0, ""error"": ""rank_ic_nan"", ""rank_ic"": -1.0}",false,rank_ic_nan
f97da63d2082,,2026-07-15T17:09:06.139680+00:00,AlphaGen-GP,AlphaGen upstream GP + shaiwei neutralized RankIC,259687e8f316994426416c530a94842a2fe6405e,2,,c109dbf764f40a30375474fc474f6be6b21ea2f29e969eb16911da47662bcc84,65990a15cd56cf02b9a4812a0a37e4574affd7fc90b500fcb5e8e64b12c7b866,"Mad(Sum(Sum(low,20),50),30)","{""abort_time_hours"": 12.0, ""generations"": 1, ""index_code"": ""000300.SH"", ""instrument"": ""csi300"", ""max_expression_tokens"": 20, ""min_cross_section"": 30, ""population_size"": 100, ""rank_ic_threshold"": 0.03, ""scale_time_hours"": 4.0, ""seed"": 2, ""tournament_size"": 30, ""train_end"": ""2021-12-31"", ""train_start"": ""2019-01-01""}",2019-01-01~2021-12-31,single-round throughput benchmark,"{""daily_ic_count"": 730, ""error"": """", ""rank_ic"": 0.019858784985587432}",false,stage0 benchmark; not factor admission
71a23caa3370,,2026-07-15T17:09:06.139750+00:00,AlphaGen-GP,AlphaGen upstream GP + shaiwei neutralized RankIC,259687e8f316994426416c530a94842a2fe6405e,2,,c109dbf764f40a30375474fc474f6be6b21ea2f29e969eb16911da47662bcc84,65990a15cd56cf02b9a4812a0a37e4574affd7fc90b500fcb5e8e64b12c7b866,"Log(Min(EMA(Constant(10.0),40),20))","{""abort_time_hours"": 12.0, ""generations"": 1, ""index_code"": ""000300.SH"", ""instrument"": ""csi300"", ""max_expression_tokens"": 20, ""min_cross_section"": 30, ""population_size"": 100, ""rank_ic_threshold"": 0.03, ""scale_time_hours"": 4.0, ""seed"": 2, ""tournament_size"": 30, ""train_end"": ""2021-12-31"", ""train_start"": ""2019-01-01""}",2019-01-01~2021-12-31,single-round throughput benchmark,"{""daily_ic_count"": 728, ""error"": """", ""rank_ic"": 0.020377566172544867}",false,stage0 benchmark; not factor admission
bf65e4ada0de,,2026-07-15T17:09:06.139817+00:00,AlphaGen-GP,AlphaGen upstream GP + shaiwei neutralized RankIC,259687e8f316994426416c530a94842a2fe6405e,2,,c109dbf764f40a30375474fc474f6be6b21ea2f29e969eb16911da47662bcc84,65990a15cd56cf02b9a4812a0a37e4574affd7fc90b500fcb5e8e64b12c7b866,"Div(Min(vwap,20),Mad(Cov(Var(Var(Constant(0.5),40),30),Min(Ref(Constant(10.0),10),20),30),30))","{""abort_time_hours"": 12.0, ""generations"": 1, ""index_code"": ""000300.SH"", ""instrument"": ""csi300"", ""max_expression_tokens"": 20, ""min_cross_section"": 30, ""population_size"": 100, ""rank_ic_threshold"": 0.03, ""scale_time_hours"": 4.0, ""seed"": 2, ""tournament_size"": 30, ""train_end"": ""2021-12-31"", ""train_start"": ""2019-01-01""}",2019-01-01~2021-12-31,single-round throughput benchmark,"{""error"": ""OutOfDataRangeError: "", ""rank_ic"": -1.0}",false,OutOfDataRangeError: 
06aeec2e4e7b,,2026-07-15T17:09:06.139904+00:00,AlphaGen-GP,AlphaGen upstream GP + shaiwei neutralized RankIC,259687e8f316994426416c530a94842a2fe6405e,2,,c109dbf764f40a30375474fc474f6be6b21ea2f29e969eb16911da47662bcc84,65990a15cd56cf02b9a4812a0a37e4574affd7fc90b500fcb5e8e64b12c7b866,"EMA(Min(Corr(Ref(Ref(Mean(Constant(0.01),10),10),20),Med(Mean(Delta(Constant(10.0),50),40),50),50),40),20)","{""abort_time_hours"": 12.0, ""generations"": 1, ""index_code"": ""000300.SH"", ""instrument"": ""csi300"", ""max_expression_tokens"": 20, ""min_cross_section"": 30, ""population_size"": 100, ""rank_ic_threshold"": 0.03, ""scale_time_hours"": 4.0, ""seed"": 2, ""tournament_size"": 30, ""train_end"": ""2021-12-31"", ""train_start"": ""2019-01-01""}",2019-01-01~2021-12-31,single-round throughput benchmark,"{""error"": ""expression_too_long"", ""rank_ic"": -1.0}",false,expression_too_long
6170821aa4cd,,2026-07-15T17:09:06.140002+00:00,AlphaGen-GP,AlphaGen upstream GP + shaiwei neutralized RankIC,259687e8f316994426416c530a94842a2fe6405e,2,,c109dbf764f40a30375474fc474f6be6b21ea2f29e969eb16911da47662bcc84,65990a15cd56cf02b9a4812a0a37e4574affd7fc90b500fcb5e8e64b12c7b866,"Max(WMA(Min(Constant(-0.5),40),50),50)","{""abort_time_hours"": 12.0, ""generations"": 1, ""index_code"": ""000300.SH"", ""instrument"": ""csi300"", ""max_expression_tokens"": 20, ""min_cross_section"": 30, ""population_size"": 100, ""rank_ic_threshold"": 0.03, ""scale_time_hours"": 4.0, ""seed"": 2, ""tournament_size"": 30, ""train_end"": ""2021-12-31"", ""train_start"": ""2019-01-01""}",2019-01-01~2021-12-31,single-round throughput benchmark,"{""error"": ""OutOfDataRangeError: "", ""rank_ic"": -1.0}",false,OutOfDataRangeError: 
35415d27cfb4,,2026-07-15T17:09:06.140067+00:00,AlphaGen-GP,AlphaGen upstream GP + shaiwei neutralized RankIC,259687e8f316994426416c530a94842a2fe6405e,2,,c109dbf764f40a30375474fc474f6be6b21ea2f29e969eb16911da47662bcc84,65990a15cd56cf02b9a4812a0a37e4574affd7fc90b500fcb5e8e64b12c7b866,"EMA(Constant(-5.0),10)","{""abort_time_hours"": 12.0, ""generations"": 1, ""index_code"": ""000300.SH"", ""instrument"": ""csi300"", ""max_expression_tokens"": 20, ""min_cross_section"": 30, ""population_size"": 100, ""rank_ic_threshold"": 0.03, ""scale_time_hours"": 4.0, ""seed"": 2, ""tournament_size"": 30, ""train_end"": ""2021-12-31"", ""train_start"": ""2019-01-01""}",2019-01-01~2021-12-31,single-round throughput benchmark,"{""daily_ic_count"": 729, ""error"": """", ""rank_ic"": -0.010554955833935101}",false,stage0 benchmark; not factor admission
421247aab340,,2026-07-15T17:09:06.140134+00:00,AlphaGen-GP,AlphaGen upstream GP + shaiwei neutralized RankIC,259687e8f316994426416c530a94842a2fe6405e,2,,c109dbf764f40a30375474fc474f6be6b21ea2f29e969eb16911da47662bcc84,65990a15cd56cf02b9a4812a0a37e4574affd7fc90b500fcb5e8e64b12c7b866,"Std(Var(Delta(Mad(Corr(Constant(1.0),low,20),50),40),30),30)","{""abort_time_hours"": 12.0, ""generations"": 1, ""index_code"": ""000300.SH"", ""instrument"": ""csi300"", ""max_expression_tokens"": 20, ""min_cross_section"": 30, ""population_size"": 100, ""rank_ic_threshold"": 0.03, ""scale_time_hours"": 4.0, ""seed"": 2, ""tournament_size"": 30, ""train_end"": ""2021-12-31"", ""train_start"": ""2019-01-01""}",2019-01-01~2021-12-31,single-round throughput benchmark,"{""error"": ""OutOfDataRangeError: "", ""rank_ic"": -1.0}",false,OutOfDataRangeError: 
af95c3d65da1,,2026-07-15T17:09:06.140218+00:00,AlphaGen-GP,AlphaGen upstream GP + shaiwei neutralized RankIC,259687e8f316994426416c530a94842a2fe6405e,2,,c109dbf764f40a30375474fc474f6be6b21ea2f29e969eb16911da47662bcc84,65990a15cd56cf02b9a4812a0a37e4574affd7fc90b500fcb5e8e64b12c7b866,"Mean(Var(Med(WMA(volume,40),10),30),40)","{""abort_time_hours"": 12.0, ""generations"": 1, ""index_code"": ""000300.SH"", ""instrument"": ""csi300"", ""max_expression_tokens"": 20, ""min_cross_section"": 30, ""population_size"": 100, ""rank_ic_threshold"": 0.03, ""scale_time_hours"": 4.0, ""seed"": 2, ""tournament_size"": 30, ""train_end"": ""2021-12-31"", ""train_start"": ""2019-01-01""}",2019-01-01~2021-12-31,single-round throughput benchmark,"{""error"": ""OutOfDataRangeError: "", ""rank_ic"": -1.0}",false,OutOfDataRangeError: 
b05a3ec560e5,,2026-07-15T17:09:06.140277+00:00,AlphaGen-GP,AlphaGen upstream GP + shaiwei neutralized RankIC,259687e8f316994426416c530a94842a2fe6405e,2,,c109dbf764f40a30375474fc474f6be6b21ea2f29e969eb16911da47662bcc84,65990a15cd56cf02b9a4812a0a37e4574affd7fc90b500fcb5e8e64b12c7b866,"Std(Constant(10.0),50)","{""abort_time_hours"": 12.0, ""generations"": 1, ""index_code"": ""000300.SH"", ""instrument"": ""csi300"", ""max_expression_tokens"": 20, ""min_cross_section"": 30, ""population_size"": 100, ""rank_ic_threshold"": 0.03, ""scale_time_hours"": 4.0, ""seed"": 2, ""tournament_size"": 30, ""train_end"": ""2021-12-31"", ""train_start"": ""2019-01-01""}",2019-01-01~2021-12-31,single-round throughput benchmark,"{""daily_ic_count"": 0, ""error"": ""rank_ic_nan"", ""rank_ic"": -1.0}",false,rank_ic_nan
9d95f5d12ed6,,2026-07-15T17:09:06.140341+00:00,AlphaGen-GP,AlphaGen upstream GP + shaiwei neutralized RankIC,259687e8f316994426416c530a94842a2fe6405e,2,,c109dbf764f40a30375474fc474f6be6b21ea2f29e969eb16911da47662bcc84,65990a15cd56cf02b9a4812a0a37e4574affd7fc90b500fcb5e8e64b12c7b866,"EMA(Std(Cov(close,Constant(-1.0),20),20),40)","{""abort_time_hours"": 12.0, ""generations"": 1, ""index_code"": ""000300.SH"", ""instrument"": ""csi300"", ""max_expression_tokens"": 20, ""min_cross_section"": 30, ""population_size"": 100, ""rank_ic_threshold"": 0.03, ""scale_time_hours"": 4.0, ""seed"": 2, ""tournament_size"": 30, ""train_end"": ""2021-12-31"", ""train_start"": ""2019-01-01""}",2019-01-01~2021-12-31,single-round throughput benchmark,"{""daily_ic_count"": 0, ""error"": ""rank_ic_nan"", ""rank_ic"": -1.0}",false,rank_ic_nan
0ddf62c6b5fb,,2026-07-15T17:09:06.140401+00:00,AlphaGen-GP,AlphaGen upstream GP + shaiwei neutralized RankIC,259687e8f316994426416c530a94842a2fe6405e,2,,c109dbf764f40a30375474fc474f6be6b21ea2f29e969eb16911da47662bcc84,65990a15cd56cf02b9a4812a0a37e4574affd7fc90b500fcb5e8e64b12c7b866,"WMA(Sum(Sum(Mad(Mean(Ref(Constant(-0.5),30),30),30),10),20),30)","{""abort_time_hours"": 12.0, ""generations"": 1, ""index_code"": ""000300.SH"", ""instrument"": ""csi300"", ""max_expression_tokens"": 20, ""min_cross_section"": 30, ""population_size"": 100, ""rank_ic_threshold"": 0.03, ""scale_time_hours"": 4.0, ""seed"": 2, ""tournament_size"": 30, ""train_end"": ""2021-12-31"", ""train_start"": ""2019-01-01""}",2019-01-01~2021-12-31,single-round throughput benchmark,"{""error"": ""OutOfDataRangeError: "", ""rank_ic"": -1.0}",false,OutOfDataRangeError: 
3b56c52f4be7,,2026-07-15T17:09:06.140463+00:00,AlphaGen-GP,AlphaGen upstream GP + shaiwei neutralized RankIC,259687e8f316994426416c530a94842a2fe6405e,2,,c109dbf764f40a30375474fc474f6be6b21ea2f29e969eb16911da47662bcc84,65990a15cd56cf02b9a4812a0a37e4574affd7fc90b500fcb5e8e64b12c7b866,"Med(Cov(WMA(Mul(Delta(Constant(-30.0),20),Sum(low,50)),50),WMA(WMA(Med(Constant(2.0),10),10),30),30),40)","{""abort_time_hours"": 12.0, ""generations"": 1, ""index_code"": ""000300.SH"", ""instrument"": ""csi300"", ""max_expression_tokens"": 20, ""min_cross_section"": 30, ""population_size"": 100, ""rank_ic_threshold"": 0.03, ""scale_time_hours"": 4.0, ""seed"": 2, ""tournament_size"": 30, ""train_end"": ""2021-12-31"", ""train_start"": ""2019-01-01""}",2019-01-01~2021-12-31,single-round throughput benchmark,"{""error"": ""expression_too_long"", ""rank_ic"": -1.0}",false,expression_too_long
094bcc8111b9,,2026-07-15T17:09:06.140541+00:00,AlphaGen-GP,AlphaGen upstream GP + shaiwei neutralized RankIC,259687e8f316994426416c530a94842a2fe6405e,2,,c109dbf764f40a30375474fc474f6be6b21ea2f29e969eb16911da47662bcc84,65990a15cd56cf02b9a4812a0a37e4574affd7fc90b500fcb5e8e64b12c7b866,"Corr(WMA(WMA(Constant(30.0),30),50),Mad(Max(Mean(EMA(high,30),20),30),20),30)","{""abort_time_hours"": 12.0, ""generations"": 1, ""index_code"": ""000300.SH"", ""instrument"": ""csi300"", ""max_expression_tokens"": 20, ""min_cross_section"": 30, ""population_size"": 100, ""rank_ic_threshold"": 0.03, ""scale_time_hours"": 4.0, ""seed"": 2, ""tournament_size"": 30, ""train_end"": ""2021-12-31"", ""train_start"": ""2019-01-01""}",2019-01-01~2021-12-31,single-round throughput benchmark,"{""error"": ""OutOfDataRangeError: "", ""rank_ic"": -1.0}",false,OutOfDataRangeError: 
88f3dde60dcb,,2026-07-15T17:09:06.140613+00:00,AlphaGen-GP,AlphaGen upstream GP + shaiwei neutralized RankIC,259687e8f316994426416c530a94842a2fe6405e,2,,c109dbf764f40a30375474fc474f6be6b21ea2f29e969eb16911da47662bcc84,65990a15cd56cf02b9a4812a0a37e4574affd7fc90b500fcb5e8e64b12c7b866,"Mean(Sum(Med(Constant(-2.0),30),40),40)","{""abort_time_hours"": 12.0, ""generations"": 1, ""index_code"": ""000300.SH"", ""instrument"": ""csi300"", ""max_expression_tokens"": 20, ""min_cross_section"": 30, ""population_size"": 100, ""rank_ic_threshold"": 0.03, ""scale_time_hours"": 4.0, ""seed"": 2, ""tournament_size"": 30, ""train_end"": ""2021-12-31"", ""train_start"": ""2019-01-01""}",2019-01-01~2021-12-31,single-round throughput benchmark,"{""error"": ""OutOfDataRangeError: "", ""rank_ic"": -1.0}",false,OutOfDataRangeError: 
23b36782ad1e,,2026-07-15T17:09:06.140673+00:00,AlphaGen-GP,AlphaGen upstream GP + shaiwei neutralized RankIC,259687e8f316994426416c530a94842a2fe6405e,2,,c109dbf764f40a30375474fc474f6be6b21ea2f29e969eb16911da47662bcc84,65990a15cd56cf02b9a4812a0a37e4574affd7fc90b500fcb5e8e64b12c7b866,"Mean(Greater(close,Constant(0.01)),50)","{""abort_time_hours"": 12.0, ""generations"": 1, ""index_code"": ""000300.SH"", ""instrument"": ""csi300"", ""max_expression_tokens"": 20, ""min_cross_section"": 30, ""population_size"": 100, ""rank_ic_threshold"": 0.03, ""scale_time_hours"": 4.0, ""seed"": 2, ""tournament_size"": 30, ""train_end"": ""2021-12-31"", ""train_start"": ""2019-01-01""}",2019-01-01~2021-12-31,single-round throughput benchmark,"{""daily_ic_count"": 730, ""error"": """", ""rank_ic"": 0.019802511105080203}",false,stage0 benchmark; not factor admission
aebac3dd998a,,2026-07-15T17:09:06.140736+00:00,AlphaGen-GP,AlphaGen upstream GP + shaiwei neutralized RankIC,259687e8f316994426416c530a94842a2fe6405e,2,,c109dbf764f40a30375474fc474f6be6b21ea2f29e969eb16911da47662bcc84,65990a15cd56cf02b9a4812a0a37e4574affd7fc90b500fcb5e8e64b12c7b866,"Min(Min(Corr(Constant(-2.0),close,20),50),30)","{""abort_time_hours"": 12.0, ""generations"": 1, ""index_code"": ""000300.SH"", ""instrument"": ""csi300"", ""max_expression_tokens"": 20, ""min_cross_section"": 30, ""population_size"": 100, ""rank_ic_threshold"": 0.03, ""scale_time_hours"": 4.0, ""seed"": 2, ""tournament_size"": 30, ""train_end"": ""2021-12-31"", ""train_start"": ""2019-01-01""}",2019-01-01~2021-12-31,single-round throughput benchmark,"{""daily_ic_count"": 0, ""error"": ""rank_ic_nan"", ""rank_ic"": -1.0}",false,rank_ic_nan
cb93d405e67c,,2026-07-15T17:09:06.140796+00:00,AlphaGen-GP,AlphaGen upstream GP + shaiwei neutralized RankIC,259687e8f316994426416c530a94842a2fe6405e,2,,c109dbf764f40a30375474fc474f6be6b21ea2f29e969eb16911da47662bcc84,65990a15cd56cf02b9a4812a0a37e4574affd7fc90b500fcb5e8e64b12c7b866,"Min(Cov(Mad(Constant(-2.0),30),Std(Constant(2.0),40),40),50)","{""abort_time_hours"": 12.0, ""generations"": 1, ""index_code"": ""000300.SH"", ""instrument"": ""csi300"", ""max_expression_tokens"": 20, ""min_cross_section"": 30, ""population_size"": 100, ""rank_ic_threshold"": 0.03, ""scale_time_hours"": 4.0, ""seed"": 2, ""tournament_size"": 30, ""train_end"": ""2021-12-31"", ""train_start"": ""2019-01-01""}",2019-01-01~2021-12-31,single-round throughput benchmark,"{""error"": ""OutOfDataRangeError: "", ""rank_ic"": -1.0}",false,OutOfDataRangeError: 
013f6e882ff4,,2026-07-15T17:09:06.140870+00:00,AlphaGen-GP,AlphaGen upstream GP + shaiwei neutralized RankIC,259687e8f316994426416c530a94842a2fe6405e,2,,c109dbf764f40a30375474fc474f6be6b21ea2f29e969eb16911da47662bcc84,65990a15cd56cf02b9a4812a0a37e4574affd7fc90b500fcb5e8e64b12c7b866,"Add(Ref(high,20),WMA(high,20))","{""abort_time_hours"": 12.0, ""generations"": 1, ""index_code"": ""000300.SH"", ""instrument"": ""csi300"", ""max_expression_tokens"": 20, ""min_cross_section"": 30, ""population_size"": 100, ""rank_ic_threshold"": 0.03, ""scale_time_hours"": 4.0, ""seed"": 2, ""tournament_size"": 30, ""train_end"": ""2021-12-31"", ""train_start"": ""2019-01-01""}",2019-01-01~2021-12-31,single-round throughput benchmark,"{""daily_ic_count"": 730, ""error"": """", ""rank_ic"": 0.020458807052117528}",false,stage0 benchmark; not factor admission
8d327d5b2708,,2026-07-15T17:09:06.140950+00:00,AlphaGen-GP,AlphaGen upstream GP + shaiwei neutralized RankIC,259687e8f316994426416c530a94842a2fe6405e,2,,c109dbf764f40a30375474fc474f6be6b21ea2f29e969eb16911da47662bcc84,65990a15cd56cf02b9a4812a0a37e4574affd7fc90b500fcb5e8e64b12c7b866,"Ref(Delta(Mad(Med(Max(Cov(Constant(-10.0),open_,40),10),40),20),40),30)","{""abort_time_hours"": 12.0, ""generations"": 1, ""index_code"": ""000300.SH"", ""instrument"": ""csi300"", ""max_expression_tokens"": 20, ""min_cross_section"": 30, ""population_size"": 100, ""rank_ic_threshold"": 0.03, ""scale_time_hours"": 4.0, ""seed"": 2, ""tournament_size"": 30, ""train_end"": ""2021-12-31"", ""train_start"": ""2019-01-01""}",2019-01-01~2021-12-31,single-round throughput benchmark,"{""error"": ""OutOfDataRangeError: "", ""rank_ic"": -1.0}",false,OutOfDataRangeError: 
d61ffe1fa211,,2026-07-15T17:09:06.141010+00:00,AlphaGen-GP,AlphaGen upstream GP + shaiwei neutralized RankIC,259687e8f316994426416c530a94842a2fe6405e,2,,c109dbf764f40a30375474fc474f6be6b21ea2f29e969eb16911da47662bcc84,65990a15cd56cf02b9a4812a0a37e4574affd7fc90b500fcb5e8e64b12c7b866,"Max(Mul(Sum(WMA(Constant(5.0),30),20),Mad(Std(Constant(-1.0),20),30)),30)","{""abort_time_hours"": 12.0, ""generations"": 1, ""index_code"": ""000300.SH"", ""instrument"": ""csi300"", ""max_expression_tokens"": 20, ""min_cross_section"": 30, ""population_size"": 100, ""rank_ic_threshold"": 0.03, ""scale_time_hours"": 4.0, ""seed"": 2, ""tournament_size"": 30, ""train_end"": ""2021-12-31"", ""train_start"": ""2019-01-01""}",2019-01-01~2021-12-31,single-round throughput benchmark,"{""daily_ic_count"": 0, ""error"": ""rank_ic_nan"", ""rank_ic"": -1.0}",false,rank_ic_nan
9b8d4676b2a6,,2026-07-15T17:09:06.141073+00:00,AlphaGen-GP,AlphaGen upstream GP + shaiwei neutralized RankIC,259687e8f316994426416c530a94842a2fe6405e,2,,c109dbf764f40a30375474fc474f6be6b21ea2f29e969eb16911da47662bcc84,65990a15cd56cf02b9a4812a0a37e4574affd7fc90b500fcb5e8e64b12c7b866,"Delta(Std(Constant(-0.01),30),50)","{""abort_time_hours"": 12.0, ""generations"": 1, ""index_code"": ""000300.SH"", ""instrument"": ""csi300"", ""max_expression_tokens"": 20, ""min_cross_section"": 30, ""population_size"": 100, ""rank_ic_threshold"": 0.03, ""scale_time_hours"": 4.0, ""seed"": 2, ""tournament_size"": 30, ""train_end"": ""2021-12-31"", ""train_start"": ""2019-01-01""}",2019-01-01~2021-12-31,single-round throughput benchmark,"{""daily_ic_count"": 0, ""error"": ""rank_ic_nan"", ""rank_ic"": -1.0}",false,rank_ic_nan
d9e981a4860f,,2026-07-15T17:09:06.141135+00:00,AlphaGen-GP,AlphaGen upstream GP + shaiwei neutralized RankIC,259687e8f316994426416c530a94842a2fe6405e,2,,c109dbf764f40a30375474fc474f6be6b21ea2f29e969eb16911da47662bcc84,65990a15cd56cf02b9a4812a0a37e4574affd7fc90b500fcb5e8e64b12c7b866,"Med(WMA(Med(Var(Max(close,50),10),10),40),50)","{""abort_time_hours"": 12.0, ""generations"": 1, ""index_code"": ""000300.SH"", ""instrument"": ""csi300"", ""max_expression_tokens"": 20, ""min_cross_section"": 30, ""population_size"": 100, ""rank_ic_threshold"": 0.03, ""scale_time_hours"": 4.0, ""seed"": 2, ""tournament_size"": 30, ""train_end"": ""2021-12-31"", ""train_start"": ""2019-01-01""}",2019-01-01~2021-12-31,single-round throughput benchmark,"{""error"": ""OutOfDataRangeError: "", ""rank_ic"": -1.0}",false,OutOfDataRangeError: 
b40a20cadf98,,2026-07-15T17:09:06.141216+00:00,AlphaGen-GP,AlphaGen upstream GP + shaiwei neutralized RankIC,259687e8f316994426416c530a94842a2fe6405e,2,,c109dbf764f40a30375474fc474f6be6b21ea2f29e969eb16911da47662bcc84,65990a15cd56cf02b9a4812a0a37e4574affd7fc90b500fcb5e8e64b12c7b866,"Log(Mul(Mad(Corr(open_,volume,10),50),Constant(-0.5)))","{""abort_time_hours"": 12.0, ""generations"": 1, ""index_code"": ""000300.SH"", ""instrument"": ""csi300"", ""max_expression_tokens"": 20, ""min_cross_section"": 30, ""population_size"": 100, ""rank_ic_threshold"": 0.03, ""scale_time_hours"": 4.0, ""seed"": 2, ""tournament_size"": 30, ""train_end"": ""2021-12-31"", ""train_start"": ""2019-01-01""}",2019-01-01~2021-12-31,single-round throughput benchmark,"{""daily_ic_count"": 0, ""error"": ""rank_ic_nan"", ""rank_ic"": -1.0}",false,rank_ic_nan
43633084131d,,2026-07-15T17:09:06.141280+00:00,AlphaGen-GP,AlphaGen upstream GP + shaiwei neutralized RankIC,259687e8f316994426416c530a94842a2fe6405e,2,,c109dbf764f40a30375474fc474f6be6b21ea2f29e969eb16911da47662bcc84,65990a15cd56cf02b9a4812a0a37e4574affd7fc90b500fcb5e8e64b12c7b866,"Std(Delta(Constant(-10.0),30),40)","{""abort_time_hours"": 12.0, ""generations"": 1, ""index_code"": ""000300.SH"", ""instrument"": ""csi300"", ""max_expression_tokens"": 20, ""min_cross_section"": 30, ""population_size"": 100, ""rank_ic_threshold"": 0.03, ""scale_time_hours"": 4.0, ""seed"": 2, ""tournament_size"": 30, ""train_end"": ""2021-12-31"", ""train_start"": ""2019-01-01""}",2019-01-01~2021-12-31,single-round throughput benchmark,"{""daily_ic_count"": 0, ""error"": ""rank_ic_nan"", ""rank_ic"": -1.0}",false,rank_ic_nan
1036e7122747,,2026-07-15T17:09:06.141338+00:00,AlphaGen-GP,AlphaGen upstream GP + shaiwei neutralized RankIC,259687e8f316994426416c530a94842a2fe6405e,2,,c109dbf764f40a30375474fc474f6be6b21ea2f29e969eb16911da47662bcc84,65990a15cd56cf02b9a4812a0a37e4574affd7fc90b500fcb5e8e64b12c7b866,"Var(Ref(Cov(Std(Constant(-2.0),10),Div(Constant(30.0),Constant(-0.01)),40),10),30)","{""abort_time_hours"": 12.0, ""generations"": 1, ""index_code"": ""000300.SH"", ""instrument"": ""csi300"", ""max_expression_tokens"": 20, ""min_cross_section"": 30, ""population_size"": 100, ""rank_ic_threshold"": 0.03, ""scale_time_hours"": 4.0, ""seed"": 2, ""tournament_size"": 30, ""train_end"": ""2021-12-31"", ""train_start"": ""2019-01-01""}",2019-01-01~2021-12-31,single-round throughput benchmark,"{""daily_ic_count"": 0, ""error"": ""rank_ic_nan"", ""rank_ic"": -1.0}",false,rank_ic_nan
320536cc54ce,,2026-07-15T17:09:06.141429+00:00,AlphaGen-GP,AlphaGen upstream GP + shaiwei neutralized RankIC,259687e8f316994426416c530a94842a2fe6405e,2,,c109dbf764f40a30375474fc474f6be6b21ea2f29e969eb16911da47662bcc84,65990a15cd56cf02b9a4812a0a37e4574affd7fc90b500fcb5e8e64b12c7b866,"Mean(Max(Mean(Med(Var(Delta(Constant(0.5),10),40),50),40),40),20)","{""abort_time_hours"": 12.0, ""generations"": 1, ""index_code"": ""000300.SH"", ""instrument"": ""csi300"", ""max_expression_tokens"": 20, ""min_cross_section"": 30, ""population_size"": 100, ""rank_ic_threshold"": 0.03, ""scale_time_hours"": 4.0, ""seed"": 2, ""tournament_size"": 30, ""train_end"": ""2021-12-31"", ""train_start"": ""2019-01-01""}",2019-01-01~2021-12-31,single-round throughput benchmark,"{""error"": ""OutOfDataRangeError: "", ""rank_ic"": -1.0}",false,OutOfDataRangeError: 
b6fb8a8ad650,,2026-07-15T17:09:06.141546+00:00,AlphaGen-GP,AlphaGen upstream GP + shaiwei neutralized RankIC,259687e8f316994426416c530a94842a2fe6405e,2,,c109dbf764f40a30375474fc474f6be6b21ea2f29e969eb16911da47662bcc84,65990a15cd56cf02b9a4812a0a37e4574affd7fc90b500fcb5e8e64b12c7b866,"Mean(Var(Corr(Max(WMA(Var(Constant(-5.0),40),20),30),Mean(Ref(Var(Constant(0.01),10),20),30),20),50),10)","{""abort_time_hours"": 12.0, ""generations"": 1, ""index_code"": ""000300.SH"", ""instrument"": ""csi300"", ""max_expression_tokens"": 20, ""min_cross_section"": 30, ""population_size"": 100, ""rank_ic_threshold"": 0.03, ""scale_time_hours"": 4.0, ""seed"": 2, ""tournament_size"": 30, ""train_end"": ""2021-12-31"", ""train_start"": ""2019-01-01""}",2019-01-01~2021-12-31,single-round throughput benchmark,"{""error"": ""expression_too_long"", ""rank_ic"": -1.0}",false,expression_too_long
61ac84523754,,2026-07-15T17:09:06.141639+00:00,AlphaGen-GP,AlphaGen upstream GP + shaiwei neutralized RankIC,259687e8f316994426416c530a94842a2fe6405e,2,,c109dbf764f40a30375474fc474f6be6b21ea2f29e969eb16911da47662bcc84,65990a15cd56cf02b9a4812a0a37e4574affd7fc90b500fcb5e8e64b12c7b866,"Max(Delta(Mean(Min(Constant(2.0),10),50),20),50)","{""abort_time_hours"": 12.0, ""generations"": 1, ""index_code"": ""000300.SH"", ""instrument"": ""csi300"", ""max_expression_tokens"": 20, ""min_cross_section"": 30, ""population_size"": 100, ""rank_ic_threshold"": 0.03, ""scale_time_hours"": 4.0, ""seed"": 2, ""tournament_size"": 30, ""train_end"": ""2021-12-31"", ""train_start"": ""2019-01-01""}",2019-01-01~2021-12-31,single-round throughput benchmark,"{""error"": ""OutOfDataRangeError: "", ""rank_ic"": -1.0}",false,OutOfDataRangeError: 
15039e065387,,2026-07-15T17:09:06.141704+00:00,AlphaGen-GP,AlphaGen upstream GP + shaiwei neutralized RankIC,259687e8f316994426416c530a94842a2fe6405e,2,,c109dbf764f40a30375474fc474f6be6b21ea2f29e969eb16911da47662bcc84,65990a15cd56cf02b9a4812a0a37e4574affd7fc90b500fcb5e8e64b12c7b866,"Mean(Med(Constant(-30.0),10),20)","{""abort_time_hours"": 12.0, ""generations"": 1, ""index_code"": ""000300.SH"", ""instrument"": ""csi300"", ""max_expression_tokens"": 20, ""min_cross_section"": 30, ""population_size"": 100, ""rank_ic_threshold"": 0.03, ""scale_time_hours"": 4.0, ""seed"": 2, ""tournament_size"": 30, ""train_end"": ""2021-12-31"", ""train_start"": ""2019-01-01""}",2019-01-01~2021-12-31,single-round throughput benchmark,"{""daily_ic_count"": 730, ""error"": """", ""rank_ic"": -0.01495995004217395}",false,stage0 benchmark; not factor admission
a589a4dff4e3,,2026-07-15T17:09:06.141783+00:00,AlphaGen-GP,AlphaGen upstream GP + shaiwei neutralized RankIC,259687e8f316994426416c530a94842a2fe6405e,2,,c109dbf764f40a30375474fc474f6be6b21ea2f29e969eb16911da47662bcc84,65990a15cd56cf02b9a4812a0a37e4574affd7fc90b500fcb5e8e64b12c7b866,"Abs(Med(Corr(Cov(Var(Constant(1.0),10),Cov(Constant(-30.0),Constant(-10.0),40),30),Abs(WMA(open_,40)),40),20))","{""abort_time_hours"": 12.0, ""generations"": 1, ""index_code"": ""000300.SH"", ""instrument"": ""csi300"", ""max_expression_tokens"": 20, ""min_cross_section"": 30, ""population_size"": 100, ""rank_ic_threshold"": 0.03, ""scale_time_hours"": 4.0, ""seed"": 2, ""tournament_size"": 30, ""train_end"": ""2021-12-31"", ""train_start"": ""2019-01-01""}",2019-01-01~2021-12-31,single-round throughput benchmark,"{""error"": ""expression_too_long"", ""rank_ic"": -1.0}",false,expression_too_long
6dbe797d6a93,,2026-07-15T17:09:06.141853+00:00,AlphaGen-GP,AlphaGen upstream GP + shaiwei neutralized RankIC,259687e8f316994426416c530a94842a2fe6405e,2,,c109dbf764f40a30375474fc474f6be6b21ea2f29e969eb16911da47662bcc84,65990a15cd56cf02b9a4812a0a37e4574affd7fc90b500fcb5e8e64b12c7b866,"Var(Mul(Std(Constant(5.0),10),Max(Constant(-30.0),10)),40)","{""abort_time_hours"": 12.0, ""generations"": 1, ""index_code"": ""000300.SH"", ""instrument"": ""csi300"", ""max_expression_tokens"": 20, ""min_cross_section"": 30, ""population_size"": 100, ""rank_ic_threshold"": 0.03, ""scale_time_hours"": 4.0, ""seed"": 2, ""tournament_size"": 30, ""train_end"": ""2021-12-31"", ""train_start"": ""2019-01-01""}",2019-01-01~2021-12-31,single-round throughput benchmark,"{""daily_ic_count"": 0, ""error"": ""rank_ic_nan"", ""rank_ic"": -1.0}",false,rank_ic_nan
b6e91f1adc74,,2026-07-15T17:09:06.141919+00:00,AlphaGen-GP,AlphaGen upstream GP + shaiwei neutralized RankIC,259687e8f316994426416c530a94842a2fe6405e,2,,c109dbf764f40a30375474fc474f6be6b21ea2f29e969eb16911da47662bcc84,65990a15cd56cf02b9a4812a0a37e4574affd7fc90b500fcb5e8e64b12c7b866,"Mean(open_,40)","{""abort_time_hours"": 12.0, ""generations"": 1, ""index_code"": ""000300.SH"", ""instrument"": ""csi300"", ""max_expression_tokens"": 20, ""min_cross_section"": 30, ""population_size"": 100, ""rank_ic_threshold"": 0.03, ""scale_time_hours"": 4.0, ""seed"": 2, ""tournament_size"": 30, ""train_end"": ""2021-12-31"", ""train_start"": ""2019-01-01""}",2019-01-01~2021-12-31,single-round throughput benchmark,"{""daily_ic_count"": 730, ""error"": """", ""rank_ic"": 0.02080457999288918}",false,stage0 benchmark; not factor admission
c72e6cf0323c,,2026-07-15T17:09:06.141981+00:00,AlphaGen-GP,AlphaGen upstream GP + shaiwei neutralized RankIC,259687e8f316994426416c530a94842a2fe6405e,2,,c109dbf764f40a30375474fc474f6be6b21ea2f29e969eb16911da47662bcc84,65990a15cd56cf02b9a4812a0a37e4574affd7fc90b500fcb5e8e64b12c7b866,"Cov(Constant(0.5),Var(Sum(Std(Constant(30.0),20),10),50),30)","{""abort_time_hours"": 12.0, ""generations"": 1, ""index_code"": ""000300.SH"", ""instrument"": ""csi300"", ""max_expression_tokens"": 20, ""min_cross_section"": 30, ""population_size"": 100, ""rank_ic_threshold"": 0.03, ""scale_time_hours"": 4.0, ""seed"": 2, ""tournament_size"": 30, ""train_end"": ""2021-12-31"", ""train_start"": ""2019-01-01""}",2019-01-01~2021-12-31,single-round throughput benchmark,"{""error"": ""OutOfDataRangeError: "", ""rank_ic"": -1.0}",false,OutOfDataRangeError: 
6772d48460db,,2026-07-15T17:09:06.142047+00:00,AlphaGen-GP,AlphaGen upstream GP + shaiwei neutralized RankIC,259687e8f316994426416c530a94842a2fe6405e,2,,c109dbf764f40a30375474fc474f6be6b21ea2f29e969eb16911da47662bcc84,65990a15cd56cf02b9a4812a0a37e4574affd7fc90b500fcb5e8e64b12c7b866,"Var(Mad(Mean(Constant(5.0),10),50),10)","{""abort_time_hours"": 12.0, ""generations"": 1, ""index_code"": ""000300.SH"", ""instrument"": ""csi300"", ""max_expression_tokens"": 20, ""min_cross_section"": 30, ""population_size"": 100, ""rank_ic_threshold"": 0.03, ""scale_time_hours"": 4.0, ""seed"": 2, ""tournament_size"": 30, ""train_end"": ""2021-12-31"", ""train_start"": ""2019-01-01""}",2019-01-01~2021-12-31,single-round throughput benchmark,"{""daily_ic_count"": 0, ""error"": ""rank_ic_nan"", ""rank_ic"": -1.0}",false,rank_ic_nan
5bd91b4333d6,,2026-07-15T17:09:06.142106+00:00,AlphaGen-GP,AlphaGen upstream GP + shaiwei neutralized RankIC,259687e8f316994426416c530a94842a2fe6405e,2,,c109dbf764f40a30375474fc474f6be6b21ea2f29e969eb16911da47662bcc84,65990a15cd56cf02b9a4812a0a37e4574affd7fc90b500fcb5e8e64b12c7b866,"Med(Mean(Corr(Constant(-2.0),Constant(-2.0),40),30),40)","{""abort_time_hours"": 12.0, ""generations"": 1, ""index_code"": ""000300.SH"", ""instrument"": ""csi300"", ""max_expression_tokens"": 20, ""min_cross_section"": 30, ""population_size"": 100, ""rank_ic_threshold"": 0.03, ""scale_time_hours"": 4.0, ""seed"": 2, ""tournament_size"": 30, ""train_end"": ""2021-12-31"", ""train_start"": ""2019-01-01""}",2019-01-01~2021-12-31,single-round throughput benchmark,"{""error"": ""OutOfDataRangeError: "", ""rank_ic"": -1.0}",false,OutOfDataRangeError: 
78d00ffff2d4,,2026-07-15T17:09:06.142166+00:00,AlphaGen-GP,AlphaGen upstream GP + shaiwei neutralized RankIC,259687e8f316994426416c530a94842a2fe6405e,2,,c109dbf764f40a30375474fc474f6be6b21ea2f29e969eb16911da47662bcc84,65990a15cd56cf02b9a4812a0a37e4574affd7fc90b500fcb5e8e64b12c7b866,"Sum(Mad(Ref(close,10),10),40)","{""abort_time_hours"": 12.0, ""generations"": 1, ""index_code"": ""000300.SH"", ""instrument"": ""csi300"", ""max_expression_tokens"": 20, ""min_cross_section"": 30, ""population_size"": 100, ""rank_ic_threshold"": 0.03, ""scale_time_hours"": 4.0, ""seed"": 2, ""tournament_size"": 30, ""train_end"": ""2021-12-31"", ""train_start"": ""2019-01-01""}",2019-01-01~2021-12-31,single-round throughput benchmark,"{""daily_ic_count"": 730, ""error"": """", ""rank_ic"": 0.019530999138497228}",false,stage0 benchmark; not factor admission
3a64fdc13a0a,,2026-07-15T17:09:06.142229+00:00,AlphaGen-GP,AlphaGen upstream GP + shaiwei neutralized RankIC,259687e8f316994426416c530a94842a2fe6405e,2,,c109dbf764f40a30375474fc474f6be6b21ea2f29e969eb16911da47662bcc84,65990a15cd56cf02b9a4812a0a37e4574affd7fc90b500fcb5e8e64b12c7b866,"Add(Ref(WMA(Mean(Med(low,50),40),10),50),Med(Sum(Div(Max(Constant(10.0),30),WMA(open_,50)),30),30))","{""abort_time_hours"": 12.0, ""generations"": 1, ""index_code"": ""000300.SH"", ""instrument"": ""csi300"", ""max_expression_tokens"": 20, ""min_cross_section"": 30, ""population_size"": 100, ""rank_ic_threshold"": 0.03, ""scale_time_hours"": 4.0, ""seed"": 2, ""tournament_size"": 30, ""train_end"": ""2021-12-31"", ""train_start"": ""2019-01-01""}",2019-01-01~2021-12-31,single-round throughput benchmark,"{""error"": ""expression_too_long"", ""rank_ic"": -1.0}",false,expression_too_long
c2bcf3d9a6b5,,2026-07-15T17:09:06.142291+00:00,AlphaGen-GP,AlphaGen upstream GP + shaiwei neutralized RankIC,259687e8f316994426416c530a94842a2fe6405e,2,,c109dbf764f40a30375474fc474f6be6b21ea2f29e969eb16911da47662bcc84,65990a15cd56cf02b9a4812a0a37e4574affd7fc90b500fcb5e8e64b12c7b866,"Abs(WMA(EMA(Sub(EMA(Constant(0.01),30),Delta(volume,10)),50),20))","{""abort_time_hours"": 12.0, ""generations"": 1, ""index_code"": ""000300.SH"", ""instrument"": ""csi300"", ""max_expression_tokens"": 20, ""min_cross_section"": 30, ""population_size"": 100, ""rank_ic_threshold"": 0.03, ""scale_time_hours"": 4.0, ""seed"": 2, ""tournament_size"": 30, ""train_end"": ""2021-12-31"", ""train_start"": ""2019-01-01""}",2019-01-01~2021-12-31,single-round throughput benchmark,"{""daily_ic_count"": 730, ""error"": """", ""rank_ic"": -0.02509748604183385}",false,stage0 benchmark; not factor admission
eb69705cc4ad,,2026-07-15T17:09:06.142351+00:00,AlphaGen-GP,AlphaGen upstream GP + shaiwei neutralized RankIC,259687e8f316994426416c530a94842a2fe6405e,2,,c109dbf764f40a30375474fc474f6be6b21ea2f29e969eb16911da47662bcc84,65990a15cd56cf02b9a4812a0a37e4574affd7fc90b500fcb5e8e64b12c7b866,"Var(Cov(Min(Constant(-10.0),20),WMA(Constant(-30.0),50),40),20)","{""abort_time_hours"": 12.0, ""generations"": 1, ""index_code"": ""000300.SH"", ""instrument"": ""csi300"", ""max_expression_tokens"": 20, ""min_cross_section"": 30, ""population_size"": 100, ""rank_ic_threshold"": 0.03, ""scale_time_hours"": 4.0, ""seed"": 2, ""tournament_size"": 30, ""train_end"": ""2021-12-31"", ""train_start"": ""2019-01-01""}",2019-01-01~2021-12-31,single-round throughput benchmark,"{""error"": ""OutOfDataRangeError: "", ""rank_ic"": -1.0}",false,OutOfDataRangeError: 
a885af8be3cd,,2026-07-15T17:09:06.142419+00:00,AlphaGen-GP,AlphaGen upstream GP + shaiwei neutralized RankIC,259687e8f316994426416c530a94842a2fe6405e,2,,c109dbf764f40a30375474fc474f6be6b21ea2f29e969eb16911da47662bcc84,65990a15cd56cf02b9a4812a0a37e4574affd7fc90b500fcb5e8e64b12c7b866,"Std(Std(Mad(Corr(high,Constant(-2.0),40),50),40),20)","{""abort_time_hours"": 12.0, ""generations"": 1, ""index_code"": ""000300.SH"", ""instrument"": ""csi300"", ""max_expression_tokens"": 20, ""min_cross_section"": 30, ""population_size"": 100, ""rank_ic_threshold"": 0.03, ""scale_time_hours"": 4.0, ""seed"": 2, ""tournament_size"": 30, ""train_end"": ""2021-12-31"", ""train_start"": ""2019-01-01""}",2019-01-01~2021-12-31,single-round throughput benchmark,"{""error"": ""OutOfDataRangeError: "", ""rank_ic"": -1.0}",false,OutOfDataRangeError: 
c01a79899558,,2026-07-15T17:09:06.142491+00:00,AlphaGen-GP,AlphaGen upstream GP + shaiwei neutralized RankIC,259687e8f316994426416c530a94842a2fe6405e,2,,c109dbf764f40a30375474fc474f6be6b21ea2f29e969eb16911da47662bcc84,65990a15cd56cf02b9a4812a0a37e4574affd7fc90b500fcb5e8e64b12c7b866,"Delta(Div(Med(Var(Constant(-30.0),20),20),Constant(-30.0)),20)","{""abort_time_hours"": 12.0, ""generations"": 1, ""index_code"": ""000300.SH"", ""instrument"": ""csi300"", ""max_expression_tokens"": 20, ""min_cross_section"": 30, ""population_size"": 100, ""rank_ic_threshold"": 0.03, ""scale_time_hours"": 4.0, ""seed"": 2, ""tournament_size"": 30, ""train_end"": ""2021-12-31"", ""train_start"": ""2019-01-01""}",2019-01-01~2021-12-31,single-round throughput benchmark,"{""daily_ic_count"": 0, ""error"": ""rank_ic_nan"", ""rank_ic"": -1.0}",false,rank_ic_nan
54f574f52696,,2026-07-15T17:09:06.142645+00:00,AlphaGen-GP,AlphaGen upstream GP + shaiwei neutralized RankIC,259687e8f316994426416c530a94842a2fe6405e,2,,c109dbf764f40a30375474fc474f6be6b21ea2f29e969eb16911da47662bcc84,65990a15cd56cf02b9a4812a0a37e4574affd7fc90b500fcb5e8e64b12c7b866,"Min(Sub(Var(Cov(Constant(-5.0),Constant(0.01),10),40),Mean(Add(Constant(2.0),high),10)),10)","{""abort_time_hours"": 12.0, ""generations"": 1, ""index_code"": ""000300.SH"", ""instrument"": ""csi300"", ""max_expression_tokens"": 20, ""min_cross_section"": 30, ""population_size"": 100, ""rank_ic_threshold"": 0.03, ""scale_time_hours"": 4.0, ""seed"": 2, ""tournament_size"": 30, ""train_end"": ""2021-12-31"", ""train_start"": ""2019-01-01""}",2019-01-01~2021-12-31,single-round throughput benchmark,"{""daily_ic_count"": 730, ""error"": """", ""rank_ic"": -0.020085388925841247}",false,stage0 benchmark; not factor admission
839e0f177d95,,2026-07-15T17:09:06.142710+00:00,AlphaGen-GP,AlphaGen upstream GP + shaiwei neutralized RankIC,259687e8f316994426416c530a94842a2fe6405e,2,,c109dbf764f40a30375474fc474f6be6b21ea2f29e969eb16911da47662bcc84,65990a15cd56cf02b9a4812a0a37e4574affd7fc90b500fcb5e8e64b12c7b866,"Corr(Abs(Min(Sum(WMA(WMA(volume,20),50),20),40)),Min(Cov(Sum(Sum(Ref(Constant(0.01),20),30),10),Abs(Med(Med(open_,50),50)),50),40),10)","{""abort_time_hours"": 12.0, ""generations"": 1, ""index_code"": ""000300.SH"", ""instrument"": ""csi300"", ""max_expression_tokens"": 20, ""min_cross_section"": 30, ""population_size"": 100, ""rank_ic_threshold"": 0.03, ""scale_time_hours"": 4.0, ""seed"": 2, ""tournament_size"": 30, ""train_end"": ""2021-12-31"", ""train_start"": ""2019-01-01""}",2019-01-01~2021-12-31,single-round throughput benchmark,"{""error"": ""expression_too_long"", ""rank_ic"": -1.0}",false,expression_too_long
501bf265c5d9,,2026-07-15T17:09:06.142762+00:00,AlphaGen-GP,AlphaGen upstream GP + shaiwei neutralized RankIC,259687e8f316994426416c530a94842a2fe6405e,2,,c109dbf764f40a30375474fc474f6be6b21ea2f29e969eb16911da47662bcc84,65990a15cd56cf02b9a4812a0a37e4574affd7fc90b500fcb5e8e64b12c7b866,"Cov(Mean(Std(EMA(low,20),40),50),Min(Delta(Max(Constant(0.5),50),20),10),30)","{""abort_time_hours"": 12.0, ""generations"": 1, ""index_code"": ""000300.SH"", ""instrument"": ""csi300"", ""max_expression_tokens"": 20, ""min_cross_section"": 30, ""population_size"": 100, ""rank_ic_threshold"": 0.03, ""scale_time_hours"": 4.0, ""seed"": 2, ""tournament_size"": 30, ""train_end"": ""2021-12-31"", ""train_start"": ""2019-01-01""}",2019-01-01~2021-12-31,single-round throughput benchmark,"{""error"": ""OutOfDataRangeError: "", ""rank_ic"": -1.0}",false,OutOfDataRangeError: 
212ac8bf8a9b,,2026-07-15T17:09:06.142819+00:00,AlphaGen-GP,AlphaGen upstream GP + shaiwei neutralized RankIC,259687e8f316994426416c530a94842a2fe6405e,2,,c109dbf764f40a30375474fc474f6be6b21ea2f29e969eb16911da47662bcc84,65990a15cd56cf02b9a4812a0a37e4574affd7fc90b500fcb5e8e64b12c7b866,"Sum(Var(WMA(Constant(-0.01),10),30),30)","{""abort_time_hours"": 12.0, ""generations"": 1, ""index_code"": ""000300.SH"", ""instrument"": ""csi300"", ""max_expression_tokens"": 20, ""min_cross_section"": 30, ""population_size"": 100, ""rank_ic_threshold"": 0.03, ""scale_time_hours"": 4.0, ""seed"": 2, ""tournament_size"": 30, ""train_end"": ""2021-12-31"", ""train_start"": ""2019-01-01""}",2019-01-01~2021-12-31,single-round throughput benchmark,"{""daily_ic_count"": 0, ""error"": ""rank_ic_nan"", ""rank_ic"": -1.0}",false,rank_ic_nan
3d2d36a3baa0,,2026-07-15T17:09:06.142876+00:00,AlphaGen-GP,AlphaGen upstream GP + shaiwei neutralized RankIC,259687e8f316994426416c530a94842a2fe6405e,2,,c109dbf764f40a30375474fc474f6be6b21ea2f29e969eb16911da47662bcc84,65990a15cd56cf02b9a4812a0a37e4574affd7fc90b500fcb5e8e64b12c7b866,"Min(Sum(Med(Constant(30.0),50),50),20)","{""abort_time_hours"": 12.0, ""generations"": 1, ""index_code"": ""000300.SH"", ""instrument"": ""csi300"", ""max_expression_tokens"": 20, ""min_cross_section"": 30, ""population_size"": 100, ""rank_ic_threshold"": 0.03, ""scale_time_hours"": 4.0, ""seed"": 2, ""tournament_size"": 30, ""train_end"": ""2021-12-31"", ""train_start"": ""2019-01-01""}",2019-01-01~2021-12-31,single-round throughput benchmark,"{""error"": ""OutOfDataRangeError: "", ""rank_ic"": -1.0}",false,OutOfDataRangeError: 
61f3cab01b7e,,2026-07-15T17:09:06.142960+00:00,AlphaGen-GP,AlphaGen upstream GP + shaiwei neutralized RankIC,259687e8f316994426416c530a94842a2fe6405e,2,,c109dbf764f40a30375474fc474f6be6b21ea2f29e969eb16911da47662bcc84,65990a15cd56cf02b9a4812a0a37e4574affd7fc90b500fcb5e8e64b12c7b866,"Mad(EMA(Ref(Var(low,40),10),30),20)","{""abort_time_hours"": 12.0, ""generations"": 1, ""index_code"": ""000300.SH"", ""instrument"": ""csi300"", ""max_expression_tokens"": 20, ""min_cross_section"": 30, ""population_size"": 100, ""rank_ic_threshold"": 0.03, ""scale_time_hours"": 4.0, ""seed"": 2, ""tournament_size"": 30, ""train_end"": ""2021-12-31"", ""train_start"": ""2019-01-01""}",2019-01-01~2021-12-31,single-round throughput benchmark,"{""daily_ic_count"": 730, ""error"": """", ""rank_ic"": 0.007452821687887755}",false,stage0 benchmark; not factor admission
ca888bc39fc5,,2026-07-15T17:09:06.143017+00:00,AlphaGen-GP,AlphaGen upstream GP + shaiwei neutralized RankIC,259687e8f316994426416c530a94842a2fe6405e,2,,c109dbf764f40a30375474fc474f6be6b21ea2f29e969eb16911da47662bcc84,65990a15cd56cf02b9a4812a0a37e4574affd7fc90b500fcb5e8e64b12c7b866,"Mean(Sum(Less(Constant(0.01),Constant(5.0)),20),50)","{""abort_time_hours"": 12.0, ""generations"": 1, ""index_code"": ""000300.SH"", ""instrument"": ""csi300"", ""max_expression_tokens"": 20, ""min_cross_section"": 30, ""population_size"": 100, ""rank_ic_threshold"": 0.03, ""scale_time_hours"": 4.0, ""seed"": 2, ""tournament_size"": 30, ""train_end"": ""2021-12-31"", ""train_start"": ""2019-01-01""}",2019-01-01~2021-12-31,single-round throughput benchmark,"{""daily_ic_count"": 730, ""error"": """", ""rank_ic"": 0.013704840625391174}",false,stage0 benchmark; not factor admission
2eed17264f83,,2026-07-15T17:09:06.143075+00:00,AlphaGen-GP,AlphaGen upstream GP + shaiwei neutralized RankIC,259687e8f316994426416c530a94842a2fe6405e,2,,c109dbf764f40a30375474fc474f6be6b21ea2f29e969eb16911da47662bcc84,65990a15cd56cf02b9a4812a0a37e4574affd7fc90b500fcb5e8e64b12c7b866,"Mean(Delta(EMA(Min(Constant(0.5),10),30),40),20)","{""abort_time_hours"": 12.0, ""generations"": 1, ""index_code"": ""000300.SH"", ""instrument"": ""csi300"", ""max_expression_tokens"": 20, ""min_cross_section"": 30, ""population_size"": 100, ""rank_ic_threshold"": 0.03, ""scale_time_hours"": 4.0, ""seed"": 2, ""tournament_size"": 30, ""train_end"": ""2021-12-31"", ""train_start"": ""2019-01-01""}",2019-01-01~2021-12-31,single-round throughput benchmark,"{""daily_ic_count"": 0, ""error"": ""rank_ic_nan"", ""rank_ic"": -1.0}",false,rank_ic_nan
f625604a9be7,,2026-07-15T17:09:06.143137+00:00,AlphaGen-GP,AlphaGen upstream GP + shaiwei neutralized RankIC,259687e8f316994426416c530a94842a2fe6405e,2,,c109dbf764f40a30375474fc474f6be6b21ea2f29e969eb16911da47662bcc84,65990a15cd56cf02b9a4812a0a37e4574affd7fc90b500fcb5e8e64b12c7b866,"Max(Ref(Mean(Corr(Med(Constant(-2.0),20),Ref(volume,20),10),40),10),30)","{""abort_time_hours"": 12.0, ""generations"": 1, ""index_code"": ""000300.SH"", ""instrument"": ""csi300"", ""max_expression_tokens"": 20, ""min_cross_section"": 30, ""population_size"": 100, ""rank_ic_threshold"": 0.03, ""scale_time_hours"": 4.0, ""seed"": 2, ""tournament_size"": 30, ""train_end"": ""2021-12-31"", ""train_start"": ""2019-01-01""}",2019-01-01~2021-12-31,single-round throughput benchmark,"{""error"": ""OutOfDataRangeError: "", ""rank_ic"": -1.0}",false,OutOfDataRangeError: 
0fabe24ea4fe,,2026-07-15T17:09:06.143194+00:00,AlphaGen-GP,AlphaGen upstream GP + shaiwei neutralized RankIC,259687e8f316994426416c530a94842a2fe6405e,2,,c109dbf764f40a30375474fc474f6be6b21ea2f29e969eb16911da47662bcc84,65990a15cd56cf02b9a4812a0a37e4574affd7fc90b500fcb5e8e64b12c7b866,"Med(Std(Div(Var(Div(Cov(close,vwap,30),Corr(Constant(-0.5),Constant(1.0),20)),40),Cov(Add(Log(Constant(30.0)),Delta(Constant(2.0),40)),Std(Min(Constant(-10.0),30),30),10)),20),10)","{""abort_time_hours"": 12.0, ""generations"": 1, ""index_code"": ""000300.SH"", ""instrument"": ""csi300"", ""max_expression_tokens"": 20, ""min_cross_section"": 30, ""population_size"": 100, ""rank_ic_threshold"": 0.03, ""scale_time_hours"": 4.0, ""seed"": 2, ""tournament_size"": 30, ""train_end"": ""2021-12-31"", ""train_start"": ""2019-01-01""}",2019-01-01~2021-12-31,single-round throughput benchmark,"{""error"": ""expression_too_long"", ""rank_ic"": -1.0}",false,expression_too_long
8389a75c73fb,,2026-07-15T17:09:06.143285+00:00,AlphaGen-GP,AlphaGen upstream GP + shaiwei neutralized RankIC,259687e8f316994426416c530a94842a2fe6405e,2,,c109dbf764f40a30375474fc474f6be6b21ea2f29e969eb16911da47662bcc84,65990a15cd56cf02b9a4812a0a37e4574affd7fc90b500fcb5e8e64b12c7b866,"EMA(Std(Constant(0.01),30),20)","{""abort_time_hours"": 12.0, ""generations"": 1, ""index_code"": ""000300.SH"", ""instrument"": ""csi300"", ""max_expression_tokens"": 20, ""min_cross_section"": 30, ""population_size"": 100, ""rank_ic_threshold"": 0.03, ""scale_time_hours"": 4.0, ""seed"": 2, ""tournament_size"": 30, ""train_end"": ""2021-12-31"", ""train_start"": ""2019-01-01""}",2019-01-01~2021-12-31,single-round throughput benchmark,"{""daily_ic_count"": 0, ""error"": ""rank_ic_nan"", ""rank_ic"": -1.0}",false,rank_ic_nan
2573156e68c0,,2026-07-15T17:09:06.143355+00:00,AlphaGen-GP,AlphaGen upstream GP + shaiwei neutralized RankIC,259687e8f316994426416c530a94842a2fe6405e,2,,c109dbf764f40a30375474fc474f6be6b21ea2f29e969eb16911da47662bcc84,65990a15cd56cf02b9a4812a0a37e4574affd7fc90b500fcb5e8e64b12c7b866,"Var(Corr(Greater(Delta(Constant(-5.0),10),Add(Constant(30.0),open_)),Sub(Cov(Constant(10.0),Constant(-10.0),40),Greater(low,Constant(5.0))),10),40)","{""abort_time_hours"": 12.0, ""generations"": 1, ""index_code"": ""000300.SH"", ""instrument"": ""csi300"", ""max_expression_tokens"": 20, ""min_cross_section"": 30, ""population_size"": 100, ""rank_ic_threshold"": 0.03, ""scale_time_hours"": 4.0, ""seed"": 2, ""tournament_size"": 30, ""train_end"": ""2021-12-31"", ""train_start"": ""2019-01-01""}",2019-01-01~2021-12-31,single-round throughput benchmark,"{""error"": ""expression_too_long"", ""rank_ic"": -1.0}",false,expression_too_long
20c45c4d8bba,,2026-07-15T17:09:06.143417+00:00,AlphaGen-GP,AlphaGen upstream GP + shaiwei neutralized RankIC,259687e8f316994426416c530a94842a2fe6405e,2,,c109dbf764f40a30375474fc474f6be6b21ea2f29e969eb16911da47662bcc84,65990a15cd56cf02b9a4812a0a37e4574affd7fc90b500fcb5e8e64b12c7b866,"Corr(Delta(Corr(Mean(Mad(Constant(-0.01),10),40),EMA(Std(Constant(-0.01),40),40),50),30),Mean(Min(Corr(Sum(Constant(2.0),20),Max(close,40),10),30),50),40)","{""abort_time_hours"": 12.0, ""generations"": 1, ""index_code"": ""000300.SH"", ""instrument"": ""csi300"", ""max_expression_tokens"": 20, ""min_cross_section"": 30, ""population_size"": 100, ""rank_ic_threshold"": 0.03, ""scale_time_hours"": 4.0, ""seed"": 2, ""tournament_size"": 30, ""train_end"": ""2021-12-31"", ""train_start"": ""2019-01-01""}",2019-01-01~2021-12-31,single-round throughput benchmark,"{""error"": ""expression_too_long"", ""rank_ic"": -1.0}",false,expression_too_long
4c0f393afd50,,2026-07-15T17:09:06.143478+00:00,AlphaGen-GP,AlphaGen upstream GP + shaiwei neutralized RankIC,259687e8f316994426416c530a94842a2fe6405e,2,,c109dbf764f40a30375474fc474f6be6b21ea2f29e969eb16911da47662bcc84,65990a15cd56cf02b9a4812a0a37e4574affd7fc90b500fcb5e8e64b12c7b866,"Ref(Max(Delta(Constant(0.5),30),20),20)","{""abort_time_hours"": 12.0, ""generations"": 1, ""index_code"": ""000300.SH"", ""instrument"": ""csi300"", ""max_expression_tokens"": 20, ""min_cross_section"": 30, ""population_size"": 100, ""rank_ic_threshold"": 0.03, ""scale_time_hours"": 4.0, ""seed"": 2, ""tournament_size"": 30, ""train_end"": ""2021-12-31"", ""train_start"": ""2019-01-01""}",2019-01-01~2021-12-31,single-round throughput benchmark,"{""daily_ic_count"": 0, ""error"": ""rank_ic_nan"", ""rank_ic"": -1.0}",false,rank_ic_nan
6b77c97e5616,,2026-07-15T17:09:06.143541+00:00,AlphaGen-GP,AlphaGen upstream GP + shaiwei neutralized RankIC,259687e8f316994426416c530a94842a2fe6405e,2,,c109dbf764f40a30375474fc474f6be6b21ea2f29e969eb16911da47662bcc84,65990a15cd56cf02b9a4812a0a37e4574affd7fc90b500fcb5e8e64b12c7b866,"Var(Mad(WMA(Med(Sub(Ref(Constant(-30.0),20),Delta(high,10)),10),40),30),20)","{""abort_time_hours"": 12.0, ""generations"": 1, ""index_code"": ""000300.SH"", ""instrument"": ""csi300"", ""max_expression_tokens"": 20, ""min_cross_section"": 30, ""population_size"": 100, ""rank_ic_threshold"": 0.03, ""scale_time_hours"": 4.0, ""seed"": 2, ""tournament_size"": 30, ""train_end"": ""2021-12-31"", ""train_start"": ""2019-01-01""}",2019-01-01~2021-12-31,single-round throughput benchmark,"{""error"": ""OutOfDataRangeError: "", ""rank_ic"": -1.0}",false,OutOfDataRangeError: 
a26d29ddd8d1,,2026-07-15T17:09:06.143607+00:00,AlphaGen-GP,AlphaGen upstream GP + shaiwei neutralized RankIC,259687e8f316994426416c530a94842a2fe6405e,2,,c109dbf764f40a30375474fc474f6be6b21ea2f29e969eb16911da47662bcc84,65990a15cd56cf02b9a4812a0a37e4574affd7fc90b500fcb5e8e64b12c7b866,"Ref(low,50)","{""abort_time_hours"": 12.0, ""generations"": 1, ""index_code"": ""000300.SH"", ""instrument"": ""csi300"", ""max_expression_tokens"": 20, ""min_cross_section"": 30, ""population_size"": 100, ""rank_ic_threshold"": 0.03, ""scale_time_hours"": 4.0, ""seed"": 2, ""tournament_size"": 30, ""train_end"": ""2021-12-31"", ""train_start"": ""2019-01-01""}",2019-01-01~2021-12-31,single-round throughput benchmark,"{""daily_ic_count"": 730, ""error"": """", ""rank_ic"": 0.019118856993103745}",false,stage0 benchmark; not factor admission
83ee3172da33,,2026-07-15T17:09:06.143674+00:00,AlphaGen-GP,AlphaGen upstream GP + shaiwei neutralized RankIC,259687e8f316994426416c530a94842a2fe6405e,2,,c109dbf764f40a30375474fc474f6be6b21ea2f29e969eb16911da47662bcc84,65990a15cd56cf02b9a4812a0a37e4574affd7fc90b500fcb5e8e64b12c7b866,"Cov(Delta(Corr(WMA(Constant(-0.01),30),close,40),30),Ref(Min(Cov(Mean(Constant(-2.0),10),Log(Med(Constant(-2.0),30)),50),50),20),10)","{""abort_time_hours"": 12.0, ""generations"": 1, ""index_code"": ""000300.SH"", ""instrument"": ""csi300"", ""max_expression_tokens"": 20, ""min_cross_section"": 30, ""population_size"": 100, ""rank_ic_threshold"": 0.03, ""scale_time_hours"": 4.0, ""seed"": 2, ""tournament_size"": 30, ""train_end"": ""2021-12-31"", ""train_start"": ""2019-01-01""}",2019-01-01~2021-12-31,single-round throughput benchmark,"{""error"": ""expression_too_long"", ""rank_ic"": -1.0}",false,expression_too_long
0e9a78be8644,,2026-07-15T17:09:06.143755+00:00,AlphaGen-GP,AlphaGen upstream GP + shaiwei neutralized RankIC,259687e8f316994426416c530a94842a2fe6405e,2,,c109dbf764f40a30375474fc474f6be6b21ea2f29e969eb16911da47662bcc84,65990a15cd56cf02b9a4812a0a37e4574affd7fc90b500fcb5e8e64b12c7b866,"EMA(Cov(Mad(Cov(Constant(-0.01),Constant(10.0),10),30),Constant(1.0),30),10)","{""abort_time_hours"": 12.0, ""generations"": 1, ""index_code"": ""000300.SH"", ""instrument"": ""csi300"", ""max_expression_tokens"": 20, ""min_cross_section"": 30, ""population_size"": 100, ""rank_ic_threshold"": 0.03, ""scale_time_hours"": 4.0, ""seed"": 2, ""tournament_size"": 30, ""train_end"": ""2021-12-31"", ""train_start"": ""2019-01-01""}",2019-01-01~2021-12-31,single-round throughput benchmark,"{""daily_ic_count"": 0, ""error"": ""rank_ic_nan"", ""rank_ic"": -1.0}",false,rank_ic_nan
12ca4d48b854,,2026-07-15T17:09:06.143822+00:00,AlphaGen-GP,AlphaGen upstream GP + shaiwei neutralized RankIC,259687e8f316994426416c530a94842a2fe6405e,2,,c109dbf764f40a30375474fc474f6be6b21ea2f29e969eb16911da47662bcc84,65990a15cd56cf02b9a4812a0a37e4574affd7fc90b500fcb5e8e64b12c7b866,"Corr(Min(Std(Constant(0.01),30),30),WMA(Sum(Mad(Delta(Max(low,10),40),40),40),40),40)","{""abort_time_hours"": 12.0, ""generations"": 1, ""index_code"": ""000300.SH"", ""instrument"": ""csi300"", ""max_expression_tokens"": 20, ""min_cross_section"": 30, ""population_size"": 100, ""rank_ic_threshold"": 0.03, ""scale_time_hours"": 4.0, ""seed"": 2, ""tournament_size"": 30, ""train_end"": ""2021-12-31"", ""train_start"": ""2019-01-01""}",2019-01-01~2021-12-31,single-round throughput benchmark,"{""error"": ""OutOfDataRangeError: "", ""rank_ic"": -1.0}",false,OutOfDataRangeError: 
08c7300b8f9f,,2026-07-15T17:09:06.143887+00:00,AlphaGen-GP,AlphaGen upstream GP + shaiwei neutralized RankIC,259687e8f316994426416c530a94842a2fe6405e,2,,c109dbf764f40a30375474fc474f6be6b21ea2f29e969eb16911da47662bcc84,65990a15cd56cf02b9a4812a0a37e4574affd7fc90b500fcb5e8e64b12c7b866,"Std(EMA(Less(open_,Constant(0.01)),40),20)","{""abort_time_hours"": 12.0, ""generations"": 1, ""index_code"": ""000300.SH"", ""instrument"": ""csi300"", ""max_expression_tokens"": 20, ""min_cross_section"": 30, ""population_size"": 100, ""rank_ic_threshold"": 0.03, ""scale_time_hours"": 4.0, ""seed"": 2, ""tournament_size"": 30, ""train_end"": ""2021-12-31"", ""train_start"": ""2019-01-01""}",2019-01-01~2021-12-31,single-round throughput benchmark,"{""daily_ic_count"": 0, ""error"": ""rank_ic_nan"", ""rank_ic"": -1.0}",false,rank_ic_nan
f438fbba9fa9,,2026-07-15T17:09:06.143954+00:00,AlphaGen-GP,AlphaGen upstream GP + shaiwei neutralized RankIC,259687e8f316994426416c530a94842a2fe6405e,2,,c109dbf764f40a30375474fc474f6be6b21ea2f29e969eb16911da47662bcc84,65990a15cd56cf02b9a4812a0a37e4574affd7fc90b500fcb5e8e64b12c7b866,"Mad(Log(Less(Constant(30.0),vwap)),50)","{""abort_time_hours"": 12.0, ""generations"": 1, ""index_code"": ""000300.SH"", ""instrument"": ""csi300"", ""max_expression_tokens"": 20, ""min_cross_section"": 30, ""population_size"": 100, ""rank_ic_threshold"": 0.03, ""scale_time_hours"": 4.0, ""seed"": 2, ""tournament_size"": 30, ""train_end"": ""2021-12-31"", ""train_start"": ""2019-01-01""}",2019-01-01~2021-12-31,single-round throughput benchmark,"{""daily_ic_count"": 730, ""error"": """", ""rank_ic"": -0.028438973903218537}",false,stage0 benchmark; not factor admission
8d28858b4e6d,,2026-07-15T17:09:06.144030+00:00,AlphaGen-GP,AlphaGen upstream GP + shaiwei neutralized RankIC,259687e8f316994426416c530a94842a2fe6405e,2,,c109dbf764f40a30375474fc474f6be6b21ea2f29e969eb16911da47662bcc84,65990a15cd56cf02b9a4812a0a37e4574affd7fc90b500fcb5e8e64b12c7b866,"WMA(Constant(30.0),50)","{""abort_time_hours"": 12.0, ""generations"": 1, ""index_code"": ""000300.SH"", ""instrument"": ""csi300"", ""max_expression_tokens"": 20, ""min_cross_section"": 30, ""population_size"": 100, ""rank_ic_threshold"": 0.03, ""scale_time_hours"": 4.0, ""seed"": 2, ""tournament_size"": 30, ""train_end"": ""2021-12-31"", ""train_start"": ""2019-01-01""}",2019-01-01~2021-12-31,single-round throughput benchmark,"{""daily_ic_count"": 730, ""error"": """", ""rank_ic"": 0.014959950042173943}",false,stage0 benchmark; not factor admission
1036f20a7127,,2026-07-15T17:09:06.144105+00:00,AlphaGen-GP,AlphaGen upstream GP + shaiwei neutralized RankIC,259687e8f316994426416c530a94842a2fe6405e,2,,c109dbf764f40a30375474fc474f6be6b21ea2f29e969eb16911da47662bcc84,65990a15cd56cf02b9a4812a0a37e4574affd7fc90b500fcb5e8e64b12c7b866,"Mean(Cov(close,Constant(-0.01),20),50)","{""abort_time_hours"": 12.0, ""generations"": 1, ""index_code"": ""000300.SH"", ""instrument"": ""csi300"", ""max_expression_tokens"": 20, ""min_cross_section"": 30, ""population_size"": 100, ""rank_ic_threshold"": 0.03, ""scale_time_hours"": 4.0, ""seed"": 2, ""tournament_size"": 30, ""train_end"": ""2021-12-31"", ""train_start"": ""2019-01-01""}",2019-01-01~2021-12-31,single-round throughput benchmark,"{""daily_ic_count"": 0, ""error"": ""rank_ic_nan"", ""rank_ic"": -1.0}",false,rank_ic_nan
9931b5c7d722,,2026-07-15T17:09:06.144176+00:00,AlphaGen-GP,AlphaGen upstream GP + shaiwei neutralized RankIC,259687e8f316994426416c530a94842a2fe6405e,2,,c109dbf764f40a30375474fc474f6be6b21ea2f29e969eb16911da47662bcc84,65990a15cd56cf02b9a4812a0a37e4574affd7fc90b500fcb5e8e64b12c7b866,"Var(Mad(Mad(Constant(2.0),40),50),10)","{""abort_time_hours"": 12.0, ""generations"": 1, ""index_code"": ""000300.SH"", ""instrument"": ""csi300"", ""max_expression_tokens"": 20, ""min_cross_section"": 30, ""population_size"": 100, ""rank_ic_threshold"": 0.03, ""scale_time_hours"": 4.0, ""seed"": 2, ""tournament_size"": 30, ""train_end"": ""2021-12-31"", ""train_start"": ""2019-01-01""}",2019-01-01~2021-12-31,single-round throughput benchmark,"{""daily_ic_count"": 0, ""error"": ""rank_ic_nan"", ""rank_ic"": -1.0}",false,rank_ic_nan
655512c1e5d7,,2026-07-15T17:09:06.144243+00:00,AlphaGen-GP,AlphaGen upstream GP + shaiwei neutralized RankIC,259687e8f316994426416c530a94842a2fe6405e,2,,c109dbf764f40a30375474fc474f6be6b21ea2f29e969eb16911da47662bcc84,65990a15cd56cf02b9a4812a0a37e4574affd7fc90b500fcb5e8e64b12c7b866,"Corr(Mean(Ref(EMA(Med(Delta(Constant(30.0),10),30),10),10),50),Var(Mad(Ref(Log(Delta(Constant(5.0),30)),50),50),20),10)","{""abort_time_hours"": 12.0, ""generations"": 1, ""index_code"": ""000300.SH"", ""instrument"": ""csi300"", ""max_expression_tokens"": 20, ""min_cross_section"": 30, ""population_size"": 100, ""rank_ic_threshold"": 0.03, ""scale_time_hours"": 4.0, ""seed"": 2, ""tournament_size"": 30, ""train_end"": ""2021-12-31"", ""train_start"": ""2019-01-01""}",2019-01-01~2021-12-31,single-round throughput benchmark,"{""error"": ""expression_too_long"", ""rank_ic"": -1.0}",false,expression_too_long
a151b396d4c3,,2026-07-15T17:09:06.144316+00:00,AlphaGen-GP,AlphaGen upstream GP + shaiwei neutralized RankIC,259687e8f316994426416c530a94842a2fe6405e,2,,c109dbf764f40a30375474fc474f6be6b21ea2f29e969eb16911da47662bcc84,65990a15cd56cf02b9a4812a0a37e4574affd7fc90b500fcb5e8e64b12c7b866,"Corr(Constant(0.5),Constant(-2.0),30)","{""abort_time_hours"": 12.0, ""generations"": 1, ""index_code"": ""000300.SH"", ""instrument"": ""csi300"", ""max_expression_tokens"": 20, ""min_cross_section"": 30, ""population_size"": 100, ""rank_ic_threshold"": 0.03, ""scale_time_hours"": 4.0, ""seed"": 2, ""tournament_size"": 30, ""train_end"": ""2021-12-31"", ""train_start"": ""2019-01-01""}",2019-01-01~2021-12-31,single-round throughput benchmark,"{""daily_ic_count"": 0, ""error"": ""rank_ic_nan"", ""rank_ic"": -1.0}",false,rank_ic_nan
1f4ce94e0253,,2026-07-15T17:09:06.144386+00:00,AlphaGen-GP,AlphaGen upstream GP + shaiwei neutralized RankIC,259687e8f316994426416c530a94842a2fe6405e,2,,c109dbf764f40a30375474fc474f6be6b21ea2f29e969eb16911da47662bcc84,65990a15cd56cf02b9a4812a0a37e4574affd7fc90b500fcb5e8e64b12c7b866,"Sum(Constant(30.0),20)","{""abort_time_hours"": 12.0, ""generations"": 1, ""index_code"": ""000300.SH"", ""instrument"": ""csi300"", ""max_expression_tokens"": 20, ""min_cross_section"": 30, ""population_size"": 100, ""rank_ic_threshold"": 0.03, ""scale_time_hours"": 4.0, ""seed"": 2, ""tournament_size"": 30, ""train_end"": ""2021-12-31"", ""train_start"": ""2019-01-01""}",2019-01-01~2021-12-31,single-round throughput benchmark,"{""daily_ic_count"": 729, ""error"": """", ""rank_ic"": 0.006058707441792846}",false,stage0 benchmark; not factor admission
adb765841d05,,2026-07-15T17:09:06.144461+00:00,AlphaGen-GP,AlphaGen upstream GP + shaiwei neutralized RankIC,259687e8f316994426416c530a94842a2fe6405e,2,,c109dbf764f40a30375474fc474f6be6b21ea2f29e969eb16911da47662bcc84,65990a15cd56cf02b9a4812a0a37e4574affd7fc90b500fcb5e8e64b12c7b866,"Delta(Abs(WMA(Constant(-2.0),10)),20)","{""abort_time_hours"": 12.0, ""generations"": 1, ""index_code"": ""000300.SH"", ""instrument"": ""csi300"", ""max_expression_tokens"": 20, ""min_cross_section"": 30, ""population_size"": 100, ""rank_ic_threshold"": 0.03, ""scale_time_hours"": 4.0, ""seed"": 2, ""tournament_size"": 30, ""train_end"": ""2021-12-31"", ""train_start"": ""2019-01-01""}",2019-01-01~2021-12-31,single-round throughput benchmark,"{""daily_ic_count"": 0, ""error"": ""rank_ic_nan"", ""rank_ic"": -1.0}",false,rank_ic_nan
60d65713d854,,2026-07-15T17:09:06.144537+00:00,AlphaGen-GP,AlphaGen upstream GP + shaiwei neutralized RankIC,259687e8f316994426416c530a94842a2fe6405e,2,,c109dbf764f40a30375474fc474f6be6b21ea2f29e969eb16911da47662bcc84,65990a15cd56cf02b9a4812a0a37e4574affd7fc90b500fcb5e8e64b12c7b866,"Med(Min(Cov(volume,Constant(0.01),20),30),40)","{""abort_time_hours"": 12.0, ""generations"": 1, ""index_code"": ""000300.SH"", ""instrument"": ""csi300"", ""max_expression_tokens"": 20, ""min_cross_section"": 30, ""population_size"": 100, ""rank_ic_threshold"": 0.03, ""scale_time_hours"": 4.0, ""seed"": 2, ""tournament_size"": 30, ""train_end"": ""2021-12-31"", ""train_start"": ""2019-01-01""}",2019-01-01~2021-12-31,single-round throughput benchmark,"{""daily_ic_count"": 0, ""error"": ""rank_ic_nan"", ""rank_ic"": -1.0}",false,rank_ic_nan
07cc318cf1b0,,2026-07-15T17:09:06.144612+00:00,AlphaGen-GP,AlphaGen upstream GP + shaiwei neutralized RankIC,259687e8f316994426416c530a94842a2fe6405e,2,,c109dbf764f40a30375474fc474f6be6b21ea2f29e969eb16911da47662bcc84,65990a15cd56cf02b9a4812a0a37e4574affd7fc90b500fcb5e8e64b12c7b866,"Mad(Ref(Mad(Mean(Med(Constant(-30.0),10),20),10),30),50)","{""abort_time_hours"": 12.0, ""generations"": 1, ""index_code"": ""000300.SH"", ""instrument"": ""csi300"", ""max_expression_tokens"": 20, ""min_cross_section"": 30, ""population_size"": 100, ""rank_ic_threshold"": 0.03, ""scale_time_hours"": 4.0, ""seed"": 2, ""tournament_size"": 30, ""train_end"": ""2021-12-31"", ""train_start"": ""2019-01-01""}",2019-01-01~2021-12-31,single-round throughput benchmark,"{""error"": ""OutOfDataRangeError: "", ""rank_ic"": -1.0}",false,OutOfDataRangeError: 
902fcae01923,,2026-07-15T17:09:06.144684+00:00,AlphaGen-GP,AlphaGen upstream GP + shaiwei neutralized RankIC,259687e8f316994426416c530a94842a2fe6405e,2,,c109dbf764f40a30375474fc474f6be6b21ea2f29e969eb16911da47662bcc84,65990a15cd56cf02b9a4812a0a37e4574affd7fc90b500fcb5e8e64b12c7b866,"Mad(Mul(Constant(0.01),Constant(2.0)),40)","{""abort_time_hours"": 12.0, ""generations"": 1, ""index_code"": ""000300.SH"", ""instrument"": ""csi300"", ""max_expression_tokens"": 20, ""min_cross_section"": 30, ""population_size"": 100, ""rank_ic_threshold"": 0.03, ""scale_time_hours"": 4.0, ""seed"": 2, ""tournament_size"": 30, ""train_end"": ""2021-12-31"", ""train_start"": ""2019-01-01""}",2019-01-01~2021-12-31,single-round throughput benchmark,"{""daily_ic_count"": 1, ""error"": """", ""rank_ic"": 0.12975901174002144}",false,stage0 benchmark; not factor admission
3925552c0553,,2026-07-15T17:09:06.144761+00:00,AlphaGen-GP,AlphaGen upstream GP + shaiwei neutralized RankIC,259687e8f316994426416c530a94842a2fe6405e,2,,c109dbf764f40a30375474fc474f6be6b21ea2f29e969eb16911da47662bcc84,65990a15cd56cf02b9a4812a0a37e4574affd7fc90b500fcb5e8e64b12c7b866,"Mad(Cov(Mean(Max(Max(Constant(0.01),30),50),40),Min(WMA(Max(Constant(-10.0),40),30),40),10),20)","{""abort_time_hours"": 12.0, ""generations"": 1, ""index_code"": ""000300.SH"", ""instrument"": ""csi300"", ""max_expression_tokens"": 20, ""min_cross_section"": 30, ""population_size"": 100, ""rank_ic_threshold"": 0.03, ""scale_time_hours"": 4.0, ""seed"": 2, ""tournament_size"": 30, ""train_end"": ""2021-12-31"", ""train_start"": ""2019-01-01""}",2019-01-01~2021-12-31,single-round throughput benchmark,"{""error"": ""OutOfDataRangeError: "", ""rank_ic"": -1.0}",false,OutOfDataRangeError: 
53d35b4dacc2,,2026-07-15T17:09:06.144837+00:00,AlphaGen-GP,AlphaGen upstream GP + shaiwei neutralized RankIC,259687e8f316994426416c530a94842a2fe6405e,2,,c109dbf764f40a30375474fc474f6be6b21ea2f29e969eb16911da47662bcc84,65990a15cd56cf02b9a4812a0a37e4574affd7fc90b500fcb5e8e64b12c7b866,"WMA(Min(Med(Constant(10.0),10),40),40)","{""abort_time_hours"": 12.0, ""generations"": 1, ""index_code"": ""000300.SH"", ""instrument"": ""csi300"", ""max_expression_tokens"": 20, ""min_cross_section"": 30, ""population_size"": 100, ""rank_ic_threshold"": 0.03, ""scale_time_hours"": 4.0, ""seed"": 2, ""tournament_size"": 30, ""train_end"": ""2021-12-31"", ""train_start"": ""2019-01-01""}",2019-01-01~2021-12-31,single-round throughput benchmark,"{""daily_ic_count"": 729, ""error"": """", ""rank_ic"": 0.010554955833935105}",false,stage0 benchmark; not factor admission
f549b3de547b,,2026-07-15T17:09:06.144911+00:00,AlphaGen-GP,AlphaGen upstream GP + shaiwei neutralized RankIC,259687e8f316994426416c530a94842a2fe6405e,2,,c109dbf764f40a30375474fc474f6be6b21ea2f29e969eb16911da47662bcc84,65990a15cd56cf02b9a4812a0a37e4574affd7fc90b500fcb5e8e64b12c7b866,"Corr(Med(Mad(close,10),50),Corr(Med(Constant(10.0),30),Ref(Constant(-5.0),10),50),40)","{""abort_time_hours"": 12.0, ""generations"": 1, ""index_code"": ""000300.SH"", ""instrument"": ""csi300"", ""max_expression_tokens"": 20, ""min_cross_section"": 30, ""population_size"": 100, ""rank_ic_threshold"": 0.03, ""scale_time_hours"": 4.0, ""seed"": 2, ""tournament_size"": 30, ""train_end"": ""2021-12-31"", ""train_start"": ""2019-01-01""}",2019-01-01~2021-12-31,single-round throughput benchmark,"{""error"": ""OutOfDataRangeError: "", ""rank_ic"": -1.0}",false,OutOfDataRangeError: 
cad29a5f81d1,,2026-07-15T17:09:06.144982+00:00,AlphaGen-GP,AlphaGen upstream GP + shaiwei neutralized RankIC,259687e8f316994426416c530a94842a2fe6405e,2,,c109dbf764f40a30375474fc474f6be6b21ea2f29e969eb16911da47662bcc84,65990a15cd56cf02b9a4812a0a37e4574affd7fc90b500fcb5e8e64b12c7b866,"WMA(Constant(-1.0),30)","{""abort_time_hours"": 12.0, ""generations"": 1, ""index_code"": ""000300.SH"", ""instrument"": ""csi300"", ""max_expression_tokens"": 20, ""min_cross_section"": 30, ""population_size"": 100, ""rank_ic_threshold"": 0.03, ""scale_time_hours"": 4.0, ""seed"": 2, ""tournament_size"": 30, ""train_end"": ""2021-12-31"", ""train_start"": ""2019-01-01""}",2019-01-01~2021-12-31,single-round throughput benchmark,"{""daily_ic_count"": 730, ""error"": """", ""rank_ic"": -0.015296427857883996}",false,stage0 benchmark; not factor admission
e566ef10609a,,2026-07-15T17:09:06.145052+00:00,AlphaGen-GP,AlphaGen upstream GP + shaiwei neutralized RankIC,259687e8f316994426416c530a94842a2fe6405e,2,,c109dbf764f40a30375474fc474f6be6b21ea2f29e969eb16911da47662bcc84,65990a15cd56cf02b9a4812a0a37e4574affd7fc90b500fcb5e8e64b12c7b866,"Mean(high,50)","{""abort_time_hours"": 12.0, ""generations"": 1, ""index_code"": ""000300.SH"", ""instrument"": ""csi300"", ""max_expression_tokens"": 20, ""min_cross_section"": 30, ""population_size"": 100, ""rank_ic_threshold"": 0.03, ""scale_time_hours"": 4.0, ""seed"": 2, ""tournament_size"": 30, ""train_end"": ""2021-12-31"", ""train_start"": ""2019-01-01""}",2019-01-01~2021-12-31,single-round throughput benchmark,"{""daily_ic_count"": 730, ""error"": """", ""rank_ic"": 0.01984638843282665}",false,stage0 benchmark; not factor admission
e4ce94ebd7b9,,2026-07-15T17:09:06.145120+00:00,AlphaGen-GP,AlphaGen upstream GP + shaiwei neutralized RankIC,259687e8f316994426416c530a94842a2fe6405e,2,,c109dbf764f40a30375474fc474f6be6b21ea2f29e969eb16911da47662bcc84,65990a15cd56cf02b9a4812a0a37e4574affd7fc90b500fcb5e8e64b12c7b866,"Mad(Cov(Var(Mul(open_,volume),50),Std(Var(Constant(0.5),30),30),30),20)","{""abort_time_hours"": 12.0, ""generations"": 1, ""index_code"": ""000300.SH"", ""instrument"": ""csi300"", ""max_expression_tokens"": 20, ""min_cross_section"": 30, ""population_size"": 100, ""rank_ic_threshold"": 0.03, ""scale_time_hours"": 4.0, ""seed"": 2, ""tournament_size"": 30, ""train_end"": ""2021-12-31"", ""train_start"": ""2019-01-01""}",2019-01-01~2021-12-31,single-round throughput benchmark,"{""error"": ""OutOfDataRangeError: "", ""rank_ic"": -1.0}",false,OutOfDataRangeError: 
08944e49b428,,2026-07-15T17:09:06.145186+00:00,AlphaGen-GP,AlphaGen upstream GP + shaiwei neutralized RankIC,259687e8f316994426416c530a94842a2fe6405e,2,,c109dbf764f40a30375474fc474f6be6b21ea2f29e969eb16911da47662bcc84,65990a15cd56cf02b9a4812a0a37e4574affd7fc90b500fcb5e8e64b12c7b866,"Min(Constant(-1.0),40)","{""abort_time_hours"": 12.0, ""generations"": 1, ""index_code"": ""000300.SH"", ""instrument"": ""csi300"", ""max_expression_tokens"": 20, ""min_cross_section"": 30, ""population_size"": 100, ""rank_ic_threshold"": 0.03, ""scale_time_hours"": 4.0, ""seed"": 2, ""tournament_size"": 30, ""train_end"": ""2021-12-31"", ""train_start"": ""2019-01-01""}",2019-01-01~2021-12-31,single-round throughput benchmark,"{""daily_ic_count"": 730, ""error"": """", ""rank_ic"": -0.016909660886259375}",false,stage0 benchmark; not factor admission
e0132f679b4a,,2026-07-15T17:09:06.145246+00:00,AlphaGen-GP,AlphaGen upstream GP + shaiwei neutralized RankIC,259687e8f316994426416c530a94842a2fe6405e,2,,c109dbf764f40a30375474fc474f6be6b21ea2f29e969eb16911da47662bcc84,65990a15cd56cf02b9a4812a0a37e4574affd7fc90b500fcb5e8e64b12c7b866,"Corr(Ref(Mad(Constant(0.01),10),20),Sum(Mean(close,40),40),30)","{""abort_time_hours"": 12.0, ""generations"": 1, ""index_code"": ""000300.SH"", ""instrument"": ""csi300"", ""max_expression_tokens"": 20, ""min_cross_section"": 30, ""population_size"": 100, ""rank_ic_threshold"": 0.03, ""scale_time_hours"": 4.0, ""seed"": 2, ""tournament_size"": 30, ""train_end"": ""2021-12-31"", ""train_start"": ""2019-01-01""}",2019-01-01~2021-12-31,single-round throughput benchmark,"{""error"": ""OutOfDataRangeError: "", ""rank_ic"": -1.0}",false,OutOfDataRangeError: 
6499cbb0a21e,,2026-07-15T17:09:06.145317+00:00,AlphaGen-GP,AlphaGen upstream GP + shaiwei neutralized RankIC,259687e8f316994426416c530a94842a2fe6405e,2,,c109dbf764f40a30375474fc474f6be6b21ea2f29e969eb16911da47662bcc84,65990a15cd56cf02b9a4812a0a37e4574affd7fc90b500fcb5e8e64b12c7b866,"Med(Mean(Corr(Mul(open_,Constant(0.5)),close,30),20),30)","{""abort_time_hours"": 12.0, ""generations"": 1, ""index_code"": ""000300.SH"", ""instrument"": ""csi300"", ""max_expression_tokens"": 20, ""min_cross_section"": 30, ""population_size"": 100, ""rank_ic_threshold"": 0.03, ""scale_time_hours"": 4.0, ""seed"": 2, ""tournament_size"": 30, ""train_end"": ""2021-12-31"", ""train_start"": ""2019-01-01""}",2019-01-01~2021-12-31,single-round throughput benchmark,"{""daily_ic_count"": 730, ""error"": """", ""rank_ic"": 0.01623108378314036}",false,stage0 benchmark; not factor admission
12cca58f67dc,,2026-07-15T17:09:06.145382+00:00,AlphaGen-GP,AlphaGen upstream GP + shaiwei neutralized RankIC,259687e8f316994426416c530a94842a2fe6405e,2,,c109dbf764f40a30375474fc474f6be6b21ea2f29e969eb16911da47662bcc84,65990a15cd56cf02b9a4812a0a37e4574affd7fc90b500fcb5e8e64b12c7b866,"Sum(WMA(Log(Corr(Constant(-2.0),Constant(-5.0),20)),10),50)","{""abort_time_hours"": 12.0, ""generations"": 1, ""index_code"": ""000300.SH"", ""instrument"": ""csi300"", ""max_expression_tokens"": 20, ""min_cross_section"": 30, ""population_size"": 100, ""rank_ic_threshold"": 0.03, ""scale_time_hours"": 4.0, ""seed"": 2, ""tournament_size"": 30, ""train_end"": ""2021-12-31"", ""train_start"": ""2019-01-01""}",2019-01-01~2021-12-31,single-round throughput benchmark,"{""daily_ic_count"": 0, ""error"": ""rank_ic_nan"", ""rank_ic"": -1.0}",false,rank_ic_nan
7b3c912713c1,,2026-07-15T17:09:06.145442+00:00,AlphaGen-GP,AlphaGen upstream GP + shaiwei neutralized RankIC,259687e8f316994426416c530a94842a2fe6405e,2,,c109dbf764f40a30375474fc474f6be6b21ea2f29e969eb16911da47662bcc84,65990a15cd56cf02b9a4812a0a37e4574affd7fc90b500fcb5e8e64b12c7b866,"EMA(Div(Max(Min(Constant(-1.0),20),10),Mean(EMA(low,10),40)),10)","{""abort_time_hours"": 12.0, ""generations"": 1, ""index_code"": ""000300.SH"", ""instrument"": ""csi300"", ""max_expression_tokens"": 20, ""min_cross_section"": 30, ""population_size"": 100, ""rank_ic_threshold"": 0.03, ""scale_time_hours"": 4.0, ""seed"": 2, ""tournament_size"": 30, ""train_end"": ""2021-12-31"", ""train_start"": ""2019-01-01""}",2019-01-01~2021-12-31,single-round throughput benchmark,"{""daily_ic_count"": 730, ""error"": """", ""rank_ic"": 0.024181873839351335}",false,stage0 benchmark; not factor admission
3f04c841f6d5,,2026-07-15T17:09:06.145500+00:00,AlphaGen-GP,AlphaGen upstream GP + shaiwei neutralized RankIC,259687e8f316994426416c530a94842a2fe6405e,2,,c109dbf764f40a30375474fc474f6be6b21ea2f29e969eb16911da47662bcc84,65990a15cd56cf02b9a4812a0a37e4574affd7fc90b500fcb5e8e64b12c7b866,"Max(Div(EMA(WMA(open_,10),50),Min(Constant(-1.0),20)),20)","{""abort_time_hours"": 12.0, ""generations"": 1, ""index_code"": ""000300.SH"", ""instrument"": ""csi300"", ""max_expression_tokens"": 20, ""min_cross_section"": 30, ""population_size"": 100, ""rank_ic_threshold"": 0.03, ""scale_time_hours"": 4.0, ""seed"": 2, ""tournament_size"": 30, ""train_end"": ""2021-12-31"", ""train_start"": ""2019-01-01""}",2019-01-01~2021-12-31,single-round throughput benchmark,"{""daily_ic_count"": 730, ""error"": """", ""rank_ic"": -0.017957587836337895}",false,stage0 benchmark; not factor admission
815df12fc8ea,,2026-07-15T17:09:06.145565+00:00,AlphaGen-GP,AlphaGen upstream GP + shaiwei neutralized RankIC,259687e8f316994426416c530a94842a2fe6405e,2,,c109dbf764f40a30375474fc474f6be6b21ea2f29e969eb16911da47662bcc84,65990a15cd56cf02b9a4812a0a37e4574affd7fc90b500fcb5e8e64b12c7b866,"WMA(WMA(Max(Constant(-10.0),50),10),50)","{""abort_time_hours"": 12.0, ""generations"": 1, ""index_code"": ""000300.SH"", ""instrument"": ""csi300"", ""max_expression_tokens"": 20, ""min_cross_section"": 30, ""population_size"": 100, ""rank_ic_threshold"": 0.03, ""scale_time_hours"": 4.0, ""seed"": 2, ""tournament_size"": 30, ""train_end"": ""2021-12-31"", ""train_start"": ""2019-01-01""}",2019-01-01~2021-12-31,single-round throughput benchmark,"{""error"": ""OutOfDataRangeError: "", ""rank_ic"": -1.0}",false,OutOfDataRangeError: 
808ab1ac5b01,,2026-07-15T17:09:06.145625+00:00,AlphaGen-GP,AlphaGen upstream GP + shaiwei neutralized RankIC,259687e8f316994426416c530a94842a2fe6405e,2,,c109dbf764f40a30375474fc474f6be6b21ea2f29e969eb16911da47662bcc84,65990a15cd56cf02b9a4812a0a37e4574affd7fc90b500fcb5e8e64b12c7b866,"Cov(Std(Mad(Abs(Delta(Constant(-5.0),10)),10),40),Div(Sum(Mad(Corr(open_,Constant(-0.5),40),20),50),Cov(Greater(Mean(Constant(5.0),40),WMA(Constant(10.0),50)),EMA(WMA(volume,20),20),50)),50)","{""abort_time_hours"": 12.0, ""generations"": 1, ""index_code"": ""000300.SH"", ""instrument"": ""csi300"", ""max_expression_tokens"": 20, ""min_cross_section"": 30, ""population_size"": 100, ""rank_ic_threshold"": 0.03, ""scale_time_hours"": 4.0, ""seed"": 2, ""tournament_size"": 30, ""train_end"": ""2021-12-31"", ""train_start"": ""2019-01-01""}",2019-01-01~2021-12-31,single-round throughput benchmark,"{""error"": ""expression_too_long"", ""rank_ic"": -1.0}",false,expression_too_long
72c95ac9229f,,2026-07-15T17:09:06.145685+00:00,AlphaGen-GP,AlphaGen upstream GP + shaiwei neutralized RankIC,259687e8f316994426416c530a94842a2fe6405e,2,,c109dbf764f40a30375474fc474f6be6b21ea2f29e969eb16911da47662bcc84,65990a15cd56cf02b9a4812a0a37e4574affd7fc90b500fcb5e8e64b12c7b866,"Ref(EMA(Delta(Sum(Constant(-30.0),20),30),30),20)","{""abort_time_hours"": 12.0, ""generations"": 1, ""index_code"": ""000300.SH"", ""instrument"": ""csi300"", ""max_expression_tokens"": 20, ""min_cross_section"": 30, ""population_size"": 100, ""rank_ic_threshold"": 0.03, ""scale_time_hours"": 4.0, ""seed"": 2, ""tournament_size"": 30, ""train_end"": ""2021-12-31"", ""train_start"": ""2019-01-01""}",2019-01-01~2021-12-31,single-round throughput benchmark,"{""daily_ic_count"": 0, ""error"": ""rank_ic_nan"", ""rank_ic"": -1.0}",false,rank_ic_nan
4d3f6ac04fe1,,2026-07-15T17:09:06.145743+00:00,AlphaGen-GP,AlphaGen upstream GP + shaiwei neutralized RankIC,259687e8f316994426416c530a94842a2fe6405e,2,,c109dbf764f40a30375474fc474f6be6b21ea2f29e969eb16911da47662bcc84,65990a15cd56cf02b9a4812a0a37e4574affd7fc90b500fcb5e8e64b12c7b866,"Sum(Min(vwap,30),20)","{""abort_time_hours"": 12.0, ""generations"": 1, ""index_code"": ""000300.SH"", ""instrument"": ""csi300"", ""max_expression_tokens"": 20, ""min_cross_section"": 30, ""population_size"": 100, ""rank_ic_threshold"": 0.03, ""scale_time_hours"": 4.0, ""seed"": 2, ""tournament_size"": 30, ""train_end"": ""2021-12-31"", ""train_start"": ""2019-01-01""}",2019-01-01~2021-12-31,single-round throughput benchmark,"{""daily_ic_count"": 730, ""error"": """", ""rank_ic"": 0.018915567358064905}",false,stage0 benchmark; not factor admission
6f1689b440ff,,2026-07-15T17:09:06.145803+00:00,AlphaGen-GP,AlphaGen upstream GP + shaiwei neutralized RankIC,259687e8f316994426416c530a94842a2fe6405e,2,,c109dbf764f40a30375474fc474f6be6b21ea2f29e969eb16911da47662bcc84,65990a15cd56cf02b9a4812a0a37e4574affd7fc90b500fcb5e8e64b12c7b866,"Med(Constant(-0.5),40)","{""abort_time_hours"": 12.0, ""generations"": 1, ""index_code"": ""000300.SH"", ""instrument"": ""csi300"", ""max_expression_tokens"": 20, ""min_cross_section"": 30, ""population_size"": 100, ""rank_ic_threshold"": 0.03, ""scale_time_hours"": 4.0, ""seed"": 2, ""tournament_size"": 30, ""train_end"": ""2021-12-31"", ""train_start"": ""2019-01-01""}",2019-01-01~2021-12-31,single-round throughput benchmark,"{""daily_ic_count"": 730, ""error"": """", ""rank_ic"": -0.016909660886259375}",false,stage0 benchmark; not factor admission
62dc19aa9907,,2026-07-15T17:09:06.145861+00:00,AlphaGen-GP,AlphaGen upstream GP + shaiwei neutralized RankIC,259687e8f316994426416c530a94842a2fe6405e,2,,c109dbf764f40a30375474fc474f6be6b21ea2f29e969eb16911da47662bcc84,65990a15cd56cf02b9a4812a0a37e4574affd7fc90b500fcb5e8e64b12c7b866,"Std(Med(close,20),30)","{""abort_time_hours"": 12.0, ""generations"": 1, ""index_code"": ""000300.SH"", ""instrument"": ""csi300"", ""max_expression_tokens"": 20, ""min_cross_section"": 30, ""population_size"": 100, ""rank_ic_threshold"": 0.03, ""scale_time_hours"": 4.0, ""seed"": 2, ""tournament_size"": 30, ""train_end"": ""2021-12-31"", ""train_start"": ""2019-01-01""}",2019-01-01~2021-12-31,single-round throughput benchmark,"{""daily_ic_count"": 730, ""error"": """", ""rank_ic"": 0.02425781572559065}",false,stage0 benchmark; not factor admission
a121bde3a24a,,2026-07-15T17:09:06.145920+00:00,AlphaGen-GP,AlphaGen upstream GP + shaiwei neutralized RankIC,259687e8f316994426416c530a94842a2fe6405e,2,,c109dbf764f40a30375474fc474f6be6b21ea2f29e969eb16911da47662bcc84,65990a15cd56cf02b9a4812a0a37e4574affd7fc90b500fcb5e8e64b12c7b866,"Var(Mad(Constant(-2.0),40),30)","{""abort_time_hours"": 12.0, ""generations"": 1, ""index_code"": ""000300.SH"", ""instrument"": ""csi300"", ""max_expression_tokens"": 20, ""min_cross_section"": 30, ""population_size"": 100, ""rank_ic_threshold"": 0.03, ""scale_time_hours"": 4.0, ""seed"": 2, ""tournament_size"": 30, ""train_end"": ""2021-12-31"", ""train_start"": ""2019-01-01""}",2019-01-01~2021-12-31,single-round throughput benchmark,"{""daily_ic_count"": 0, ""error"": ""rank_ic_nan"", ""rank_ic"": -1.0}",false,rank_ic_nan
627c750a77d5,,2026-07-15T17:09:06.145979+00:00,AlphaGen-GP,AlphaGen upstream GP + shaiwei neutralized RankIC,259687e8f316994426416c530a94842a2fe6405e,2,,c109dbf764f40a30375474fc474f6be6b21ea2f29e969eb16911da47662bcc84,65990a15cd56cf02b9a4812a0a37e4574affd7fc90b500fcb5e8e64b12c7b866,"Ref(Delta(Delta(Mad(Corr(WMA(Constant(0.5),30),EMA(low,50),20),30),20),10),40)","{""abort_time_hours"": 12.0, ""generations"": 1, ""index_code"": ""000300.SH"", ""instrument"": ""csi300"", ""max_expression_tokens"": 20, ""min_cross_section"": 30, ""population_size"": 100, ""rank_ic_threshold"": 0.03, ""scale_time_hours"": 4.0, ""seed"": 2, ""tournament_size"": 30, ""train_end"": ""2021-12-31"", ""train_start"": ""2019-01-01""}",2019-01-01~2021-12-31,single-round throughput benchmark,"{""error"": ""OutOfDataRangeError: "", ""rank_ic"": -1.0}",false,OutOfDataRangeError: 
2e62e45cb37f,,2026-07-15T17:09:06.146038+00:00,AlphaGen-GP,AlphaGen upstream GP + shaiwei neutralized RankIC,259687e8f316994426416c530a94842a2fe6405e,2,,c109dbf764f40a30375474fc474f6be6b21ea2f29e969eb16911da47662bcc84,65990a15cd56cf02b9a4812a0a37e4574affd7fc90b500fcb5e8e64b12c7b866,"Std(Ref(Cov(Std(Min(EMA(Constant(-2.0),50),20),10),Less(Delta(Std(low,30),50),Mean(Max(Constant(2.0),10),20)),20),30),50)","{""abort_time_hours"": 12.0, ""generations"": 1, ""index_code"": ""000300.SH"", ""instrument"": ""csi300"", ""max_expression_tokens"": 20, ""min_cross_section"": 30, ""population_size"": 100, ""rank_ic_threshold"": 0.03, ""scale_time_hours"": 4.0, ""seed"": 2, ""tournament_size"": 30, ""train_end"": ""2021-12-31"", ""train_start"": ""2019-01-01""}",2019-01-01~2021-12-31,single-round throughput benchmark,"{""error"": ""expression_too_long"", ""rank_ic"": -1.0}",false,expression_too_long
8ecc6273d375,,2026-07-15T17:09:06.146097+00:00,AlphaGen-GP,AlphaGen upstream GP + shaiwei neutralized RankIC,259687e8f316994426416c530a94842a2fe6405e,2,,c109dbf764f40a30375474fc474f6be6b21ea2f29e969eb16911da47662bcc84,65990a15cd56cf02b9a4812a0a37e4574affd7fc90b500fcb5e8e64b12c7b866,"Delta(Mean(Std(Sum(Min(Sum(volume,50),50),30),50),10),50)","{""abort_time_hours"": 12.0, ""generations"": 1, ""index_code"": ""000300.SH"", ""instrument"": ""csi300"", ""max_expression_tokens"": 20, ""min_cross_section"": 30, ""population_size"": 100, ""rank_ic_threshold"": 0.03, ""scale_time_hours"": 4.0, ""seed"": 2, ""tournament_size"": 30, ""train_end"": ""2021-12-31"", ""train_start"": ""2019-01-01""}",2019-01-01~2021-12-31,single-round throughput benchmark,"{""error"": ""OutOfDataRangeError: "", ""rank_ic"": -1.0}",false,OutOfDataRangeError: 
48d8723b5ec0,,2026-07-15T17:09:06.146155+00:00,AlphaGen-GP,AlphaGen upstream GP + shaiwei neutralized RankIC,259687e8f316994426416c530a94842a2fe6405e,2,,c109dbf764f40a30375474fc474f6be6b21ea2f29e969eb16911da47662bcc84,65990a15cd56cf02b9a4812a0a37e4574affd7fc90b500fcb5e8e64b12c7b866,BENCHMARK_SUMMARY,"{""abort_time_hours"": 12.0, ""generations"": 1, ""index_code"": ""000300.SH"", ""instrument"": ""csi300"", ""max_expression_tokens"": 20, ""min_cross_section"": 30, ""population_size"": 100, ""rank_ic_threshold"": 0.03, ""scale_time_hours"": 4.0, ""seed"": 2, ""tournament_size"": 30, ""train_end"": ""2021-12-31"", ""train_start"": ""2019-01-01""}",2019-01-01~2021-12-31,single-round throughput benchmark,"{""candidate_count"": 100, ""decision"": ""scale_stage1"", ""device"": ""cpu"", ""elapsed_seconds"": 68.10397183301393, ""evolution_elapsed_seconds"": 51.71479683392681, ""failed_candidate_count"": 72, ""industry_exposure"": ""SW L1 PIT (index_member_all in_date/out_date)"", ""input_exposure_rows"": 317465, ""input_label_rows"": 329960, ""peak_memory_bytes"": 5402198016, ""rank_ic"": {""max"": 0.12975901174002144, ""median"": -1.0, ""min"": -1.0}, ""setup_elapsed_seconds"": 16.3836296669906}",false,stage0 selection benchmark summary
