batch_id,ingest_time,source_api,params_json,row_count,parquet_path,content_sha256,operator
5a4f300caff5,2026-07-15T05:58:20.555371+00:00,tushare.trade_cal,"{""end_date"": ""20260715"", ""exchange"": ""SSE"", ""fields"": ""exchange,cal_date,is_open,pretrade_date"", ""start_date"": ""20160101""}",3849,/Users/john/Desktop/shaiwei/shaiwei_init/data/raw/source=tushare/api=trade_cal/exchange=SSE/ingest_date=2026-07-15/20260715T055820.514985Z_585dd318b4c14b93beaa55f882220c85.parquet,b7f7d2cd7c17afd55d5f151d98ec97d6165d14fdcb62ced37c2f43d97e52e2f6,automation
dd64da8a4574,2026-07-15T05:58:21.750366+00:00,tushare.index_daily,"{""end_date"": ""20260715"", ""fields"": ""ts_code,trade_date,open,high,low,close,pre_close,change,pct_chg,vol,amount"", ""start_date"": ""20160101"", ""ts_code"": ""000906.SH""}",2556,/Users/john/Desktop/shaiwei/shaiwei_init/data/raw/source=tushare/api=index_daily/symbol=000906.SH/ingest_date=2026-07-15/20260715T055821.738445Z_845b628f36f3478eb0d2998a18bdd44a.parquet,59f80446f4192bb66be2d8ee67e25fd4cde6fc032951f4b7b33c49629f924cc3,automation
7d7838b8894a,2026-07-15T05:58:22.623917+00:00,tushare.stock_basic,"{""exchange"": """", ""fields"": ""ts_code,symbol,name,area,industry,market,exchange,list_status,list_date,delist_date,is_hs"", ""list_status"": ""L""}",5528,/Users/john/Desktop/shaiwei/shaiwei_init/data/raw/source=tushare/api=stock_basic/list_status=L/ingest_date=2026-07-15/20260715T055822.609230Z_8f30ab6f60f14673aba15a048e0ebe84.parquet,258283b5ad6100550d79af207fd12289060594b7ee86094cb31fff74f72c5451,automation
7e6197515284,2026-07-15T05:58:23.395078+00:00,tushare.stock_basic,"{""exchange"": """", ""fields"": ""ts_code,symbol,name,area,industry,market,exchange,list_status,list_date,delist_date,is_hs"", ""list_status"": ""D""}",337,/Users/john/Desktop/shaiwei/shaiwei_init/data/raw/source=tushare/api=stock_basic/list_status=D/ingest_date=2026-07-15/20260715T055823.389601Z_86afdebbcea14eb6bd422edb53575a12.parquet,9e805d10b69cf3aef855bd01d6a10d5542d1e02abd4ebf0d97592de1f70123a8,automation
989499b4eee5,2026-07-15T05:58:24.084421+00:00,tushare.stock_basic,"{""exchange"": """", ""fields"": ""ts_code,symbol,name,area,industry,market,exchange,list_status,list_date,delist_date,is_hs"", ""list_status"": ""P""}",0,/Users/john/Desktop/shaiwei/shaiwei_init/data/raw/source=tushare/api=stock_basic/list_status=P/ingest_date=2026-07-15/20260715T055824.080323Z_29b705dc79a4454aaab931e04efaf49c.parquet,d5513d29cc98c60213eaf11576c07c78969c4b4758146b23a747495fb808fb77,automation
7efcf8b79987,2026-07-15T05:58:24.731315+00:00,tushare.index_weight,"{""end_date"": ""20151231"", ""fields"": ""index_code,con_code,trade_date,weight"", ""index_code"": ""000300.SH"", ""start_date"": ""20151201""}",300,/Users/john/Desktop/shaiwei/shaiwei_init/data/raw/source=tushare/api=index_weight/index=000300.SH/period=2015-12/ingest_date=2026-07-15/20260715T055824.725181Z_28f5f719948042f1b920ecac019477c3.parquet,dfe75a5032beff99a83f9fd5df62e3d85c9385cc035d070e3e30f08c2b9824f5,automation
48c2fd1d44ed,2026-07-15T05:58:25.378717+00:00,tushare.index_weight,"{""end_date"": ""20151231"", ""fields"": ""index_code,con_code,trade_date,weight"", ""index_code"": ""000906.SH"", ""start_date"": ""20151201""}",800,/Users/john/Desktop/shaiwei/shaiwei_init/data/raw/source=tushare/api=index_weight/index=000906.SH/period=2015-12/ingest_date=2026-07-15/20260715T055825.373614Z_05bc99bee3c14277a074028e89b11238.parquet,66290878f41232fc25676a823aa8054f212762fc7140cf8cb255b17dc9372b77,automation
622fdf816228,2026-07-15T05:58:26.115367+00:00,tushare.index_weight,"{""end_date"": ""20160131"", ""fields"": ""index_code,con_code,trade_date,weight"", ""index_code"": ""000300.SH"", ""start_date"": ""20160101""}",300,/Users/john/Desktop/shaiwei/shaiwei_init/data/raw/source=tushare/api=index_weight/index=000300.SH/period=2016-01/ingest_date=2026-07-15/20260715T055826.110957Z_c303d0fa4f2641e58c7d3eb13d630284.parquet,927e006364929313519c4c5d375bd1d42b130cea7ba3004ce4fe0da88955e83b,automation
71d678b3e73b,2026-07-15T05:58:26.747201+00:00,tushare.index_weight,"{""end_date"": ""20160131"", ""fields"": ""index_code,con_code,trade_date,weight"", ""index_code"": ""000906.SH"", ""start_date"": ""20160101""}",800,/Users/john/Desktop/shaiwei/shaiwei_init/data/raw/source=tushare/api=index_weight/index=000906.SH/period=2016-01/ingest_date=2026-07-15/20260715T055826.741755Z_4673208ed366402a808f3e0a457f2ae5.parquet,e97f51d988329bfaca1c896f202bea07e01b137133fc29a729b3b47270b7ba95,automation
b02495ab4334,2026-07-15T05:58:27.386857+00:00,tushare.index_weight,"{""end_date"": ""20160229"", ""fields"": ""index_code,con_code,trade_date,weight"", ""index_code"": ""000300.SH"", ""start_date"": ""20160201""}",300,/Users/john/Desktop/shaiwei/shaiwei_init/data/raw/source=tushare/api=index_weight/index=000300.SH/period=2016-02/ingest_date=2026-07-15/20260715T055827.382911Z_ee62ae0a68774bafaabe113a8ddbf489.parquet,7c27ee9bdec1324f51c9eba2482af07cbdd9e4b76f3b8135eff1f91bcc36ee0f,automation
65a19822ee7d,2026-07-15T05:58:28.115353+00:00,tushare.index_weight,"{""end_date"": ""20160229"", ""fields"": ""index_code,con_code,trade_date,weight"", ""index_code"": ""000906.SH"", ""start_date"": ""20160201""}",800,/Users/john/Desktop/shaiwei/shaiwei_init/data/raw/source=tushare/api=index_weight/index=000906.SH/period=2016-02/ingest_date=2026-07-15/20260715T055828.108983Z_e67934660b3f4e74ba63d56bdc8908a6.parquet,1dcb339ed09132955ebe71a313630983ebd092a75e385b34329729796abd98bf,automation
901dbaf7975f,2026-07-15T05:58:28.774163+00:00,tushare.index_weight,"{""end_date"": ""20160331"", ""fields"": ""index_code,con_code,trade_date,weight"", ""index_code"": ""000300.SH"", ""start_date"": ""20160301""}",300,/Users/john/Desktop/shaiwei/shaiwei_init/data/raw/source=tushare/api=index_weight/index=000300.SH/period=2016-03/ingest_date=2026-07-15/20260715T055828.769355Z_daf0cb1fa3894e63ad27fb60aa5fccc9.parquet,de6391db7d00e5744ad4316ef447f0e84555116424e0ca7f79ee8ec18a566fc7,automation
64b0db4fd6aa,2026-07-15T05:58:30.454813+00:00,tushare.index_weight,"{""end_date"": ""20160331"", ""fields"": ""index_code,con_code,trade_date,weight"", ""index_code"": ""000906.SH"", ""start_date"": ""20160301""}",800,/Users/john/Desktop/shaiwei/shaiwei_init/data/raw/source=tushare/api=index_weight/index=000906.SH/period=2016-03/ingest_date=2026-07-15/20260715T055830.449406Z_99c1cfb79d504688891cba6a2c95c2eb.parquet,9578ebf8ba7707fb36163b5f1f008f0e504e8d4455d23b3c098e02855abd5179,automation
ad30c5b9d374,2026-07-15T05:58:31.075445+00:00,tushare.index_weight,"{""end_date"": ""20160430"", ""fields"": ""index_code,con_code,trade_date,weight"", ""index_code"": ""000300.SH"", ""start_date"": ""20160401""}",300,/Users/john/Desktop/shaiwei/shaiwei_init/data/raw/source=tushare/api=index_weight/index=000300.SH/period=2016-04/ingest_date=2026-07-15/20260715T055831.070899Z_f2c07f8b9ba24473b8a12029ef492b8b.parquet,dff29f772a3e4a425db6ee0e2eb616eaac5960f85f4b956b220e6c867e98d433,automation
3b8529856df0,2026-07-15T05:58:31.733172+00:00,tushare.index_weight,"{""end_date"": ""20160430"", ""fields"": ""index_code,con_code,trade_date,weight"", ""index_code"": ""000906.SH"", ""start_date"": ""20160401""}",800,/Users/john/Desktop/shaiwei/shaiwei_init/data/raw/source=tushare/api=index_weight/index=000906.SH/period=2016-04/ingest_date=2026-07-15/20260715T055831.727116Z_c43ee849754c4dc7befd1c525d4cf2c3.parquet,f6a1d4449722df6a5675950b4792700d01ca5b4d6242a40bc7f8d24142e4bc98,automation
cffad11e8fc5,2026-07-15T05:58:32.381644+00:00,tushare.index_weight,"{""end_date"": ""20160531"", ""fields"": ""index_code,con_code,trade_date,weight"", ""index_code"": ""000300.SH"", ""start_date"": ""20160501""}",300,/Users/john/Desktop/shaiwei/shaiwei_init/data/raw/source=tushare/api=index_weight/index=000300.SH/period=2016-05/ingest_date=2026-07-15/20260715T055832.376521Z_506a04868bec4ccc9647a0c1998de9f4.parquet,5ca757229a3375942d70135355dc567528076d1325124f614afefd8c2b2b031b,automation
51bea7a56c65,2026-07-15T05:58:33.001158+00:00,tushare.index_weight,"{""end_date"": ""20160531"", ""fields"": ""index_code,con_code,trade_date,weight"", ""index_code"": ""000906.SH"", ""start_date"": ""20160501""}",800,/Users/john/Desktop/shaiwei/shaiwei_init/data/raw/source=tushare/api=index_weight/index=000906.SH/period=2016-05/ingest_date=2026-07-15/20260715T055832.996325Z_b3824bf733f943e8bf52c6ef30db50c9.parquet,c2cbdf8d215a47ae19719c052a649dccbfd380e048909fcfa1efcea513a72b34,automation
4ede2f48d2a0,2026-07-15T05:58:33.645155+00:00,tushare.index_weight,"{""end_date"": ""20160630"", ""fields"": ""index_code,con_code,trade_date,weight"", ""index_code"": ""000300.SH"", ""start_date"": ""20160601""}",300,/Users/john/Desktop/shaiwei/shaiwei_init/data/raw/source=tushare/api=index_weight/index=000300.SH/period=2016-06/ingest_date=2026-07-15/20260715T055833.640294Z_25be4d450b874bad9784419aaafe6132.parquet,9e7eb68760da19cbcf4e228c377025caf0b3b91d6c2a4de212f72f75786994cf,automation
043b76e467de,2026-07-15T05:58:34.952516+00:00,tushare.index_weight,"{""end_date"": ""20160630"", ""fields"": ""index_code,con_code,trade_date,weight"", ""index_code"": ""000906.SH"", ""start_date"": ""20160601""}",800,/Users/john/Desktop/shaiwei/shaiwei_init/data/raw/source=tushare/api=index_weight/index=000906.SH/period=2016-06/ingest_date=2026-07-15/20260715T055834.947617Z_8cdbce399a04462096661d3063b6dd3a.parquet,b84a265bfba5ee74f3788e760788f88e29da9d2bfd1e53305a81d8fd89a02020,automation
a6d4d62d7e97,2026-07-15T05:58:35.612595+00:00,tushare.index_weight,"{""end_date"": ""20160731"", ""fields"": ""index_code,con_code,trade_date,weight"", ""index_code"": ""000300.SH"", ""start_date"": ""20160701""}",300,/Users/john/Desktop/shaiwei/shaiwei_init/data/raw/source=tushare/api=index_weight/index=000300.SH/period=2016-07/ingest_date=2026-07-15/20260715T055835.605109Z_0cf5db6c14d44848bcd663827cd555dd.parquet,4426f7380eb4c9ba030d363e7b02efc2612c464dad55a55151ffedb2eaeca7fa,automation
62dd53c37f7d,2026-07-15T05:58:36.612597+00:00,tushare.index_weight,"{""end_date"": ""20160731"", ""fields"": ""index_code,con_code,trade_date,weight"", ""index_code"": ""000906.SH"", ""start_date"": ""20160701""}",800,/Users/john/Desktop/shaiwei/shaiwei_init/data/raw/source=tushare/api=index_weight/index=000906.SH/period=2016-07/ingest_date=2026-07-15/20260715T055836.603882Z_b6ca4f266ae54e80bed5fa6f3dc508a8.parquet,82fa5c3de44ddd14f3c42cff7a482e53e1975d1663bd0a13ef2db72542704750,automation
b2fc7fc625e2,2026-07-15T05:58:38.463009+00:00,tushare.index_weight,"{""end_date"": ""20160831"", ""fields"": ""index_code,con_code,trade_date,weight"", ""index_code"": ""000300.SH"", ""start_date"": ""20160801""}",300,/Users/john/Desktop/shaiwei/shaiwei_init/data/raw/source=tushare/api=index_weight/index=000300.SH/period=2016-08/ingest_date=2026-07-15/20260715T055838.458379Z_e8f2891f8fa449cf92627c582e94212a.parquet,9ecba1fa48d7f237a070c276a83e02dba36d0ab1690a3a00f5bbea526ee932c2,automation
30c85500490a,2026-07-15T05:58:39.234798+00:00,tushare.index_weight,"{""end_date"": ""20160831"", ""fields"": ""index_code,con_code,trade_date,weight"", ""index_code"": ""000906.SH"", ""start_date"": ""20160801""}",800,/Users/john/Desktop/shaiwei/shaiwei_init/data/raw/source=tushare/api=index_weight/index=000906.SH/period=2016-08/ingest_date=2026-07-15/20260715T055839.226064Z_96e752a240c845b0b87ae730a8ebd274.parquet,0cf4aefc68abec5c90a3b573f3905c554b241f7e6ffda3cf16a1c37b92ff5d41,automation
34efee54096b,2026-07-15T05:58:39.885274+00:00,tushare.index_weight,"{""end_date"": ""20160930"", ""fields"": ""index_code,con_code,trade_date,weight"", ""index_code"": ""000300.SH"", ""start_date"": ""20160901""}",300,/Users/john/Desktop/shaiwei/shaiwei_init/data/raw/source=tushare/api=index_weight/index=000300.SH/period=2016-09/ingest_date=2026-07-15/20260715T055839.881647Z_acbf989ac3844b0ea957c4b05cb3db62.parquet,2c5cb16ca8697344de0784cf68b7d74432ee88552a90ec57c61cb2d63b4a1df4,automation
27adbbaf3c0b,2026-07-15T05:58:40.523286+00:00,tushare.index_weight,"{""end_date"": ""20160930"", ""fields"": ""index_code,con_code,trade_date,weight"", ""index_code"": ""000906.SH"", ""start_date"": ""20160901""}",800,/Users/john/Desktop/shaiwei/shaiwei_init/data/raw/source=tushare/api=index_weight/index=000906.SH/period=2016-09/ingest_date=2026-07-15/20260715T055840.517277Z_e5828afc8efc42c6bdf7e8c339023b54.parquet,535524753a7d5e7a698025c7eaa556441f8c04aed17c42424465bb3bfea3c99d,automation
5c817c772312,2026-07-15T05:58:41.259691+00:00,tushare.index_weight,"{""end_date"": ""20161031"", ""fields"": ""index_code,con_code,trade_date,weight"", ""index_code"": ""000300.SH"", ""start_date"": ""20161001""}",300,/Users/john/Desktop/shaiwei/shaiwei_init/data/raw/source=tushare/api=index_weight/index=000300.SH/period=2016-10/ingest_date=2026-07-15/20260715T055841.254738Z_481c894b8f914e1eaef8f77f201c8470.parquet,ee0be900af1fd3ee5ef6ad86455aa2ff3183037866638ceb4137e12cbd355f4b,automation
5756b1de47ed,2026-07-15T05:58:41.915956+00:00,tushare.index_weight,"{""end_date"": ""20161031"", ""fields"": ""index_code,con_code,trade_date,weight"", ""index_code"": ""000906.SH"", ""start_date"": ""20161001""}",800,/Users/john/Desktop/shaiwei/shaiwei_init/data/raw/source=tushare/api=index_weight/index=000906.SH/period=2016-10/ingest_date=2026-07-15/20260715T055841.910654Z_9d20d0539c1f42b2b4d5497bf4590e1f.parquet,0ea1831df8700d33cbe8e72729cb10b07a1f6dfb8f3115dd9d094568ce77078f,automation
3f2e58567f9e,2026-07-15T05:58:42.584939+00:00,tushare.index_weight,"{""end_date"": ""20161130"", ""fields"": ""index_code,con_code,trade_date,weight"", ""index_code"": ""000300.SH"", ""start_date"": ""20161101""}",300,/Users/john/Desktop/shaiwei/shaiwei_init/data/raw/source=tushare/api=index_weight/index=000300.SH/period=2016-11/ingest_date=2026-07-15/20260715T055842.580721Z_34af780985a44aff9ed5fcb84222c573.parquet,c4dd6d18028d8feea10f590ffc2b3ce87eba0d743b26d10223b578e3fdcb3a2f,automation
7883053d4a6b,2026-07-15T05:58:43.354198+00:00,tushare.index_weight,"{""end_date"": ""20161130"", ""fields"": ""index_code,con_code,trade_date,weight"", ""index_code"": ""000906.SH"", ""start_date"": ""20161101""}",800,/Users/john/Desktop/shaiwei/shaiwei_init/data/raw/source=tushare/api=index_weight/index=000906.SH/period=2016-11/ingest_date=2026-07-15/20260715T055843.348980Z_095aefe1d9c7438faad435ddef1b68e7.parquet,b0fca1c0fae50851264002a83023d4ad3cb07fb31651ab02044a4fc26ce5e2c9,automation
23dce868759e,2026-07-15T05:58:44.977306+00:00,tushare.index_weight,"{""end_date"": ""20161231"", ""fields"": ""index_code,con_code,trade_date,weight"", ""index_code"": ""000300.SH"", ""start_date"": ""20161201""}",300,/Users/john/Desktop/shaiwei/shaiwei_init/data/raw/source=tushare/api=index_weight/index=000300.SH/period=2016-12/ingest_date=2026-07-15/20260715T055844.974419Z_ee9a1588f349494c81269ed040addf80.parquet,7fa2708e2af4cb341bf71001ea803e917cd3c867986ba6471ac274e5478e71b5,automation
afdf41e5991e,2026-07-15T05:58:45.949072+00:00,tushare.index_weight,"{""end_date"": ""20161231"", ""fields"": ""index_code,con_code,trade_date,weight"", ""index_code"": ""000906.SH"", ""start_date"": ""20161201""}",800,/Users/john/Desktop/shaiwei/shaiwei_init/data/raw/source=tushare/api=index_weight/index=000906.SH/period=2016-12/ingest_date=2026-07-15/20260715T055845.942834Z_d698ab06cc8144a5994a8eac25411bb4.parquet,105ec82ef36db60090a49c14978970031e7736c0f23eddbdd21a4251ca3dab2d,automation
f1ef986c4873,2026-07-15T05:58:46.602769+00:00,tushare.index_weight,"{""end_date"": ""20170131"", ""fields"": ""index_code,con_code,trade_date,weight"", ""index_code"": ""000300.SH"", ""start_date"": ""20170101""}",300,/Users/john/Desktop/shaiwei/shaiwei_init/data/raw/source=tushare/api=index_weight/index=000300.SH/period=2017-01/ingest_date=2026-07-15/20260715T055846.599688Z_d5695bff8dca4d4cbda80ffd257cd89b.parquet,cbaeba256573f446093ee2d41ca8ef2a3110c73118371f15806b8124a5a63e55,automation
c82b644657be,2026-07-15T05:58:47.358709+00:00,tushare.index_weight,"{""end_date"": ""20170131"", ""fields"": ""index_code,con_code,trade_date,weight"", ""index_code"": ""000906.SH"", ""start_date"": ""20170101""}",800,/Users/john/Desktop/shaiwei/shaiwei_init/data/raw/source=tushare/api=index_weight/index=000906.SH/period=2017-01/ingest_date=2026-07-15/20260715T055847.352938Z_f862e3b0340a4d7486db418ef08b6b30.parquet,6e457838c67bb5b6c863753e6bd70b69a6702ce08b8273568c57c74b1f8b9b75,automation
bc98bcc46d81,2026-07-15T05:58:48.386552+00:00,tushare.index_weight,"{""end_date"": ""20170228"", ""fields"": ""index_code,con_code,trade_date,weight"", ""index_code"": ""000300.SH"", ""start_date"": ""20170201""}",300,/Users/john/Desktop/shaiwei/shaiwei_init/data/raw/source=tushare/api=index_weight/index=000300.SH/period=2017-02/ingest_date=2026-07-15/20260715T055848.381841Z_33343edc41ef42e78c83120244a4a694.parquet,6ce6c2eff2ef7ddc27e0dbc15fa05b66d0938c99e235113aeb917114707cda15,automation
da4ace5374b3,2026-07-15T05:58:49.049238+00:00,tushare.index_weight,"{""end_date"": ""20170228"", ""fields"": ""index_code,con_code,trade_date,weight"", ""index_code"": ""000906.SH"", ""start_date"": ""20170201""}",800,/Users/john/Desktop/shaiwei/shaiwei_init/data/raw/source=tushare/api=index_weight/index=000906.SH/period=2017-02/ingest_date=2026-07-15/20260715T055849.044101Z_3b9cf27971ef4d92a85c6bc1a5b5f21b.parquet,b31f500cd76be9045600cd0da8c3ac233331346dd6dc2fcefc37b87a210b66fa,automation
629d29ac1558,2026-07-15T05:58:49.991538+00:00,tushare.index_weight,"{""end_date"": ""20170331"", ""fields"": ""index_code,con_code,trade_date,weight"", ""index_code"": ""000300.SH"", ""start_date"": ""20170301""}",300,/Users/john/Desktop/shaiwei/shaiwei_init/data/raw/source=tushare/api=index_weight/index=000300.SH/period=2017-03/ingest_date=2026-07-15/20260715T055849.987499Z_a0613f150aa94dca9b458b08c062538f.parquet,6ff9c7a808e31eccaea117d3f36d0ac33466f0313ece640d6a3fe0dff7e30413,automation
e7cb61885eb7,2026-07-15T05:58:52.106421+00:00,tushare.index_weight,"{""end_date"": ""20170331"", ""fields"": ""index_code,con_code,trade_date,weight"", ""index_code"": ""000906.SH"", ""start_date"": ""20170301""}",800,/Users/john/Desktop/shaiwei/shaiwei_init/data/raw/source=tushare/api=index_weight/index=000906.SH/period=2017-03/ingest_date=2026-07-15/20260715T055852.101205Z_84aecc670082483ab955f442a5d1d224.parquet,c3e9361d24c765d11441fb0c7543b9e284894ce23aa28435fc344db5e1c924fd,automation
e6dbb47592de,2026-07-15T05:58:52.728289+00:00,tushare.index_weight,"{""end_date"": ""20170430"", ""fields"": ""index_code,con_code,trade_date,weight"", ""index_code"": ""000300.SH"", ""start_date"": ""20170401""}",300,/Users/john/Desktop/shaiwei/shaiwei_init/data/raw/source=tushare/api=index_weight/index=000300.SH/period=2017-04/ingest_date=2026-07-15/20260715T055852.723457Z_401a614b44bd44b9ba6d3375ad9295fb.parquet,27a45120de94cf76c084fa8e0c02c3f57505d86daf20046ff92df411c3f518c6,automation
7c58b3ec7cb8,2026-07-15T05:58:54.387312+00:00,tushare.index_weight,"{""end_date"": ""20170430"", ""fields"": ""index_code,con_code,trade_date,weight"", ""index_code"": ""000906.SH"", ""start_date"": ""20170401""}",800,/Users/john/Desktop/shaiwei/shaiwei_init/data/raw/source=tushare/api=index_weight/index=000906.SH/period=2017-04/ingest_date=2026-07-15/20260715T055854.382437Z_9dd253e8f3aa4b66b4e94fcdbc0af614.parquet,299c974079d3c09383f1f3e40d733d57834506ff67569f0d289c8b78535a85e1,automation
da77365ae34b,2026-07-15T05:58:55.354592+00:00,tushare.index_weight,"{""end_date"": ""20170531"", ""fields"": ""index_code,con_code,trade_date,weight"", ""index_code"": ""000300.SH"", ""start_date"": ""20170501""}",300,/Users/john/Desktop/shaiwei/shaiwei_init/data/raw/source=tushare/api=index_weight/index=000300.SH/period=2017-05/ingest_date=2026-07-15/20260715T055855.350244Z_988cf4e6bb99468f8d26d72c19bc7521.parquet,e23a484ee1e756cc155fb7f3da4664e730ef745ded11261c7d78bb9602391a43,automation
53666b3adbda,2026-07-15T05:58:56.991014+00:00,tushare.index_weight,"{""end_date"": ""20170531"", ""fields"": ""index_code,con_code,trade_date,weight"", ""index_code"": ""000906.SH"", ""start_date"": ""20170501""}",800,/Users/john/Desktop/shaiwei/shaiwei_init/data/raw/source=tushare/api=index_weight/index=000906.SH/period=2017-05/ingest_date=2026-07-15/20260715T055856.986013Z_f200ce7041a34a56beceb95dd83863d1.parquet,5e372c7430a92ec9b8f5bdc12e5e541197d2f2347f4ed46c437fd225d1c752eb,automation
1c50192cdac6,2026-07-15T05:58:57.642105+00:00,tushare.index_weight,"{""end_date"": ""20170630"", ""fields"": ""index_code,con_code,trade_date,weight"", ""index_code"": ""000300.SH"", ""start_date"": ""20170601""}",300,/Users/john/Desktop/shaiwei/shaiwei_init/data/raw/source=tushare/api=index_weight/index=000300.SH/period=2017-06/ingest_date=2026-07-15/20260715T055857.637185Z_2d406bd27aab41acb68fd1df1d9528e6.parquet,c6703ef62eb5c1b4d1e9cb1ad8d780dfb5f33d75f899b320b02987aca443a0e7,automation
04692b13bbe7,2026-07-15T05:58:58.508358+00:00,tushare.index_weight,"{""end_date"": ""20170630"", ""fields"": ""index_code,con_code,trade_date,weight"", ""index_code"": ""000906.SH"", ""start_date"": ""20170601""}",800,/Users/john/Desktop/shaiwei/shaiwei_init/data/raw/source=tushare/api=index_weight/index=000906.SH/period=2017-06/ingest_date=2026-07-15/20260715T055858.503445Z_47a67a15b2c041d49acc1e1fc4272374.parquet,f949721a073e990555219a72eb670058e3eeffafe935f4dba29f7ebe4e05e2fb,automation
a82449c5584a,2026-07-15T05:58:59.595653+00:00,tushare.index_weight,"{""end_date"": ""20170731"", ""fields"": ""index_code,con_code,trade_date,weight"", ""index_code"": ""000300.SH"", ""start_date"": ""20170701""}",300,/Users/john/Desktop/shaiwei/shaiwei_init/data/raw/source=tushare/api=index_weight/index=000300.SH/period=2017-07/ingest_date=2026-07-15/20260715T055859.590336Z_4c111934e5ec40c79049246adfe51daa.parquet,508b14f47de84387645bea45ae07c6b2b0c80ce3c7e904a44f3d2d2b2f22314c,automation
679fbec06b07,2026-07-15T05:59:00.230190+00:00,tushare.index_weight,"{""end_date"": ""20170731"", ""fields"": ""index_code,con_code,trade_date,weight"", ""index_code"": ""000906.SH"", ""start_date"": ""20170701""}",800,/Users/john/Desktop/shaiwei/shaiwei_init/data/raw/source=tushare/api=index_weight/index=000906.SH/period=2017-07/ingest_date=2026-07-15/20260715T055900.224227Z_13a2a0d372044bcb86f71903c16eb66e.parquet,11f00a729d05a98115da5e314b5e72245864ac457446049e0fdaf116103eb3cd,automation
89b9503ba036,2026-07-15T05:59:00.882824+00:00,tushare.index_weight,"{""end_date"": ""20170831"", ""fields"": ""index_code,con_code,trade_date,weight"", ""index_code"": ""000300.SH"", ""start_date"": ""20170801""}",300,/Users/john/Desktop/shaiwei/shaiwei_init/data/raw/source=tushare/api=index_weight/index=000300.SH/period=2017-08/ingest_date=2026-07-15/20260715T055900.879330Z_69ddd44cbfbf4e39936cb026c8d232b7.parquet,d72295d0d245bf675f5ca93e222de7f89dc6515082648b1dbbc175c6040a3885,automation
ebc39bb7bbf5,2026-07-15T05:59:01.595124+00:00,tushare.index_weight,"{""end_date"": ""20170831"", ""fields"": ""index_code,con_code,trade_date,weight"", ""index_code"": ""000906.SH"", ""start_date"": ""20170801""}",800,/Users/john/Desktop/shaiwei/shaiwei_init/data/raw/source=tushare/api=index_weight/index=000906.SH/period=2017-08/ingest_date=2026-07-15/20260715T055901.589946Z_a8719eae7586498cb3a4562f0a6e89f8.parquet,00e7fcc9544f146e1792c437fac97c4970e52d0fae9925bea9a2b770fef9efb2,automation
56c787941e26,2026-07-15T05:59:02.243810+00:00,tushare.index_weight,"{""end_date"": ""20170930"", ""fields"": ""index_code,con_code,trade_date,weight"", ""index_code"": ""000300.SH"", ""start_date"": ""20170901""}",300,/Users/john/Desktop/shaiwei/shaiwei_init/data/raw/source=tushare/api=index_weight/index=000300.SH/period=2017-09/ingest_date=2026-07-15/20260715T055902.239754Z_4b8da21a0d6f4819a168be6e5c4faa64.parquet,b603e2f3544bfee9b6b4b1b14a1b05083c39577c6ba92edd803f06fa24eacfa2,automation
789dfa7a07b5,2026-07-15T05:59:02.871879+00:00,tushare.index_weight,"{""end_date"": ""20170930"", ""fields"": ""index_code,con_code,trade_date,weight"", ""index_code"": ""000906.SH"", ""start_date"": ""20170901""}",800,/Users/john/Desktop/shaiwei/shaiwei_init/data/raw/source=tushare/api=index_weight/index=000906.SH/period=2017-09/ingest_date=2026-07-15/20260715T055902.867063Z_1759432142e744fcba36084cfde1cf31.parquet,5cd5dcaac575dec964c937571bfa9f49ec0fcf891712a9f963752834fded0624,automation
3b83f6e9e639,2026-07-15T05:59:03.525118+00:00,tushare.index_weight,"{""end_date"": ""20171031"", ""fields"": ""index_code,con_code,trade_date,weight"", ""index_code"": ""000300.SH"", ""start_date"": ""20171001""}",300,/Users/john/Desktop/shaiwei/shaiwei_init/data/raw/source=tushare/api=index_weight/index=000300.SH/period=2017-10/ingest_date=2026-07-15/20260715T055903.520280Z_924eef4585db4772bce5a3e795aaed5c.parquet,ebe44331f5219d25c851cd7756b02f4543fb51327dc396103688067f140b0bee,automation
87e9d7581dde,2026-07-15T05:59:05.193930+00:00,tushare.index_weight,"{""end_date"": ""20171031"", ""fields"": ""index_code,con_code,trade_date,weight"", ""index_code"": ""000906.SH"", ""start_date"": ""20171001""}",800,/Users/john/Desktop/shaiwei/shaiwei_init/data/raw/source=tushare/api=index_weight/index=000906.SH/period=2017-10/ingest_date=2026-07-15/20260715T055905.189113Z_2414ce741cf5485f87634c4b950de837.parquet,22877e384c99e6341306e8f414ccbd3575088995764c94fe3561040342f2d1b1,automation
9b96ffc6a40c,2026-07-15T05:59:05.811052+00:00,tushare.index_weight,"{""end_date"": ""20171130"", ""fields"": ""index_code,con_code,trade_date,weight"", ""index_code"": ""000300.SH"", ""start_date"": ""20171101""}",300,/Users/john/Desktop/shaiwei/shaiwei_init/data/raw/source=tushare/api=index_weight/index=000300.SH/period=2017-11/ingest_date=2026-07-15/20260715T055905.806903Z_fae7e4a9b796464baf70465e0d5e7633.parquet,58cf9fcd34ceca7dfd93434685c9d5033e53b6413a8def846904c90f8bf5ff79,automation
547d37596413,2026-07-15T05:59:06.466584+00:00,tushare.index_weight,"{""end_date"": ""20171130"", ""fields"": ""index_code,con_code,trade_date,weight"", ""index_code"": ""000906.SH"", ""start_date"": ""20171101""}",800,/Users/john/Desktop/shaiwei/shaiwei_init/data/raw/source=tushare/api=index_weight/index=000906.SH/period=2017-11/ingest_date=2026-07-15/20260715T055906.461007Z_8bd70330264c4907860c96d31571f25f.parquet,ec3eed7968fb11cb1b5c983b7a4d57d433a4f992aff9b38fe5db429a6fad0b12,automation
e1fbb0bdba9c,2026-07-15T05:59:07.118141+00:00,tushare.index_weight,"{""end_date"": ""20171231"", ""fields"": ""index_code,con_code,trade_date,weight"", ""index_code"": ""000300.SH"", ""start_date"": ""20171201""}",300,/Users/john/Desktop/shaiwei/shaiwei_init/data/raw/source=tushare/api=index_weight/index=000300.SH/period=2017-12/ingest_date=2026-07-15/20260715T055907.113637Z_881ab584d61a47a9a1d21e17c2d73ba3.parquet,636b0088823c071645cf71401836fc4e82db3211b3afbd05d66a7bfa26e36073,automation
db0bf41cad97,2026-07-15T05:59:07.850111+00:00,tushare.index_weight,"{""end_date"": ""20171231"", ""fields"": ""index_code,con_code,trade_date,weight"", ""index_code"": ""000906.SH"", ""start_date"": ""20171201""}",800,/Users/john/Desktop/shaiwei/shaiwei_init/data/raw/source=tushare/api=index_weight/index=000906.SH/period=2017-12/ingest_date=2026-07-15/20260715T055907.846071Z_fcd013505c724392b388eac5ad79ca4d.parquet,e93b071e5118344f0daf87093e95483dc12b3c9be6e7c849451184f6eeeaff29,automation
e1f8fd23a24e,2026-07-15T05:59:08.478419+00:00,tushare.index_weight,"{""end_date"": ""20180131"", ""fields"": ""index_code,con_code,trade_date,weight"", ""index_code"": ""000300.SH"", ""start_date"": ""20180101""}",300,/Users/john/Desktop/shaiwei/shaiwei_init/data/raw/source=tushare/api=index_weight/index=000300.SH/period=2018-01/ingest_date=2026-07-15/20260715T055908.474154Z_9dd49cff3a5647fa840cfa7ca1412820.parquet,c1c5f4d6b70b8557b5f546975c1849ab949dad78810d34573de6ef05c463aded,automation
770838e6dd3e,2026-07-15T05:59:10.106698+00:00,tushare.index_weight,"{""end_date"": ""20180131"", ""fields"": ""index_code,con_code,trade_date,weight"", ""index_code"": ""000906.SH"", ""start_date"": ""20180101""}",800,/Users/john/Desktop/shaiwei/shaiwei_init/data/raw/source=tushare/api=index_weight/index=000906.SH/period=2018-01/ingest_date=2026-07-15/20260715T055910.102616Z_3282521a541c416097e20b52289fe382.parquet,1522b802c6889fd55f86e885e54161dce1030d744f6dab0c4c4749ec501a68fd,automation
d6ab713fee5c,2026-07-15T05:59:11.278487+00:00,tushare.index_weight,"{""end_date"": ""20180228"", ""fields"": ""index_code,con_code,trade_date,weight"", ""index_code"": ""000300.SH"", ""start_date"": ""20180201""}",300,/Users/john/Desktop/shaiwei/shaiwei_init/data/raw/source=tushare/api=index_weight/index=000300.SH/period=2018-02/ingest_date=2026-07-15/20260715T055911.273007Z_86ed15c6d1944d32a9e71088664be0b8.parquet,2c878f2c3d7781919649e59ad93f7ef8c43899ab1a8426d6bc30f7a6a3e8562f,automation
9827a835df0b,2026-07-15T05:59:12.049916+00:00,tushare.index_weight,"{""end_date"": ""20180228"", ""fields"": ""index_code,con_code,trade_date,weight"", ""index_code"": ""000906.SH"", ""start_date"": ""20180201""}",800,/Users/john/Desktop/shaiwei/shaiwei_init/data/raw/source=tushare/api=index_weight/index=000906.SH/period=2018-02/ingest_date=2026-07-15/20260715T055912.047729Z_ae71bcdf3021464b80cb4af99f614662.parquet,82cc07b86238ce0e881b1f6561a99afdc0eb94ee3c2fd4a3ad9694a91234c7e5,automation
3efafaad655e,2026-07-15T05:59:13.154764+00:00,tushare.index_weight,"{""end_date"": ""20180331"", ""fields"": ""index_code,con_code,trade_date,weight"", ""index_code"": ""000300.SH"", ""start_date"": ""20180301""}",300,/Users/john/Desktop/shaiwei/shaiwei_init/data/raw/source=tushare/api=index_weight/index=000300.SH/period=2018-03/ingest_date=2026-07-15/20260715T055913.151516Z_86be9bcbab58407aa893d73d950352ff.parquet,c075f24f31099726550f4748382f54c3766d46ededef9b2b46b4f36396894023,automation
266892c4b6bf,2026-07-15T05:59:13.817649+00:00,tushare.index_weight,"{""end_date"": ""20180331"", ""fields"": ""index_code,con_code,trade_date,weight"", ""index_code"": ""000906.SH"", ""start_date"": ""20180301""}",800,/Users/john/Desktop/shaiwei/shaiwei_init/data/raw/source=tushare/api=index_weight/index=000906.SH/period=2018-03/ingest_date=2026-07-15/20260715T055913.815432Z_039f5cca15324d678e50f28a872242e3.parquet,fefd54f4530ea91831d6f5d0fc76a270831ac4eb3364170a662d964d3d60dc9a,automation
644f328fb5f8,2026-07-15T05:59:15.452742+00:00,tushare.index_weight,"{""end_date"": ""20180430"", ""fields"": ""index_code,con_code,trade_date,weight"", ""index_code"": ""000300.SH"", ""start_date"": ""20180401""}",300,/Users/john/Desktop/shaiwei/shaiwei_init/data/raw/source=tushare/api=index_weight/index=000300.SH/period=2018-04/ingest_date=2026-07-15/20260715T055915.448484Z_6f35b23c74654e7a97a5f8fcd259cf49.parquet,97cc5909b753ac65d2f8aaa451545f466802c1ffae20d4ae322c21d439559a83,automation
e7083fc304e7,2026-07-15T05:59:16.085752+00:00,tushare.index_weight,"{""end_date"": ""20180430"", ""fields"": ""index_code,con_code,trade_date,weight"", ""index_code"": ""000906.SH"", ""start_date"": ""20180401""}",800,/Users/john/Desktop/shaiwei/shaiwei_init/data/raw/source=tushare/api=index_weight/index=000906.SH/period=2018-04/ingest_date=2026-07-15/20260715T055916.082206Z_1307596e104f4e9aa11250df85179c13.parquet,e0620956c0b923aaf71ea4f6a77a101f2685fa20b6024ed3c0e8399156889bbc,automation
330300f88967,2026-07-15T05:59:16.791201+00:00,tushare.index_weight,"{""end_date"": ""20180531"", ""fields"": ""index_code,con_code,trade_date,weight"", ""index_code"": ""000300.SH"", ""start_date"": ""20180501""}",300,/Users/john/Desktop/shaiwei/shaiwei_init/data/raw/source=tushare/api=index_weight/index=000300.SH/period=2018-05/ingest_date=2026-07-15/20260715T055916.787202Z_076e42f4c1154b0e8f614e9fde157795.parquet,dfedbbbdc61b48800c9086a60cd08663101fd06269b562ace5fa70cc014488ab,automation
732799a59f02,2026-07-15T05:59:17.512916+00:00,tushare.index_weight,"{""end_date"": ""20180531"", ""fields"": ""index_code,con_code,trade_date,weight"", ""index_code"": ""000906.SH"", ""start_date"": ""20180501""}",800,/Users/john/Desktop/shaiwei/shaiwei_init/data/raw/source=tushare/api=index_weight/index=000906.SH/period=2018-05/ingest_date=2026-07-15/20260715T055917.504591Z_0c7011a7bce34489a2e7ed76b8345252.parquet,28ce73691fb532e3a90d11967f8473be7ab72071a6c390225235fe4f0ae6245d,automation
aaba1fa6434f,2026-07-15T05:59:18.148082+00:00,tushare.index_weight,"{""end_date"": ""20180630"", ""fields"": ""index_code,con_code,trade_date,weight"", ""index_code"": ""000300.SH"", ""start_date"": ""20180601""}",300,/Users/john/Desktop/shaiwei/shaiwei_init/data/raw/source=tushare/api=index_weight/index=000300.SH/period=2018-06/ingest_date=2026-07-15/20260715T055918.144501Z_18962a7bc59c42f0ad26bab7ecbfab9e.parquet,9608ba5f4ebe0aa165b163123fbb225dffe577257354431404ba2e63127dad69,automation
2e0c7900f179,2026-07-15T05:59:19.500175+00:00,tushare.index_weight,"{""end_date"": ""20180630"", ""fields"": ""index_code,con_code,trade_date,weight"", ""index_code"": ""000906.SH"", ""start_date"": ""20180601""}",800,/Users/john/Desktop/shaiwei/shaiwei_init/data/raw/source=tushare/api=index_weight/index=000906.SH/period=2018-06/ingest_date=2026-07-15/20260715T055919.494822Z_410cd1075e26491c9c8fb98488869f72.parquet,853910b80b58b94bc892fc8ceb1b59dd8d646e8a1f66792862105bac850ad284,automation
39e6d8d8b688,2026-07-15T05:59:20.205258+00:00,tushare.index_weight,"{""end_date"": ""20180731"", ""fields"": ""index_code,con_code,trade_date,weight"", ""index_code"": ""000300.SH"", ""start_date"": ""20180701""}",300,/Users/john/Desktop/shaiwei/shaiwei_init/data/raw/source=tushare/api=index_weight/index=000300.SH/period=2018-07/ingest_date=2026-07-15/20260715T055920.202188Z_cb61b94e6852443390642510eaff184d.parquet,3464545fdb1a5e5990096ec453877b7f4f6662808d511ef1131e3bbb936c4680,automation
22ede0e08783,2026-07-15T05:59:20.957729+00:00,tushare.index_weight,"{""end_date"": ""20180731"", ""fields"": ""index_code,con_code,trade_date,weight"", ""index_code"": ""000906.SH"", ""start_date"": ""20180701""}",800,/Users/john/Desktop/shaiwei/shaiwei_init/data/raw/source=tushare/api=index_weight/index=000906.SH/period=2018-07/ingest_date=2026-07-15/20260715T055920.953085Z_0baa236f43d349c1bc7563d56cbacd82.parquet,a0c7ce3aca90a64f9a954596283dd227aa4584aba1cc3a79e18a929b01e11b52,automation
e1ecd040f5d6,2026-07-15T05:59:22.638543+00:00,tushare.index_weight,"{""end_date"": ""20180831"", ""fields"": ""index_code,con_code,trade_date,weight"", ""index_code"": ""000300.SH"", ""start_date"": ""20180801""}",300,/Users/john/Desktop/shaiwei/shaiwei_init/data/raw/source=tushare/api=index_weight/index=000300.SH/period=2018-08/ingest_date=2026-07-15/20260715T055922.632967Z_679b4889c3df4ab1b2a5ceed7e2c8f6c.parquet,895c793675414e0fcc3b902f2a5695edb5ec99cbad5fcf27d8e2bc5d386b3e39,automation
bd7f034b3054,2026-07-15T05:59:23.280679+00:00,tushare.index_weight,"{""end_date"": ""20180831"", ""fields"": ""index_code,con_code,trade_date,weight"", ""index_code"": ""000906.SH"", ""start_date"": ""20180801""}",800,/Users/john/Desktop/shaiwei/shaiwei_init/data/raw/source=tushare/api=index_weight/index=000906.SH/period=2018-08/ingest_date=2026-07-15/20260715T055923.275318Z_49642506ca134e1e9e684f9a30da9679.parquet,229ab8259f83f312ead46ec9975b01218101bdeb784397db26f307e28cb4c9f1,automation
8f3e8b85003b,2026-07-15T05:59:24.934872+00:00,tushare.index_weight,"{""end_date"": ""20180930"", ""fields"": ""index_code,con_code,trade_date,weight"", ""index_code"": ""000300.SH"", ""start_date"": ""20180901""}",300,/Users/john/Desktop/shaiwei/shaiwei_init/data/raw/source=tushare/api=index_weight/index=000300.SH/period=2018-09/ingest_date=2026-07-15/20260715T055924.931497Z_3fe14ffa3b484a4e8765969ca6a0d9e1.parquet,d25b997a882fea33fce9d093bf0312b127a5a9ac83d69be0ba1f77a792c76c90,automation
9113157846e9,2026-07-15T05:59:25.919960+00:00,tushare.index_weight,"{""end_date"": ""20180930"", ""fields"": ""index_code,con_code,trade_date,weight"", ""index_code"": ""000906.SH"", ""start_date"": ""20180901""}",800,/Users/john/Desktop/shaiwei/shaiwei_init/data/raw/source=tushare/api=index_weight/index=000906.SH/period=2018-09/ingest_date=2026-07-15/20260715T055925.915990Z_f2f1cca669d6497e849c6b3b14453b05.parquet,e985721614bfff4d8b0b055627fba5e18f30eadb540456aa609f327713c831b0,automation
b266fe8c0077,2026-07-15T05:59:27.159413+00:00,tushare.index_weight,"{""end_date"": ""20181031"", ""fields"": ""index_code,con_code,trade_date,weight"", ""index_code"": ""000300.SH"", ""start_date"": ""20181001""}",300,/Users/john/Desktop/shaiwei/shaiwei_init/data/raw/source=tushare/api=index_weight/index=000300.SH/period=2018-10/ingest_date=2026-07-15/20260715T055927.154357Z_02c8ed6e1c244eb1a13d0fdf512202c1.parquet,c5346acae64aa8d80802cddcdee8ac4ce1eaf22ab4089790e52b512e2d030f98,automation
3af3093aa0ad,2026-07-15T05:59:27.796548+00:00,tushare.index_weight,"{""end_date"": ""20181031"", ""fields"": ""index_code,con_code,trade_date,weight"", ""index_code"": ""000906.SH"", ""start_date"": ""20181001""}",800,/Users/john/Desktop/shaiwei/shaiwei_init/data/raw/source=tushare/api=index_weight/index=000906.SH/period=2018-10/ingest_date=2026-07-15/20260715T055927.792179Z_1d775ab35fe949b6a80323e9bff02acb.parquet,e83412f275fb2b8015232d120392b55787895d99358a9f727ac1a14a5657a04b,automation
b65b86f34dce,2026-07-15T05:59:29.512719+00:00,tushare.index_weight,"{""end_date"": ""20181130"", ""fields"": ""index_code,con_code,trade_date,weight"", ""index_code"": ""000300.SH"", ""start_date"": ""20181101""}",300,/Users/john/Desktop/shaiwei/shaiwei_init/data/raw/source=tushare/api=index_weight/index=000300.SH/period=2018-11/ingest_date=2026-07-15/20260715T055929.505989Z_dbb85f61a52e4075a439406bc9fb1e6f.parquet,2f150636d0f7d065e16d22054edebbe6d1435723b786a5917298fd33519a716f,automation
9722de637c39,2026-07-15T05:59:30.133260+00:00,tushare.index_weight,"{""end_date"": ""20181130"", ""fields"": ""index_code,con_code,trade_date,weight"", ""index_code"": ""000906.SH"", ""start_date"": ""20181101""}",800,/Users/john/Desktop/shaiwei/shaiwei_init/data/raw/source=tushare/api=index_weight/index=000906.SH/period=2018-11/ingest_date=2026-07-15/20260715T055930.127879Z_fa4e632bcd794767a8098e5945fbc0ad.parquet,f597e2b9e054c36ac284fcef853589ad951b75079bfd5d2f1c42e677736b0287,automation
369917528fa9,2026-07-15T05:59:31.494335+00:00,tushare.index_weight,"{""end_date"": ""20181231"", ""fields"": ""index_code,con_code,trade_date,weight"", ""index_code"": ""000300.SH"", ""start_date"": ""20181201""}",300,/Users/john/Desktop/shaiwei/shaiwei_init/data/raw/source=tushare/api=index_weight/index=000300.SH/period=2018-12/ingest_date=2026-07-15/20260715T055931.489803Z_ad1152d925004f46a5b406f01eadad6e.parquet,9996395a641dc702f4675168bcb9c8e7bcdc72ae3d447950d6da5139aef974f8,automation
052369115e9f,2026-07-15T05:59:32.124000+00:00,tushare.index_weight,"{""end_date"": ""20181231"", ""fields"": ""index_code,con_code,trade_date,weight"", ""index_code"": ""000906.SH"", ""start_date"": ""20181201""}",800,/Users/john/Desktop/shaiwei/shaiwei_init/data/raw/source=tushare/api=index_weight/index=000906.SH/period=2018-12/ingest_date=2026-07-15/20260715T055932.116296Z_d43403b71c144aee83bd1cfeffe82e26.parquet,7acfd02f4991b52a9b552d770210d9ed275c564d96487184b0f3c9d9f551afc6,automation
39d4623f0358,2026-07-15T05:59:33.118382+00:00,tushare.index_weight,"{""end_date"": ""20190131"", ""fields"": ""index_code,con_code,trade_date,weight"", ""index_code"": ""000300.SH"", ""start_date"": ""20190101""}",300,/Users/john/Desktop/shaiwei/shaiwei_init/data/raw/source=tushare/api=index_weight/index=000300.SH/period=2019-01/ingest_date=2026-07-15/20260715T055933.111227Z_7c6a92dffc524581b460c275d5c63c7d.parquet,661fb588cb1db43134392455374986315044df09cc749dd2f3f8629b97e085ba,automation
6dd90986b2ec,2026-07-15T05:59:34.809331+00:00,tushare.index_weight,"{""end_date"": ""20190131"", ""fields"": ""index_code,con_code,trade_date,weight"", ""index_code"": ""000906.SH"", ""start_date"": ""20190101""}",800,/Users/john/Desktop/shaiwei/shaiwei_init/data/raw/source=tushare/api=index_weight/index=000906.SH/period=2019-01/ingest_date=2026-07-15/20260715T055934.805324Z_7fa537969fec425b9ae3eb682e5be554.parquet,2b8978feea56b8082e362c39bdb5dd846cc6a07bc5f2cfe53b33e44792ee3034,automation
1632359f4002,2026-07-15T05:59:35.468828+00:00,tushare.index_weight,"{""end_date"": ""20190228"", ""fields"": ""index_code,con_code,trade_date,weight"", ""index_code"": ""000300.SH"", ""start_date"": ""20190201""}",300,/Users/john/Desktop/shaiwei/shaiwei_init/data/raw/source=tushare/api=index_weight/index=000300.SH/period=2019-02/ingest_date=2026-07-15/20260715T055935.463177Z_fa8274e8a2b944ba99fe0d92b30a4005.parquet,cf04e584d313609230d2585a47fddd3c6d43307d950c17d11d22db3625e5538c,automation
f9b0fdf47a25,2026-07-15T05:59:36.196339+00:00,tushare.index_weight,"{""end_date"": ""20190228"", ""fields"": ""index_code,con_code,trade_date,weight"", ""index_code"": ""000906.SH"", ""start_date"": ""20190201""}",800,/Users/john/Desktop/shaiwei/shaiwei_init/data/raw/source=tushare/api=index_weight/index=000906.SH/period=2019-02/ingest_date=2026-07-15/20260715T055936.192426Z_b8a62c1d73b940c499a14257e662523c.parquet,589748371eabb387ecfd44d7c4c366e4e78b7a04a2ff8e29bee491a00758e7eb,automation
2c79a426c31e,2026-07-15T05:59:37.071490+00:00,tushare.index_weight,"{""end_date"": ""20190331"", ""fields"": ""index_code,con_code,trade_date,weight"", ""index_code"": ""000300.SH"", ""start_date"": ""20190301""}",300,/Users/john/Desktop/shaiwei/shaiwei_init/data/raw/source=tushare/api=index_weight/index=000300.SH/period=2019-03/ingest_date=2026-07-15/20260715T055937.067605Z_b90d1edf70b6427085b8814e9fb7ed1b.parquet,38e08910c60a5c7000d2fa345c65cb3a3e5f35729afa4465cf90472bcdc1c50a,automation
948ef360a7c9,2026-07-15T05:59:38.717705+00:00,tushare.index_weight,"{""end_date"": ""20190331"", ""fields"": ""index_code,con_code,trade_date,weight"", ""index_code"": ""000906.SH"", ""start_date"": ""20190301""}",800,/Users/john/Desktop/shaiwei/shaiwei_init/data/raw/source=tushare/api=index_weight/index=000906.SH/period=2019-03/ingest_date=2026-07-15/20260715T055938.712917Z_994def9cb75644e6b127313d0e803682.parquet,54e0bf6876cbe366292d95861f476e9bf3a3deafd1efc67334b06a066ddf6b98,automation
db4d43eb0e9c,2026-07-15T05:59:39.672982+00:00,tushare.index_weight,"{""end_date"": ""20190430"", ""fields"": ""index_code,con_code,trade_date,weight"", ""index_code"": ""000300.SH"", ""start_date"": ""20190401""}",300,/Users/john/Desktop/shaiwei/shaiwei_init/data/raw/source=tushare/api=index_weight/index=000300.SH/period=2019-04/ingest_date=2026-07-15/20260715T055939.668470Z_eda1bb7dab37417abe786ed72f38ac43.parquet,316eee7c70a80efada810f8b8fa5c87e371541dad2cf988651b296c06858bcf2,automation
d37b07687ad5,2026-07-15T05:59:43.495129+00:00,tushare.index_weight,"{""end_date"": ""20190430"", ""fields"": ""index_code,con_code,trade_date,weight"", ""index_code"": ""000906.SH"", ""start_date"": ""20190401""}",800,/Users/john/Desktop/shaiwei/shaiwei_init/data/raw/source=tushare/api=index_weight/index=000906.SH/period=2019-04/ingest_date=2026-07-15/20260715T055943.490110Z_1e0d0b66d46d4fddbce38665f7aa325d.parquet,8ebe289f07e0c89302b820495f6bc639cc353dd94c1585e9627c59d0ebae69e5,automation
6178e07a4c24,2026-07-15T05:59:44.133171+00:00,tushare.index_weight,"{""end_date"": ""20190531"", ""fields"": ""index_code,con_code,trade_date,weight"", ""index_code"": ""000300.SH"", ""start_date"": ""20190501""}",300,/Users/john/Desktop/shaiwei/shaiwei_init/data/raw/source=tushare/api=index_weight/index=000300.SH/period=2019-05/ingest_date=2026-07-15/20260715T055944.126144Z_d0092b5b3b3a4756a8ce6b6193336830.parquet,4a7df8d15039f517e1460b1f80e9f587e505e365395863a2cef114310b27e6c4,automation
8d2cd29f9d65,2026-07-15T05:59:44.790438+00:00,tushare.index_weight,"{""end_date"": ""20190531"", ""fields"": ""index_code,con_code,trade_date,weight"", ""index_code"": ""000906.SH"", ""start_date"": ""20190501""}",800,/Users/john/Desktop/shaiwei/shaiwei_init/data/raw/source=tushare/api=index_weight/index=000906.SH/period=2019-05/ingest_date=2026-07-15/20260715T055944.786573Z_b2cd5222b7fb4b32917362cb75cd5068.parquet,d822ff58458ad04de1f8f364325c28eff1d54f04d2db05931cb26e6cdc17906b,automation
0988b16030d0,2026-07-15T05:59:45.682491+00:00,tushare.index_weight,"{""end_date"": ""20190630"", ""fields"": ""index_code,con_code,trade_date,weight"", ""index_code"": ""000300.SH"", ""start_date"": ""20190601""}",300,/Users/john/Desktop/shaiwei/shaiwei_init/data/raw/source=tushare/api=index_weight/index=000300.SH/period=2019-06/ingest_date=2026-07-15/20260715T055945.676553Z_4257fa416f95479e8ae6e9a55125ca14.parquet,bba8192d91f514e38d1271d0495fb28d89decb39ba5e6c7a91d698e5101d336f,automation
5ca355fc4b9b,2026-07-15T05:59:46.439128+00:00,tushare.index_weight,"{""end_date"": ""20190630"", ""fields"": ""index_code,con_code,trade_date,weight"", ""index_code"": ""000906.SH"", ""start_date"": ""20190601""}",800,/Users/john/Desktop/shaiwei/shaiwei_init/data/raw/source=tushare/api=index_weight/index=000906.SH/period=2019-06/ingest_date=2026-07-15/20260715T055946.433813Z_d9888551f9664171a5411b1cb08cce99.parquet,72b77f41ba19a6668927921d3db269e68fdc2627f00283cc577daee7f0b68c23,automation
213c75a329db,2026-07-15T05:59:47.079283+00:00,tushare.index_weight,"{""end_date"": ""20190731"", ""fields"": ""index_code,con_code,trade_date,weight"", ""index_code"": ""000300.SH"", ""start_date"": ""20190701""}",300,/Users/john/Desktop/shaiwei/shaiwei_init/data/raw/source=tushare/api=index_weight/index=000300.SH/period=2019-07/ingest_date=2026-07-15/20260715T055947.074811Z_f555ae372c5d476394cadf8dd10128df.parquet,6b2e7ec93d8bd57a985a94508c82b1e958a54481283f50292ae71c33327fae59,automation
ed0cfe34bfab,2026-07-15T05:59:47.838523+00:00,tushare.index_weight,"{""end_date"": ""20190731"", ""fields"": ""index_code,con_code,trade_date,weight"", ""index_code"": ""000906.SH"", ""start_date"": ""20190701""}",800,/Users/john/Desktop/shaiwei/shaiwei_init/data/raw/source=tushare/api=index_weight/index=000906.SH/period=2019-07/ingest_date=2026-07-15/20260715T055947.831317Z_d81b840dbe9640d5a4595dec04f3a16a.parquet,a3f41b28a946f03bb56a1957091257f68cd3c6ca1fb8cc5203f39fa187c3a403,automation
fc910dbefaa0,2026-07-15T05:59:48.469979+00:00,tushare.index_weight,"{""end_date"": ""20190831"", ""fields"": ""index_code,con_code,trade_date,weight"", ""index_code"": ""000300.SH"", ""start_date"": ""20190801""}",300,/Users/john/Desktop/shaiwei/shaiwei_init/data/raw/source=tushare/api=index_weight/index=000300.SH/period=2019-08/ingest_date=2026-07-15/20260715T055948.465150Z_cb0b48d277744d6ba990c21b95ecd56e.parquet,b6c8ec96586343579915626fe35da6abc170a86eaf1ad1e7515f3946f8f565f6,automation
63e0dda67d17,2026-07-15T05:59:50.325259+00:00,tushare.index_weight,"{""end_date"": ""20190831"", ""fields"": ""index_code,con_code,trade_date,weight"", ""index_code"": ""000906.SH"", ""start_date"": ""20190801""}",800,/Users/john/Desktop/shaiwei/shaiwei_init/data/raw/source=tushare/api=index_weight/index=000906.SH/period=2019-08/ingest_date=2026-07-15/20260715T055950.319370Z_539bc5818bf64996b5982be264eafed0.parquet,097a7bb5aa4a986dcdefba62d2b37b4d0bd48576a06b412001050e58763dd2f7,automation
b1eec87f1045,2026-07-15T05:59:51.206181+00:00,tushare.index_weight,"{""end_date"": ""20190930"", ""fields"": ""index_code,con_code,trade_date,weight"", ""index_code"": ""000300.SH"", ""start_date"": ""20190901""}",300,/Users/john/Desktop/shaiwei/shaiwei_init/data/raw/source=tushare/api=index_weight/index=000300.SH/period=2019-09/ingest_date=2026-07-15/20260715T055951.201241Z_543e18e9ac5e415994f2cca70d2d9d24.parquet,d2d15b9733a38d7c1ef7e61451cdad3ab2b267b2b7f6ce31420ecc90cfec8f30,automation
22267f87dd68,2026-07-15T05:59:51.859781+00:00,tushare.index_weight,"{""end_date"": ""20190930"", ""fields"": ""index_code,con_code,trade_date,weight"", ""index_code"": ""000906.SH"", ""start_date"": ""20190901""}",800,/Users/john/Desktop/shaiwei/shaiwei_init/data/raw/source=tushare/api=index_weight/index=000906.SH/period=2019-09/ingest_date=2026-07-15/20260715T055951.855736Z_1e9dc13581d541bfae7237318410b6c2.parquet,e1c01c83e4195cec5c1a300b1447214bb518c9dcb15bf9febc31a8de92b2d0cd,automation
512a6964c351,2026-07-15T05:59:53.614386+00:00,tushare.index_weight,"{""end_date"": ""20191031"", ""fields"": ""index_code,con_code,trade_date,weight"", ""index_code"": ""000300.SH"", ""start_date"": ""20191001""}",300,/Users/john/Desktop/shaiwei/shaiwei_init/data/raw/source=tushare/api=index_weight/index=000300.SH/period=2019-10/ingest_date=2026-07-15/20260715T055953.609778Z_298fcfce365c4e32a047fffc0c6f56a8.parquet,01e952031c892b2ea123c694783545cf3063069cd416208ce397b2bb64a3db5b,automation
0903079d20c2,2026-07-15T05:59:54.241784+00:00,tushare.index_weight,"{""end_date"": ""20191031"", ""fields"": ""index_code,con_code,trade_date,weight"", ""index_code"": ""000906.SH"", ""start_date"": ""20191001""}",800,/Users/john/Desktop/shaiwei/shaiwei_init/data/raw/source=tushare/api=index_weight/index=000906.SH/period=2019-10/ingest_date=2026-07-15/20260715T055954.234197Z_3b8dff7943a14f6fb9aeb6a6664c02d6.parquet,0e2f22a7b7e505f978a888837f40b27a60ee2df751c5c2671ed0efb06cac279e,automation
62d3cd234a1b,2026-07-15T05:59:54.886276+00:00,tushare.index_weight,"{""end_date"": ""20191130"", ""fields"": ""index_code,con_code,trade_date,weight"", ""index_code"": ""000300.SH"", ""start_date"": ""20191101""}",300,/Users/john/Desktop/shaiwei/shaiwei_init/data/raw/source=tushare/api=index_weight/index=000300.SH/period=2019-11/ingest_date=2026-07-15/20260715T055954.883506Z_7491a3cc6bf0456b97ba36ddbd14aea8.parquet,08c009be52b22c220d9282fc26bf0a70848534c618234abd133a1104be47c116,automation
5b544bb896b2,2026-07-15T05:59:55.618444+00:00,tushare.index_weight,"{""end_date"": ""20191130"", ""fields"": ""index_code,con_code,trade_date,weight"", ""index_code"": ""000906.SH"", ""start_date"": ""20191101""}",800,/Users/john/Desktop/shaiwei/shaiwei_init/data/raw/source=tushare/api=index_weight/index=000906.SH/period=2019-11/ingest_date=2026-07-15/20260715T055955.613037Z_46cf1940c7b44f60b11306ef23182041.parquet,675fd2b612f24ee0457996f3d95a1dfffbed017033579c4446e47d3edcb3c7ab,automation
cf3cafc42df2,2026-07-15T05:59:56.251812+00:00,tushare.index_weight,"{""end_date"": ""20191231"", ""fields"": ""index_code,con_code,trade_date,weight"", ""index_code"": ""000300.SH"", ""start_date"": ""20191201""}",300,/Users/john/Desktop/shaiwei/shaiwei_init/data/raw/source=tushare/api=index_weight/index=000300.SH/period=2019-12/ingest_date=2026-07-15/20260715T055956.244568Z_ae26b976320f4411a6191e54d016fde6.parquet,577b4a6aeee5c4d627d1b73001205ceaf1df41cfd129ce9b7edade7a67239173,automation
712622b23fc3,2026-07-15T05:59:57.290441+00:00,tushare.index_weight,"{""end_date"": ""20191231"", ""fields"": ""index_code,con_code,trade_date,weight"", ""index_code"": ""000906.SH"", ""start_date"": ""20191201""}",800,/Users/john/Desktop/shaiwei/shaiwei_init/data/raw/source=tushare/api=index_weight/index=000906.SH/period=2019-12/ingest_date=2026-07-15/20260715T055957.286745Z_ccdf41fb8f994aa2b3d26766f2461137.parquet,3b97da7b13553c8b2b1d0ed8f107fa3f6292eefb1cdecd01965562cd46a13e64,automation
f76981580423,2026-07-15T05:59:57.935093+00:00,tushare.index_weight,"{""end_date"": ""20200131"", ""fields"": ""index_code,con_code,trade_date,weight"", ""index_code"": ""000300.SH"", ""start_date"": ""20200101""}",300,/Users/john/Desktop/shaiwei/shaiwei_init/data/raw/source=tushare/api=index_weight/index=000300.SH/period=2020-01/ingest_date=2026-07-15/20260715T055957.932026Z_454e46e545724140a6881b6fe08cc9d7.parquet,131e9970892cac2c574c03cadd6c417e07e04c172e53da2035acd99c99f2262f,automation
5953d2d56384,2026-07-15T05:59:58.571055+00:00,tushare.index_weight,"{""end_date"": ""20200131"", ""fields"": ""index_code,con_code,trade_date,weight"", ""index_code"": ""000906.SH"", ""start_date"": ""20200101""}",800,/Users/john/Desktop/shaiwei/shaiwei_init/data/raw/source=tushare/api=index_weight/index=000906.SH/period=2020-01/ingest_date=2026-07-15/20260715T055958.565281Z_f3419887eef94600af8bddefa1b96efe.parquet,352646cea63e1660e6c9ae9fcd12e25634da33048095a657c9e775252e442384,automation
ca8e66426c68,2026-07-15T05:59:59.263526+00:00,tushare.index_weight,"{""end_date"": ""20200229"", ""fields"": ""index_code,con_code,trade_date,weight"", ""index_code"": ""000300.SH"", ""start_date"": ""20200201""}",300,/Users/john/Desktop/shaiwei/shaiwei_init/data/raw/source=tushare/api=index_weight/index=000300.SH/period=2020-02/ingest_date=2026-07-15/20260715T055959.259002Z_0cc700129db74f0eaf05d3785e16baed.parquet,0c4e126875b936a2351c9424eb828d20882c11920b17c56ad969a4b36ea6385e,automation
ae1b0a414248,2026-07-15T06:00:00.232565+00:00,tushare.index_weight,"{""end_date"": ""20200229"", ""fields"": ""index_code,con_code,trade_date,weight"", ""index_code"": ""000906.SH"", ""start_date"": ""20200201""}",800,/Users/john/Desktop/shaiwei/shaiwei_init/data/raw/source=tushare/api=index_weight/index=000906.SH/period=2020-02/ingest_date=2026-07-15/20260715T060000.227169Z_bf399d8487ee4dcabc70d2bf70d41b80.parquet,915ccd6392df3007382ee703c01a33f5e132e4517a41812f3e1ae99dbc4c9c2b,automation
bd04a719c789,2026-07-15T06:00:00.865894+00:00,tushare.index_weight,"{""end_date"": ""20200331"", ""fields"": ""index_code,con_code,trade_date,weight"", ""index_code"": ""000300.SH"", ""start_date"": ""20200301""}",300,/Users/john/Desktop/shaiwei/shaiwei_init/data/raw/source=tushare/api=index_weight/index=000300.SH/period=2020-03/ingest_date=2026-07-15/20260715T060000.862171Z_d244072f8c404c1cab94b3be89783f47.parquet,03f9f154d667f6114d0397c672f79a9c94fd6f56e105880272d538129f6ffb8d,automation
79d0a53139e4,2026-07-15T06:00:01.530282+00:00,tushare.index_weight,"{""end_date"": ""20200331"", ""fields"": ""index_code,con_code,trade_date,weight"", ""index_code"": ""000906.SH"", ""start_date"": ""20200301""}",800,/Users/john/Desktop/shaiwei/shaiwei_init/data/raw/source=tushare/api=index_weight/index=000906.SH/period=2020-03/ingest_date=2026-07-15/20260715T060001.527759Z_3cb58d6502464a82afbed00c39d2d830.parquet,aaed4eee91643ca5303f7297fbdb46dc0dc1dfc641217c9646f3960a8b67b9b5,automation
516a2eef77a9,2026-07-15T06:00:02.231403+00:00,tushare.index_weight,"{""end_date"": ""20200430"", ""fields"": ""index_code,con_code,trade_date,weight"", ""index_code"": ""000300.SH"", ""start_date"": ""20200401""}",300,/Users/john/Desktop/shaiwei/shaiwei_init/data/raw/source=tushare/api=index_weight/index=000300.SH/period=2020-04/ingest_date=2026-07-15/20260715T060002.226930Z_41b1d6ead5d74361955665ec09721b77.parquet,13b267e43f269e2bb82d289c6f09f21befae4b6e20c070375c6842b6600efe7c,automation
9fa8fcc93584,2026-07-15T06:00:02.864249+00:00,tushare.index_weight,"{""end_date"": ""20200430"", ""fields"": ""index_code,con_code,trade_date,weight"", ""index_code"": ""000906.SH"", ""start_date"": ""20200401""}",800,/Users/john/Desktop/shaiwei/shaiwei_init/data/raw/source=tushare/api=index_weight/index=000906.SH/period=2020-04/ingest_date=2026-07-15/20260715T060002.859891Z_28868c8d40824f25b7cc050f7a1dd3cb.parquet,026e9ea7ded4b71832c856185bd9ef84209e55798338b36c659d09a9b8e55ba3,automation
cbcdf1eb6b70,2026-07-15T06:00:03.483961+00:00,tushare.index_weight,"{""end_date"": ""20200531"", ""fields"": ""index_code,con_code,trade_date,weight"", ""index_code"": ""000300.SH"", ""start_date"": ""20200501""}",300,/Users/john/Desktop/shaiwei/shaiwei_init/data/raw/source=tushare/api=index_weight/index=000300.SH/period=2020-05/ingest_date=2026-07-15/20260715T060003.479372Z_c9c7e1065f914c5185cf0d7bb5288cf0.parquet,75fb0ffda4ef248d8f50ca8dfd44913c733f382fdbfaeddd9d96c56dfb6b9e72,automation
bcf33ccbba3d,2026-07-15T06:00:04.144790+00:00,tushare.index_weight,"{""end_date"": ""20200531"", ""fields"": ""index_code,con_code,trade_date,weight"", ""index_code"": ""000906.SH"", ""start_date"": ""20200501""}",800,/Users/john/Desktop/shaiwei/shaiwei_init/data/raw/source=tushare/api=index_weight/index=000906.SH/period=2020-05/ingest_date=2026-07-15/20260715T060004.139118Z_ec64050ea637496e8f1b1412d1313fa9.parquet,43806244b6f19f8b9b79fbd77e4c49107995f9c499d39a8df6c6ede1cdeaf97a,automation
f455a3d8afc8,2026-07-15T06:00:04.844664+00:00,tushare.index_weight,"{""end_date"": ""20200630"", ""fields"": ""index_code,con_code,trade_date,weight"", ""index_code"": ""000300.SH"", ""start_date"": ""20200601""}",300,/Users/john/Desktop/shaiwei/shaiwei_init/data/raw/source=tushare/api=index_weight/index=000300.SH/period=2020-06/ingest_date=2026-07-15/20260715T060004.841305Z_f5435666423c4e66b8b26088d8b3f544.parquet,3d475b2cf1e74e1d65ee62eb6cc9488772fb9e0a7c228d340f9d5793252e9b93,automation
e14f6763549d,2026-07-15T06:00:05.946695+00:00,tushare.index_weight,"{""end_date"": ""20200630"", ""fields"": ""index_code,con_code,trade_date,weight"", ""index_code"": ""000906.SH"", ""start_date"": ""20200601""}",800,/Users/john/Desktop/shaiwei/shaiwei_init/data/raw/source=tushare/api=index_weight/index=000906.SH/period=2020-06/ingest_date=2026-07-15/20260715T060005.942313Z_eec8e650a5374e00a951442aaba48910.parquet,24cb8b3ab973c422af14559a6f6355155f22ceb901fbebe9e55d2a51d2bcd56b,automation
4317c3445a38,2026-07-15T06:00:06.601232+00:00,tushare.index_weight,"{""end_date"": ""20200731"", ""fields"": ""index_code,con_code,trade_date,weight"", ""index_code"": ""000300.SH"", ""start_date"": ""20200701""}",300,/Users/john/Desktop/shaiwei/shaiwei_init/data/raw/source=tushare/api=index_weight/index=000300.SH/period=2020-07/ingest_date=2026-07-15/20260715T060006.596871Z_f1fa7a20628b4858af86a259823dd6b5.parquet,e431697b40c6073fbbb611463927cb3080d7dc8ef9e4f3c4c8711a92535cc610,automation
60169d822494,2026-07-15T06:00:07.263099+00:00,tushare.index_weight,"{""end_date"": ""20200731"", ""fields"": ""index_code,con_code,trade_date,weight"", ""index_code"": ""000906.SH"", ""start_date"": ""20200701""}",800,/Users/john/Desktop/shaiwei/shaiwei_init/data/raw/source=tushare/api=index_weight/index=000906.SH/period=2020-07/ingest_date=2026-07-15/20260715T060007.257732Z_12edb01c647a41dfa5f5a3027dd0a036.parquet,40544db8e845617e6bfa0a7e073e08ded02a26ab464887c8aa9120958e2dd780,automation
b4b75b4a7f41,2026-07-15T06:00:07.887602+00:00,tushare.index_weight,"{""end_date"": ""20200831"", ""fields"": ""index_code,con_code,trade_date,weight"", ""index_code"": ""000300.SH"", ""start_date"": ""20200801""}",300,/Users/john/Desktop/shaiwei/shaiwei_init/data/raw/source=tushare/api=index_weight/index=000300.SH/period=2020-08/ingest_date=2026-07-15/20260715T060007.885791Z_784031c3bdb144669061b55a9355ed05.parquet,7748b513e0d6006029369e98fd2dd256b1d3f1c932aa0b164ab047576757ef25,automation
5458d9252888,2026-07-15T06:00:08.536773+00:00,tushare.index_weight,"{""end_date"": ""20200831"", ""fields"": ""index_code,con_code,trade_date,weight"", ""index_code"": ""000906.SH"", ""start_date"": ""20200801""}",800,/Users/john/Desktop/shaiwei/shaiwei_init/data/raw/source=tushare/api=index_weight/index=000906.SH/period=2020-08/ingest_date=2026-07-15/20260715T060008.530963Z_8e559739e20048e796aa0277192cfb6c.parquet,e70df33b8a3a14e4188d80ae9eebfe782b9a4d9c3fc74fd546ec58bb0adec5ec,automation
04466f2dc55b,2026-07-15T06:00:09.282450+00:00,tushare.index_weight,"{""end_date"": ""20200930"", ""fields"": ""index_code,con_code,trade_date,weight"", ""index_code"": ""000300.SH"", ""start_date"": ""20200901""}",300,/Users/john/Desktop/shaiwei/shaiwei_init/data/raw/source=tushare/api=index_weight/index=000300.SH/period=2020-09/ingest_date=2026-07-15/20260715T060009.280831Z_ab6039a045fa4befbafdacc4bfb8b44d.parquet,b3559c543d7dd7b133204ae4982505881f8a8ba66e6ae885d4aacb98573d1082,automation
342afc98392f,2026-07-15T06:00:10.632733+00:00,tushare.index_weight,"{""end_date"": ""20200930"", ""fields"": ""index_code,con_code,trade_date,weight"", ""index_code"": ""000906.SH"", ""start_date"": ""20200901""}",800,/Users/john/Desktop/shaiwei/shaiwei_init/data/raw/source=tushare/api=index_weight/index=000906.SH/period=2020-09/ingest_date=2026-07-15/20260715T060010.626196Z_00336f74119546f38a777cc76d09369f.parquet,9354b1ead8c0d9c4d4a7497f987ef662739b0663d308d05eea3a2dacae7b696c,automation
a352c0e054a7,2026-07-15T06:00:11.283074+00:00,tushare.index_weight,"{""end_date"": ""20201031"", ""fields"": ""index_code,con_code,trade_date,weight"", ""index_code"": ""000300.SH"", ""start_date"": ""20201001""}",300,/Users/john/Desktop/shaiwei/shaiwei_init/data/raw/source=tushare/api=index_weight/index=000300.SH/period=2020-10/ingest_date=2026-07-15/20260715T060011.278919Z_221fb5f5d29d4c95b877ea3a667d7195.parquet,260de8270a6b65e183030560382027135e2cdc805763521fa7c74701444873d9,automation
fe4a3f0da4ad,2026-07-15T06:00:11.911562+00:00,tushare.index_weight,"{""end_date"": ""20201031"", ""fields"": ""index_code,con_code,trade_date,weight"", ""index_code"": ""000906.SH"", ""start_date"": ""20201001""}",800,/Users/john/Desktop/shaiwei/shaiwei_init/data/raw/source=tushare/api=index_weight/index=000906.SH/period=2020-10/ingest_date=2026-07-15/20260715T060011.907280Z_e3a45bdf010e47a481fbc2cc8112380c.parquet,832e36d782350707aba6b7d9bd19c98610e980b48ffec2eed96705e641b9002f,automation
b3a99747416f,2026-07-15T06:00:13.695926+00:00,tushare.index_weight,"{""end_date"": ""20201130"", ""fields"": ""index_code,con_code,trade_date,weight"", ""index_code"": ""000300.SH"", ""start_date"": ""20201101""}",300,/Users/john/Desktop/shaiwei/shaiwei_init/data/raw/source=tushare/api=index_weight/index=000300.SH/period=2020-11/ingest_date=2026-07-15/20260715T060013.690698Z_12a9042a8bce426abfb2e7294859ca28.parquet,a872ef3e323bd4f1afd8901770d9ee96aca52b202453aaafde5c5e145a057183,automation
488d47bc5490,2026-07-15T06:00:14.358831+00:00,tushare.index_weight,"{""end_date"": ""20201130"", ""fields"": ""index_code,con_code,trade_date,weight"", ""index_code"": ""000906.SH"", ""start_date"": ""20201101""}",800,/Users/john/Desktop/shaiwei/shaiwei_init/data/raw/source=tushare/api=index_weight/index=000906.SH/period=2020-11/ingest_date=2026-07-15/20260715T060014.355340Z_86c938cf236243fc9efb0b60614287dd.parquet,610ec82c1b46e1bf84a568e6be107798ecddd64af2edc4c85912462efe5c3117,automation
775872292646,2026-07-15T06:00:15.008553+00:00,tushare.index_weight,"{""end_date"": ""20201231"", ""fields"": ""index_code,con_code,trade_date,weight"", ""index_code"": ""000300.SH"", ""start_date"": ""20201201""}",300,/Users/john/Desktop/shaiwei/shaiwei_init/data/raw/source=tushare/api=index_weight/index=000300.SH/period=2020-12/ingest_date=2026-07-15/20260715T060015.005324Z_f351b77b5aaf4821bf0ac0cb9ac4e0fe.parquet,edb6bb1974d57f4303923d0aaacd5b992a377dbad8da561ebbcda6af26f59ac5,automation
b9d1b3ba676f,2026-07-15T06:00:16.749018+00:00,tushare.index_weight,"{""end_date"": ""20201231"", ""fields"": ""index_code,con_code,trade_date,weight"", ""index_code"": ""000906.SH"", ""start_date"": ""20201201""}",800,/Users/john/Desktop/shaiwei/shaiwei_init/data/raw/source=tushare/api=index_weight/index=000906.SH/period=2020-12/ingest_date=2026-07-15/20260715T060016.743405Z_bead22f9780249c3802163b22ece76a8.parquet,6c50e28bb3b2e21e842325aa1bc4b5e3617529da24416730091d949961d9d421,automation
82c459d0c446,2026-07-15T06:00:17.580688+00:00,tushare.index_weight,"{""end_date"": ""20210131"", ""fields"": ""index_code,con_code,trade_date,weight"", ""index_code"": ""000300.SH"", ""start_date"": ""20210101""}",300,/Users/john/Desktop/shaiwei/shaiwei_init/data/raw/source=tushare/api=index_weight/index=000300.SH/period=2021-01/ingest_date=2026-07-15/20260715T060017.578306Z_ca9070dffb8b4962b1f8591f61d0a6d6.parquet,c82a01e1d9b3cdb1aa229d3f86125c147e13a298b2ac08c3397cd96f5cac981e,automation
170ca0ca5631,2026-07-15T06:00:18.340119+00:00,tushare.index_weight,"{""end_date"": ""20210131"", ""fields"": ""index_code,con_code,trade_date,weight"", ""index_code"": ""000906.SH"", ""start_date"": ""20210101""}",800,/Users/john/Desktop/shaiwei/shaiwei_init/data/raw/source=tushare/api=index_weight/index=000906.SH/period=2021-01/ingest_date=2026-07-15/20260715T060018.334504Z_b7bd9c7be4ae458cbcfc29895c01c707.parquet,502a2585c72569efa9db94c62ecf9c3edd46aa6c041222d3ee0c274891f9bd3d,automation
7f0be721be7b,2026-07-15T06:00:19.053014+00:00,tushare.index_weight,"{""end_date"": ""20210228"", ""fields"": ""index_code,con_code,trade_date,weight"", ""index_code"": ""000300.SH"", ""start_date"": ""20210201""}",300,/Users/john/Desktop/shaiwei/shaiwei_init/data/raw/source=tushare/api=index_weight/index=000300.SH/period=2021-02/ingest_date=2026-07-15/20260715T060019.047183Z_8a8c80977e474879be8c9e4293e6a3a4.parquet,f7bc745ffb5935d7535ea11a3c72c7c93730acf147eb0568725381e3450f2e4f,automation
df3924ba2be5,2026-07-15T06:00:19.847754+00:00,tushare.index_weight,"{""end_date"": ""20210228"", ""fields"": ""index_code,con_code,trade_date,weight"", ""index_code"": ""000906.SH"", ""start_date"": ""20210201""}",800,/Users/john/Desktop/shaiwei/shaiwei_init/data/raw/source=tushare/api=index_weight/index=000906.SH/period=2021-02/ingest_date=2026-07-15/20260715T060019.843269Z_17d6ab29b1f44d85a751adfac55f1924.parquet,5445ce464d92a5ad221175539a90f74a24becfaf2cc3f03e8ad39d772a2b6293,automation
e04fd3ad3773,2026-07-15T06:00:20.481133+00:00,tushare.index_weight,"{""end_date"": ""20210331"", ""fields"": ""index_code,con_code,trade_date,weight"", ""index_code"": ""000300.SH"", ""start_date"": ""20210301""}",300,/Users/john/Desktop/shaiwei/shaiwei_init/data/raw/source=tushare/api=index_weight/index=000300.SH/period=2021-03/ingest_date=2026-07-15/20260715T060020.476480Z_d91cc13bf90a482e8567b9e3388a94fc.parquet,a6fd933886b445c3bed41efdb1c35c59d4f18cc88852d5b5181003fbd7390500,automation
871554fdf4a7,2026-07-15T06:00:22.470762+00:00,tushare.index_weight,"{""end_date"": ""20210331"", ""fields"": ""index_code,con_code,trade_date,weight"", ""index_code"": ""000906.SH"", ""start_date"": ""20210301""}",800,/Users/john/Desktop/shaiwei/shaiwei_init/data/raw/source=tushare/api=index_weight/index=000906.SH/period=2021-03/ingest_date=2026-07-15/20260715T060022.465349Z_7cec2b870014453b93d416bdb0b17efb.parquet,07eec86094bcdcc438eb43f005d50d76f551d958979f42dada8c040d98fc294a,automation
11b0a46ac2fd,2026-07-15T06:00:24.126769+00:00,tushare.index_weight,"{""end_date"": ""20210430"", ""fields"": ""index_code,con_code,trade_date,weight"", ""index_code"": ""000300.SH"", ""start_date"": ""20210401""}",300,/Users/john/Desktop/shaiwei/shaiwei_init/data/raw/source=tushare/api=index_weight/index=000300.SH/period=2021-04/ingest_date=2026-07-15/20260715T060024.121368Z_8643ef8a05f2491386ed774c55b495a6.parquet,b136402cf340f826e9b8844ca588babd5a75cf53bc28b411d92378564be96f55,automation
799703ad2147,2026-07-15T06:00:24.753655+00:00,tushare.index_weight,"{""end_date"": ""20210430"", ""fields"": ""index_code,con_code,trade_date,weight"", ""index_code"": ""000906.SH"", ""start_date"": ""20210401""}",800,/Users/john/Desktop/shaiwei/shaiwei_init/data/raw/source=tushare/api=index_weight/index=000906.SH/period=2021-04/ingest_date=2026-07-15/20260715T060024.746540Z_1b845f25fe4b42fb960c3b882469238f.parquet,fd07d362e81077a72c1fbc8b736f7d708503838ebde501b0bb102d1e384e3a45,automation
dc2f39af2517,2026-07-15T06:00:25.385266+00:00,tushare.index_weight,"{""end_date"": ""20210531"", ""fields"": ""index_code,con_code,trade_date,weight"", ""index_code"": ""000300.SH"", ""start_date"": ""20210501""}",300,/Users/john/Desktop/shaiwei/shaiwei_init/data/raw/source=tushare/api=index_weight/index=000300.SH/period=2021-05/ingest_date=2026-07-15/20260715T060025.380204Z_8bd37a635a3e45848c9c9b07d2df02a1.parquet,5f6ba49a53c9493f7d5c527633334c7b6dc5225a09dae0e1734a62b795f3e02c,automation
610a071d3e54,2026-07-15T06:00:26.027107+00:00,tushare.index_weight,"{""end_date"": ""20210531"", ""fields"": ""index_code,con_code,trade_date,weight"", ""index_code"": ""000906.SH"", ""start_date"": ""20210501""}",800,/Users/john/Desktop/shaiwei/shaiwei_init/data/raw/source=tushare/api=index_weight/index=000906.SH/period=2021-05/ingest_date=2026-07-15/20260715T060026.024768Z_cff6aec996d24105ad6fe4ab5dd02492.parquet,b8cab88ccfcecadb264579d94e87022fcaf08c606e4e16d6e32a2f10865b07fc,automation
48a00b2e9050,2026-07-15T06:00:26.676918+00:00,tushare.index_weight,"{""end_date"": ""20210630"", ""fields"": ""index_code,con_code,trade_date,weight"", ""index_code"": ""000300.SH"", ""start_date"": ""20210601""}",300,/Users/john/Desktop/shaiwei/shaiwei_init/data/raw/source=tushare/api=index_weight/index=000300.SH/period=2021-06/ingest_date=2026-07-15/20260715T060026.673539Z_38e09ece53ae48ef87c1307262771630.parquet,e2373ddc3a39716bd712c1efea00fe30ad245b3aa04baa46cb637e8dabd16711,automation
a8528e2e2928,2026-07-15T06:00:27.340264+00:00,tushare.index_weight,"{""end_date"": ""20210630"", ""fields"": ""index_code,con_code,trade_date,weight"", ""index_code"": ""000906.SH"", ""start_date"": ""20210601""}",800,/Users/john/Desktop/shaiwei/shaiwei_init/data/raw/source=tushare/api=index_weight/index=000906.SH/period=2021-06/ingest_date=2026-07-15/20260715T060027.336926Z_8cc1da4e1975449586fff443e6f37064.parquet,be1b99c1c728487d8cfecd6012960e53ba764d41d220ce8b658c80bb6b1a9aba,automation
1272caa3502e,2026-07-15T06:00:28.386619+00:00,tushare.index_weight,"{""end_date"": ""20210731"", ""fields"": ""index_code,con_code,trade_date,weight"", ""index_code"": ""000300.SH"", ""start_date"": ""20210701""}",300,/Users/john/Desktop/shaiwei/shaiwei_init/data/raw/source=tushare/api=index_weight/index=000300.SH/period=2021-07/ingest_date=2026-07-15/20260715T060028.384872Z_0114b6d31575476a96daa832d5a61878.parquet,a07bf5e5e989382b7a86f04a27af7dbfe3893bd6fd6df2746140dc32792ce689,automation
721c62c9db1e,2026-07-15T06:00:29.053011+00:00,tushare.index_weight,"{""end_date"": ""20210731"", ""fields"": ""index_code,con_code,trade_date,weight"", ""index_code"": ""000906.SH"", ""start_date"": ""20210701""}",800,/Users/john/Desktop/shaiwei/shaiwei_init/data/raw/source=tushare/api=index_weight/index=000906.SH/period=2021-07/ingest_date=2026-07-15/20260715T060029.048102Z_8b744f1f0b54428d8ec17535f9dc6c08.parquet,2e79248648649391a77f2f1c8570a0a328bb59a7d93c3d23109b689e8242f7b2,automation
2d889a844d71,2026-07-15T06:00:29.671394+00:00,tushare.index_weight,"{""end_date"": ""20210831"", ""fields"": ""index_code,con_code,trade_date,weight"", ""index_code"": ""000300.SH"", ""start_date"": ""20210801""}",300,/Users/john/Desktop/shaiwei/shaiwei_init/data/raw/source=tushare/api=index_weight/index=000300.SH/period=2021-08/ingest_date=2026-07-15/20260715T060029.666458Z_9d7193f304e5470aafa4495bb7f11a3e.parquet,c800d6297dea445666619f30d82d6f1653d4dc274e772c8f39a85d8c402958b7,automation
f45556abd103,2026-07-15T06:00:30.323351+00:00,tushare.index_weight,"{""end_date"": ""20210831"", ""fields"": ""index_code,con_code,trade_date,weight"", ""index_code"": ""000906.SH"", ""start_date"": ""20210801""}",800,/Users/john/Desktop/shaiwei/shaiwei_init/data/raw/source=tushare/api=index_weight/index=000906.SH/period=2021-08/ingest_date=2026-07-15/20260715T060030.309794Z_db76cb928b2747a69996d49f0a50635b.parquet,ec2297563df913fa25b4c3f43f1cb07b0136dce69a2693397497e0d03659f54a,automation
5b1d755f9101,2026-07-15T06:00:30.954559+00:00,tushare.index_weight,"{""end_date"": ""20210930"", ""fields"": ""index_code,con_code,trade_date,weight"", ""index_code"": ""000300.SH"", ""start_date"": ""20210901""}",300,/Users/john/Desktop/shaiwei/shaiwei_init/data/raw/source=tushare/api=index_weight/index=000300.SH/period=2021-09/ingest_date=2026-07-15/20260715T060030.947976Z_eeee18b352cc41538536ad8b2cb09d1a.parquet,7caff27554a5499c93cd1ff4edf0357d56bac6f08dec5ce9904ede1b35857b4d,automation
90cccd11dc7a,2026-07-15T06:00:31.714407+00:00,tushare.index_weight,"{""end_date"": ""20210930"", ""fields"": ""index_code,con_code,trade_date,weight"", ""index_code"": ""000906.SH"", ""start_date"": ""20210901""}",800,/Users/john/Desktop/shaiwei/shaiwei_init/data/raw/source=tushare/api=index_weight/index=000906.SH/period=2021-09/ingest_date=2026-07-15/20260715T060031.708346Z_5de398c945da44068a6b4b47bc6ca938.parquet,27ca940a3ee07ddc99e865e832e222f88c66ead5c99b7d213446416a30471d0b,automation
4c284b00ba7f,2026-07-15T06:00:32.354396+00:00,tushare.index_weight,"{""end_date"": ""20211031"", ""fields"": ""index_code,con_code,trade_date,weight"", ""index_code"": ""000300.SH"", ""start_date"": ""20211001""}",300,/Users/john/Desktop/shaiwei/shaiwei_init/data/raw/source=tushare/api=index_weight/index=000300.SH/period=2021-10/ingest_date=2026-07-15/20260715T060032.351226Z_e43dc01b8cae4fce86b3ecb7e462d010.parquet,8d47a04ef4b1ee32398dca63859a7bfb99c23bd59af04f0958243176938e1c84,automation
18a9760fcbc0,2026-07-15T06:00:32.990328+00:00,tushare.index_weight,"{""end_date"": ""20211031"", ""fields"": ""index_code,con_code,trade_date,weight"", ""index_code"": ""000906.SH"", ""start_date"": ""20211001""}",800,/Users/john/Desktop/shaiwei/shaiwei_init/data/raw/source=tushare/api=index_weight/index=000906.SH/period=2021-10/ingest_date=2026-07-15/20260715T060032.985123Z_67fa698c91c548cda081e90288c991b8.parquet,061a97811657e4c399aafb50d83b36788fe74889d7c7668787ba47bd05938a5e,automation
0a9c9762fd5f,2026-07-15T06:00:33.628802+00:00,tushare.index_weight,"{""end_date"": ""20211130"", ""fields"": ""index_code,con_code,trade_date,weight"", ""index_code"": ""000300.SH"", ""start_date"": ""20211101""}",300,/Users/john/Desktop/shaiwei/shaiwei_init/data/raw/source=tushare/api=index_weight/index=000300.SH/period=2021-11/ingest_date=2026-07-15/20260715T060033.624437Z_0852afc86fec4c3eb718a84ff01b7d93.parquet,fbcb91dd285577b06c42fcc890aad8f843014d9ad81d8afa4cc4be31e7933944,automation
f3e4e93d291f,2026-07-15T06:00:34.530421+00:00,tushare.index_weight,"{""end_date"": ""20211130"", ""fields"": ""index_code,con_code,trade_date,weight"", ""index_code"": ""000906.SH"", ""start_date"": ""20211101""}",800,/Users/john/Desktop/shaiwei/shaiwei_init/data/raw/source=tushare/api=index_weight/index=000906.SH/period=2021-11/ingest_date=2026-07-15/20260715T060034.524123Z_c22aa72dc4cd4175ad9f0b3c77d34758.parquet,f3e1bf0affe7f4daf535dfb433c4e86cf7d4e336ff74717089ea85b32eb1ed64,automation
d7e03727b410,2026-07-15T06:00:35.161866+00:00,tushare.index_weight,"{""end_date"": ""20211231"", ""fields"": ""index_code,con_code,trade_date,weight"", ""index_code"": ""000300.SH"", ""start_date"": ""20211201""}",300,/Users/john/Desktop/shaiwei/shaiwei_init/data/raw/source=tushare/api=index_weight/index=000300.SH/period=2021-12/ingest_date=2026-07-15/20260715T060035.154338Z_73299bcc37104ea6b7abc7dd949394a3.parquet,1bbe3f97885d73734e194372d253a2d9a5f6dd340fab151ce3a920141e2c9190,automation
eddf2ff2b6d6,2026-07-15T06:00:36.126924+00:00,tushare.index_weight,"{""end_date"": ""20211231"", ""fields"": ""index_code,con_code,trade_date,weight"", ""index_code"": ""000906.SH"", ""start_date"": ""20211201""}",800,/Users/john/Desktop/shaiwei/shaiwei_init/data/raw/source=tushare/api=index_weight/index=000906.SH/period=2021-12/ingest_date=2026-07-15/20260715T060036.123306Z_cfd7e568973847efb4f789612221895a.parquet,15540de03bf1c3bff09b611a29cd8e6c43a2e7d9efe035e960f1c6c19ff5e370,automation
1204197aff2a,2026-07-15T06:00:36.926613+00:00,tushare.index_weight,"{""end_date"": ""20220131"", ""fields"": ""index_code,con_code,trade_date,weight"", ""index_code"": ""000300.SH"", ""start_date"": ""20220101""}",300,/Users/john/Desktop/shaiwei/shaiwei_init/data/raw/source=tushare/api=index_weight/index=000300.SH/period=2022-01/ingest_date=2026-07-15/20260715T060036.919249Z_184c086cc88a48adae548e67ef55fbf1.parquet,8a11ce955d51c13eaf94dca5a9d6a0269098886ab26936a60117cef6110da83e,automation
c479281ff2d3,2026-07-15T06:00:38.573279+00:00,tushare.index_weight,"{""end_date"": ""20220131"", ""fields"": ""index_code,con_code,trade_date,weight"", ""index_code"": ""000906.SH"", ""start_date"": ""20220101""}",800,/Users/john/Desktop/shaiwei/shaiwei_init/data/raw/source=tushare/api=index_weight/index=000906.SH/period=2022-01/ingest_date=2026-07-15/20260715T060038.568544Z_572a2b241943490a87fe19514043132e.parquet,12f87f9470fdfdcb2b6711a058e1f112f372cb8bb010b15203a46ecf4caf201c,automation
773790704fb2,2026-07-15T06:00:39.602988+00:00,tushare.index_weight,"{""end_date"": ""20220228"", ""fields"": ""index_code,con_code,trade_date,weight"", ""index_code"": ""000300.SH"", ""start_date"": ""20220201""}",300,/Users/john/Desktop/shaiwei/shaiwei_init/data/raw/source=tushare/api=index_weight/index=000300.SH/period=2022-02/ingest_date=2026-07-15/20260715T060039.586025Z_0d6781c9190f462a9aa51d7fda9a8d33.parquet,05ac1d54440e849b94e1043c828903196b437ca764af8705b864af8dd1eaccfe,automation
b4d896932285,2026-07-15T06:00:40.241514+00:00,tushare.index_weight,"{""end_date"": ""20220228"", ""fields"": ""index_code,con_code,trade_date,weight"", ""index_code"": ""000906.SH"", ""start_date"": ""20220201""}",800,/Users/john/Desktop/shaiwei/shaiwei_init/data/raw/source=tushare/api=index_weight/index=000906.SH/period=2022-02/ingest_date=2026-07-15/20260715T060040.235915Z_57e931e1d5314d75a0cbc265d00a352e.parquet,144788095bd76217fc66ec4361a0528d80c8e68bd7402d11dd836ae6bbf10a69,automation
27efc972f6c0,2026-07-15T06:00:40.947661+00:00,tushare.index_weight,"{""end_date"": ""20220331"", ""fields"": ""index_code,con_code,trade_date,weight"", ""index_code"": ""000300.SH"", ""start_date"": ""20220301""}",300,/Users/john/Desktop/shaiwei/shaiwei_init/data/raw/source=tushare/api=index_weight/index=000300.SH/period=2022-03/ingest_date=2026-07-15/20260715T060040.943707Z_dd7ca84b097740d69e66c5de215aaab8.parquet,f350135e2538992be11d14e4ecc60f90df35e4a188ac58b947c879eeb6821403,automation
fc64b5903fff,2026-07-15T06:00:42.085012+00:00,tushare.index_weight,"{""end_date"": ""20220331"", ""fields"": ""index_code,con_code,trade_date,weight"", ""index_code"": ""000906.SH"", ""start_date"": ""20220301""}",800,/Users/john/Desktop/shaiwei/shaiwei_init/data/raw/source=tushare/api=index_weight/index=000906.SH/period=2022-03/ingest_date=2026-07-15/20260715T060042.077061Z_4e32ba26a6bf4dbc9d0161d180210aa3.parquet,2c2fe1dc6ded3ef1c6afd01e5eef2c4a0d424ec3f17bc49089f8fa391548b7d5,automation
7f8b7e025ba6,2026-07-15T06:00:42.797671+00:00,tushare.index_weight,"{""end_date"": ""20220430"", ""fields"": ""index_code,con_code,trade_date,weight"", ""index_code"": ""000300.SH"", ""start_date"": ""20220401""}",300,/Users/john/Desktop/shaiwei/shaiwei_init/data/raw/source=tushare/api=index_weight/index=000300.SH/period=2022-04/ingest_date=2026-07-15/20260715T060042.792220Z_bcb874a14c6d4112b28efe0b6da4196f.parquet,aefde673b3ef87e81704f9fb1e82453025c62188b3147a66f98724e015f4d46f,automation
5ffedf950db5,2026-07-15T06:00:43.530481+00:00,tushare.index_weight,"{""end_date"": ""20220430"", ""fields"": ""index_code,con_code,trade_date,weight"", ""index_code"": ""000906.SH"", ""start_date"": ""20220401""}",800,/Users/john/Desktop/shaiwei/shaiwei_init/data/raw/source=tushare/api=index_weight/index=000906.SH/period=2022-04/ingest_date=2026-07-15/20260715T060043.525079Z_27f6d13022a24355b7ee00867b17c231.parquet,498ae38f8f59b71f6ae9d7f7cc397ca594bcb14033b95f7673e3d0c5111adcc6,automation
63280c1cd69f,2026-07-15T06:00:44.523305+00:00,tushare.index_weight,"{""end_date"": ""20220531"", ""fields"": ""index_code,con_code,trade_date,weight"", ""index_code"": ""000300.SH"", ""start_date"": ""20220501""}",300,/Users/john/Desktop/shaiwei/shaiwei_init/data/raw/source=tushare/api=index_weight/index=000300.SH/period=2022-05/ingest_date=2026-07-15/20260715T060044.521394Z_db0c1850eaa54105937e0c1d05b77a51.parquet,4fda5b7603fc0baa57f77897cf42b314540e25cb0e19723a045af7feda849ae9,automation
c86645d5d90a,2026-07-15T06:00:45.239458+00:00,tushare.index_weight,"{""end_date"": ""20220531"", ""fields"": ""index_code,con_code,trade_date,weight"", ""index_code"": ""000906.SH"", ""start_date"": ""20220501""}",800,/Users/john/Desktop/shaiwei/shaiwei_init/data/raw/source=tushare/api=index_weight/index=000906.SH/period=2022-05/ingest_date=2026-07-15/20260715T060045.231733Z_0c27f9a81e81449d97f1b2e1c0760756.parquet,c5889dbe5e033cd5da8faef4ee72d5bae41eb8188e1971183e10384047f9dcee,automation
0744bd1cebc6,2026-07-15T06:00:46.139564+00:00,tushare.index_weight,"{""end_date"": ""20220630"", ""fields"": ""index_code,con_code,trade_date,weight"", ""index_code"": ""000300.SH"", ""start_date"": ""20220601""}",300,/Users/john/Desktop/shaiwei/shaiwei_init/data/raw/source=tushare/api=index_weight/index=000300.SH/period=2022-06/ingest_date=2026-07-15/20260715T060046.134238Z_33f0ee991b2d4aefa2780335f4e338a6.parquet,f6624e840457736f15b53d229b0dcc1c36f8fc93a07e6cc52299df067832bac4,automation
0e40cfd3e8fc,2026-07-15T06:00:47.203096+00:00,tushare.index_weight,"{""end_date"": ""20220630"", ""fields"": ""index_code,con_code,trade_date,weight"", ""index_code"": ""000906.SH"", ""start_date"": ""20220601""}",800,/Users/john/Desktop/shaiwei/shaiwei_init/data/raw/source=tushare/api=index_weight/index=000906.SH/period=2022-06/ingest_date=2026-07-15/20260715T060047.197350Z_b384910600054f049350273c95492ea3.parquet,823e03d696afd0b48235150b364ae70fb5645b1d92cc086e1cc924d98f3438c6,automation
e9e20cad4436,2026-07-15T06:00:48.479313+00:00,tushare.index_weight,"{""end_date"": ""20220731"", ""fields"": ""index_code,con_code,trade_date,weight"", ""index_code"": ""000300.SH"", ""start_date"": ""20220701""}",300,/Users/john/Desktop/shaiwei/shaiwei_init/data/raw/source=tushare/api=index_weight/index=000300.SH/period=2022-07/ingest_date=2026-07-15/20260715T060048.474947Z_8d8f62152b7f4f5c978fbd816b3d29dc.parquet,d978c97f762942616371221155741745afc989945dfdfb74dd51096f34fdb33d,automation
2a2474533ce9,2026-07-15T06:00:50.629827+00:00,tushare.index_weight,"{""end_date"": ""20220731"", ""fields"": ""index_code,con_code,trade_date,weight"", ""index_code"": ""000906.SH"", ""start_date"": ""20220701""}",800,/Users/john/Desktop/shaiwei/shaiwei_init/data/raw/source=tushare/api=index_weight/index=000906.SH/period=2022-07/ingest_date=2026-07-15/20260715T060050.624602Z_d05dfbce57e445b2909553c4919bf242.parquet,2980a3a28e4eeda300ebe36c1a61eb0c9681feda433eb898569172701111d6b3,automation
a58572397e20,2026-07-15T06:00:54.775061+00:00,tushare.index_weight,"{""end_date"": ""20220831"", ""fields"": ""index_code,con_code,trade_date,weight"", ""index_code"": ""000300.SH"", ""start_date"": ""20220801""}",300,/Users/john/Desktop/shaiwei/shaiwei_init/data/raw/source=tushare/api=index_weight/index=000300.SH/period=2022-08/ingest_date=2026-07-15/20260715T060054.771341Z_24d37ab8e0934e30a21a1ec6e1e0ca20.parquet,bc0364e65de00d669e99c016aadafa5dfda357d0d0f22bbbb2605e1aae2ac9b2,automation
e77b0ff67672,2026-07-15T06:00:56.635456+00:00,tushare.index_weight,"{""end_date"": ""20220831"", ""fields"": ""index_code,con_code,trade_date,weight"", ""index_code"": ""000906.SH"", ""start_date"": ""20220801""}",800,/Users/john/Desktop/shaiwei/shaiwei_init/data/raw/source=tushare/api=index_weight/index=000906.SH/period=2022-08/ingest_date=2026-07-15/20260715T060056.631842Z_66ce55032644437e8b5ef106b1861c3d.parquet,8e4682a85ba199b0bf55841a8d3e80677e53ebe1699e61756b106a1d4cd6465e,automation
86dfbc3af44c,2026-07-15T06:00:58.236256+00:00,tushare.index_weight,"{""end_date"": ""20220930"", ""fields"": ""index_code,con_code,trade_date,weight"", ""index_code"": ""000300.SH"", ""start_date"": ""20220901""}",300,/Users/john/Desktop/shaiwei/shaiwei_init/data/raw/source=tushare/api=index_weight/index=000300.SH/period=2022-09/ingest_date=2026-07-15/20260715T060058.230935Z_d1ccf6a172304d11bcbc8a5fb4b379d9.parquet,648d04610272c417b77de27e0adbd8a56701925f4247e59b85b3c1c357e1d83d,automation
b6a7bed918c9,2026-07-15T06:01:01.390725+00:00,tushare.index_weight,"{""end_date"": ""20220930"", ""fields"": ""index_code,con_code,trade_date,weight"", ""index_code"": ""000906.SH"", ""start_date"": ""20220901""}",800,/Users/john/Desktop/shaiwei/shaiwei_init/data/raw/source=tushare/api=index_weight/index=000906.SH/period=2022-09/ingest_date=2026-07-15/20260715T060101.386749Z_144319b451ad4dd489a59e87ba208a0b.parquet,9a8c6a88aa91006068a3b87698b4e756f0ac9dfca956c94454d335d5551b4475,automation
8e86dec536cf,2026-07-15T06:01:02.462756+00:00,tushare.index_weight,"{""end_date"": ""20221031"", ""fields"": ""index_code,con_code,trade_date,weight"", ""index_code"": ""000300.SH"", ""start_date"": ""20221001""}",300,/Users/john/Desktop/shaiwei/shaiwei_init/data/raw/source=tushare/api=index_weight/index=000300.SH/period=2022-10/ingest_date=2026-07-15/20260715T060102.457960Z_3507e543b75c4fd1b16d54dc9f823d10.parquet,2b99c463b0386c187059e5d5c46144e46651408323dfd6bc39c4aa1388bd706e,automation
145fd91301fb,2026-07-15T06:01:03.724998+00:00,tushare.index_weight,"{""end_date"": ""20221031"", ""fields"": ""index_code,con_code,trade_date,weight"", ""index_code"": ""000906.SH"", ""start_date"": ""20221001""}",800,/Users/john/Desktop/shaiwei/shaiwei_init/data/raw/source=tushare/api=index_weight/index=000906.SH/period=2022-10/ingest_date=2026-07-15/20260715T060103.719779Z_33e4dde1c3d4435e956b8cc7e21289ef.parquet,6fad342f0346f06056ab3b1a7c1eb6f97cbd1396a2afbf587817be8b558e8a1c,automation
a636ae6e1399,2026-07-15T06:01:20.461252+00:00,tushare.index_weight,"{""end_date"": ""20221130"", ""fields"": ""index_code,con_code,trade_date,weight"", ""index_code"": ""000300.SH"", ""start_date"": ""20221101""}",300,/Users/john/Desktop/shaiwei/shaiwei_init/data/raw/source=tushare/api=index_weight/index=000300.SH/period=2022-11/ingest_date=2026-07-15/20260715T060120.457227Z_6753dfd825e94cd29ce78cad77f52e4a.parquet,0e8db605315ccb1bb5863ce89467b72958173ad734a189b4b585b2c33ef5f631,automation
b5c56b7f4336,2026-07-15T06:01:21.486983+00:00,tushare.index_weight,"{""end_date"": ""20221130"", ""fields"": ""index_code,con_code,trade_date,weight"", ""index_code"": ""000906.SH"", ""start_date"": ""20221101""}",800,/Users/john/Desktop/shaiwei/shaiwei_init/data/raw/source=tushare/api=index_weight/index=000906.SH/period=2022-11/ingest_date=2026-07-15/20260715T060121.481926Z_6fe26853641348079d1e97585603d2f6.parquet,76120e816945243c32714ea21ebc103d7427a5b4ec19bad50b55f7c7a373cb5f,automation
cd884e76b480,2026-07-15T06:01:22.127727+00:00,tushare.index_weight,"{""end_date"": ""20221231"", ""fields"": ""index_code,con_code,trade_date,weight"", ""index_code"": ""000300.SH"", ""start_date"": ""20221201""}",300,/Users/john/Desktop/shaiwei/shaiwei_init/data/raw/source=tushare/api=index_weight/index=000300.SH/period=2022-12/ingest_date=2026-07-15/20260715T060122.122366Z_6852b80ab7ec47b280d6d4618ccb3002.parquet,3713a8fbfca7a53c10852e747c84d77e60ef77beb13abb248425a5ba4a31ff69,automation
fa51390d7d82,2026-07-15T06:01:23.855162+00:00,tushare.index_weight,"{""end_date"": ""20221231"", ""fields"": ""index_code,con_code,trade_date,weight"", ""index_code"": ""000906.SH"", ""start_date"": ""20221201""}",800,/Users/john/Desktop/shaiwei/shaiwei_init/data/raw/source=tushare/api=index_weight/index=000906.SH/period=2022-12/ingest_date=2026-07-15/20260715T060123.851429Z_3343e0195bdd4582b1024784c94b79d1.parquet,ea57f5972edab243031e5b04c39aa1b3c855a0f93f96e8ffc7b301af581d0ece,automation
cb4e6ec05069,2026-07-15T06:01:24.657094+00:00,tushare.index_weight,"{""end_date"": ""20230131"", ""fields"": ""index_code,con_code,trade_date,weight"", ""index_code"": ""000300.SH"", ""start_date"": ""20230101""}",300,/Users/john/Desktop/shaiwei/shaiwei_init/data/raw/source=tushare/api=index_weight/index=000300.SH/period=2023-01/ingest_date=2026-07-15/20260715T060124.652608Z_a977bd449682400c902672ec2661411e.parquet,1ba008d1851866746e965c56bfce97c86f89d0922cbb8f91ca708bae62482adf,automation
60cd1b20c7fb,2026-07-15T06:01:25.371220+00:00,tushare.index_weight,"{""end_date"": ""20230131"", ""fields"": ""index_code,con_code,trade_date,weight"", ""index_code"": ""000906.SH"", ""start_date"": ""20230101""}",800,/Users/john/Desktop/shaiwei/shaiwei_init/data/raw/source=tushare/api=index_weight/index=000906.SH/period=2023-01/ingest_date=2026-07-15/20260715T060125.367127Z_51fddf5437384609916680b04a7f306f.parquet,cf3e47f931ed684706ab7bb8d95e2971320d7c6488f522fd43623242994d6099,automation
d4dc2833226b,2026-07-15T06:01:27.042080+00:00,tushare.index_weight,"{""end_date"": ""20230228"", ""fields"": ""index_code,con_code,trade_date,weight"", ""index_code"": ""000300.SH"", ""start_date"": ""20230201""}",300,/Users/john/Desktop/shaiwei/shaiwei_init/data/raw/source=tushare/api=index_weight/index=000300.SH/period=2023-02/ingest_date=2026-07-15/20260715T060127.039299Z_c8798f5e7040417bbc61c8bbd9ef4a1c.parquet,016d6a9080c7564ef988e50f47ee8996a9b2836f34c17798ef9735ca76386e6b,automation
d9376309a397,2026-07-15T06:01:29.103768+00:00,tushare.index_weight,"{""end_date"": ""20230228"", ""fields"": ""index_code,con_code,trade_date,weight"", ""index_code"": ""000906.SH"", ""start_date"": ""20230201""}",800,/Users/john/Desktop/shaiwei/shaiwei_init/data/raw/source=tushare/api=index_weight/index=000906.SH/period=2023-02/ingest_date=2026-07-15/20260715T060129.098530Z_0834ec4e8e5f4337a52a52e060d0f7e3.parquet,cd9123432b639bdfe432e4819e5902f5fe14f2695e890af5efa21656de274c5a,automation
956ff81ca755,2026-07-15T06:01:30.094791+00:00,tushare.index_weight,"{""end_date"": ""20230331"", ""fields"": ""index_code,con_code,trade_date,weight"", ""index_code"": ""000300.SH"", ""start_date"": ""20230301""}",300,/Users/john/Desktop/shaiwei/shaiwei_init/data/raw/source=tushare/api=index_weight/index=000300.SH/period=2023-03/ingest_date=2026-07-15/20260715T060130.086903Z_46d5b77a0d254913a2999ac2e0fd255d.parquet,a607e0ace62c36003625c183c9c74991d00fc80ecb23e8e1659a50c9f184b259,automation
5479f75ea5bb,2026-07-15T06:01:31.744607+00:00,tushare.index_weight,"{""end_date"": ""20230331"", ""fields"": ""index_code,con_code,trade_date,weight"", ""index_code"": ""000906.SH"", ""start_date"": ""20230301""}",800,/Users/john/Desktop/shaiwei/shaiwei_init/data/raw/source=tushare/api=index_weight/index=000906.SH/period=2023-03/ingest_date=2026-07-15/20260715T060131.740384Z_5c91cef660fc4d238138371fd3f5c00a.parquet,193813f9ee2554d3a5ec8de6c230742691120be86bdfe2d99be61c5af3f99ea4,automation
aeae25b23b0f,2026-07-15T06:01:34.152937+00:00,tushare.index_weight,"{""end_date"": ""20230430"", ""fields"": ""index_code,con_code,trade_date,weight"", ""index_code"": ""000300.SH"", ""start_date"": ""20230401""}",300,/Users/john/Desktop/shaiwei/shaiwei_init/data/raw/source=tushare/api=index_weight/index=000300.SH/period=2023-04/ingest_date=2026-07-15/20260715T060134.148411Z_c7c73701add54915a816bf1b83646f5d.parquet,88fd3c7dcaa58a08d108a79fff425a89f8040a15b7c6b4a1965dd947d39c10f4,automation
cfae691a8a25,2026-07-15T06:01:34.940869+00:00,tushare.index_weight,"{""end_date"": ""20230430"", ""fields"": ""index_code,con_code,trade_date,weight"", ""index_code"": ""000906.SH"", ""start_date"": ""20230401""}",800,/Users/john/Desktop/shaiwei/shaiwei_init/data/raw/source=tushare/api=index_weight/index=000906.SH/period=2023-04/ingest_date=2026-07-15/20260715T060134.935332Z_f52088a9e91046a4b61fccdfe3529f94.parquet,4cd21497470e585008423579e1aff28220bb560e37e4f6df0f540883fe00660b,automation
aa641e8c341b,2026-07-15T06:01:35.968814+00:00,tushare.index_weight,"{""end_date"": ""20230531"", ""fields"": ""index_code,con_code,trade_date,weight"", ""index_code"": ""000300.SH"", ""start_date"": ""20230501""}",300,/Users/john/Desktop/shaiwei/shaiwei_init/data/raw/source=tushare/api=index_weight/index=000300.SH/period=2023-05/ingest_date=2026-07-15/20260715T060135.966599Z_e4eff65d0ffa47438e9a6a63ce98cd6c.parquet,9e731fe45adebe603e1f1ff8ee8d2525a5d68bd2b0c72dfc6a236d7d678a895d,automation
5327a8965e89,2026-07-15T06:01:37.035268+00:00,tushare.index_weight,"{""end_date"": ""20230531"", ""fields"": ""index_code,con_code,trade_date,weight"", ""index_code"": ""000906.SH"", ""start_date"": ""20230501""}",800,/Users/john/Desktop/shaiwei/shaiwei_init/data/raw/source=tushare/api=index_weight/index=000906.SH/period=2023-05/ingest_date=2026-07-15/20260715T060137.030021Z_2b4f9d6bc56f4f5a9a3428b5d2fe6be6.parquet,b644241f9dcfc2949434319344a632a4e7feec8a642f1a90c215bd81aae85807,automation
6c34e8e37485,2026-07-15T06:01:37.765011+00:00,tushare.index_weight,"{""end_date"": ""20230630"", ""fields"": ""index_code,con_code,trade_date,weight"", ""index_code"": ""000300.SH"", ""start_date"": ""20230601""}",300,/Users/john/Desktop/shaiwei/shaiwei_init/data/raw/source=tushare/api=index_weight/index=000300.SH/period=2023-06/ingest_date=2026-07-15/20260715T060137.760371Z_c63b044bd36b4e94b4829450466cd641.parquet,cd58757779201cf8bcc7b3f8289c3ac662409dce93eb812238711bff96343256,automation
cd32e3d23f39,2026-07-15T06:01:39.146819+00:00,tushare.index_weight,"{""end_date"": ""20230630"", ""fields"": ""index_code,con_code,trade_date,weight"", ""index_code"": ""000906.SH"", ""start_date"": ""20230601""}",800,/Users/john/Desktop/shaiwei/shaiwei_init/data/raw/source=tushare/api=index_weight/index=000906.SH/period=2023-06/ingest_date=2026-07-15/20260715T060139.139214Z_2db6364ec357455e8b12115b29a9fccc.parquet,327ae76d1da48201c69f75ca506b92080ee3d60b3b9aed056fa1eb7b10f4425e,automation
952e3d0c4ae6,2026-07-15T06:01:40.907831+00:00,tushare.index_weight,"{""end_date"": ""20230731"", ""fields"": ""index_code,con_code,trade_date,weight"", ""index_code"": ""000300.SH"", ""start_date"": ""20230701""}",300,/Users/john/Desktop/shaiwei/shaiwei_init/data/raw/source=tushare/api=index_weight/index=000300.SH/period=2023-07/ingest_date=2026-07-15/20260715T060140.904563Z_aa0c807ab9f9480d8b40dc1ea2d9b93d.parquet,094d89418df2e7053b2da6de8fe8dd98c3de6f373fcf2d9a5bbeaebbb6af190e,automation
392b0add9bd3,2026-07-15T06:01:41.627461+00:00,tushare.index_weight,"{""end_date"": ""20230731"", ""fields"": ""index_code,con_code,trade_date,weight"", ""index_code"": ""000906.SH"", ""start_date"": ""20230701""}",800,/Users/john/Desktop/shaiwei/shaiwei_init/data/raw/source=tushare/api=index_weight/index=000906.SH/period=2023-07/ingest_date=2026-07-15/20260715T060141.622263Z_55cb25924a874fd5b1985c9a7ca9f100.parquet,13ae41625fd1175f7b8afa803660bdbe8bdb7f420ec367ab52ceeb4b05bca043,automation
84b990e3f6eb,2026-07-15T06:01:43.534344+00:00,tushare.index_weight,"{""end_date"": ""20230831"", ""fields"": ""index_code,con_code,trade_date,weight"", ""index_code"": ""000300.SH"", ""start_date"": ""20230801""}",300,/Users/john/Desktop/shaiwei/shaiwei_init/data/raw/source=tushare/api=index_weight/index=000300.SH/period=2023-08/ingest_date=2026-07-15/20260715T060143.527919Z_bb69c98beac34d168dcc91edd647a744.parquet,8db2f885e254df7cc60858033e31f3af71b5fbcdee6aa31d9e40456186e42cf7,automation
63a16d563fd1,2026-07-15T06:01:45.303414+00:00,tushare.index_weight,"{""end_date"": ""20230831"", ""fields"": ""index_code,con_code,trade_date,weight"", ""index_code"": ""000906.SH"", ""start_date"": ""20230801""}",800,/Users/john/Desktop/shaiwei/shaiwei_init/data/raw/source=tushare/api=index_weight/index=000906.SH/period=2023-08/ingest_date=2026-07-15/20260715T060145.294695Z_4fcca6254ee84d5bb070cd51f247268d.parquet,73b9c01212a3e68e8a2c3568ed067d74c28e1b0f46e8d2e6a9c7c479f051d08d,automation
e5cd7d7a9c93,2026-07-15T06:01:45.945247+00:00,tushare.index_weight,"{""end_date"": ""20230930"", ""fields"": ""index_code,con_code,trade_date,weight"", ""index_code"": ""000300.SH"", ""start_date"": ""20230901""}",300,/Users/john/Desktop/shaiwei/shaiwei_init/data/raw/source=tushare/api=index_weight/index=000300.SH/period=2023-09/ingest_date=2026-07-15/20260715T060145.940580Z_5954b1df88dc4c08814d650c357b79ee.parquet,ce7763d9c0895667b1c2fb72c4638079a452eb8b35e597168087e42ee2a09ea6,automation
2c378f688a9c,2026-07-15T06:01:47.813690+00:00,tushare.index_weight,"{""end_date"": ""20230930"", ""fields"": ""index_code,con_code,trade_date,weight"", ""index_code"": ""000906.SH"", ""start_date"": ""20230901""}",800,/Users/john/Desktop/shaiwei/shaiwei_init/data/raw/source=tushare/api=index_weight/index=000906.SH/period=2023-09/ingest_date=2026-07-15/20260715T060147.810245Z_a5f2612bef3d414895e67f2c390b5cd4.parquet,6524acaf72acb0f3fcdc04f4628fceb85d49ca02a839c32e228926bb08813962,automation
77039820b187,2026-07-15T06:01:48.501694+00:00,tushare.index_weight,"{""end_date"": ""20231031"", ""fields"": ""index_code,con_code,trade_date,weight"", ""index_code"": ""000300.SH"", ""start_date"": ""20231001""}",300,/Users/john/Desktop/shaiwei/shaiwei_init/data/raw/source=tushare/api=index_weight/index=000300.SH/period=2023-10/ingest_date=2026-07-15/20260715T060148.494407Z_0b0200e1e7f24c0199c61663d260c642.parquet,f7f0633486d9909294ecbe9a99e49f168b306abe5b4586e8c25a5e648608ef39,automation
6fa1958dbce6,2026-07-15T06:01:49.643102+00:00,tushare.index_weight,"{""end_date"": ""20231031"", ""fields"": ""index_code,con_code,trade_date,weight"", ""index_code"": ""000906.SH"", ""start_date"": ""20231001""}",800,/Users/john/Desktop/shaiwei/shaiwei_init/data/raw/source=tushare/api=index_weight/index=000906.SH/period=2023-10/ingest_date=2026-07-15/20260715T060149.635316Z_8a542a7e0c2146378f9cb9be40cc8e3a.parquet,de7b4519ddecc63af9fba838711d832904dc330dff7abadf8eec7a0a65b2cf97,automation
6bcdaa93fd92,2026-07-15T06:01:50.631631+00:00,tushare.index_weight,"{""end_date"": ""20231130"", ""fields"": ""index_code,con_code,trade_date,weight"", ""index_code"": ""000300.SH"", ""start_date"": ""20231101""}",300,/Users/john/Desktop/shaiwei/shaiwei_init/data/raw/source=tushare/api=index_weight/index=000300.SH/period=2023-11/ingest_date=2026-07-15/20260715T060150.628105Z_8f83847849c44348970756247dc8f054.parquet,2d0e640f446414a542efb976150d1a775c130f79672541234006c6fced0dcfee,automation
bf53ad9c8232,2026-07-15T06:01:51.588359+00:00,tushare.index_weight,"{""end_date"": ""20231130"", ""fields"": ""index_code,con_code,trade_date,weight"", ""index_code"": ""000906.SH"", ""start_date"": ""20231101""}",800,/Users/john/Desktop/shaiwei/shaiwei_init/data/raw/source=tushare/api=index_weight/index=000906.SH/period=2023-11/ingest_date=2026-07-15/20260715T060151.581765Z_fb03338ce80e477ead178f6a40bd3d99.parquet,ae3f25727d3a5304b5660c743cd7d9510efcaab0dfdfe8ef1f0cdbcb026959a5,automation
4af5c77395a6,2026-07-15T06:01:52.227805+00:00,tushare.index_weight,"{""end_date"": ""20231231"", ""fields"": ""index_code,con_code,trade_date,weight"", ""index_code"": ""000300.SH"", ""start_date"": ""20231201""}",300,/Users/john/Desktop/shaiwei/shaiwei_init/data/raw/source=tushare/api=index_weight/index=000300.SH/period=2023-12/ingest_date=2026-07-15/20260715T060152.220814Z_27d02e5216e0403db90ed2f01344d286.parquet,91c837848f093efb402960036da05034f75392a3ae45360352b779b9cf88f635,automation
cadefb5a97fa,2026-07-15T06:01:53.040837+00:00,tushare.index_weight,"{""end_date"": ""20231231"", ""fields"": ""index_code,con_code,trade_date,weight"", ""index_code"": ""000906.SH"", ""start_date"": ""20231201""}",800,/Users/john/Desktop/shaiwei/shaiwei_init/data/raw/source=tushare/api=index_weight/index=000906.SH/period=2023-12/ingest_date=2026-07-15/20260715T060153.037308Z_bd1245706cde46428a708afab9e1f8ab.parquet,0b04b9fe3d392e94b32f609960ad0dd05e5bf55a9c8226b2be345a81ef7889dc,automation
df1134e2444b,2026-07-15T06:01:54.542481+00:00,tushare.index_weight,"{""end_date"": ""20240131"", ""fields"": ""index_code,con_code,trade_date,weight"", ""index_code"": ""000300.SH"", ""start_date"": ""20240101""}",300,/Users/john/Desktop/shaiwei/shaiwei_init/data/raw/source=tushare/api=index_weight/index=000300.SH/period=2024-01/ingest_date=2026-07-15/20260715T060154.537892Z_d508635e2f194458894c5b472d070665.parquet,be898c046a4040eaaea57ace2e9f6690f5c284f27977c2e8f92ba2959d163c16,automation
2220af10570f,2026-07-15T06:01:55.950620+00:00,tushare.index_weight,"{""end_date"": ""20240131"", ""fields"": ""index_code,con_code,trade_date,weight"", ""index_code"": ""000906.SH"", ""start_date"": ""20240101""}",800,/Users/john/Desktop/shaiwei/shaiwei_init/data/raw/source=tushare/api=index_weight/index=000906.SH/period=2024-01/ingest_date=2026-07-15/20260715T060155.945922Z_d4abdad1caea44859166b6881f60d966.parquet,d467930dbfc37a00666bb9535e8cb21f69ac4d335abb251309ee9554cb8fe908,automation
ae058d706774,2026-07-15T06:01:56.597751+00:00,tushare.index_weight,"{""end_date"": ""20240229"", ""fields"": ""index_code,con_code,trade_date,weight"", ""index_code"": ""000300.SH"", ""start_date"": ""20240201""}",300,/Users/john/Desktop/shaiwei/shaiwei_init/data/raw/source=tushare/api=index_weight/index=000300.SH/period=2024-02/ingest_date=2026-07-15/20260715T060156.593458Z_151ff6b024a6452b84c5513f6ccf809b.parquet,bfa98f11343e0b08e7b1eaa0c139d24931bbd4092ca66ecb4eb4e18ace4a91e0,automation
683536b3c44c,2026-07-15T06:01:57.756488+00:00,tushare.index_weight,"{""end_date"": ""20240229"", ""fields"": ""index_code,con_code,trade_date,weight"", ""index_code"": ""000906.SH"", ""start_date"": ""20240201""}",800,/Users/john/Desktop/shaiwei/shaiwei_init/data/raw/source=tushare/api=index_weight/index=000906.SH/period=2024-02/ingest_date=2026-07-15/20260715T060157.752015Z_4f8a887fc6d54938890752b3a9ffd100.parquet,a62b72e443f3dcfe07d8dbec2f07e5bc4561fa6c88500f9a621720cb228a6be7,automation
68452717f182,2026-07-15T06:01:58.393289+00:00,tushare.index_weight,"{""end_date"": ""20240331"", ""fields"": ""index_code,con_code,trade_date,weight"", ""index_code"": ""000300.SH"", ""start_date"": ""20240301""}",300,/Users/john/Desktop/shaiwei/shaiwei_init/data/raw/source=tushare/api=index_weight/index=000300.SH/period=2024-03/ingest_date=2026-07-15/20260715T060158.388933Z_0f336a5db5d0473c95bd9895dcb49aeb.parquet,a9982ff412594fda7dee25e7443190596b22e3df37c5937089ceabfc43150f9e,automation
d2760a6d3b71,2026-07-15T06:01:59.768698+00:00,tushare.index_weight,"{""end_date"": ""20240331"", ""fields"": ""index_code,con_code,trade_date,weight"", ""index_code"": ""000906.SH"", ""start_date"": ""20240301""}",800,/Users/john/Desktop/shaiwei/shaiwei_init/data/raw/source=tushare/api=index_weight/index=000906.SH/period=2024-03/ingest_date=2026-07-15/20260715T060159.763695Z_9b6a05aaa9dd4127933d9d915e510bba.parquet,cd8ede2e21abccfe02db79774766b6231b58e76903da4fa2423b195f6a28cac7,automation
fe58d592ed50,2026-07-15T06:02:00.405231+00:00,tushare.index_weight,"{""end_date"": ""20240430"", ""fields"": ""index_code,con_code,trade_date,weight"", ""index_code"": ""000300.SH"", ""start_date"": ""20240401""}",300,/Users/john/Desktop/shaiwei/shaiwei_init/data/raw/source=tushare/api=index_weight/index=000300.SH/period=2024-04/ingest_date=2026-07-15/20260715T060200.400435Z_a8e8bdcf6adb4d719408796edc62d202.parquet,9a035b10bda1396c5f3721a92f55f306e7361531a8754e9cf8a342933942bcbe,automation
e9a54f3f1289,2026-07-15T06:02:01.052183+00:00,tushare.index_weight,"{""end_date"": ""20240430"", ""fields"": ""index_code,con_code,trade_date,weight"", ""index_code"": ""000906.SH"", ""start_date"": ""20240401""}",800,/Users/john/Desktop/shaiwei/shaiwei_init/data/raw/source=tushare/api=index_weight/index=000906.SH/period=2024-04/ingest_date=2026-07-15/20260715T060201.047148Z_433307711194427ab8854be939cbeeeb.parquet,42a838cd65db7a4300cb12af769f039670be8b326cd86906eae21ff4cda59d43,automation
d39afd14643a,2026-07-15T06:02:03.403715+00:00,tushare.index_weight,"{""end_date"": ""20240531"", ""fields"": ""index_code,con_code,trade_date,weight"", ""index_code"": ""000300.SH"", ""start_date"": ""20240501""}",300,/Users/john/Desktop/shaiwei/shaiwei_init/data/raw/source=tushare/api=index_weight/index=000300.SH/period=2024-05/ingest_date=2026-07-15/20260715T060203.398201Z_2143a25b05904dbd9392b59a30330e6d.parquet,d73df0dca19dbc04fb1ee795afdacce6f952a0c7436b378150a6c05da24852e5,automation
3ccf5333994b,2026-07-15T06:02:04.551872+00:00,tushare.index_weight,"{""end_date"": ""20240531"", ""fields"": ""index_code,con_code,trade_date,weight"", ""index_code"": ""000906.SH"", ""start_date"": ""20240501""}",800,/Users/john/Desktop/shaiwei/shaiwei_init/data/raw/source=tushare/api=index_weight/index=000906.SH/period=2024-05/ingest_date=2026-07-15/20260715T060204.545996Z_caa49f65143944cf868368f880611746.parquet,d8df26581fd15ae39217164ca6cb2bcf113e7138cafaf21ae4c2fb5dcbfb2631,automation
078ad098ef8f,2026-07-15T06:02:05.382583+00:00,tushare.index_weight,"{""end_date"": ""20240630"", ""fields"": ""index_code,con_code,trade_date,weight"", ""index_code"": ""000300.SH"", ""start_date"": ""20240601""}",300,/Users/john/Desktop/shaiwei/shaiwei_init/data/raw/source=tushare/api=index_weight/index=000300.SH/period=2024-06/ingest_date=2026-07-15/20260715T060205.377660Z_d9b8f02cfef342159b340ec75e91271c.parquet,bce231a6afca7dd692e8777df3e340006205e7460dda764f323708fa4f92faea,automation
d586e6216d15,2026-07-15T06:02:07.040955+00:00,tushare.index_weight,"{""end_date"": ""20240630"", ""fields"": ""index_code,con_code,trade_date,weight"", ""index_code"": ""000906.SH"", ""start_date"": ""20240601""}",800,/Users/john/Desktop/shaiwei/shaiwei_init/data/raw/source=tushare/api=index_weight/index=000906.SH/period=2024-06/ingest_date=2026-07-15/20260715T060207.035390Z_a83cc6be838542e79fea6d2c574de1eb.parquet,12c6b48ecf9bf1e1d2b6a88915dec80dbef399976ff7d56c7f81341b89bc65fd,automation
3a321b52b34c,2026-07-15T06:02:07.682099+00:00,tushare.index_weight,"{""end_date"": ""20240731"", ""fields"": ""index_code,con_code,trade_date,weight"", ""index_code"": ""000300.SH"", ""start_date"": ""20240701""}",300,/Users/john/Desktop/shaiwei/shaiwei_init/data/raw/source=tushare/api=index_weight/index=000300.SH/period=2024-07/ingest_date=2026-07-15/20260715T060207.677212Z_34723807c56240f7b41cfc8ad5b4367d.parquet,5c4823face15628389db2f526a3b258f0ad3b3e068876279ff5b4a2e5735ce04,automation
752b3c875da8,2026-07-15T06:02:08.327496+00:00,tushare.index_weight,"{""end_date"": ""20240731"", ""fields"": ""index_code,con_code,trade_date,weight"", ""index_code"": ""000906.SH"", ""start_date"": ""20240701""}",800,/Users/john/Desktop/shaiwei/shaiwei_init/data/raw/source=tushare/api=index_weight/index=000906.SH/period=2024-07/ingest_date=2026-07-15/20260715T060208.325543Z_d14732741eb44399b5c6e9749d610dd9.parquet,2e4ace0eff230d22c7dd39d928113ae0a41d5ee26a08bdd7e3d92d37988ca66d,automation
fc5a2a1e81cf,2026-07-15T06:02:09.408446+00:00,tushare.index_weight,"{""end_date"": ""20240831"", ""fields"": ""index_code,con_code,trade_date,weight"", ""index_code"": ""000300.SH"", ""start_date"": ""20240801""}",300,/Users/john/Desktop/shaiwei/shaiwei_init/data/raw/source=tushare/api=index_weight/index=000300.SH/period=2024-08/ingest_date=2026-07-15/20260715T060209.404545Z_cc2a5922f81b4fefa6689f3d9c6b5fc7.parquet,2bbc1d0490ea1d5cf2a1568ef55a691b480fdf2eaaaadffef1a6c35a231bba4c,automation
5125c07c608d,2026-07-15T06:02:10.130835+00:00,tushare.index_weight,"{""end_date"": ""20240831"", ""fields"": ""index_code,con_code,trade_date,weight"", ""index_code"": ""000906.SH"", ""start_date"": ""20240801""}",800,/Users/john/Desktop/shaiwei/shaiwei_init/data/raw/source=tushare/api=index_weight/index=000906.SH/period=2024-08/ingest_date=2026-07-15/20260715T060210.125905Z_d0b2cef508ff4bbda5b5cc4831752b84.parquet,827e0427923a3bd6736f2029b9aee80aa3985b6160425c6087edef5e45e87f60,automation
6cf795251595,2026-07-15T06:02:10.778493+00:00,tushare.index_weight,"{""end_date"": ""20240930"", ""fields"": ""index_code,con_code,trade_date,weight"", ""index_code"": ""000300.SH"", ""start_date"": ""20240901""}",300,/Users/john/Desktop/shaiwei/shaiwei_init/data/raw/source=tushare/api=index_weight/index=000300.SH/period=2024-09/ingest_date=2026-07-15/20260715T060210.774631Z_de30b4deacb84c5280910037bdf48322.parquet,3c8b53f8220bfe2f3e8264c03a892f4b9b14b58b877471a13971b15a26bc52cd,automation
58e895c89f0a,2026-07-15T06:02:11.433201+00:00,tushare.index_weight,"{""end_date"": ""20240930"", ""fields"": ""index_code,con_code,trade_date,weight"", ""index_code"": ""000906.SH"", ""start_date"": ""20240901""}",800,/Users/john/Desktop/shaiwei/shaiwei_init/data/raw/source=tushare/api=index_weight/index=000906.SH/period=2024-09/ingest_date=2026-07-15/20260715T060211.428725Z_91aeecb0a6d549ce8cbe7831692a4270.parquet,876e754b179c4ee29c791431a1fdc35f3b50f0e789056c2066a8300dde103e66,automation
0dce3a55c8d6,2026-07-15T06:02:12.156730+00:00,tushare.index_weight,"{""end_date"": ""20241031"", ""fields"": ""index_code,con_code,trade_date,weight"", ""index_code"": ""000300.SH"", ""start_date"": ""20241001""}",300,/Users/john/Desktop/shaiwei/shaiwei_init/data/raw/source=tushare/api=index_weight/index=000300.SH/period=2024-10/ingest_date=2026-07-15/20260715T060212.152554Z_935efe79c9354558bdef20f0d4d1b65f.parquet,717efd877435e6b5b5bcb4e683f2f1b330ad43375292db87453704bf4f34cbfc,automation
b6e012983356,2026-07-15T06:02:12.813525+00:00,tushare.index_weight,"{""end_date"": ""20241031"", ""fields"": ""index_code,con_code,trade_date,weight"", ""index_code"": ""000906.SH"", ""start_date"": ""20241001""}",800,/Users/john/Desktop/shaiwei/shaiwei_init/data/raw/source=tushare/api=index_weight/index=000906.SH/period=2024-10/ingest_date=2026-07-15/20260715T060212.808997Z_1305b2a741534962932aa14459363410.parquet,f272875dfe25cdaba6edff6a9ccc5a8ee9754d06c0e5eebaecf38de1dc773066,automation
44a2a4f1bd59,2026-07-15T06:02:13.456603+00:00,tushare.index_weight,"{""end_date"": ""20241130"", ""fields"": ""index_code,con_code,trade_date,weight"", ""index_code"": ""000300.SH"", ""start_date"": ""20241101""}",300,/Users/john/Desktop/shaiwei/shaiwei_init/data/raw/source=tushare/api=index_weight/index=000300.SH/period=2024-11/ingest_date=2026-07-15/20260715T060213.452182Z_6f93db27ab0f42f8a87177c854d44601.parquet,f3e5084a0ca3081c00baae32b1ce50507a05e8c8c22bb2f271f613c5ddead2b2,automation
1f63ef11edc8,2026-07-15T06:02:14.122930+00:00,tushare.index_weight,"{""end_date"": ""20241130"", ""fields"": ""index_code,con_code,trade_date,weight"", ""index_code"": ""000906.SH"", ""start_date"": ""20241101""}",800,/Users/john/Desktop/shaiwei/shaiwei_init/data/raw/source=tushare/api=index_weight/index=000906.SH/period=2024-11/ingest_date=2026-07-15/20260715T060214.117539Z_1e3cfb31267b43ea883fcf898e774352.parquet,0479892c22ec17658c71c3132f8e218fb4a0f0f1a5fd83f1dacb8d8b6a0af8c6,automation
c66cdf9899ed,2026-07-15T06:02:14.751613+00:00,tushare.index_weight,"{""end_date"": ""20241231"", ""fields"": ""index_code,con_code,trade_date,weight"", ""index_code"": ""000300.SH"", ""start_date"": ""20241201""}",300,/Users/john/Desktop/shaiwei/shaiwei_init/data/raw/source=tushare/api=index_weight/index=000300.SH/period=2024-12/ingest_date=2026-07-15/20260715T060214.746850Z_9552d887bfec47b689c50087d8d440b1.parquet,19ffa4d63dac01044021a5fb0ec5585efb8a834a42a8626986a9a147ba7f94f4,automation
8ead64994d94,2026-07-15T06:02:15.470844+00:00,tushare.index_weight,"{""end_date"": ""20241231"", ""fields"": ""index_code,con_code,trade_date,weight"", ""index_code"": ""000906.SH"", ""start_date"": ""20241201""}",800,/Users/john/Desktop/shaiwei/shaiwei_init/data/raw/source=tushare/api=index_weight/index=000906.SH/period=2024-12/ingest_date=2026-07-15/20260715T060215.465937Z_026c61fa535c4c05b3804d00fb83da17.parquet,79087f671584657e5ab0f0b6a201b5bde234aa2c96c4856b8775abc790fdee4d,automation
298b4545bb51,2026-07-15T06:02:16.110378+00:00,tushare.index_weight,"{""end_date"": ""20250131"", ""fields"": ""index_code,con_code,trade_date,weight"", ""index_code"": ""000300.SH"", ""start_date"": ""20250101""}",300,/Users/john/Desktop/shaiwei/shaiwei_init/data/raw/source=tushare/api=index_weight/index=000300.SH/period=2025-01/ingest_date=2026-07-15/20260715T060216.105449Z_9428b8f8ec4642b494363d26603581c1.parquet,eb2f3f94b16f3b7b1f19dff68fddff6b16dbb7fc57752fe65ba9270c6ba34c8e,automation
a52eeeda7c95,2026-07-15T06:02:16.791217+00:00,tushare.index_weight,"{""end_date"": ""20250131"", ""fields"": ""index_code,con_code,trade_date,weight"", ""index_code"": ""000906.SH"", ""start_date"": ""20250101""}",800,/Users/john/Desktop/shaiwei/shaiwei_init/data/raw/source=tushare/api=index_weight/index=000906.SH/period=2025-01/ingest_date=2026-07-15/20260715T060216.787396Z_050d3b2d8a0f479c9aa8b4ca1ef02f0f.parquet,572b47ab7c2ed39d646e8f75aad84ef37ecdc69eb7668d39820c0b6517bd879a,automation
bfd4a192fc77,2026-07-15T06:02:17.418275+00:00,tushare.index_weight,"{""end_date"": ""20250228"", ""fields"": ""index_code,con_code,trade_date,weight"", ""index_code"": ""000300.SH"", ""start_date"": ""20250201""}",300,/Users/john/Desktop/shaiwei/shaiwei_init/data/raw/source=tushare/api=index_weight/index=000300.SH/period=2025-02/ingest_date=2026-07-15/20260715T060217.413832Z_db336e33017c426093943968428ad756.parquet,fa9d0678662be6c33b6d2139a770a2ea210ab415e61ec633832b97451407153d,automation
8a64a4ac2dfb,2026-07-15T06:02:18.049309+00:00,tushare.index_weight,"{""end_date"": ""20250228"", ""fields"": ""index_code,con_code,trade_date,weight"", ""index_code"": ""000906.SH"", ""start_date"": ""20250201""}",800,/Users/john/Desktop/shaiwei/shaiwei_init/data/raw/source=tushare/api=index_weight/index=000906.SH/period=2025-02/ingest_date=2026-07-15/20260715T060218.044210Z_9134b4717436472790dec8822d6a313a.parquet,5815fa0513734dcdd3bd2ff93e79ee8059867db989adbbd2a6682e5e85886840,automation
52386a854ad4,2026-07-15T06:02:18.713825+00:00,tushare.index_weight,"{""end_date"": ""20250331"", ""fields"": ""index_code,con_code,trade_date,weight"", ""index_code"": ""000300.SH"", ""start_date"": ""20250301""}",300,/Users/john/Desktop/shaiwei/shaiwei_init/data/raw/source=tushare/api=index_weight/index=000300.SH/period=2025-03/ingest_date=2026-07-15/20260715T060218.709584Z_2e2054deb9c042309c9a3a873c2aecee.parquet,336f91928d08a5a847222ee303a786c30cd6f3e705ae34920390b694c1405402,automation
ee6107cc8d19,2026-07-15T06:02:19.929756+00:00,tushare.index_weight,"{""end_date"": ""20250331"", ""fields"": ""index_code,con_code,trade_date,weight"", ""index_code"": ""000906.SH"", ""start_date"": ""20250301""}",800,/Users/john/Desktop/shaiwei/shaiwei_init/data/raw/source=tushare/api=index_weight/index=000906.SH/period=2025-03/ingest_date=2026-07-15/20260715T060219.924835Z_de2d0717efbe402490b60a371f556104.parquet,d657991fac00a9b82338738c9bc9b3ac57fb5dc29afd4789770b7a52adf3a0b8,automation
9e49ab4c3569,2026-07-15T06:02:20.561335+00:00,tushare.index_weight,"{""end_date"": ""20250430"", ""fields"": ""index_code,con_code,trade_date,weight"", ""index_code"": ""000300.SH"", ""start_date"": ""20250401""}",300,/Users/john/Desktop/shaiwei/shaiwei_init/data/raw/source=tushare/api=index_weight/index=000300.SH/period=2025-04/ingest_date=2026-07-15/20260715T060220.556939Z_0b3b994fb9fb40cfa90115e7e910ab93.parquet,b9635635f7a3f4a4b127da1ae027fc317349d5575e5c5fd6f43680d71916909c,automation
be6067f003ba,2026-07-15T06:02:21.218695+00:00,tushare.index_weight,"{""end_date"": ""20250430"", ""fields"": ""index_code,con_code,trade_date,weight"", ""index_code"": ""000906.SH"", ""start_date"": ""20250401""}",800,/Users/john/Desktop/shaiwei/shaiwei_init/data/raw/source=tushare/api=index_weight/index=000906.SH/period=2025-04/ingest_date=2026-07-15/20260715T060221.212285Z_2507dabb841f413a827b594262d805be.parquet,8c10afdd2fb8dad1bca27b557f5bb9eb710b92e610d31944367ed25464858482,automation
aafc1a07a651,2026-07-15T06:02:21.843090+00:00,tushare.index_weight,"{""end_date"": ""20250531"", ""fields"": ""index_code,con_code,trade_date,weight"", ""index_code"": ""000300.SH"", ""start_date"": ""20250501""}",300,/Users/john/Desktop/shaiwei/shaiwei_init/data/raw/source=tushare/api=index_weight/index=000300.SH/period=2025-05/ingest_date=2026-07-15/20260715T060221.840415Z_f2189865b54440bea61c214671ecaad2.parquet,d3717cc610bce373fdfd35f61df4876ddd51daef68b394002979bd26b0779eb4,automation
e8f4e27f9e7a,2026-07-15T06:02:22.811169+00:00,tushare.index_weight,"{""end_date"": ""20250531"", ""fields"": ""index_code,con_code,trade_date,weight"", ""index_code"": ""000906.SH"", ""start_date"": ""20250501""}",800,/Users/john/Desktop/shaiwei/shaiwei_init/data/raw/source=tushare/api=index_weight/index=000906.SH/period=2025-05/ingest_date=2026-07-15/20260715T060222.807724Z_2df891723f6c409e99c239198348d390.parquet,d07a2eb77205c2b923da40548a44dde92ef78f05f7e32f9232d5285092fbd43c,automation
ac77deb74ead,2026-07-15T06:02:23.528653+00:00,tushare.index_weight,"{""end_date"": ""20250630"", ""fields"": ""index_code,con_code,trade_date,weight"", ""index_code"": ""000300.SH"", ""start_date"": ""20250601""}",300,/Users/john/Desktop/shaiwei/shaiwei_init/data/raw/source=tushare/api=index_weight/index=000300.SH/period=2025-06/ingest_date=2026-07-15/20260715T060223.523813Z_03a0fed9f61a4e6aaf99c6839172407a.parquet,cd0265725c61b0a5faaa970d30993ae356e16bfa3771581a6ff4cc90a2202d8b,automation
3ee30c5bf977,2026-07-15T06:02:24.175485+00:00,tushare.index_weight,"{""end_date"": ""20250630"", ""fields"": ""index_code,con_code,trade_date,weight"", ""index_code"": ""000906.SH"", ""start_date"": ""20250601""}",800,/Users/john/Desktop/shaiwei/shaiwei_init/data/raw/source=tushare/api=index_weight/index=000906.SH/period=2025-06/ingest_date=2026-07-15/20260715T060224.169766Z_f4575aa74b434182b4acfec7f8d2368e.parquet,a712828f7c12ac9b2528edee0c63205ceb48dc5925709e5bd128ad53c6b03c23,automation
659acb033652,2026-07-15T06:02:24.887900+00:00,tushare.index_weight,"{""end_date"": ""20250731"", ""fields"": ""index_code,con_code,trade_date,weight"", ""index_code"": ""000300.SH"", ""start_date"": ""20250701""}",300,/Users/john/Desktop/shaiwei/shaiwei_init/data/raw/source=tushare/api=index_weight/index=000300.SH/period=2025-07/ingest_date=2026-07-15/20260715T060224.883936Z_5237e0b4d7b743e0bfce12dd8a42bd31.parquet,cfa12a475644ed87b0fe60a798bc0ed3ae9c2f11eeee8d6472c7dcce25940916,automation
055e118a7428,2026-07-15T06:02:25.550038+00:00,tushare.index_weight,"{""end_date"": ""20250731"", ""fields"": ""index_code,con_code,trade_date,weight"", ""index_code"": ""000906.SH"", ""start_date"": ""20250701""}",800,/Users/john/Desktop/shaiwei/shaiwei_init/data/raw/source=tushare/api=index_weight/index=000906.SH/period=2025-07/ingest_date=2026-07-15/20260715T060225.544076Z_3fd66be51dcb480099ee6767f4b672b3.parquet,2b5f6e7364561fdc0f49129529dc5c9cb7c1fa7576fc8a80ae23283d0d5e1675,automation
bdf402c67956,2026-07-15T06:02:26.183364+00:00,tushare.index_weight,"{""end_date"": ""20250831"", ""fields"": ""index_code,con_code,trade_date,weight"", ""index_code"": ""000300.SH"", ""start_date"": ""20250801""}",300,/Users/john/Desktop/shaiwei/shaiwei_init/data/raw/source=tushare/api=index_weight/index=000300.SH/period=2025-08/ingest_date=2026-07-15/20260715T060226.179206Z_9cd9c492314947eab67af9866d96f7c4.parquet,2c8298e3ba21d7516ee87bed3e6268aae5cd81193858314c9ce13e90eaf94cd5,automation
c7e6b23ec6dc,2026-07-15T06:02:26.836223+00:00,tushare.index_weight,"{""end_date"": ""20250831"", ""fields"": ""index_code,con_code,trade_date,weight"", ""index_code"": ""000906.SH"", ""start_date"": ""20250801""}",800,/Users/john/Desktop/shaiwei/shaiwei_init/data/raw/source=tushare/api=index_weight/index=000906.SH/period=2025-08/ingest_date=2026-07-15/20260715T060226.831149Z_d2494937bbe34cc882e050153d2988e0.parquet,b18b66c7fdcebf87744e67a4dd8c940cc716b7d690fc28b41a750cf228a99da3,automation
91daed45968c,2026-07-15T06:02:27.474855+00:00,tushare.index_weight,"{""end_date"": ""20250930"", ""fields"": ""index_code,con_code,trade_date,weight"", ""index_code"": ""000300.SH"", ""start_date"": ""20250901""}",300,/Users/john/Desktop/shaiwei/shaiwei_init/data/raw/source=tushare/api=index_weight/index=000300.SH/period=2025-09/ingest_date=2026-07-15/20260715T060227.470692Z_bcf4cbdba62a471ca37bc899ab39863b.parquet,7b744874639e006409b9a40d5fe8e2f315f153b581404e23ee8365befbaec11d,automation
04cc643b4377,2026-07-15T06:02:28.268157+00:00,tushare.index_weight,"{""end_date"": ""20250930"", ""fields"": ""index_code,con_code,trade_date,weight"", ""index_code"": ""000906.SH"", ""start_date"": ""20250901""}",800,/Users/john/Desktop/shaiwei/shaiwei_init/data/raw/source=tushare/api=index_weight/index=000906.SH/period=2025-09/ingest_date=2026-07-15/20260715T060228.263076Z_647d3ff5c2764df791c5fd822c729bfa.parquet,27122e61c7afa481826c6955daf602a5a101509d7e9e804fc6cb8e3ac11259ca,automation
5c65eb779bad,2026-07-15T06:02:29.170348+00:00,tushare.index_weight,"{""end_date"": ""20251031"", ""fields"": ""index_code,con_code,trade_date,weight"", ""index_code"": ""000300.SH"", ""start_date"": ""20251001""}",300,/Users/john/Desktop/shaiwei/shaiwei_init/data/raw/source=tushare/api=index_weight/index=000300.SH/period=2025-10/ingest_date=2026-07-15/20260715T060229.166819Z_18294271f5384fe98adf0a3191b2cd31.parquet,3dc414deec0211fbee901a92b6fbfa90f99c070d91bf07404e3ae55c5165c760,automation
71be8804a831,2026-07-15T06:02:29.828943+00:00,tushare.index_weight,"{""end_date"": ""20251031"", ""fields"": ""index_code,con_code,trade_date,weight"", ""index_code"": ""000906.SH"", ""start_date"": ""20251001""}",800,/Users/john/Desktop/shaiwei/shaiwei_init/data/raw/source=tushare/api=index_weight/index=000906.SH/period=2025-10/ingest_date=2026-07-15/20260715T060229.824064Z_3707bb7a281a4731b1c45ecfa626231d.parquet,9208bbae7f980ca0552e141ff107a6324a5296516756cb2c64e76df79d052db8,automation
0adab34050a3,2026-07-15T06:02:30.612403+00:00,tushare.index_weight,"{""end_date"": ""20251130"", ""fields"": ""index_code,con_code,trade_date,weight"", ""index_code"": ""000300.SH"", ""start_date"": ""20251101""}",300,/Users/john/Desktop/shaiwei/shaiwei_init/data/raw/source=tushare/api=index_weight/index=000300.SH/period=2025-11/ingest_date=2026-07-15/20260715T060230.607052Z_ccd8bd1c617248d6a22e9248e5c997e6.parquet,fe4dfe55804fdca8feefd9c450d3a6a7397f49dd83843ee4cbdf345606a469c2,automation
56a515413c8a,2026-07-15T06:02:32.088213+00:00,tushare.index_weight,"{""end_date"": ""20251130"", ""fields"": ""index_code,con_code,trade_date,weight"", ""index_code"": ""000906.SH"", ""start_date"": ""20251101""}",800,/Users/john/Desktop/shaiwei/shaiwei_init/data/raw/source=tushare/api=index_weight/index=000906.SH/period=2025-11/ingest_date=2026-07-15/20260715T060232.080711Z_d1e692120a2547619f12b4f7e36fb98a.parquet,3186feb8aeb8d6433750c48154c5bf739b4013d5bf22f64969423395531b519a,automation
fc57f67ab99c,2026-07-15T06:02:33.061907+00:00,tushare.index_weight,"{""end_date"": ""20251231"", ""fields"": ""index_code,con_code,trade_date,weight"", ""index_code"": ""000300.SH"", ""start_date"": ""20251201""}",300,/Users/john/Desktop/shaiwei/shaiwei_init/data/raw/source=tushare/api=index_weight/index=000300.SH/period=2025-12/ingest_date=2026-07-15/20260715T060233.057919Z_1ce0a6c9b01f437e854af0348e94ff73.parquet,b06dfda67fde3998499a4724417001f3d88e85725677a4adb8a8cbc379fd19d2,automation
a06f836de2d0,2026-07-15T06:02:33.716503+00:00,tushare.index_weight,"{""end_date"": ""20251231"", ""fields"": ""index_code,con_code,trade_date,weight"", ""index_code"": ""000906.SH"", ""start_date"": ""20251201""}",800,/Users/john/Desktop/shaiwei/shaiwei_init/data/raw/source=tushare/api=index_weight/index=000906.SH/period=2025-12/ingest_date=2026-07-15/20260715T060233.711301Z_bb7adbb323004e36b90df85f115fabd1.parquet,4fb5b1e31b288e524ad240383e3d9390b1a0901f1b52fb7877757e9a2935ce65,automation
92324550507e,2026-07-15T06:02:34.357952+00:00,tushare.index_weight,"{""end_date"": ""20260131"", ""fields"": ""index_code,con_code,trade_date,weight"", ""index_code"": ""000300.SH"", ""start_date"": ""20260101""}",300,/Users/john/Desktop/shaiwei/shaiwei_init/data/raw/source=tushare/api=index_weight/index=000300.SH/period=2026-01/ingest_date=2026-07-15/20260715T060234.353385Z_e7f3510ac4cc40fc8a69a24f79c4bcd4.parquet,d18f541b47d9229a939cdbce1b4b446c0e296cac5394a60b81fb37cefb2c5681,automation
143cd55d46ea,2026-07-15T06:02:36.014623+00:00,tushare.index_weight,"{""end_date"": ""20260131"", ""fields"": ""index_code,con_code,trade_date,weight"", ""index_code"": ""000906.SH"", ""start_date"": ""20260101""}",800,/Users/john/Desktop/shaiwei/shaiwei_init/data/raw/source=tushare/api=index_weight/index=000906.SH/period=2026-01/ingest_date=2026-07-15/20260715T060236.009794Z_fde51407bbc94724a622ed97aa8c5735.parquet,074455b81efe7f10c4b2d6fb9084558b1c7a6e86b76f6ae99918defb62b6fcd1,automation
21d1abaf027e,2026-07-15T06:02:36.669689+00:00,tushare.index_weight,"{""end_date"": ""20260228"", ""fields"": ""index_code,con_code,trade_date,weight"", ""index_code"": ""000300.SH"", ""start_date"": ""20260201""}",300,/Users/john/Desktop/shaiwei/shaiwei_init/data/raw/source=tushare/api=index_weight/index=000300.SH/period=2026-02/ingest_date=2026-07-15/20260715T060236.664798Z_0f3d2234887b4ceda4ce1dbba5658ee6.parquet,0e486ba22fe25e9fbff2165472c137a186802b11b35a87f87433c7b4b915be6e,automation
9de7ceb332e0,2026-07-15T06:02:38.315551+00:00,tushare.index_weight,"{""end_date"": ""20260228"", ""fields"": ""index_code,con_code,trade_date,weight"", ""index_code"": ""000906.SH"", ""start_date"": ""20260201""}",800,/Users/john/Desktop/shaiwei/shaiwei_init/data/raw/source=tushare/api=index_weight/index=000906.SH/period=2026-02/ingest_date=2026-07-15/20260715T060238.310445Z_082417ebfe3243e7bc085e0966a4953e.parquet,be08801e0c60a316da2363bebe5c28c09e637e88521b7a7de117ff3876dbaef5,automation
eca35e02494b,2026-07-15T06:02:38.951635+00:00,tushare.index_weight,"{""end_date"": ""20260331"", ""fields"": ""index_code,con_code,trade_date,weight"", ""index_code"": ""000300.SH"", ""start_date"": ""20260301""}",300,/Users/john/Desktop/shaiwei/shaiwei_init/data/raw/source=tushare/api=index_weight/index=000300.SH/period=2026-03/ingest_date=2026-07-15/20260715T060238.947348Z_8bba1ca166954138bc473bba92ef6f92.parquet,408643a7626ff1deb4de57195f57c6152e4af8d8d706f5f2cbd1c7bd9e82e3ed,automation
d052905be7f7,2026-07-15T06:02:40.043245+00:00,tushare.index_weight,"{""end_date"": ""20260331"", ""fields"": ""index_code,con_code,trade_date,weight"", ""index_code"": ""000906.SH"", ""start_date"": ""20260301""}",800,/Users/john/Desktop/shaiwei/shaiwei_init/data/raw/source=tushare/api=index_weight/index=000906.SH/period=2026-03/ingest_date=2026-07-15/20260715T060240.038408Z_2940e3dd3aa0480ebce63580258be865.parquet,e8964291de61d6f7625134e8c75aef56ec67cdb9017992075c3c6fa692142b89,automation
b4e713a3b03f,2026-07-15T06:02:41.786856+00:00,tushare.index_weight,"{""end_date"": ""20260430"", ""fields"": ""index_code,con_code,trade_date,weight"", ""index_code"": ""000300.SH"", ""start_date"": ""20260401""}",300,/Users/john/Desktop/shaiwei/shaiwei_init/data/raw/source=tushare/api=index_weight/index=000300.SH/period=2026-04/ingest_date=2026-07-15/20260715T060241.783118Z_982eaab8e5514d1dbdc90f57713bccf3.parquet,868887b2a149322f1e852fae64cb4b5f3ec03025e6911ebfb5c8b71b4b3d7205,automation
f0d86ec97aa1,2026-07-15T06:02:42.778454+00:00,tushare.index_weight,"{""end_date"": ""20260430"", ""fields"": ""index_code,con_code,trade_date,weight"", ""index_code"": ""000906.SH"", ""start_date"": ""20260401""}",800,/Users/john/Desktop/shaiwei/shaiwei_init/data/raw/source=tushare/api=index_weight/index=000906.SH/period=2026-04/ingest_date=2026-07-15/20260715T060242.773400Z_7761d22c4815409392e76c9a22796ab2.parquet,5b524e2c82c18fbb1e37211265b69b03aad884b06532df0fd5800e1d15045444,automation
6c0de8584dad,2026-07-15T06:02:43.399882+00:00,tushare.index_weight,"{""end_date"": ""20260531"", ""fields"": ""index_code,con_code,trade_date,weight"", ""index_code"": ""000300.SH"", ""start_date"": ""20260501""}",300,/Users/john/Desktop/shaiwei/shaiwei_init/data/raw/source=tushare/api=index_weight/index=000300.SH/period=2026-05/ingest_date=2026-07-15/20260715T060243.395010Z_8aafd547f2f74187ae7957bc3db52443.parquet,eaa97a210a99c30e5eb1e356f30913dfd2860082ce078cc60661100796a8b45f,automation
4f1b001d06e8,2026-07-15T06:02:44.413295+00:00,tushare.index_weight,"{""end_date"": ""20260531"", ""fields"": ""index_code,con_code,trade_date,weight"", ""index_code"": ""000906.SH"", ""start_date"": ""20260501""}",800,/Users/john/Desktop/shaiwei/shaiwei_init/data/raw/source=tushare/api=index_weight/index=000906.SH/period=2026-05/ingest_date=2026-07-15/20260715T060244.408090Z_e39d88d61a0b4883bdc54b0517712d56.parquet,26523d5340f70891527fcaa585e7bf5af17e31a7e6aef056a0fa2dd6a0e2af2d,automation
d028d756185a,2026-07-15T06:02:45.512358+00:00,tushare.index_weight,"{""end_date"": ""20260630"", ""fields"": ""index_code,con_code,trade_date,weight"", ""index_code"": ""000300.SH"", ""start_date"": ""20260601""}",300,/Users/john/Desktop/shaiwei/shaiwei_init/data/raw/source=tushare/api=index_weight/index=000300.SH/period=2026-06/ingest_date=2026-07-15/20260715T060245.507732Z_c82762b15788456989a80916941355f2.parquet,c69d1d379f539f41119677e632f71f61e6ecb4125f667090fcfc031e41fb0e93,automation
960e812b1374,2026-07-15T06:02:46.156726+00:00,tushare.index_weight,"{""end_date"": ""20260630"", ""fields"": ""index_code,con_code,trade_date,weight"", ""index_code"": ""000906.SH"", ""start_date"": ""20260601""}",800,/Users/john/Desktop/shaiwei/shaiwei_init/data/raw/source=tushare/api=index_weight/index=000906.SH/period=2026-06/ingest_date=2026-07-15/20260715T060246.151979Z_1cac414b684c47dcbeea7b85b82150b7.parquet,b4a9cbb00b5bb85fe0acd2a5bb1d5c645cccd2655c7834cb49f7808fc6ac2add,automation
c5d749df5342,2026-07-15T06:02:47.132520+00:00,tushare.index_weight,"{""end_date"": ""20260715"", ""fields"": ""index_code,con_code,trade_date,weight"", ""index_code"": ""000300.SH"", ""start_date"": ""20260701""}",0,/Users/john/Desktop/shaiwei/shaiwei_init/data/raw/source=tushare/api=index_weight/index=000300.SH/period=2026-07/ingest_date=2026-07-15/20260715T060247.128902Z_a86bf53d6850469ea4c93af1dafcd9d8.parquet,4d83ccdf175fc9ed59d5e06d441fa58da65728622c80e3456bcf9caa9d7c899c,automation
9538114b723c,2026-07-15T06:02:47.757619+00:00,tushare.index_weight,"{""end_date"": ""20260715"", ""fields"": ""index_code,con_code,trade_date,weight"", ""index_code"": ""000906.SH"", ""start_date"": ""20260701""}",0,/Users/john/Desktop/shaiwei/shaiwei_init/data/raw/source=tushare/api=index_weight/index=000906.SH/period=2026-07/ingest_date=2026-07-15/20260715T060247.753794Z_21dcd88046484a49974e4d75fb309745.parquet,4d83ccdf175fc9ed59d5e06d441fa58da65728622c80e3456bcf9caa9d7c899c,automation
8ee890a9188c,2026-07-15T06:02:48.831824+00:00,tushare.suspend_d,"{""fields"": ""ts_code,trade_date,suspend_timing,suspend_type"", ""trade_date"": ""20160104""}",282,/Users/john/Desktop/shaiwei/shaiwei_init/data/raw/source=tushare/api=suspend_d/trade_date=20160104/ingest_date=2026-07-15/20260715T060248.819706Z_ad70bc2ec07d4e35828ef8dcf54e2ecf.parquet,e45f62853040c15f390652d006d7c296e6c4ad5536d31962ccf8379a4246ead6,automation
b0b9ef75b317,2026-07-15T06:02:49.478647+00:00,tushare.suspend_d,"{""fields"": ""ts_code,trade_date,suspend_timing,suspend_type"", ""trade_date"": ""20160105""}",270,/Users/john/Desktop/shaiwei/shaiwei_init/data/raw/source=tushare/api=suspend_d/trade_date=20160105/ingest_date=2026-07-15/20260715T060249.474071Z_c59d41218f57481d932a1624e2166df7.parquet,d2d3584930da986b1323c7832654cb1f059466e153e4f4baa834a420838fe53b,automation
d192ed9487e2,2026-07-15T06:02:50.197505+00:00,tushare.suspend_d,"{""fields"": ""ts_code,trade_date,suspend_timing,suspend_type"", ""trade_date"": ""20160106""}",265,/Users/john/Desktop/shaiwei/shaiwei_init/data/raw/source=tushare/api=suspend_d/trade_date=20160106/ingest_date=2026-07-15/20260715T060250.192086Z_fd423261860643f78cd420efce2aed4f.parquet,d65bb888346964117f3b66d4e11ce3889133342f824561c72c018914a47789a7,automation
4b36036b3ae6,2026-07-15T06:02:50.830282+00:00,tushare.suspend_d,"{""fields"": ""ts_code,trade_date,suspend_timing,suspend_type"", ""trade_date"": ""20160107""}",267,/Users/john/Desktop/shaiwei/shaiwei_init/data/raw/source=tushare/api=suspend_d/trade_date=20160107/ingest_date=2026-07-15/20260715T060250.826488Z_92447ed0f5824d559ad5605df59c3b84.parquet,89d866ae622a31d5b4bf3cae2a1789c3af5303708e8cb4d38fbd2dfe0be0eca6,automation
41ac18307e0f,2026-07-15T06:02:51.483259+00:00,tushare.suspend_d,"{""fields"": ""ts_code,trade_date,suspend_timing,suspend_type"", ""trade_date"": ""20160108""}",273,/Users/john/Desktop/shaiwei/shaiwei_init/data/raw/source=tushare/api=suspend_d/trade_date=20160108/ingest_date=2026-07-15/20260715T060251.478360Z_bb4cc2365ac64980b9bb84e2f9d1e779.parquet,ed2c3af398c309c63bdda29781756e0b0b867cd13afa4f9ca292edc734dd5ea9,automation
94d3069e5a9e,2026-07-15T06:02:52.481294+00:00,tushare.suspend_d,"{""fields"": ""ts_code,trade_date,suspend_timing,suspend_type"", ""trade_date"": ""20160111""}",274,/Users/john/Desktop/shaiwei/shaiwei_init/data/raw/source=tushare/api=suspend_d/trade_date=20160111/ingest_date=2026-07-15/20260715T060252.477177Z_1ca73210c7484c7491be95072048c4c5.parquet,92676946d8aa1886cae904dff2e8375c36301f1fe544c451bfab500e23ff2925,automation
0e9038a3bde3,2026-07-15T06:02:53.127296+00:00,tushare.suspend_d,"{""fields"": ""ts_code,trade_date,suspend_timing,suspend_type"", ""trade_date"": ""20160112""}",274,/Users/john/Desktop/shaiwei/shaiwei_init/data/raw/source=tushare/api=suspend_d/trade_date=20160112/ingest_date=2026-07-15/20260715T060253.123661Z_ad8757011c81408bb5c903ed94b74f96.parquet,61696395f43f9e3bc0e9907b2a3bacac708821cd537b46520e9303cbc05a67ac,automation
aef29f6b739a,2026-07-15T06:02:53.758225+00:00,tushare.suspend_d,"{""fields"": ""ts_code,trade_date,suspend_timing,suspend_type"", ""trade_date"": ""20160113""}",264,/Users/john/Desktop/shaiwei/shaiwei_init/data/raw/source=tushare/api=suspend_d/trade_date=20160113/ingest_date=2026-07-15/20260715T060253.754326Z_35af99ff7c7b44fdae195a6662c826bf.parquet,9cc45d8f936aa1a88913dbec871f4423cfa15a6d24ee0ba3d66303151de3b205,automation
87091b846ce1,2026-07-15T06:02:55.777039+00:00,tushare.suspend_d,"{""fields"": ""ts_code,trade_date,suspend_timing,suspend_type"", ""trade_date"": ""20160114""}",267,/Users/john/Desktop/shaiwei/shaiwei_init/data/raw/source=tushare/api=suspend_d/trade_date=20160114/ingest_date=2026-07-15/20260715T060255.772652Z_837ca6a125d24894a1354122c0f96d16.parquet,c4711050d92f8044d528ec1cfd91209fdbae63f3e8061f6668ff298be6af8120,automation
64ed77424a0a,2026-07-15T06:02:56.503476+00:00,tushare.suspend_d,"{""fields"": ""ts_code,trade_date,suspend_timing,suspend_type"", ""trade_date"": ""20160115""}",262,/Users/john/Desktop/shaiwei/shaiwei_init/data/raw/source=tushare/api=suspend_d/trade_date=20160115/ingest_date=2026-07-15/20260715T060256.501074Z_29e9f2cfcad14a10956c546999d8c5b5.parquet,86ea8903218426a1847687b11f0d600fd574f7351281675e33a102718a35c0e8,automation
659b1b77bea3,2026-07-15T06:02:57.154197+00:00,tushare.suspend_d,"{""fields"": ""ts_code,trade_date,suspend_timing,suspend_type"", ""trade_date"": ""20160118""}",275,/Users/john/Desktop/shaiwei/shaiwei_init/data/raw/source=tushare/api=suspend_d/trade_date=20160118/ingest_date=2026-07-15/20260715T060257.152941Z_65585a4d8598449f8ce5b8a59a5733c0.parquet,26a3e8c0422f6379c60fe5a3c4d3b4e7fd1dda37bfaf24cf30dbaa7b807ec70b,automation
625a3bfb727c,2026-07-15T06:02:57.968596+00:00,tushare.suspend_d,"{""fields"": ""ts_code,trade_date,suspend_timing,suspend_type"", ""trade_date"": ""20160119""}",271,/Users/john/Desktop/shaiwei/shaiwei_init/data/raw/source=tushare/api=suspend_d/trade_date=20160119/ingest_date=2026-07-15/20260715T060257.964194Z_1532facff54e44a391ec4d72c6af0e98.parquet,8a102ca4e51b49709559ea6f7a3337f9b20118a6d99dcb3526922a33b3738588,automation
318ad07eab00,2026-07-15T06:02:59.181660+00:00,tushare.suspend_d,"{""fields"": ""ts_code,trade_date,suspend_timing,suspend_type"", ""trade_date"": ""20160120""}",260,/Users/john/Desktop/shaiwei/shaiwei_init/data/raw/source=tushare/api=suspend_d/trade_date=20160120/ingest_date=2026-07-15/20260715T060259.177128Z_ec03ca40622e4e079beae907eb8202d1.parquet,5cf6c873aa284b7ff88ed6f805b04f2979418fc0ae4642420a7996812dc9c7e0,automation
f266ecce38de,2026-07-15T06:02:59.818047+00:00,tushare.suspend_d,"{""fields"": ""ts_code,trade_date,suspend_timing,suspend_type"", ""trade_date"": ""20160121""}",263,/Users/john/Desktop/shaiwei/shaiwei_init/data/raw/source=tushare/api=suspend_d/trade_date=20160121/ingest_date=2026-07-15/20260715T060259.811890Z_03eaae656e314af79d89306ed6aa72b6.parquet,631bd9536488945cdace6f74ca08e2a3da1a4420c56466d7721d34d28cd4129d,automation
6ddef1c9829c,2026-07-15T06:03:00.471408+00:00,tushare.suspend_d,"{""fields"": ""ts_code,trade_date,suspend_timing,suspend_type"", ""trade_date"": ""20160122""}",259,/Users/john/Desktop/shaiwei/shaiwei_init/data/raw/source=tushare/api=suspend_d/trade_date=20160122/ingest_date=2026-07-15/20260715T060300.467235Z_6b0cf4b2734840d78841d2d7ef98a063.parquet,e369976d975a475f8b150754dd8be9189fdce453676416fe98142c039d3797ce,automation
dc81b132d03b,2026-07-15T06:03:01.502849+00:00,tushare.suspend_d,"{""fields"": ""ts_code,trade_date,suspend_timing,suspend_type"", ""trade_date"": ""20160125""}",260,/Users/john/Desktop/shaiwei/shaiwei_init/data/raw/source=tushare/api=suspend_d/trade_date=20160125/ingest_date=2026-07-15/20260715T060301.498520Z_c218fbddbcc84075901a27e18e3cdf1b.parquet,57613423d0b7fbb7d7e6529a1deab851fd7aeee1112dde869f35262791a15409,automation
03442a6ba406,2026-07-15T06:03:04.662866+00:00,tushare.suspend_d,"{""fields"": ""ts_code,trade_date,suspend_timing,suspend_type"", ""trade_date"": ""20160126""}",257,/Users/john/Desktop/shaiwei/shaiwei_init/data/raw/source=tushare/api=suspend_d/trade_date=20160126/ingest_date=2026-07-15/20260715T060304.658726Z_3543734eba9e49e79889c90c2b5916c0.parquet,09048ac47d427fb1d38dad6a3c96b75600b3f89ab96260d1cb700ff41045b44d,automation
b4b99f862db9,2026-07-15T06:03:06.667348+00:00,tushare.suspend_d,"{""fields"": ""ts_code,trade_date,suspend_timing,suspend_type"", ""trade_date"": ""20160127""}",267,/Users/john/Desktop/shaiwei/shaiwei_init/data/raw/source=tushare/api=suspend_d/trade_date=20160127/ingest_date=2026-07-15/20260715T060306.660793Z_294f1a0736724a048c929e98b83d88a2.parquet,1b70e963d1b44f144f7197b312d6ba39f6b1de00af4541a24541960446d37895,automation
56cd774966aa,2026-07-15T06:03:07.284110+00:00,tushare.suspend_d,"{""fields"": ""ts_code,trade_date,suspend_timing,suspend_type"", ""trade_date"": ""20160128""}",260,/Users/john/Desktop/shaiwei/shaiwei_init/data/raw/source=tushare/api=suspend_d/trade_date=20160128/ingest_date=2026-07-15/20260715T060307.279434Z_73291169a2a646c5a45c6dac2e8dc180.parquet,767e8a31685adf1299aea2db60346603df4c37777a962dbfda2e3a067dd7e14f,automation
55afda78e78c,2026-07-15T06:03:07.919613+00:00,tushare.suspend_d,"{""fields"": ""ts_code,trade_date,suspend_timing,suspend_type"", ""trade_date"": ""20160129""}",262,/Users/john/Desktop/shaiwei/shaiwei_init/data/raw/source=tushare/api=suspend_d/trade_date=20160129/ingest_date=2026-07-15/20260715T060307.915801Z_9193adadbb534f07b02f935c7575bcee.parquet,fbbc9f55b8149a80b45edec107e39747e26e49ccce2df355859151933e4b155f,automation
764bfa8273e8,2026-07-15T06:03:08.968174+00:00,tushare.suspend_d,"{""fields"": ""ts_code,trade_date,suspend_timing,suspend_type"", ""trade_date"": ""20160201""}",266,/Users/john/Desktop/shaiwei/shaiwei_init/data/raw/source=tushare/api=suspend_d/trade_date=20160201/ingest_date=2026-07-15/20260715T060308.963878Z_1c006a4b20bb4ab0bdf2a6ddb866a7f6.parquet,22b63fd7c00a29b6b46e7d6ca25d2445e58f31b49112350231fdf0424793b681,automation
ca151082de22,2026-07-15T06:03:10.648187+00:00,tushare.suspend_d,"{""fields"": ""ts_code,trade_date,suspend_timing,suspend_type"", ""trade_date"": ""20160202""}",264,/Users/john/Desktop/shaiwei/shaiwei_init/data/raw/source=tushare/api=suspend_d/trade_date=20160202/ingest_date=2026-07-15/20260715T060310.645092Z_da51d56c558740f08e69ff0a8a68c624.parquet,b054806720fcd1fdbbb5ded6634adfcb69b4638d40d38da59270971fb2852b43,automation
820768c9f7e1,2026-07-15T06:03:11.297747+00:00,tushare.suspend_d,"{""fields"": ""ts_code,trade_date,suspend_timing,suspend_type"", ""trade_date"": ""20160203""}",263,/Users/john/Desktop/shaiwei/shaiwei_init/data/raw/source=tushare/api=suspend_d/trade_date=20160203/ingest_date=2026-07-15/20260715T060311.291744Z_ea12b6275c4443749e358236f5d201c5.parquet,34faf64a396379c00fc2930919d9fb899baee5b1ac6497ed1e8d038a8686e33c,automation
6b6ddd871b55,2026-07-15T06:03:11.912145+00:00,tushare.suspend_d,"{""fields"": ""ts_code,trade_date,suspend_timing,suspend_type"", ""trade_date"": ""20160204""}",266,/Users/john/Desktop/shaiwei/shaiwei_init/data/raw/source=tushare/api=suspend_d/trade_date=20160204/ingest_date=2026-07-15/20260715T060311.909372Z_f86f525d998b4b37a4856d02f1b8291a.parquet,8d06c4289ba17dea8cc55f97c6a2cbecfdad281cf9e513e9b8d0e171b1c5e540,automation
2dd68cb23ca4,2026-07-15T06:03:12.550217+00:00,tushare.suspend_d,"{""fields"": ""ts_code,trade_date,suspend_timing,suspend_type"", ""trade_date"": ""20160205""}",268,/Users/john/Desktop/shaiwei/shaiwei_init/data/raw/source=tushare/api=suspend_d/trade_date=20160205/ingest_date=2026-07-15/20260715T060312.546489Z_d8287d81bcc3429c9123216468d078bc.parquet,560c0a77c5d06022cb6adb739eb03b384013941b6ffb34f2cfa0a4d3dd53a8b4,automation
c56e078851ff,2026-07-15T06:03:13.511253+00:00,tushare.suspend_d,"{""fields"": ""ts_code,trade_date,suspend_timing,suspend_type"", ""trade_date"": ""20160215""}",269,/Users/john/Desktop/shaiwei/shaiwei_init/data/raw/source=tushare/api=suspend_d/trade_date=20160215/ingest_date=2026-07-15/20260715T060313.506939Z_391880be0707469fa58f53ab1c1cd0ac.parquet,eec74676faec42a50a453e392149c1a4cbb91f04705a39002b8a4b0db9fd417e,automation
025b8335659d,2026-07-15T06:03:14.184304+00:00,tushare.suspend_d,"{""fields"": ""ts_code,trade_date,suspend_timing,suspend_type"", ""trade_date"": ""20160216""}",263,/Users/john/Desktop/shaiwei/shaiwei_init/data/raw/source=tushare/api=suspend_d/trade_date=20160216/ingest_date=2026-07-15/20260715T060314.179462Z_17dbb15ac4e244879d654144ac4d6375.parquet,7a45842ca09720a9bb4a4576645fde694f5782449faf9cd5651f218cd330541e,automation
aaf6bfac5d74,2026-07-15T06:03:14.926208+00:00,tushare.suspend_d,"{""fields"": ""ts_code,trade_date,suspend_timing,suspend_type"", ""trade_date"": ""20160217""}",258,/Users/john/Desktop/shaiwei/shaiwei_init/data/raw/source=tushare/api=suspend_d/trade_date=20160217/ingest_date=2026-07-15/20260715T060314.921400Z_2c388bcde5ea49278073b29944580044.parquet,1db59fe6a3d1412ec9ce656b43e507808481f43872cb105a202ff17732268cb2,automation
2c10050db304,2026-07-15T06:03:15.801263+00:00,tushare.suspend_d,"{""fields"": ""ts_code,trade_date,suspend_timing,suspend_type"", ""trade_date"": ""20160218""}",263,/Users/john/Desktop/shaiwei/shaiwei_init/data/raw/source=tushare/api=suspend_d/trade_date=20160218/ingest_date=2026-07-15/20260715T060315.797565Z_8797827fc3e84afab546d3f3ced286c8.parquet,d7c3ac953667ee5e2fb0fe59e88a41e2b1c17c8623fda81317b117018763387c,automation
4e0e7fa46cc2,2026-07-15T06:03:16.455310+00:00,tushare.suspend_d,"{""fields"": ""ts_code,trade_date,suspend_timing,suspend_type"", ""trade_date"": ""20160219""}",261,/Users/john/Desktop/shaiwei/shaiwei_init/data/raw/source=tushare/api=suspend_d/trade_date=20160219/ingest_date=2026-07-15/20260715T060316.450133Z_88a9b466c85d47f9b0eb59aa7733f08e.parquet,bfe5a86ea11c4189940f455d60438921ec94fa37641b240d8f4e1f8d03b5734a,automation
bdeb8c05442d,2026-07-15T06:03:17.187446+00:00,tushare.suspend_d,"{""fields"": ""ts_code,trade_date,suspend_timing,suspend_type"", ""trade_date"": ""20160222""}",273,/Users/john/Desktop/shaiwei/shaiwei_init/data/raw/source=tushare/api=suspend_d/trade_date=20160222/ingest_date=2026-07-15/20260715T060317.183671Z_7d67d3575bbf4efdbe819869bc367779.parquet,1d9ec5b3e1577af68ccd6cb68777376b93ddc5007230d58de41709ebe4c2d59f,automation
b9ed5132ea2f,2026-07-15T06:03:17.826446+00:00,tushare.suspend_d,"{""fields"": ""ts_code,trade_date,suspend_timing,suspend_type"", ""trade_date"": ""20160223""}",274,/Users/john/Desktop/shaiwei/shaiwei_init/data/raw/source=tushare/api=suspend_d/trade_date=20160223/ingest_date=2026-07-15/20260715T060317.822677Z_9d889639dc5b47fa9ad21695965e8939.parquet,3925908799234d3ba544ce261cc426c459d63b54522975c18e6562f419816106,automation
68c16d213987,2026-07-15T06:03:19.497510+00:00,tushare.suspend_d,"{""fields"": ""ts_code,trade_date,suspend_timing,suspend_type"", ""trade_date"": ""20160224""}",280,/Users/john/Desktop/shaiwei/shaiwei_init/data/raw/source=tushare/api=suspend_d/trade_date=20160224/ingest_date=2026-07-15/20260715T060319.492694Z_e4a3ea939e1d4560aee0c9ef0bc40268.parquet,1cfa71141be7e0e877b14c87c4517bd6aded460c89f80a26306e3f88417faba3,automation
9e1fedb681d9,2026-07-15T06:03:20.142170+00:00,tushare.suspend_d,"{""fields"": ""ts_code,trade_date,suspend_timing,suspend_type"", ""trade_date"": ""20160225""}",289,/Users/john/Desktop/shaiwei/shaiwei_init/data/raw/source=tushare/api=suspend_d/trade_date=20160225/ingest_date=2026-07-15/20260715T060320.137777Z_4daa511785384f9b9a79b057b4fc1442.parquet,e0a5ebdb8b3f70a7e639ccb8bae76450b82cb912d7cdd496aa82c10a6124b177,automation
a47b91187569,2026-07-15T06:03:20.846802+00:00,tushare.suspend_d,"{""fields"": ""ts_code,trade_date,suspend_timing,suspend_type"", ""trade_date"": ""20160226""}",283,/Users/john/Desktop/shaiwei/shaiwei_init/data/raw/source=tushare/api=suspend_d/trade_date=20160226/ingest_date=2026-07-15/20260715T060320.843278Z_1a465ba5bb974826ac209b67e0215918.parquet,9f8c18efe25b55ae92c5fc3da56535fa4c3e1d7697aff461a1aeb327c2f90f5c,automation
e98c369f928a,2026-07-15T06:03:21.827579+00:00,tushare.suspend_d,"{""fields"": ""ts_code,trade_date,suspend_timing,suspend_type"", ""trade_date"": ""20160229""}",294,/Users/john/Desktop/shaiwei/shaiwei_init/data/raw/source=tushare/api=suspend_d/trade_date=20160229/ingest_date=2026-07-15/20260715T060321.821199Z_bdb52d0bd77d49b581318a4a5296f386.parquet,a4d90e951784b1f3a394a95aca99226779dbc3fb213a09cf0a62d72f187bd575,automation
007ceb39a64f,2026-07-15T06:03:22.533892+00:00,tushare.suspend_d,"{""fields"": ""ts_code,trade_date,suspend_timing,suspend_type"", ""trade_date"": ""20160301""}",287,/Users/john/Desktop/shaiwei/shaiwei_init/data/raw/source=tushare/api=suspend_d/trade_date=20160301/ingest_date=2026-07-15/20260715T060322.529215Z_ba268c390eac4410b6550e8700d9594f.parquet,ac8fa64a40708e1fc7005e55e76204cf5794af24ae25c2be1465baf4a17d2605,automation
a89be1faad7b,2026-07-15T06:03:23.491625+00:00,tushare.suspend_d,"{""fields"": ""ts_code,trade_date,suspend_timing,suspend_type"", ""trade_date"": ""20160302""}",282,/Users/john/Desktop/shaiwei/shaiwei_init/data/raw/source=tushare/api=suspend_d/trade_date=20160302/ingest_date=2026-07-15/20260715T060323.487736Z_1d9fb5ffe8e943729bbabda9e4589d4a.parquet,afc49356fb914532a4a0f01d345014c094ce13c76e58f2ede8970645ef46cde9,automation
ab4ee332e2c6,2026-07-15T06:03:24.212886+00:00,tushare.suspend_d,"{""fields"": ""ts_code,trade_date,suspend_timing,suspend_type"", ""trade_date"": ""20160303""}",290,/Users/john/Desktop/shaiwei/shaiwei_init/data/raw/source=tushare/api=suspend_d/trade_date=20160303/ingest_date=2026-07-15/20260715T060324.207798Z_a817999a74c94c6ba5c6d5609768c5c6.parquet,de4dd5159e6bec0cb7b25a3bf34d0be375cf101ca71a6746a30cf9da5fa6a305,automation
ac8555ce03eb,2026-07-15T06:03:27.279904+00:00,tushare.suspend_d,"{""fields"": ""ts_code,trade_date,suspend_timing,suspend_type"", ""trade_date"": ""20160304""}",284,/Users/john/Desktop/shaiwei/shaiwei_init/data/raw/source=tushare/api=suspend_d/trade_date=20160304/ingest_date=2026-07-15/20260715T060327.275525Z_004b3d7054b3435a83f95ce1cf9a1eb3.parquet,30ac7fdc6f6a8bdd9fe3bcc2df6f0b3524e443668c96c9c4b43b5a7ee6f3e813,automation
470ae283fcda,2026-07-15T06:03:27.906441+00:00,tushare.suspend_d,"{""fields"": ""ts_code,trade_date,suspend_timing,suspend_type"", ""trade_date"": ""20160307""}",288,/Users/john/Desktop/shaiwei/shaiwei_init/data/raw/source=tushare/api=suspend_d/trade_date=20160307/ingest_date=2026-07-15/20260715T060327.903446Z_b96b1603ed594c06a4b91b6be915e49d.parquet,b8fe19ed2620c5e9b3a6a7e445128bbd02f4b4d92bc6f6a57e325ded419e003f,automation
01e7f39c3e38,2026-07-15T06:03:28.750242+00:00,tushare.suspend_d,"{""fields"": ""ts_code,trade_date,suspend_timing,suspend_type"", ""trade_date"": ""20160308""}",288,/Users/john/Desktop/shaiwei/shaiwei_init/data/raw/source=tushare/api=suspend_d/trade_date=20160308/ingest_date=2026-07-15/20260715T060328.746431Z_1ae43d5669c14301bcea3b4d03d7c5cd.parquet,8929f8ae41979c1b3fbf9f2ed15f28be85973e8a4a3c76a1862af82ec5b4c444,automation
10e556ab00bf,2026-07-15T06:03:29.389987+00:00,tushare.suspend_d,"{""fields"": ""ts_code,trade_date,suspend_timing,suspend_type"", ""trade_date"": ""20160309""}",288,/Users/john/Desktop/shaiwei/shaiwei_init/data/raw/source=tushare/api=suspend_d/trade_date=20160309/ingest_date=2026-07-15/20260715T060329.386085Z_8e3342bb9c6e4f6996341b802382ab5e.parquet,30246027d05b96c2dcb3b4504896b19229c0ed062156c91fd5ff01f6e3ca948a,automation
cf1ec2d2d7f8,2026-07-15T06:03:30.397066+00:00,tushare.suspend_d,"{""fields"": ""ts_code,trade_date,suspend_timing,suspend_type"", ""trade_date"": ""20160310""}",284,/Users/john/Desktop/shaiwei/shaiwei_init/data/raw/source=tushare/api=suspend_d/trade_date=20160310/ingest_date=2026-07-15/20260715T060330.392683Z_411ae4ebf92e4387aad2e87cc88bbd1d.parquet,14d2fc80d14f6cc1a3fd3cd2097798a3dc67cc9c509b6aade421baca28cf6202,automation
744fbd99f60a,2026-07-15T06:03:31.066444+00:00,tushare.suspend_d,"{""fields"": ""ts_code,trade_date,suspend_timing,suspend_type"", ""trade_date"": ""20160311""}",279,/Users/john/Desktop/shaiwei/shaiwei_init/data/raw/source=tushare/api=suspend_d/trade_date=20160311/ingest_date=2026-07-15/20260715T060331.062357Z_ea81a370f74c45e3ac75ad9bd11a43e4.parquet,b39d0459e8bd10a75d794b56ddbd97fb5fc69d63842749b9cee3cc4df3e577ae,automation
1000df3f8428,2026-07-15T06:03:31.692611+00:00,tushare.suspend_d,"{""fields"": ""ts_code,trade_date,suspend_timing,suspend_type"", ""trade_date"": ""20160314""}",276,/Users/john/Desktop/shaiwei/shaiwei_init/data/raw/source=tushare/api=suspend_d/trade_date=20160314/ingest_date=2026-07-15/20260715T060331.686497Z_94bce297a37c465299b45fc488a3c2da.parquet,4ae3b20404d1fd190255806dd1935e24d027a3ac3b784e7fd61145a4ecdae4c2,automation
4f34f10ec3b7,2026-07-15T06:03:32.329912+00:00,tushare.suspend_d,"{""fields"": ""ts_code,trade_date,suspend_timing,suspend_type"", ""trade_date"": ""20160315""}",278,/Users/john/Desktop/shaiwei/shaiwei_init/data/raw/source=tushare/api=suspend_d/trade_date=20160315/ingest_date=2026-07-15/20260715T060332.325897Z_64de54f4ceb64209bae9fbebfd6b8ac8.parquet,6f4c2c67225c0fed2fcbfc40a4648f8d66619b591c5bb6e0f4f02c275a985074,automation
1fb4307c8a60,2026-07-15T06:03:32.945011+00:00,tushare.suspend_d,"{""fields"": ""ts_code,trade_date,suspend_timing,suspend_type"", ""trade_date"": ""20160316""}",273,/Users/john/Desktop/shaiwei/shaiwei_init/data/raw/source=tushare/api=suspend_d/trade_date=20160316/ingest_date=2026-07-15/20260715T060332.940424Z_b3380a5fdf194454906990f08ec53331.parquet,a8a07842bb2008350bd79f93a68503fa9202de14c482a162adc5f258b2708c59,automation
00368d4a4ced,2026-07-15T06:03:33.574498+00:00,tushare.suspend_d,"{""fields"": ""ts_code,trade_date,suspend_timing,suspend_type"", ""trade_date"": ""20160317""}",271,/Users/john/Desktop/shaiwei/shaiwei_init/data/raw/source=tushare/api=suspend_d/trade_date=20160317/ingest_date=2026-07-15/20260715T060333.569934Z_7a9fb047ea0b4662a7c89da40ba08c97.parquet,c8a00c3ccc7bfca28e3da03381c227daa319ab7721b689a0a26b77d7abcb3695,automation
290c9e2f525f,2026-07-15T06:03:34.221335+00:00,tushare.suspend_d,"{""fields"": ""ts_code,trade_date,suspend_timing,suspend_type"", ""trade_date"": ""20160318""}",277,/Users/john/Desktop/shaiwei/shaiwei_init/data/raw/source=tushare/api=suspend_d/trade_date=20160318/ingest_date=2026-07-15/20260715T060334.216937Z_426b5a00ef0942ce92354b0a6ff3b301.parquet,b1861f282494c24c068a914ca2864b2ec41d8cc36f5e7ef5cf46d901a9b3f248,automation
53e33b71c7aa,2026-07-15T06:03:34.968655+00:00,tushare.suspend_d,"{""fields"": ""ts_code,trade_date,suspend_timing,suspend_type"", ""trade_date"": ""20160321""}",288,/Users/john/Desktop/shaiwei/shaiwei_init/data/raw/source=tushare/api=suspend_d/trade_date=20160321/ingest_date=2026-07-15/20260715T060334.964502Z_cd95ac5b43694490be748224c0942694.parquet,cc312005a46629e7a0a592c314a8c71003c09c6564bfd5c81740806de0f33c9f,automation
cf42176b5293,2026-07-15T06:03:35.599923+00:00,tushare.suspend_d,"{""fields"": ""ts_code,trade_date,suspend_timing,suspend_type"", ""trade_date"": ""20160322""}",290,/Users/john/Desktop/shaiwei/shaiwei_init/data/raw/source=tushare/api=suspend_d/trade_date=20160322/ingest_date=2026-07-15/20260715T060335.595942Z_f7f13e513d884da69fc7a9f7c4f8800b.parquet,cbb2582cc49cefc647ff855ba09cbdf70f32e63d83b53fd675f53f32419b17cf,automation
439f37084d69,2026-07-15T06:03:36.697511+00:00,tushare.suspend_d,"{""fields"": ""ts_code,trade_date,suspend_timing,suspend_type"", ""trade_date"": ""20160323""}",286,/Users/john/Desktop/shaiwei/shaiwei_init/data/raw/source=tushare/api=suspend_d/trade_date=20160323/ingest_date=2026-07-15/20260715T060336.693916Z_5ed5a476619d48ee969a75a77aba5ac4.parquet,cfad0888da5646570c8801310ecf4d5ba7db77e4d20ce04036d7972372c068e2,automation
2062bf182d01,2026-07-15T06:03:37.453602+00:00,tushare.suspend_d,"{""fields"": ""ts_code,trade_date,suspend_timing,suspend_type"", ""trade_date"": ""20160324""}",299,/Users/john/Desktop/shaiwei/shaiwei_init/data/raw/source=tushare/api=suspend_d/trade_date=20160324/ingest_date=2026-07-15/20260715T060337.449290Z_ed2b99fb85a542d4922dedaac2e85591.parquet,8113bb8586f6036a90f49c937f1e110e6659dee1885326286edc4f849f52616a,automation
000700e7836d,2026-07-15T06:03:38.112710+00:00,tushare.suspend_d,"{""fields"": ""ts_code,trade_date,suspend_timing,suspend_type"", ""trade_date"": ""20160325""}",302,/Users/john/Desktop/shaiwei/shaiwei_init/data/raw/source=tushare/api=suspend_d/trade_date=20160325/ingest_date=2026-07-15/20260715T060338.109611Z_5b475ba43d474a1ea9925908e36f3caa.parquet,4aa5ef4491e6fb5b846b3f0c4a93f7d0455ddf81f03f5e94a293ccfbc874eafa,automation
c803c78b3a47,2026-07-15T06:03:38.759839+00:00,tushare.suspend_d,"{""fields"": ""ts_code,trade_date,suspend_timing,suspend_type"", ""trade_date"": ""20160328""}",311,/Users/john/Desktop/shaiwei/shaiwei_init/data/raw/source=tushare/api=suspend_d/trade_date=20160328/ingest_date=2026-07-15/20260715T060338.756570Z_36b3ed9dc8c448aeb1926f73af5e79ba.parquet,b13b20203b66e9bc0d544582ddff76847853b9147269322787e68c2f1021de95,automation
a1df613c0bf7,2026-07-15T06:03:39.406846+00:00,tushare.suspend_d,"{""fields"": ""ts_code,trade_date,suspend_timing,suspend_type"", ""trade_date"": ""20160329""}",309,/Users/john/Desktop/shaiwei/shaiwei_init/data/raw/source=tushare/api=suspend_d/trade_date=20160329/ingest_date=2026-07-15/20260715T060339.400073Z_a41a514285044f31ae8ebfd795caaa0d.parquet,a00b6c2bde73ee22f11d44885274ed1bdd6f5cce1d10efa999b90a5af4c739bd,automation
25d76fe6f700,2026-07-15T06:03:40.059262+00:00,tushare.suspend_d,"{""fields"": ""ts_code,trade_date,suspend_timing,suspend_type"", ""trade_date"": ""20160330""}",312,/Users/john/Desktop/shaiwei/shaiwei_init/data/raw/source=tushare/api=suspend_d/trade_date=20160330/ingest_date=2026-07-15/20260715T060340.055307Z_2e6a16c7d775403ca891a9ae430e1e01.parquet,0e992e47b7daa4e2a10e62eaedb710c800436ad5f523e73bec6e94c60002b521,automation
b0682511b5b7,2026-07-15T06:03:41.129748+00:00,tushare.suspend_d,"{""fields"": ""ts_code,trade_date,suspend_timing,suspend_type"", ""trade_date"": ""20160331""}",314,/Users/john/Desktop/shaiwei/shaiwei_init/data/raw/source=tushare/api=suspend_d/trade_date=20160331/ingest_date=2026-07-15/20260715T060341.125434Z_66ccb6c99c784ca19a76b68359dfa09f.parquet,3ab4ef2cd8e479b632bac8bcfc4cdbbd774cc983a4f3edf04e120237336112da,automation
e48fb0b199e6,2026-07-15T06:03:41.789576+00:00,tushare.suspend_d,"{""fields"": ""ts_code,trade_date,suspend_timing,suspend_type"", ""trade_date"": ""20160401""}",317,/Users/john/Desktop/shaiwei/shaiwei_init/data/raw/source=tushare/api=suspend_d/trade_date=20160401/ingest_date=2026-07-15/20260715T060341.783560Z_f22619a5faf84f77bd69d461125c5ca3.parquet,fd8392fac1d11d1668600b5d5269905811b9f00b0025f6be33c28f02a39ba227,automation
2dd062dc237b,2026-07-15T06:03:42.758154+00:00,tushare.suspend_d,"{""fields"": ""ts_code,trade_date,suspend_timing,suspend_type"", ""trade_date"": ""20160405""}",331,/Users/john/Desktop/shaiwei/shaiwei_init/data/raw/source=tushare/api=suspend_d/trade_date=20160405/ingest_date=2026-07-15/20260715T060342.754276Z_15a862ab80264e1a9ace5e535b261bb9.parquet,e17eaec7fbadd5f4dcddc5326822c0aa7e6e57de24ac1f7d086d967750062556,automation
e4f15c145639,2026-07-15T06:03:43.597894+00:00,tushare.suspend_d,"{""fields"": ""ts_code,trade_date,suspend_timing,suspend_type"", ""trade_date"": ""20160406""}",330,/Users/john/Desktop/shaiwei/shaiwei_init/data/raw/source=tushare/api=suspend_d/trade_date=20160406/ingest_date=2026-07-15/20260715T060343.593737Z_7f367714dd88447597b6b2f649ce3540.parquet,6f7131aeef5868d27a5c4fd55190750ae8367e9e90558b6b5add404bcf80e655,automation
5744acb57c4b,2026-07-15T06:03:44.223027+00:00,tushare.suspend_d,"{""fields"": ""ts_code,trade_date,suspend_timing,suspend_type"", ""trade_date"": ""20160407""}",332,/Users/john/Desktop/shaiwei/shaiwei_init/data/raw/source=tushare/api=suspend_d/trade_date=20160407/ingest_date=2026-07-15/20260715T060344.219067Z_bab2321edb574706885c0102330cb386.parquet,8704b603c7830b27bf305eb2a0e2ae8cb1f76bbbbf066c3efd1b85e0cbfdabe8,automation
208f5fda7bbc,2026-07-15T06:03:44.855238+00:00,tushare.suspend_d,"{""fields"": ""ts_code,trade_date,suspend_timing,suspend_type"", ""trade_date"": ""20160408""}",325,/Users/john/Desktop/shaiwei/shaiwei_init/data/raw/source=tushare/api=suspend_d/trade_date=20160408/ingest_date=2026-07-15/20260715T060344.851573Z_92235757e2b042c893f3b0e68448a889.parquet,6cba3e5acef297a6a6629fd1edb726bfca4a5e5ab361a03dd123e507c136161e,automation
aba68aceda7b,2026-07-15T06:03:45.493458+00:00,tushare.suspend_d,"{""fields"": ""ts_code,trade_date,suspend_timing,suspend_type"", ""trade_date"": ""20160411""}",346,/Users/john/Desktop/shaiwei/shaiwei_init/data/raw/source=tushare/api=suspend_d/trade_date=20160411/ingest_date=2026-07-15/20260715T060345.489294Z_e88f9f3a93b34e6b9c0e1c8a2e0b3726.parquet,294227b0788cb1a6ee4982b8c8944dd0c890a820431edcd59ffcffb556c4eece,automation
5098aa1c7656,2026-07-15T06:03:46.135391+00:00,tushare.suspend_d,"{""fields"": ""ts_code,trade_date,suspend_timing,suspend_type"", ""trade_date"": ""20160412""}",339,/Users/john/Desktop/shaiwei/shaiwei_init/data/raw/source=tushare/api=suspend_d/trade_date=20160412/ingest_date=2026-07-15/20260715T060346.127121Z_6de5145c3f0d4ca59da9a45fe5e6414e.parquet,f79e40bbd088103378497be90694ec72e7c36a2a2466cdc6166d0d96b734903c,automation
8967597c8008,2026-07-15T06:03:47.374675+00:00,tushare.suspend_d,"{""fields"": ""ts_code,trade_date,suspend_timing,suspend_type"", ""trade_date"": ""20160413""}",329,/Users/john/Desktop/shaiwei/shaiwei_init/data/raw/source=tushare/api=suspend_d/trade_date=20160413/ingest_date=2026-07-15/20260715T060347.370506Z_1224910bab4b45af937ac7c6f894def2.parquet,ab12d320f381bd3a3eb3041a6e413dd083e00b40f891ed435fcb534780baff7e,automation
81779e20e3d0,2026-07-15T06:03:48.032631+00:00,tushare.suspend_d,"{""fields"": ""ts_code,trade_date,suspend_timing,suspend_type"", ""trade_date"": ""20160414""}",328,/Users/john/Desktop/shaiwei/shaiwei_init/data/raw/source=tushare/api=suspend_d/trade_date=20160414/ingest_date=2026-07-15/20260715T060348.028718Z_fc10ac1770c24a5199224370cec5dec4.parquet,8509b5bd3766f600196129cb148b865e63797fbf77321ca8233d5c39a733313d,automation
26224fa93848,2026-07-15T06:03:48.812622+00:00,tushare.suspend_d,"{""fields"": ""ts_code,trade_date,suspend_timing,suspend_type"", ""trade_date"": ""20160415""}",336,/Users/john/Desktop/shaiwei/shaiwei_init/data/raw/source=tushare/api=suspend_d/trade_date=20160415/ingest_date=2026-07-15/20260715T060348.809149Z_92132399742a4784a96dec740629b099.parquet,e2cfe6872c6df1694cbc07bf24d4a6a0d837facef4bfd66dd5d01dad7ca6fa30,automation
91f87da00311,2026-07-15T06:03:49.780539+00:00,tushare.suspend_d,"{""fields"": ""ts_code,trade_date,suspend_timing,suspend_type"", ""trade_date"": ""20160418""}",336,/Users/john/Desktop/shaiwei/shaiwei_init/data/raw/source=tushare/api=suspend_d/trade_date=20160418/ingest_date=2026-07-15/20260715T060349.777436Z_f657dc2b9f434a41a67bb3d41bd87e6f.parquet,379255a7acaeccd7b71e812cff3ced7f7f514ca4df8298da2736e82e592b3871,automation
38fa7b900db7,2026-07-15T06:03:50.420454+00:00,tushare.suspend_d,"{""fields"": ""ts_code,trade_date,suspend_timing,suspend_type"", ""trade_date"": ""20160419""}",333,/Users/john/Desktop/shaiwei/shaiwei_init/data/raw/source=tushare/api=suspend_d/trade_date=20160419/ingest_date=2026-07-15/20260715T060350.416608Z_444530971e194442a0c79e345e16691a.parquet,0839786e1261ac48fc180d4be10abb9de2dfa41c80fa2f818563ae06725d2677,automation
dcfd34dad965,2026-07-15T06:03:51.053678+00:00,tushare.suspend_d,"{""fields"": ""ts_code,trade_date,suspend_timing,suspend_type"", ""trade_date"": ""20160420""}",330,/Users/john/Desktop/shaiwei/shaiwei_init/data/raw/source=tushare/api=suspend_d/trade_date=20160420/ingest_date=2026-07-15/20260715T060351.049570Z_05a8fe233ebb4f5da64e48e0fd219d82.parquet,fabdc235469f112f5dab4b2c0d21077d81f8b2168294a0dea0459783a9d6e534,automation
2bf1401ce04f,2026-07-15T06:03:51.698492+00:00,tushare.suspend_d,"{""fields"": ""ts_code,trade_date,suspend_timing,suspend_type"", ""trade_date"": ""20160421""}",335,/Users/john/Desktop/shaiwei/shaiwei_init/data/raw/source=tushare/api=suspend_d/trade_date=20160421/ingest_date=2026-07-15/20260715T060351.693860Z_ed63c01c7544432ba1cd75fd1d8aba51.parquet,7f10b908d9a34408f518aab0d7ddfdec25bd23ab6f98de151e1dc55dabe7f626,automation
7f17f9c10fc0,2026-07-15T06:03:52.352177+00:00,tushare.suspend_d,"{""fields"": ""ts_code,trade_date,suspend_timing,suspend_type"", ""trade_date"": ""20160422""}",332,/Users/john/Desktop/shaiwei/shaiwei_init/data/raw/source=tushare/api=suspend_d/trade_date=20160422/ingest_date=2026-07-15/20260715T060352.346525Z_0f59444e08ee44a58b82b963c610a58a.parquet,5b9e080c212e29091a6020a9065df9ac55f5e54de2beda53b0485dc3d03a9e8b,automation
2bddda981f15,2026-07-15T06:03:53.043021+00:00,tushare.suspend_d,"{""fields"": ""ts_code,trade_date,suspend_timing,suspend_type"", ""trade_date"": ""20160425""}",337,/Users/john/Desktop/shaiwei/shaiwei_init/data/raw/source=tushare/api=suspend_d/trade_date=20160425/ingest_date=2026-07-15/20260715T060353.039020Z_66ceea5b55a547f6bbdd598ccf9ac84a.parquet,9dbf501258b83ce3432fb9476257bf05c4aa5488f7a1fb43692a4cf7a90d1983,automation
0698cde38d9a,2026-07-15T06:03:53.681095+00:00,tushare.suspend_d,"{""fields"": ""ts_code,trade_date,suspend_timing,suspend_type"", ""trade_date"": ""20160426""}",333,/Users/john/Desktop/shaiwei/shaiwei_init/data/raw/source=tushare/api=suspend_d/trade_date=20160426/ingest_date=2026-07-15/20260715T060353.676045Z_1403f500584748fb92bd37f3f149f557.parquet,1fffbc39a6534c786455d3e390e61b5612208a2afc7f6362b57cea9bc438132a,automation
f579b0357783,2026-07-15T06:03:54.303218+00:00,tushare.suspend_d,"{""fields"": ""ts_code,trade_date,suspend_timing,suspend_type"", ""trade_date"": ""20160427""}",331,/Users/john/Desktop/shaiwei/shaiwei_init/data/raw/source=tushare/api=suspend_d/trade_date=20160427/ingest_date=2026-07-15/20260715T060354.299613Z_8d5ede3bcf23464f8e539894d96d3dcb.parquet,d8ffebeb50e9ab838c966cc3e9bac913a53e7564a8b3b5ff78f7c6f6e3d6401c,automation
0ce10102e874,2026-07-15T06:03:54.941275+00:00,tushare.suspend_d,"{""fields"": ""ts_code,trade_date,suspend_timing,suspend_type"", ""trade_date"": ""20160428""}",329,/Users/john/Desktop/shaiwei/shaiwei_init/data/raw/source=tushare/api=suspend_d/trade_date=20160428/ingest_date=2026-07-15/20260715T060354.936535Z_422e3bc7313149e79bffd92ece620a93.parquet,5fd944805048ca8e35ef1f9e0d8776aab19cc0b91210e0768692c5b928ea554e,automation
547a93cd6624,2026-07-15T06:03:55.581891+00:00,tushare.suspend_d,"{""fields"": ""ts_code,trade_date,suspend_timing,suspend_type"", ""trade_date"": ""20160429""}",330,/Users/john/Desktop/shaiwei/shaiwei_init/data/raw/source=tushare/api=suspend_d/trade_date=20160429/ingest_date=2026-07-15/20260715T060355.579012Z_9754c761c8984fe8ae4446ace423e517.parquet,cce6f4cc955c2a7c3cd6f73a061482fb947b18d7381aa232718bda70f3f26448,automation
2ac91f0b11d6,2026-07-15T06:03:56.213194+00:00,tushare.suspend_d,"{""fields"": ""ts_code,trade_date,suspend_timing,suspend_type"", ""trade_date"": ""20160503""}",331,/Users/john/Desktop/shaiwei/shaiwei_init/data/raw/source=tushare/api=suspend_d/trade_date=20160503/ingest_date=2026-07-15/20260715T060356.208616Z_fc71fefdfce0410ca863fcafda84a152.parquet,3bc59460e1a7d7e18484e87e5f7aeeccf336aa4dfffd0891806f12927ee85d31,automation
3dda26b1c4d2,2026-07-15T06:03:56.852028+00:00,tushare.suspend_d,"{""fields"": ""ts_code,trade_date,suspend_timing,suspend_type"", ""trade_date"": ""20160504""}",313,/Users/john/Desktop/shaiwei/shaiwei_init/data/raw/source=tushare/api=suspend_d/trade_date=20160504/ingest_date=2026-07-15/20260715T060356.848607Z_e36f309596d84e53bdf1dccdece53aaf.parquet,f7f6c11553d426391e4fab5225907a98e4b456459fa5912b3e0d8ac8a7324337,automation
dbad62d7734d,2026-07-15T06:03:57.564604+00:00,tushare.suspend_d,"{""fields"": ""ts_code,trade_date,suspend_timing,suspend_type"", ""trade_date"": ""20160505""}",310,/Users/john/Desktop/shaiwei/shaiwei_init/data/raw/source=tushare/api=suspend_d/trade_date=20160505/ingest_date=2026-07-15/20260715T060357.560314Z_d0311cf0830f45768f06b1036daae05a.parquet,84df67e5ddafc51b56055dadd8767b5fdfb0d7a2d93a56b19cd16c50b460f29e,automation
e9f95b329d1f,2026-07-15T06:03:58.213369+00:00,tushare.suspend_d,"{""fields"": ""ts_code,trade_date,suspend_timing,suspend_type"", ""trade_date"": ""20160506""}",311,/Users/john/Desktop/shaiwei/shaiwei_init/data/raw/source=tushare/api=suspend_d/trade_date=20160506/ingest_date=2026-07-15/20260715T060358.209117Z_1b7838ced9ce4390925603ca92117d39.parquet,541a534386e7c1731dd5efa06b84b224cdf1cc1d48e5f15e31984d9f3c30ec4d,automation
00fecff6725b,2026-07-15T06:04:03.016152+00:00,tushare.suspend_d,"{""fields"": ""ts_code,trade_date,suspend_timing,suspend_type"", ""trade_date"": ""20160509""}",318,/Users/john/Desktop/shaiwei/shaiwei_init/data/raw/source=tushare/api=suspend_d/trade_date=20160509/ingest_date=2026-07-15/20260715T060403.012744Z_57e256cc041e4c3dae7df20b482f9d64.parquet,fd264fa5cf1a69792626de566fe69f654e703ac519871a4f6e8785184a726e9f,automation
957e98358cbc,2026-07-15T06:04:03.652110+00:00,tushare.suspend_d,"{""fields"": ""ts_code,trade_date,suspend_timing,suspend_type"", ""trade_date"": ""20160510""}",314,/Users/john/Desktop/shaiwei/shaiwei_init/data/raw/source=tushare/api=suspend_d/trade_date=20160510/ingest_date=2026-07-15/20260715T060403.647947Z_c326800526ff4ad79bcec540836c62d0.parquet,f5e30386b833ba3cf8aea58c7a9069c0148f40257f4dffd70ed26e3a94d40512,automation
0bfe848ce9b2,2026-07-15T06:04:05.727750+00:00,tushare.suspend_d,"{""fields"": ""ts_code,trade_date,suspend_timing,suspend_type"", ""trade_date"": ""20160511""}",309,/Users/john/Desktop/shaiwei/shaiwei_init/data/raw/source=tushare/api=suspend_d/trade_date=20160511/ingest_date=2026-07-15/20260715T060405.722582Z_2b13cc4ebf284cb6a1fa253959962ecf.parquet,51ecef38d45a5c52ed96ef346e57de29870fc6f62d651ba6aa450424ab45bfcc,automation
6b4805928d6d,2026-07-15T06:04:07.143302+00:00,tushare.suspend_d,"{""fields"": ""ts_code,trade_date,suspend_timing,suspend_type"", ""trade_date"": ""20160512""}",312,/Users/john/Desktop/shaiwei/shaiwei_init/data/raw/source=tushare/api=suspend_d/trade_date=20160512/ingest_date=2026-07-15/20260715T060407.140061Z_069bd442d45a4610890f86b4852083b4.parquet,e87664d1f6f601fe13649d319e4d80e09cab6e1481953b93d62801fd68cfacf6,automation
e0a6bdee8c7b,2026-07-15T06:04:07.780147+00:00,tushare.suspend_d,"{""fields"": ""ts_code,trade_date,suspend_timing,suspend_type"", ""trade_date"": ""20160513""}",311,/Users/john/Desktop/shaiwei/shaiwei_init/data/raw/source=tushare/api=suspend_d/trade_date=20160513/ingest_date=2026-07-15/20260715T060407.774451Z_2c50658b516e4d2a96f0d7924212adf8.parquet,e02b714c904bbbc09780c482041ffc254904b50f5b579d4447e4e3f95ff85b5f,automation
c5fdca0f4d11,2026-07-15T06:04:09.246891+00:00,tushare.suspend_d,"{""fields"": ""ts_code,trade_date,suspend_timing,suspend_type"", ""trade_date"": ""20160516""}",317,/Users/john/Desktop/shaiwei/shaiwei_init/data/raw/source=tushare/api=suspend_d/trade_date=20160516/ingest_date=2026-07-15/20260715T060409.243280Z_449938fc568d47e0bc29d5b9054fd2d8.parquet,a5150432d6cbef70b2ad5526ea609f61a0df81d547b2f6b28ae298c5e51fbbe1,automation
aab1039101ea,2026-07-15T06:04:10.891579+00:00,tushare.suspend_d,"{""fields"": ""ts_code,trade_date,suspend_timing,suspend_type"", ""trade_date"": ""20160517""}",310,/Users/john/Desktop/shaiwei/shaiwei_init/data/raw/source=tushare/api=suspend_d/trade_date=20160517/ingest_date=2026-07-15/20260715T060410.887319Z_b3ceeb60ebaa4b009a39f2972b9b7265.parquet,48e4a114c955a6c3df648fa4a796ee38b8d3b7058f4a8f28de389e156a73c5b5,automation
af893997af20,2026-07-15T06:04:11.538009+00:00,tushare.suspend_d,"{""fields"": ""ts_code,trade_date,suspend_timing,suspend_type"", ""trade_date"": ""20160518""}",307,/Users/john/Desktop/shaiwei/shaiwei_init/data/raw/source=tushare/api=suspend_d/trade_date=20160518/ingest_date=2026-07-15/20260715T060411.532345Z_fe383b0203ae4f30bc33b71b0b1a503e.parquet,f58d9757ef8d741d4fa52e93e36b4c3877982c15c221bb2984c68ca061e2095c,automation
9717fd2768af,2026-07-15T06:04:12.159266+00:00,tushare.suspend_d,"{""fields"": ""ts_code,trade_date,suspend_timing,suspend_type"", ""trade_date"": ""20160519""}",313,/Users/john/Desktop/shaiwei/shaiwei_init/data/raw/source=tushare/api=suspend_d/trade_date=20160519/ingest_date=2026-07-15/20260715T060412.154523Z_bdb681253c9340ec96742f5454268aa6.parquet,4598564cbc6aca134b02af72ecea7a9cf43ca6b247161648a144c7a97c06a3bf,automation
aa17c9c74c50,2026-07-15T06:04:12.984689+00:00,tushare.suspend_d,"{""fields"": ""ts_code,trade_date,suspend_timing,suspend_type"", ""trade_date"": ""20160520""}",311,/Users/john/Desktop/shaiwei/shaiwei_init/data/raw/source=tushare/api=suspend_d/trade_date=20160520/ingest_date=2026-07-15/20260715T060412.980956Z_47a9e2b185e04a5d85a2376728a073a7.parquet,6c9540333a798d81fd8ec6a63029bc5e0cb3374f8a3a67027ffd4ce40b5ac79b,automation
fd1ca9754856,2026-07-15T06:04:15.126224+00:00,tushare.suspend_d,"{""fields"": ""ts_code,trade_date,suspend_timing,suspend_type"", ""trade_date"": ""20160523""}",318,/Users/john/Desktop/shaiwei/shaiwei_init/data/raw/source=tushare/api=suspend_d/trade_date=20160523/ingest_date=2026-07-15/20260715T060415.121865Z_f93b9766790e4f91ab7cbe5f1112b01a.parquet,662f6a468317ef45636ee27342c87b984a38611f3bbcaf1371eb52fcb090549a,automation
09c592fd8171,2026-07-15T06:04:15.771176+00:00,tushare.suspend_d,"{""fields"": ""ts_code,trade_date,suspend_timing,suspend_type"", ""trade_date"": ""20160524""}",311,/Users/john/Desktop/shaiwei/shaiwei_init/data/raw/source=tushare/api=suspend_d/trade_date=20160524/ingest_date=2026-07-15/20260715T060415.766678Z_23991b3b7ae64a94a41c24bfa490e54e.parquet,848ff1babaf9f03cc6334fb8c52ff3ffb4f743ccde7a8a2869bfb34db02d5f68,automation
93e891d7bc9f,2026-07-15T06:04:16.392525+00:00,tushare.suspend_d,"{""fields"": ""ts_code,trade_date,suspend_timing,suspend_type"", ""trade_date"": ""20160525""}",310,/Users/john/Desktop/shaiwei/shaiwei_init/data/raw/source=tushare/api=suspend_d/trade_date=20160525/ingest_date=2026-07-15/20260715T060416.388771Z_44b43f03ef654fc299fa2a206bac84d4.parquet,5bd97be4ee2edafadfa41e3bc24637710f40f45349a472c009e3acc0c37be117,automation
9667adfe9f7f,2026-07-15T06:04:17.029850+00:00,tushare.suspend_d,"{""fields"": ""ts_code,trade_date,suspend_timing,suspend_type"", ""trade_date"": ""20160526""}",308,/Users/john/Desktop/shaiwei/shaiwei_init/data/raw/source=tushare/api=suspend_d/trade_date=20160526/ingest_date=2026-07-15/20260715T060417.026360Z_0d6ebde347d942a6a86b14fb1f9c628c.parquet,25b88f63f0ca50863b1568254c45f66abc39473686393828c1e5918290bbd693,automation
e1b555681a3b,2026-07-15T06:04:17.660181+00:00,tushare.suspend_d,"{""fields"": ""ts_code,trade_date,suspend_timing,suspend_type"", ""trade_date"": ""20160527""}",308,/Users/john/Desktop/shaiwei/shaiwei_init/data/raw/source=tushare/api=suspend_d/trade_date=20160527/ingest_date=2026-07-15/20260715T060417.655577Z_cc4fbb2c28f949bf922bc2d27593168b.parquet,f22fca99397a9f01ae8427c46e3188c9138f284169e0672fb6e91833ab541c0e,automation
eae482d4f665,2026-07-15T06:04:20.590761+00:00,tushare.suspend_d,"{""fields"": ""ts_code,trade_date,suspend_timing,suspend_type"", ""trade_date"": ""20160530""}",314,/Users/john/Desktop/shaiwei/shaiwei_init/data/raw/source=tushare/api=suspend_d/trade_date=20160530/ingest_date=2026-07-15/20260715T060420.587251Z_430f7f920d1f40e4b951893fbc3d9856.parquet,cf2b46cf105f83da41be4cd4df696a69130325aa246d50d8b270db1e49c1232f,automation
034163d8a829,2026-07-15T06:04:21.559103+00:00,tushare.suspend_d,"{""fields"": ""ts_code,trade_date,suspend_timing,suspend_type"", ""trade_date"": ""20160531""}",306,/Users/john/Desktop/shaiwei/shaiwei_init/data/raw/source=tushare/api=suspend_d/trade_date=20160531/ingest_date=2026-07-15/20260715T060421.553869Z_c5b32f3a7c4b4c3891c2329098bc744d.parquet,8b87d5a8e4688d4e08751afb1005c784e27b455d1df5b22d20f60dc32581a8bb,automation
210dab7347fa,2026-07-15T06:04:22.210296+00:00,tushare.suspend_d,"{""fields"": ""ts_code,trade_date,suspend_timing,suspend_type"", ""trade_date"": ""20160601""}",306,/Users/john/Desktop/shaiwei/shaiwei_init/data/raw/source=tushare/api=suspend_d/trade_date=20160601/ingest_date=2026-07-15/20260715T060422.205827Z_c54339c22e0044fb97709d361dff43b6.parquet,cceb79d95b45b900d82ece77ba1857e15fdd8e41ed4149fc81013623011ead16,automation
f211e7c9043b,2026-07-15T06:04:22.919495+00:00,tushare.suspend_d,"{""fields"": ""ts_code,trade_date,suspend_timing,suspend_type"", ""trade_date"": ""20160602""}",311,/Users/john/Desktop/shaiwei/shaiwei_init/data/raw/source=tushare/api=suspend_d/trade_date=20160602/ingest_date=2026-07-15/20260715T060422.916206Z_0245c64447204c14b9fdfe72ac1c8381.parquet,acaff695dbd06d418f9256e86a20d9f0f4d63bfdd525008b129391d2c6245a5e,automation
98498a8cf664,2026-07-15T06:04:24.921082+00:00,tushare.suspend_d,"{""fields"": ""ts_code,trade_date,suspend_timing,suspend_type"", ""trade_date"": ""20160603""}",307,/Users/john/Desktop/shaiwei/shaiwei_init/data/raw/source=tushare/api=suspend_d/trade_date=20160603/ingest_date=2026-07-15/20260715T060424.918614Z_0b67a882f9d642e3a8a37e683f73f347.parquet,161755f016e8b7636a410fc4fd1868501cf912c08a5dc82f33dcc13e93096c8c,automation
82277177380e,2026-07-15T06:04:25.552006+00:00,tushare.suspend_d,"{""fields"": ""ts_code,trade_date,suspend_timing,suspend_type"", ""trade_date"": ""20160606""}",313,/Users/john/Desktop/shaiwei/shaiwei_init/data/raw/source=tushare/api=suspend_d/trade_date=20160606/ingest_date=2026-07-15/20260715T060425.547626Z_90a5cd04e77246e0ba72b695a97f41d2.parquet,ce6ad0c60cd7edb0e0a438ff0cea68aec30afcca0f93102746ef622630de9f55,automation
ff05b17bafc7,2026-07-15T06:04:28.229812+00:00,tushare.suspend_d,"{""fields"": ""ts_code,trade_date,suspend_timing,suspend_type"", ""trade_date"": ""20160607""}",305,/Users/john/Desktop/shaiwei/shaiwei_init/data/raw/source=tushare/api=suspend_d/trade_date=20160607/ingest_date=2026-07-15/20260715T060428.225199Z_78d3457aabc341c78fd07578f48294f1.parquet,5c35cef29c14824f03bad1e3a2a59aa4952e0b91a10f6c57f6dd47ab27959a1a,automation
cd8b32364340,2026-07-15T06:04:28.942707+00:00,tushare.suspend_d,"{""fields"": ""ts_code,trade_date,suspend_timing,suspend_type"", ""trade_date"": ""20160608""}",301,/Users/john/Desktop/shaiwei/shaiwei_init/data/raw/source=tushare/api=suspend_d/trade_date=20160608/ingest_date=2026-07-15/20260715T060428.936929Z_1fdba8d99f6c4c5eb0a2362522e7f788.parquet,5f8d1497604dc039727545f40f253f0736ce2471f4a12e7aa6d3dbe3da3d83b6,automation
c7a37e047d14,2026-07-15T06:04:29.562019+00:00,tushare.suspend_d,"{""fields"": ""ts_code,trade_date,suspend_timing,suspend_type"", ""trade_date"": ""20160613""}",304,/Users/john/Desktop/shaiwei/shaiwei_init/data/raw/source=tushare/api=suspend_d/trade_date=20160613/ingest_date=2026-07-15/20260715T060429.557044Z_54c424eeb0324d78bd816a25e27eaad2.parquet,f99759349b4219aa3fda81215b9fdb89792c3b3bee04187313290f0ac74ccb54,automation
5df54dc5cd8b,2026-07-15T06:04:30.185758+00:00,tushare.suspend_d,"{""fields"": ""ts_code,trade_date,suspend_timing,suspend_type"", ""trade_date"": ""20160614""}",302,/Users/john/Desktop/shaiwei/shaiwei_init/data/raw/source=tushare/api=suspend_d/trade_date=20160614/ingest_date=2026-07-15/20260715T060430.181497Z_98fade399852472dbfcc6ef28634ef72.parquet,ead1dc45d15f6c138d75000e16c7cefdb66491a2d4fb25cd92ac9e0826f2cc13,automation
a6808baf19ea,2026-07-15T06:04:31.558718+00:00,tushare.suspend_d,"{""fields"": ""ts_code,trade_date,suspend_timing,suspend_type"", ""trade_date"": ""20160615""}",303,/Users/john/Desktop/shaiwei/shaiwei_init/data/raw/source=tushare/api=suspend_d/trade_date=20160615/ingest_date=2026-07-15/20260715T060431.555982Z_0ffa3ad3c6524aa1a0868f6ea097fe6f.parquet,9f6bae9d8218ef5f0677cd9e32e8c21928e6dc23841a5e669cca97ddcf059ebd,automation
f313e0de4dbf,2026-07-15T06:04:32.609631+00:00,tushare.suspend_d,"{""fields"": ""ts_code,trade_date,suspend_timing,suspend_type"", ""trade_date"": ""20160616""}",296,/Users/john/Desktop/shaiwei/shaiwei_init/data/raw/source=tushare/api=suspend_d/trade_date=20160616/ingest_date=2026-07-15/20260715T060432.605956Z_ff6be88a1197461abc173537d33d48eb.parquet,30145fd7485d9962b99288acd18c63d84a7ad2baf2e2590c89bbc49555aa904d,automation
1bf3decd3d5a,2026-07-15T06:04:33.699636+00:00,tushare.suspend_d,"{""fields"": ""ts_code,trade_date,suspend_timing,suspend_type"", ""trade_date"": ""20160617""}",294,/Users/john/Desktop/shaiwei/shaiwei_init/data/raw/source=tushare/api=suspend_d/trade_date=20160617/ingest_date=2026-07-15/20260715T060433.694957Z_c1cf932ff2704f3b9495126cf2e735fb.parquet,c5306b0d44ebbecec758857aed9f015281778e815c621b0ac2cb1d834b7eef85,automation
d8d059c328b8,2026-07-15T06:04:34.317889+00:00,tushare.suspend_d,"{""fields"": ""ts_code,trade_date,suspend_timing,suspend_type"", ""trade_date"": ""20160620""}",308,/Users/john/Desktop/shaiwei/shaiwei_init/data/raw/source=tushare/api=suspend_d/trade_date=20160620/ingest_date=2026-07-15/20260715T060434.311242Z_2e7ddcc77b644801a00cbf28d7900283.parquet,26dad3904d9d802754a372acf7208c9609bb143d7029f4e8fd6addc4a91fde35,automation
73197cdd8ebb,2026-07-15T06:04:35.858888+00:00,tushare.suspend_d,"{""fields"": ""ts_code,trade_date,suspend_timing,suspend_type"", ""trade_date"": ""20160621""}",303,/Users/john/Desktop/shaiwei/shaiwei_init/data/raw/source=tushare/api=suspend_d/trade_date=20160621/ingest_date=2026-07-15/20260715T060435.855289Z_84dff907c11f4ecba8bc418393e02727.parquet,02321e8dd8ea47c9161e8549b446637a08ca2092591ff603db3f6cff2435c3e5,automation
95a8216db2d1,2026-07-15T06:04:36.500359+00:00,tushare.suspend_d,"{""fields"": ""ts_code,trade_date,suspend_timing,suspend_type"", ""trade_date"": ""20160622""}",300,/Users/john/Desktop/shaiwei/shaiwei_init/data/raw/source=tushare/api=suspend_d/trade_date=20160622/ingest_date=2026-07-15/20260715T060436.496377Z_bcd97e052a9f43d0923a0b3dce020446.parquet,e78753029242742a29a8db75df42e1f353446a9d58e7d01cc4cdad9bbc2215db,automation
9213e25169f7,2026-07-15T06:04:37.131508+00:00,tushare.suspend_d,"{""fields"": ""ts_code,trade_date,suspend_timing,suspend_type"", ""trade_date"": ""20160623""}",292,/Users/john/Desktop/shaiwei/shaiwei_init/data/raw/source=tushare/api=suspend_d/trade_date=20160623/ingest_date=2026-07-15/20260715T060437.127212Z_58faf8ec106f404ba7397fc6d39b7903.parquet,3ffd1fe49f39106b539dccf14f8b6595854533ee8868cd5a25475931a978accd,automation
124dd3ef8d21,2026-07-15T06:04:37.888941+00:00,tushare.suspend_d,"{""fields"": ""ts_code,trade_date,suspend_timing,suspend_type"", ""trade_date"": ""20160624""}",291,/Users/john/Desktop/shaiwei/shaiwei_init/data/raw/source=tushare/api=suspend_d/trade_date=20160624/ingest_date=2026-07-15/20260715T060437.885969Z_3aa0bd37ea3145649246c0bfab34b4c1.parquet,b37da808d529d1f7e386e2ef125cec9fd5f06db78a75b719a0c4db335be51b52,automation
8bf277210188,2026-07-15T06:04:38.520169+00:00,tushare.suspend_d,"{""fields"": ""ts_code,trade_date,suspend_timing,suspend_type"", ""trade_date"": ""20160627""}",294,/Users/john/Desktop/shaiwei/shaiwei_init/data/raw/source=tushare/api=suspend_d/trade_date=20160627/ingest_date=2026-07-15/20260715T060438.515480Z_f9d492d652a64d15820cfa79e4d520ac.parquet,34376cf99b87622f549281951652bdb3b8d6ea0c362245eb79f19a192b74d67f,automation
fa6c8a72ad9e,2026-07-15T06:04:39.142980+00:00,tushare.suspend_d,"{""fields"": ""ts_code,trade_date,suspend_timing,suspend_type"", ""trade_date"": ""20160628""}",291,/Users/john/Desktop/shaiwei/shaiwei_init/data/raw/source=tushare/api=suspend_d/trade_date=20160628/ingest_date=2026-07-15/20260715T060439.140014Z_801632035ea848a9ba3ca4913122b66e.parquet,bbd6c1d14020ee91d6a00abc4eb254a99928d629435ee81fa1efc5a99fa5e4bb,automation
72ad4bc943c1,2026-07-15T06:04:39.792326+00:00,tushare.suspend_d,"{""fields"": ""ts_code,trade_date,suspend_timing,suspend_type"", ""trade_date"": ""20160629""}",288,/Users/john/Desktop/shaiwei/shaiwei_init/data/raw/source=tushare/api=suspend_d/trade_date=20160629/ingest_date=2026-07-15/20260715T060439.788725Z_a19e3f27644842b8bbb15dd445dfe6e1.parquet,24575af7e24d685c3eb6aaeb7f4699aa49ee10deccbe8ec5efbc98e015d7bdf3,automation
cbfa6f6533bf,2026-07-15T06:04:40.792853+00:00,tushare.suspend_d,"{""fields"": ""ts_code,trade_date,suspend_timing,suspend_type"", ""trade_date"": ""20160630""}",294,/Users/john/Desktop/shaiwei/shaiwei_init/data/raw/source=tushare/api=suspend_d/trade_date=20160630/ingest_date=2026-07-15/20260715T060440.789322Z_496de08ed4d540acaa2fdc74b196526f.parquet,eb975cd7118865f8ba3482420699d3af958788b36aabb58703526b592c84b875,automation
6568e4a12154,2026-07-15T06:04:41.498010+00:00,tushare.suspend_d,"{""fields"": ""ts_code,trade_date,suspend_timing,suspend_type"", ""trade_date"": ""20160701""}",283,/Users/john/Desktop/shaiwei/shaiwei_init/data/raw/source=tushare/api=suspend_d/trade_date=20160701/ingest_date=2026-07-15/20260715T060441.493728Z_ea9777d1265d4de092e8d77c861cc130.parquet,67aaf694ff7f0c297b4a90db497b16ca8ee2691698c7dae52c496f3d751de852,automation
7c302ce91e3c,2026-07-15T06:04:42.157153+00:00,tushare.suspend_d,"{""fields"": ""ts_code,trade_date,suspend_timing,suspend_type"", ""trade_date"": ""20160704""}",284,/Users/john/Desktop/shaiwei/shaiwei_init/data/raw/source=tushare/api=suspend_d/trade_date=20160704/ingest_date=2026-07-15/20260715T060442.153495Z_782e867ae8d949e5a15bc2e231fc93f5.parquet,7811fe7ffad207dbcd30e3f1edc16fd02a239d6668c37814923869338611acd1,automation
6e03cdf6c0e2,2026-07-15T06:04:42.780180+00:00,tushare.suspend_d,"{""fields"": ""ts_code,trade_date,suspend_timing,suspend_type"", ""trade_date"": ""20160705""}",281,/Users/john/Desktop/shaiwei/shaiwei_init/data/raw/source=tushare/api=suspend_d/trade_date=20160705/ingest_date=2026-07-15/20260715T060442.776677Z_d97810b3ea294d818e49eec7c80f9182.parquet,3130fb3f65029b4a3b4c6c9e8bd71a750870038cd3fe67017402faf739859505,automation
21c42387aed6,2026-07-15T06:04:43.419446+00:00,tushare.suspend_d,"{""fields"": ""ts_code,trade_date,suspend_timing,suspend_type"", ""trade_date"": ""20160706""}",273,/Users/john/Desktop/shaiwei/shaiwei_init/data/raw/source=tushare/api=suspend_d/trade_date=20160706/ingest_date=2026-07-15/20260715T060443.416270Z_537b4cf063374459a7513c3645853d06.parquet,eb56830a656b1cb12b2eaeb4de8cfc24464b0b86a80ca16a118cf115098c7252,automation
e360f72d0535,2026-07-15T06:04:44.064076+00:00,tushare.suspend_d,"{""fields"": ""ts_code,trade_date,suspend_timing,suspend_type"", ""trade_date"": ""20160707""}",277,/Users/john/Desktop/shaiwei/shaiwei_init/data/raw/source=tushare/api=suspend_d/trade_date=20160707/ingest_date=2026-07-15/20260715T060444.060462Z_ba18106bf7c34a9682037f505ca96f91.parquet,c82ae368f9d5c954da72e432976e2e6c50f1575f42f1be2698521f0ad270c98e,automation
06e2a48b32b1,2026-07-15T06:04:44.703819+00:00,tushare.suspend_d,"{""fields"": ""ts_code,trade_date,suspend_timing,suspend_type"", ""trade_date"": ""20160708""}",274,/Users/john/Desktop/shaiwei/shaiwei_init/data/raw/source=tushare/api=suspend_d/trade_date=20160708/ingest_date=2026-07-15/20260715T060444.699052Z_51a154d66901405f84e0bad2ef86d18d.parquet,ed08259a305196450d3e721e52cbd953a8bb324110586b36a188d68e7f5be21e,automation
ee1ef5431634,2026-07-15T06:04:45.336426+00:00,tushare.suspend_d,"{""fields"": ""ts_code,trade_date,suspend_timing,suspend_type"", ""trade_date"": ""20160711""}",279,/Users/john/Desktop/shaiwei/shaiwei_init/data/raw/source=tushare/api=suspend_d/trade_date=20160711/ingest_date=2026-07-15/20260715T060445.332012Z_52d779d671a64f80a257f9e3650a5e12.parquet,ad9819451ba570d68e6b0cddff5bdfcc7c8c333463b3a52f65f6d0d304977137,automation
7295f9898430,2026-07-15T06:04:46.525619+00:00,tushare.suspend_d,"{""fields"": ""ts_code,trade_date,suspend_timing,suspend_type"", ""trade_date"": ""20160712""}",278,/Users/john/Desktop/shaiwei/shaiwei_init/data/raw/source=tushare/api=suspend_d/trade_date=20160712/ingest_date=2026-07-15/20260715T060446.521298Z_80c626c089d0444d8bf09194a3f314a4.parquet,18f8cf7fad5591cae7ef54b0f4b5e0bb38e297d45974a86a5a45e5c5c8c81ceb,automation
d77d3b6355dd,2026-07-15T06:04:47.159355+00:00,tushare.suspend_d,"{""fields"": ""ts_code,trade_date,suspend_timing,suspend_type"", ""trade_date"": ""20160713""}",275,/Users/john/Desktop/shaiwei/shaiwei_init/data/raw/source=tushare/api=suspend_d/trade_date=20160713/ingest_date=2026-07-15/20260715T060447.154725Z_b0fcc1b5d0ec4a21aa9fb5846d63934a.parquet,0fc635cb0bb94133984173ee21ad9234cd34b6b505f91a508cf1b69762942702,automation
6bb7c3de437c,2026-07-15T06:04:47.810511+00:00,tushare.suspend_d,"{""fields"": ""ts_code,trade_date,suspend_timing,suspend_type"", ""trade_date"": ""20160714""}",274,/Users/john/Desktop/shaiwei/shaiwei_init/data/raw/source=tushare/api=suspend_d/trade_date=20160714/ingest_date=2026-07-15/20260715T060447.807319Z_bdd0b2e8a54b4afb979c17be9616eae4.parquet,f7d6ff8b9990e9fc623f309d4d0dd5fa7619e706a0374a182e89b55aeeb5bf0a,automation
10cadfcf7f50,2026-07-15T06:04:48.438301+00:00,tushare.suspend_d,"{""fields"": ""ts_code,trade_date,suspend_timing,suspend_type"", ""trade_date"": ""20160715""}",270,/Users/john/Desktop/shaiwei/shaiwei_init/data/raw/source=tushare/api=suspend_d/trade_date=20160715/ingest_date=2026-07-15/20260715T060448.434117Z_5cf487c8ff474a91984a254d29573cfe.parquet,2e05c79a0d9bed5abe89855d760f5f9e6bad931ee224193f73bd3d366d6c2977,automation
b879b259ccf7,2026-07-15T06:04:49.064954+00:00,tushare.suspend_d,"{""fields"": ""ts_code,trade_date,suspend_timing,suspend_type"", ""trade_date"": ""20160718""}",266,/Users/john/Desktop/shaiwei/shaiwei_init/data/raw/source=tushare/api=suspend_d/trade_date=20160718/ingest_date=2026-07-15/20260715T060449.060669Z_1ef113f2c0234dfc883416d8c3d843c2.parquet,0d1069d278b4e5e453c7ed3ff4e6658d87ccf35593e1e4f38eff6733d888c7dc,automation
d16701dae205,2026-07-15T06:04:49.790959+00:00,tushare.suspend_d,"{""fields"": ""ts_code,trade_date,suspend_timing,suspend_type"", ""trade_date"": ""20160719""}",263,/Users/john/Desktop/shaiwei/shaiwei_init/data/raw/source=tushare/api=suspend_d/trade_date=20160719/ingest_date=2026-07-15/20260715T060449.787387Z_ac3ca68fba024eb0a3d1815e31094bb4.parquet,41415da58eaad0c09d4be517161f44ec955fbf0b3c17ae3520c88ece666c14a2,automation
6b10529a9660,2026-07-15T06:04:50.416401+00:00,tushare.suspend_d,"{""fields"": ""ts_code,trade_date,suspend_timing,suspend_type"", ""trade_date"": ""20160720""}",266,/Users/john/Desktop/shaiwei/shaiwei_init/data/raw/source=tushare/api=suspend_d/trade_date=20160720/ingest_date=2026-07-15/20260715T060450.411956Z_f3a02d386bc2452cb844046b14bcbdf3.parquet,6ee5e5c7cc7a1f4d323f623a14b6a95c9334798b9c674d8184d4c475c0369ed3,automation
51eabeaa2290,2026-07-15T06:04:51.638019+00:00,tushare.suspend_d,"{""fields"": ""ts_code,trade_date,suspend_timing,suspend_type"", ""trade_date"": ""20160721""}",264,/Users/john/Desktop/shaiwei/shaiwei_init/data/raw/source=tushare/api=suspend_d/trade_date=20160721/ingest_date=2026-07-15/20260715T060451.632550Z_8a756d40b17746e8986e8c7652557b2f.parquet,1f7f2ce42811a48955d15e2edb0edf348dab3d62f853ce2431f5c0f602101d1e,automation
2346a50031f0,2026-07-15T06:04:53.291655+00:00,tushare.suspend_d,"{""fields"": ""ts_code,trade_date,suspend_timing,suspend_type"", ""trade_date"": ""20160722""}",261,/Users/john/Desktop/shaiwei/shaiwei_init/data/raw/source=tushare/api=suspend_d/trade_date=20160722/ingest_date=2026-07-15/20260715T060453.287300Z_1937571a3ae147ecabd361942329758b.parquet,966b3c9b58dce45addb568e4f629f0d243646a1a8457b9dea8df4b8c629b2cde,automation
608fa2428d60,2026-07-15T06:04:55.064816+00:00,tushare.suspend_d,"{""fields"": ""ts_code,trade_date,suspend_timing,suspend_type"", ""trade_date"": ""20160725""}",263,/Users/john/Desktop/shaiwei/shaiwei_init/data/raw/source=tushare/api=suspend_d/trade_date=20160725/ingest_date=2026-07-15/20260715T060455.060389Z_d2438aeb88bf4f36803dcf0399bb0053.parquet,680aa73776f0c6023698550f09b535dd715a052fc4a5cf3197fc08b3c4cfc6e2,automation
68c918c740f6,2026-07-15T06:04:55.770358+00:00,tushare.suspend_d,"{""fields"": ""ts_code,trade_date,suspend_timing,suspend_type"", ""trade_date"": ""20160726""}",260,/Users/john/Desktop/shaiwei/shaiwei_init/data/raw/source=tushare/api=suspend_d/trade_date=20160726/ingest_date=2026-07-15/20260715T060455.766077Z_88158b4788264884a272227911d2f90d.parquet,0b4afd7b9228c315313971ae6024055ae2f9cb4512c3f30f93465530ae3ee363,automation
b476a0be447d,2026-07-15T06:04:56.425941+00:00,tushare.suspend_d,"{""fields"": ""ts_code,trade_date,suspend_timing,suspend_type"", ""trade_date"": ""20160727""}",249,/Users/john/Desktop/shaiwei/shaiwei_init/data/raw/source=tushare/api=suspend_d/trade_date=20160727/ingest_date=2026-07-15/20260715T060456.422508Z_c5c84339496349e7934af97f357836bf.parquet,4a4f0eff621bbb095fe25a2426e313db13b8a18e7a12f73736e2c0feac2e13c0,automation
163997aa7e4c,2026-07-15T06:04:57.079157+00:00,tushare.suspend_d,"{""fields"": ""ts_code,trade_date,suspend_timing,suspend_type"", ""trade_date"": ""20160728""}",246,/Users/john/Desktop/shaiwei/shaiwei_init/data/raw/source=tushare/api=suspend_d/trade_date=20160728/ingest_date=2026-07-15/20260715T060457.076037Z_ef474c7335ee4983a7166adc1bd4e99d.parquet,30d236f42d6fd9e0f28a29803167bbbfa983bdcd40c9b1b4ea0bd9ee3c595fba,automation
e9a36b2ca248,2026-07-15T06:04:57.719224+00:00,tushare.suspend_d,"{""fields"": ""ts_code,trade_date,suspend_timing,suspend_type"", ""trade_date"": ""20160729""}",246,/Users/john/Desktop/shaiwei/shaiwei_init/data/raw/source=tushare/api=suspend_d/trade_date=20160729/ingest_date=2026-07-15/20260715T060457.714196Z_ce4dc3e168484cb6b3c7b61a6b739cb4.parquet,56f76b8f6d00eb205b7a7d8af6317bceb1104ea504894711e24b2fd3a99efdde,automation
a324bf042639,2026-07-15T06:05:00.551793+00:00,tushare.suspend_d,"{""fields"": ""ts_code,trade_date,suspend_timing,suspend_type"", ""trade_date"": ""20160801""}",244,/Users/john/Desktop/shaiwei/shaiwei_init/data/raw/source=tushare/api=suspend_d/trade_date=20160801/ingest_date=2026-07-15/20260715T060500.547571Z_9aae17a5f14b4a64bdeb3373bd39dc61.parquet,af4bf2b529baaea6e1cfaa99f29b9b3fd68136f6492f51c971eb160110b38d6d,automation
16a1c3aad733,2026-07-15T06:05:02.196501+00:00,tushare.suspend_d,"{""fields"": ""ts_code,trade_date,suspend_timing,suspend_type"", ""trade_date"": ""20160802""}",236,/Users/john/Desktop/shaiwei/shaiwei_init/data/raw/source=tushare/api=suspend_d/trade_date=20160802/ingest_date=2026-07-15/20260715T060502.192618Z_3585e0817d094efda00e906240834d84.parquet,983fec9d27a86b457515a350b786a942f9ae3daead8d99376195ffae4727bc90,automation
e5cbd8b53c44,2026-07-15T06:05:04.432167+00:00,tushare.suspend_d,"{""fields"": ""ts_code,trade_date,suspend_timing,suspend_type"", ""trade_date"": ""20160803""}",232,/Users/john/Desktop/shaiwei/shaiwei_init/data/raw/source=tushare/api=suspend_d/trade_date=20160803/ingest_date=2026-07-15/20260715T060504.427751Z_a0b4a7d857d94ac5be0dc1c9d87cf599.parquet,1f72e895e952387e146edd663ca0983db622c914335e6220d6774d6ac25f1f25,automation
3d11e1d06e46,2026-07-15T06:05:05.197919+00:00,tushare.suspend_d,"{""fields"": ""ts_code,trade_date,suspend_timing,suspend_type"", ""trade_date"": ""20160804""}",233,/Users/john/Desktop/shaiwei/shaiwei_init/data/raw/source=tushare/api=suspend_d/trade_date=20160804/ingest_date=2026-07-15/20260715T060505.193300Z_9d28aece038648128d2abd7bb508e115.parquet,4943183294cd4067f92e256faa1a5e18828aea50fa83e00d7c2098edcd7266c7,automation
e9da49f51cec,2026-07-15T06:05:06.694341+00:00,tushare.suspend_d,"{""fields"": ""ts_code,trade_date,suspend_timing,suspend_type"", ""trade_date"": ""20160805""}",235,/Users/john/Desktop/shaiwei/shaiwei_init/data/raw/source=tushare/api=suspend_d/trade_date=20160805/ingest_date=2026-07-15/20260715T060506.692044Z_67abdd3ee0a34743845a791c938c8878.parquet,ba9e2161a3fe968f06ef960cacfc6ee4ca074b1b35025009ccc634b0cfd12e40,automation
a5b55545bae9,2026-07-15T06:05:07.917076+00:00,tushare.suspend_d,"{""fields"": ""ts_code,trade_date,suspend_timing,suspend_type"", ""trade_date"": ""20160808""}",233,/Users/john/Desktop/shaiwei/shaiwei_init/data/raw/source=tushare/api=suspend_d/trade_date=20160808/ingest_date=2026-07-15/20260715T060507.915538Z_441009c457e6480c816e76b6ed6dedb5.parquet,4ac89d891ba70a0533a78c05fa99c909d812592e7f1da12d712fec44661b36ff,automation
5933a158d0bd,2026-07-15T06:05:09.740924+00:00,tushare.suspend_d,"{""fields"": ""ts_code,trade_date,suspend_timing,suspend_type"", ""trade_date"": ""20160809""}",226,/Users/john/Desktop/shaiwei/shaiwei_init/data/raw/source=tushare/api=suspend_d/trade_date=20160809/ingest_date=2026-07-15/20260715T060509.736650Z_2c771fc8c0054f6ba135e918352fb92d.parquet,dcf7b39ad1285b07542ce4d5676c293e5810b9ec2249d3f4de5da874f5c0e04e,automation
0b4429860cb0,2026-07-15T06:05:22.831864+00:00,tushare.suspend_d,"{""fields"": ""ts_code,trade_date,suspend_timing,suspend_type"", ""trade_date"": ""20160810""}",225,/Users/john/Desktop/shaiwei/shaiwei_init/data/raw/source=tushare/api=suspend_d/trade_date=20160810/ingest_date=2026-07-15/20260715T060522.828470Z_b697def652da43559614af21e68fc317.parquet,ebb4973cba1ecd9434315e3ca0627656fc2753ff7d8f57fef2b5e8f59f317310,automation
d8a6fb14961b,2026-07-15T06:05:37.225673+00:00,tushare.suspend_d,"{""fields"": ""ts_code,trade_date,suspend_timing,suspend_type"", ""trade_date"": ""20160811""}",223,/Users/john/Desktop/shaiwei/shaiwei_init/data/raw/source=tushare/api=suspend_d/trade_date=20160811/ingest_date=2026-07-15/20260715T060537.220505Z_ad6d59abe0764052a3839dd84ec21993.parquet,fe0e6ae24ce06c0c3cd4d783f32b0b3375e146f9d497072368576f9477ef6107,automation
89e8a9281198,2026-07-15T06:05:37.963026+00:00,tushare.suspend_d,"{""fields"": ""ts_code,trade_date,suspend_timing,suspend_type"", ""trade_date"": ""20160812""}",220,/Users/john/Desktop/shaiwei/shaiwei_init/data/raw/source=tushare/api=suspend_d/trade_date=20160812/ingest_date=2026-07-15/20260715T060537.959294Z_2f803253936b4e918aa0654cad116902.parquet,99c5152503e71c0a1b42c6c44884b5b4cbcd66c595815ca0990c8a7b51545a69,automation
4390b4d34a19,2026-07-15T06:05:38.989331+00:00,tushare.suspend_d,"{""fields"": ""ts_code,trade_date,suspend_timing,suspend_type"", ""trade_date"": ""20160815""}",226,/Users/john/Desktop/shaiwei/shaiwei_init/data/raw/source=tushare/api=suspend_d/trade_date=20160815/ingest_date=2026-07-15/20260715T060538.985600Z_4a27646fc3eb47cb8ddd63a53a6529f8.parquet,83b9543f8a659ac9a1c2760bd8bdd2bb1de1f51d6b67bb2d1e20d45782774cf5,automation
c7ebfbe602e1,2026-07-15T06:05:39.616474+00:00,tushare.suspend_d,"{""fields"": ""ts_code,trade_date,suspend_timing,suspend_type"", ""trade_date"": ""20160816""}",223,/Users/john/Desktop/shaiwei/shaiwei_init/data/raw/source=tushare/api=suspend_d/trade_date=20160816/ingest_date=2026-07-15/20260715T060539.611606Z_be38ecd432214392a12aecaec0b0c964.parquet,a4b32cbcb151e80cee9b858a4f932aed664a746346607d5e722494d99cb0ea2d,automation
3e349021dd63,2026-07-15T06:05:40.243993+00:00,tushare.suspend_d,"{""fields"": ""ts_code,trade_date,suspend_timing,suspend_type"", ""trade_date"": ""20160817""}",218,/Users/john/Desktop/shaiwei/shaiwei_init/data/raw/source=tushare/api=suspend_d/trade_date=20160817/ingest_date=2026-07-15/20260715T060540.240187Z_56b2128088a94303b474f79cfb36c873.parquet,53de7b12ebbe3747747871a4b5b327db926d307414c8a2beb008b9e6ee86506b,automation
35f3135df8e2,2026-07-15T06:05:41.284779+00:00,tushare.suspend_d,"{""fields"": ""ts_code,trade_date,suspend_timing,suspend_type"", ""trade_date"": ""20160818""}",222,/Users/john/Desktop/shaiwei/shaiwei_init/data/raw/source=tushare/api=suspend_d/trade_date=20160818/ingest_date=2026-07-15/20260715T060541.280248Z_f6f2bd6c5f074af58af7baef9e2d6f09.parquet,6c4e1c87be66c35b8050dd5ada2b2cec3c42acb4dbd575e1bf0b4c8ac96ddaad,automation
c3f6c8661773,2026-07-15T06:05:41.936075+00:00,tushare.suspend_d,"{""fields"": ""ts_code,trade_date,suspend_timing,suspend_type"", ""trade_date"": ""20160819""}",215,/Users/john/Desktop/shaiwei/shaiwei_init/data/raw/source=tushare/api=suspend_d/trade_date=20160819/ingest_date=2026-07-15/20260715T060541.931066Z_3aa98e8fe99645d1b297217daacfd2d6.parquet,98ae179eed967f0d4378154f58d7ef347fd135b0c245c1c2be8b910f601b0094,automation
cd4df1d2b124,2026-07-15T06:05:43.753800+00:00,tushare.suspend_d,"{""fields"": ""ts_code,trade_date,suspend_timing,suspend_type"", ""trade_date"": ""20160822""}",219,/Users/john/Desktop/shaiwei/shaiwei_init/data/raw/source=tushare/api=suspend_d/trade_date=20160822/ingest_date=2026-07-15/20260715T060543.749329Z_b58e1aa9009f4598b9d5728d22381405.parquet,eb6374e3cd85e3e2e03cda3d08a64125bc96121e0882ff9eaa34401501d43244,automation
8c9b2930bd11,2026-07-15T06:05:44.403151+00:00,tushare.suspend_d,"{""fields"": ""ts_code,trade_date,suspend_timing,suspend_type"", ""trade_date"": ""20160823""}",215,/Users/john/Desktop/shaiwei/shaiwei_init/data/raw/source=tushare/api=suspend_d/trade_date=20160823/ingest_date=2026-07-15/20260715T060544.395921Z_25dea811a5b24d7580291e8fd03f9643.parquet,f7d3ad2bc15d374e3370e6fcb72e07cbae7397f1b4ef4c3248d9640c98f994aa,automation
0df4add09cce,2026-07-15T06:05:45.053096+00:00,tushare.suspend_d,"{""fields"": ""ts_code,trade_date,suspend_timing,suspend_type"", ""trade_date"": ""20160824""}",213,/Users/john/Desktop/shaiwei/shaiwei_init/data/raw/source=tushare/api=suspend_d/trade_date=20160824/ingest_date=2026-07-15/20260715T060545.048188Z_0a4b7f5886db44dd83b3779000e5b150.parquet,86a3c39af34fe09b00b9e745f84a69bebe66fb9760e6215497cc2f2b0749a748,automation
eb39fd73c47d,2026-07-15T06:05:47.788442+00:00,tushare.suspend_d,"{""fields"": ""ts_code,trade_date,suspend_timing,suspend_type"", ""trade_date"": ""20160825""}",224,/Users/john/Desktop/shaiwei/shaiwei_init/data/raw/source=tushare/api=suspend_d/trade_date=20160825/ingest_date=2026-07-15/20260715T060547.784489Z_59d6b92d3f9545368db39239f0ba7dbe.parquet,dd75ee70cb08680234175ac2318552b657fcb0b73618dce801e0f2ca66fdf3a1,automation
628bcd996749,2026-07-15T06:05:48.439339+00:00,tushare.suspend_d,"{""fields"": ""ts_code,trade_date,suspend_timing,suspend_type"", ""trade_date"": ""20160826""}",228,/Users/john/Desktop/shaiwei/shaiwei_init/data/raw/source=tushare/api=suspend_d/trade_date=20160826/ingest_date=2026-07-15/20260715T060548.435083Z_fbc0faec82234a51891fd47560be9d0f.parquet,28956ff076200e792d8ad9cb9391d54579ec096f65e98e0aa3e7d9d234ba20a0,automation
b80af6df7457,2026-07-15T06:05:49.054632+00:00,tushare.suspend_d,"{""fields"": ""ts_code,trade_date,suspend_timing,suspend_type"", ""trade_date"": ""20160829""}",234,/Users/john/Desktop/shaiwei/shaiwei_init/data/raw/source=tushare/api=suspend_d/trade_date=20160829/ingest_date=2026-07-15/20260715T060549.050178Z_bdf875da3346437f9b0dfe65b5483f9d.parquet,0a83edf0fec3754fb9dea8aa5e9c018a34731b84d7d4b084d87666849c371de8,automation
704894339906,2026-07-15T06:05:49.671925+00:00,tushare.suspend_d,"{""fields"": ""ts_code,trade_date,suspend_timing,suspend_type"", ""trade_date"": ""20160830""}",234,/Users/john/Desktop/shaiwei/shaiwei_init/data/raw/source=tushare/api=suspend_d/trade_date=20160830/ingest_date=2026-07-15/20260715T060549.667057Z_e939ab76342f470da309fa0e83242cc3.parquet,01747f6ae9b17a6dca030d3f1a7608020a618b77307efb6eb6dbf8cfa61acad4,automation
871d73fe096b,2026-07-15T06:05:51.324505+00:00,tushare.suspend_d,"{""fields"": ""ts_code,trade_date,suspend_timing,suspend_type"", ""trade_date"": ""20160831""}",229,/Users/john/Desktop/shaiwei/shaiwei_init/data/raw/source=tushare/api=suspend_d/trade_date=20160831/ingest_date=2026-07-15/20260715T060551.319559Z_fe8ef4f9a7654fb2a8c017369d02b3ed.parquet,51cf02053fb3f1e10921108a33dba962559f16ca808880adff737cc8950f0e4e,automation
4d46156171a1,2026-07-15T06:05:52.014292+00:00,tushare.suspend_d,"{""fields"": ""ts_code,trade_date,suspend_timing,suspend_type"", ""trade_date"": ""20160901""}",232,/Users/john/Desktop/shaiwei/shaiwei_init/data/raw/source=tushare/api=suspend_d/trade_date=20160901/ingest_date=2026-07-15/20260715T060552.009894Z_8568ff674c6248939efdedead2db9dd8.parquet,b4c5b87d84ccda2e0c594220abe039880489737768bc4bb36fc5b6a46dfbf411,automation
549d37c9cc87,2026-07-15T06:05:52.651564+00:00,tushare.suspend_d,"{""fields"": ""ts_code,trade_date,suspend_timing,suspend_type"", ""trade_date"": ""20160902""}",228,/Users/john/Desktop/shaiwei/shaiwei_init/data/raw/source=tushare/api=suspend_d/trade_date=20160902/ingest_date=2026-07-15/20260715T060552.647788Z_fa2febf0160a43f181897849cb941321.parquet,c5df0f35580e31773bed1e6c5da91a2ef882d7bbf4855cea7cf065068fefe75c,automation
326b7a8f4109,2026-07-15T06:05:53.293332+00:00,tushare.suspend_d,"{""fields"": ""ts_code,trade_date,suspend_timing,suspend_type"", ""trade_date"": ""20160905""}",229,/Users/john/Desktop/shaiwei/shaiwei_init/data/raw/source=tushare/api=suspend_d/trade_date=20160905/ingest_date=2026-07-15/20260715T060553.289148Z_bd0d3623d7214da48e2937a31e832186.parquet,c9bac9e3ab0e3871b8cc6c0d4475006a34835b14787331c7aed9723ed5c9effb,automation
468f3624cb93,2026-07-15T06:05:54.343142+00:00,tushare.suspend_d,"{""fields"": ""ts_code,trade_date,suspend_timing,suspend_type"", ""trade_date"": ""20160906""}",219,/Users/john/Desktop/shaiwei/shaiwei_init/data/raw/source=tushare/api=suspend_d/trade_date=20160906/ingest_date=2026-07-15/20260715T060554.338968Z_b0fe4029f5444d5cbfaad39b39251bbb.parquet,2668d2850c713cc9ecdfe6f23c3fcdac639c03462b79f69ddc9bd0b426d2ae92,automation
8d0f884a5f57,2026-07-15T06:05:57.373532+00:00,tushare.suspend_d,"{""fields"": ""ts_code,trade_date,suspend_timing,suspend_type"", ""trade_date"": ""20160907""}",223,/Users/john/Desktop/shaiwei/shaiwei_init/data/raw/source=tushare/api=suspend_d/trade_date=20160907/ingest_date=2026-07-15/20260715T060557.369630Z_ce450b3e883043da8fb0091f98683e52.parquet,f4fe9f6dd52928db357c650b423c0dfdf93c0fa300246f864d79fba95d3f179f,automation
93a05cda2b3c,2026-07-15T06:05:58.757724+00:00,tushare.suspend_d,"{""fields"": ""ts_code,trade_date,suspend_timing,suspend_type"", ""trade_date"": ""20160908""}",228,/Users/john/Desktop/shaiwei/shaiwei_init/data/raw/source=tushare/api=suspend_d/trade_date=20160908/ingest_date=2026-07-15/20260715T060558.754842Z_e05e2c4121f94b3180e0ea0338d98902.parquet,012ad1c5597acb8e47bec6c2de5b300ae00bf0f8828183ef32dc577ed2fb1d90,automation
a56415ca12b0,2026-07-15T06:05:59.592118+00:00,tushare.suspend_d,"{""fields"": ""ts_code,trade_date,suspend_timing,suspend_type"", ""trade_date"": ""20160909""}",233,/Users/john/Desktop/shaiwei/shaiwei_init/data/raw/source=tushare/api=suspend_d/trade_date=20160909/ingest_date=2026-07-15/20260715T060559.587586Z_a5adb4acf6e147a2888cee6c4d29e04c.parquet,c42ba5cc51dd23675aa6df1857e221c74ea7f846a1752f3356c11ea61700d2fe,automation
d3b2b1f6a976,2026-07-15T06:06:00.245129+00:00,tushare.suspend_d,"{""fields"": ""ts_code,trade_date,suspend_timing,suspend_type"", ""trade_date"": ""20160912""}",237,/Users/john/Desktop/shaiwei/shaiwei_init/data/raw/source=tushare/api=suspend_d/trade_date=20160912/ingest_date=2026-07-15/20260715T060600.241150Z_f8e08fecf58c403b95cd1e457662894e.parquet,ab9bb462534230ce63a8817c1229a76192be5e63c3f415337c944a6c7f202da7,automation
40b398e40daa,2026-07-15T06:06:00.950211+00:00,tushare.suspend_d,"{""fields"": ""ts_code,trade_date,suspend_timing,suspend_type"", ""trade_date"": ""20160913""}",243,/Users/john/Desktop/shaiwei/shaiwei_init/data/raw/source=tushare/api=suspend_d/trade_date=20160913/ingest_date=2026-07-15/20260715T060600.946573Z_9029574ae3b74c4ead11f46249ef1d9c.parquet,3f96e30f70215485450795344959675b88ff40bba8279ef027aa2c5c1c609330,automation
4798d1ce3711,2026-07-15T06:06:01.576235+00:00,tushare.suspend_d,"{""fields"": ""ts_code,trade_date,suspend_timing,suspend_type"", ""trade_date"": ""20160914""}",248,/Users/john/Desktop/shaiwei/shaiwei_init/data/raw/source=tushare/api=suspend_d/trade_date=20160914/ingest_date=2026-07-15/20260715T060601.572483Z_19d716aa67c94d858e62bc47fda986ff.parquet,7353238ee5c3d943ac141855838bb44a66bcd6f0fa8a2479bbe3ac9cc53da111,automation
e506a3316213,2026-07-15T06:06:02.199276+00:00,tushare.suspend_d,"{""fields"": ""ts_code,trade_date,suspend_timing,suspend_type"", ""trade_date"": ""20160919""}",257,/Users/john/Desktop/shaiwei/shaiwei_init/data/raw/source=tushare/api=suspend_d/trade_date=20160919/ingest_date=2026-07-15/20260715T060602.194300Z_2b26f84cfc2d49b3b1c036cdcb8f929f.parquet,2fd2bcfd1d4dc9ae3375186a985dff4260b7ace114e10cb74d48c2c26cb82a35,automation
eb76894d5933,2026-07-15T06:06:02.824635+00:00,tushare.suspend_d,"{""fields"": ""ts_code,trade_date,suspend_timing,suspend_type"", ""trade_date"": ""20160920""}",254,/Users/john/Desktop/shaiwei/shaiwei_init/data/raw/source=tushare/api=suspend_d/trade_date=20160920/ingest_date=2026-07-15/20260715T060602.820611Z_b567dcb54b0744c2bde014ce2e7fd4cb.parquet,c2b50f3a71b2624cc76ef1b81b60b7bd7b97eab20fa39c0bddaa980ff544aa76,automation
e4bc17f31efc,2026-07-15T06:06:03.615227+00:00,tushare.suspend_d,"{""fields"": ""ts_code,trade_date,suspend_timing,suspend_type"", ""trade_date"": ""20160921""}",248,/Users/john/Desktop/shaiwei/shaiwei_init/data/raw/source=tushare/api=suspend_d/trade_date=20160921/ingest_date=2026-07-15/20260715T060603.612840Z_621defce5c814dff9811862aad2d31cd.parquet,8923d24b231664b76a7abe3b7038302243f3a3ae679a71fa17bcd808268bf118,automation
09ec6adb3d7a,2026-07-15T06:06:04.250652+00:00,tushare.suspend_d,"{""fields"": ""ts_code,trade_date,suspend_timing,suspend_type"", ""trade_date"": ""20160922""}",249,/Users/john/Desktop/shaiwei/shaiwei_init/data/raw/source=tushare/api=suspend_d/trade_date=20160922/ingest_date=2026-07-15/20260715T060604.247048Z_f3cc637c2378479091d0edd3d5b42cb7.parquet,2d3b93e7d19ae30c870a7cdb1cf39754aee140a0d870829c0b2375ec219bd427,automation
06cf46d82b87,2026-07-15T06:06:05.539798+00:00,tushare.suspend_d,"{""fields"": ""ts_code,trade_date,suspend_timing,suspend_type"", ""trade_date"": ""20160923""}",250,/Users/john/Desktop/shaiwei/shaiwei_init/data/raw/source=tushare/api=suspend_d/trade_date=20160923/ingest_date=2026-07-15/20260715T060605.536002Z_16b7973428ce45ff866ae67849d4c044.parquet,d12a84fd5f771f1cdc7b181abb4a4f73093099fdab842c07a611da3f9fdf28f8,automation
57bffb655160,2026-07-15T06:06:06.165792+00:00,tushare.suspend_d,"{""fields"": ""ts_code,trade_date,suspend_timing,suspend_type"", ""trade_date"": ""20160926""}",250,/Users/john/Desktop/shaiwei/shaiwei_init/data/raw/source=tushare/api=suspend_d/trade_date=20160926/ingest_date=2026-07-15/20260715T060606.162000Z_3b58ca977a6544f5a426903e0d5370f7.parquet,7ec77af689f3c2769ab19814d7b591ec0902ec9b9b647e42a03ac2b31ef8b20b,automation
c2ecaf5a3ed4,2026-07-15T06:06:06.810031+00:00,tushare.suspend_d,"{""fields"": ""ts_code,trade_date,suspend_timing,suspend_type"", ""trade_date"": ""20160927""}",247,/Users/john/Desktop/shaiwei/shaiwei_init/data/raw/source=tushare/api=suspend_d/trade_date=20160927/ingest_date=2026-07-15/20260715T060606.806462Z_fdd8f2a52ac54eaa96d7c6f194621ce2.parquet,cf3cd95e1fe95504963f8110df67f64bc185f932891ca87d2fbb08bc3e3725d2,automation
0946cfc20ba1,2026-07-15T06:06:07.657516+00:00,tushare.suspend_d,"{""fields"": ""ts_code,trade_date,suspend_timing,suspend_type"", ""trade_date"": ""20160928""}",245,/Users/john/Desktop/shaiwei/shaiwei_init/data/raw/source=tushare/api=suspend_d/trade_date=20160928/ingest_date=2026-07-15/20260715T060607.652967Z_2921e24c60a24476aa71f02757cd04c8.parquet,0ea76d19c4a676067621df39c16f78a0d996283d8e103841e3483800520f153d,automation
dbce85d13e79,2026-07-15T06:06:08.287640+00:00,tushare.suspend_d,"{""fields"": ""ts_code,trade_date,suspend_timing,suspend_type"", ""trade_date"": ""20160929""}",243,/Users/john/Desktop/shaiwei/shaiwei_init/data/raw/source=tushare/api=suspend_d/trade_date=20160929/ingest_date=2026-07-15/20260715T060608.283339Z_d31db4c8bbc04951a2d4f31c7b06b926.parquet,bc77debd7ae0c5c3a0e356b3f367edfae6b20f3e6939a21cfa7264281e0c53c7,automation
e7fa8b666ea5,2026-07-15T06:06:09.272243+00:00,tushare.suspend_d,"{""fields"": ""ts_code,trade_date,suspend_timing,suspend_type"", ""trade_date"": ""20160930""}",239,/Users/john/Desktop/shaiwei/shaiwei_init/data/raw/source=tushare/api=suspend_d/trade_date=20160930/ingest_date=2026-07-15/20260715T060609.267999Z_43ef8e97a0994ecfb885fb13ae052fab.parquet,f3e40fadb324bb2b01c22653007076983674eaf62b29691a5a21caf22bd6f1c3,automation
6d88e2e90f9c,2026-07-15T06:06:09.905078+00:00,tushare.suspend_d,"{""fields"": ""ts_code,trade_date,suspend_timing,suspend_type"", ""trade_date"": ""20161010""}",248,/Users/john/Desktop/shaiwei/shaiwei_init/data/raw/source=tushare/api=suspend_d/trade_date=20161010/ingest_date=2026-07-15/20260715T060609.901125Z_2887e1281f6e458aa8df117eac918483.parquet,24cc4d32f6b46ea17024d9b3f2df9858d637d4ebf14816fb68191df742ff7b4f,automation
ac238c177837,2026-07-15T06:06:13.096345+00:00,tushare.suspend_d,"{""fields"": ""ts_code,trade_date,suspend_timing,suspend_type"", ""trade_date"": ""20161011""}",244,/Users/john/Desktop/shaiwei/shaiwei_init/data/raw/source=tushare/api=suspend_d/trade_date=20161011/ingest_date=2026-07-15/20260715T060613.091883Z_b7d5e94f23084c1d8f42c458190fe1d1.parquet,5b2822444c3d027e3e198afd2cf1687f6cb72eec452f77c937177642dec3246d,automation
525fc32d1e3f,2026-07-15T06:06:14.113142+00:00,tushare.suspend_d,"{""fields"": ""ts_code,trade_date,suspend_timing,suspend_type"", ""trade_date"": ""20161012""}",240,/Users/john/Desktop/shaiwei/shaiwei_init/data/raw/source=tushare/api=suspend_d/trade_date=20161012/ingest_date=2026-07-15/20260715T060614.109616Z_c7ed8b3763dc4575860ca15f5fe9b78e.parquet,64f10e5f74f9aeb6fc6860800bbec9827d32854567632ffeb4dc87c49a586e5f,automation
643406fa8fd1,2026-07-15T06:06:14.761299+00:00,tushare.suspend_d,"{""fields"": ""ts_code,trade_date,suspend_timing,suspend_type"", ""trade_date"": ""20161013""}",224,/Users/john/Desktop/shaiwei/shaiwei_init/data/raw/source=tushare/api=suspend_d/trade_date=20161013/ingest_date=2026-07-15/20260715T060614.758271Z_125183d538d14a8fa5ca88f4f09357a3.parquet,f38b17bb50e89538d0c061b459dbef508dcef894f77eee4a20821f83dfd0178f,automation
a269600e4e26,2026-07-15T06:06:15.582010+00:00,tushare.suspend_d,"{""fields"": ""ts_code,trade_date,suspend_timing,suspend_type"", ""trade_date"": ""20161014""}",224,/Users/john/Desktop/shaiwei/shaiwei_init/data/raw/source=tushare/api=suspend_d/trade_date=20161014/ingest_date=2026-07-15/20260715T060615.577606Z_b8ca4cc1a44f4d7baab85707ab844619.parquet,d88e952cd84f622af0f778d669151fded7b262359e96541d6ebe9361d2d991cf,automation
d56c5f565311,2026-07-15T06:06:17.379288+00:00,tushare.suspend_d,"{""fields"": ""ts_code,trade_date,suspend_timing,suspend_type"", ""trade_date"": ""20161017""}",225,/Users/john/Desktop/shaiwei/shaiwei_init/data/raw/source=tushare/api=suspend_d/trade_date=20161017/ingest_date=2026-07-15/20260715T060617.374614Z_17cb6a67f68f4ce6928a6ebd5074a2b5.parquet,adc3ad9b0786f1d36b2c60d9360e8aeb16bf6502c8470bfea6b2c8d948ca2024,automation
008781455a57,2026-07-15T06:06:18.020983+00:00,tushare.suspend_d,"{""fields"": ""ts_code,trade_date,suspend_timing,suspend_type"", ""trade_date"": ""20161018""}",225,/Users/john/Desktop/shaiwei/shaiwei_init/data/raw/source=tushare/api=suspend_d/trade_date=20161018/ingest_date=2026-07-15/20260715T060618.016682Z_18d3f53ab7ff401fa2001774e6d7013a.parquet,2d9c338ec5ccc19431ba699425366ae97c47817bc1fa84af092bd2eb16b75a86,automation
4f3b25105c3d,2026-07-15T06:06:18.658292+00:00,tushare.suspend_d,"{""fields"": ""ts_code,trade_date,suspend_timing,suspend_type"", ""trade_date"": ""20161019""}",222,/Users/john/Desktop/shaiwei/shaiwei_init/data/raw/source=tushare/api=suspend_d/trade_date=20161019/ingest_date=2026-07-15/20260715T060618.654169Z_ecb2fd5ac95c40e581c6ec29144fc972.parquet,88fbebed1e42fd44d3ef30df1c09dd2f924893624c05e33842c1dc6771d1d0fa,automation
5bdcc3727cce,2026-07-15T06:06:19.992508+00:00,tushare.suspend_d,"{""fields"": ""ts_code,trade_date,suspend_timing,suspend_type"", ""trade_date"": ""20161020""}",227,/Users/john/Desktop/shaiwei/shaiwei_init/data/raw/source=tushare/api=suspend_d/trade_date=20161020/ingest_date=2026-07-15/20260715T060619.988621Z_e5614d3cc9a241a4b2d9211d4919ff9e.parquet,3945cbf9ade416b54f50d62c2cef18dded2a795b7965ac835e9bf063e6b2311f,automation
07453ab218cc,2026-07-15T06:06:20.950512+00:00,tushare.suspend_d,"{""fields"": ""ts_code,trade_date,suspend_timing,suspend_type"", ""trade_date"": ""20161021""}",227,/Users/john/Desktop/shaiwei/shaiwei_init/data/raw/source=tushare/api=suspend_d/trade_date=20161021/ingest_date=2026-07-15/20260715T060620.946171Z_db46e8fae9824011b49d4c02f32949ce.parquet,96c0a44aec89fd43c1e73ef9d37b5970f2aeda910939d744f4ea86978b85e43d,automation
78f51d68112d,2026-07-15T06:06:21.988766+00:00,tushare.suspend_d,"{""fields"": ""ts_code,trade_date,suspend_timing,suspend_type"", ""trade_date"": ""20161024""}",224,/Users/john/Desktop/shaiwei/shaiwei_init/data/raw/source=tushare/api=suspend_d/trade_date=20161024/ingest_date=2026-07-15/20260715T060621.985569Z_b32383d03ad14e41aa8df3733b0db582.parquet,a5e0e50e7d56681b15727e51571f56d0712e48bd3f45f92ffba58c3aa6d3c8a5,automation
36eedf66beb4,2026-07-15T06:06:22.611788+00:00,tushare.suspend_d,"{""fields"": ""ts_code,trade_date,suspend_timing,suspend_type"", ""trade_date"": ""20161025""}",219,/Users/john/Desktop/shaiwei/shaiwei_init/data/raw/source=tushare/api=suspend_d/trade_date=20161025/ingest_date=2026-07-15/20260715T060622.607138Z_3048080776e048249b20ca549cba6fe6.parquet,c0d96405c50d59c16ba3d832554deadc88699b2156d62ab14462aaf1608d1fe7,automation
8be63486a012,2026-07-15T06:06:23.706308+00:00,tushare.suspend_d,"{""fields"": ""ts_code,trade_date,suspend_timing,suspend_type"", ""trade_date"": ""20161026""}",211,/Users/john/Desktop/shaiwei/shaiwei_init/data/raw/source=tushare/api=suspend_d/trade_date=20161026/ingest_date=2026-07-15/20260715T060623.701116Z_3302be20156c484d95b59a99d6ed9cd3.parquet,42032f494089888c784b26c32cb75a2f3da2407fbbdd318941c06226276f64ab,automation
b67e4d6f01d2,2026-07-15T06:06:24.367372+00:00,tushare.suspend_d,"{""fields"": ""ts_code,trade_date,suspend_timing,suspend_type"", ""trade_date"": ""20161027""}",215,/Users/john/Desktop/shaiwei/shaiwei_init/data/raw/source=tushare/api=suspend_d/trade_date=20161027/ingest_date=2026-07-15/20260715T060624.362526Z_2aa6bafc1c0a453a8f8ee3a6f96ba70b.parquet,65ef1e1c3c32bbe25b7981c302c480d8c89dab209aba17b66b66c65670f47fc3,automation
a01ecbc96332,2026-07-15T06:06:25.031060+00:00,tushare.suspend_d,"{""fields"": ""ts_code,trade_date,suspend_timing,suspend_type"", ""trade_date"": ""20161028""}",210,/Users/john/Desktop/shaiwei/shaiwei_init/data/raw/source=tushare/api=suspend_d/trade_date=20161028/ingest_date=2026-07-15/20260715T060625.026411Z_506adccf84e449ea8e18913f1ff53f2c.parquet,5ff8646e55f899650a73e2aac8b1615b95323f45532cc66014812b108fe30962,automation
f2e56eeada17,2026-07-15T06:06:25.671634+00:00,tushare.suspend_d,"{""fields"": ""ts_code,trade_date,suspend_timing,suspend_type"", ""trade_date"": ""20161031""}",213,/Users/john/Desktop/shaiwei/shaiwei_init/data/raw/source=tushare/api=suspend_d/trade_date=20161031/ingest_date=2026-07-15/20260715T060625.667000Z_43d12e4c29fc4a249ca26356f181354a.parquet,304f0133b0fdcdab13f81198c33a6aed303aa56383aed9dc4c7f0b98f19e902d,automation
13b826c3a5d8,2026-07-15T06:06:26.655523+00:00,tushare.suspend_d,"{""fields"": ""ts_code,trade_date,suspend_timing,suspend_type"", ""trade_date"": ""20161101""}",213,/Users/john/Desktop/shaiwei/shaiwei_init/data/raw/source=tushare/api=suspend_d/trade_date=20161101/ingest_date=2026-07-15/20260715T060626.651342Z_45402ab8204a4db889eca1b5f34c3211.parquet,66bcaac7d2badc7e8fd55dd130d77b38d41c1467c5321c9a656a43818998a6c4,automation
6204cd844001,2026-07-15T06:06:28.134669+00:00,tushare.suspend_d,"{""fields"": ""ts_code,trade_date,suspend_timing,suspend_type"", ""trade_date"": ""20161102""}",210,/Users/john/Desktop/shaiwei/shaiwei_init/data/raw/source=tushare/api=suspend_d/trade_date=20161102/ingest_date=2026-07-15/20260715T060628.130541Z_2deda923ac004a39b181056fa42c0ae8.parquet,69cc285f1893c58af058daa01abcbe19b1f4cc54e8dfd7de5d5c2a1b237febe3,automation
04b8acc35f56,2026-07-15T06:06:28.771896+00:00,tushare.suspend_d,"{""fields"": ""ts_code,trade_date,suspend_timing,suspend_type"", ""trade_date"": ""20161103""}",209,/Users/john/Desktop/shaiwei/shaiwei_init/data/raw/source=tushare/api=suspend_d/trade_date=20161103/ingest_date=2026-07-15/20260715T060628.768048Z_c3a961f8837c4023bb695f9c53f78d81.parquet,facb809706fab851e7ca4f0368028603e6db17b4026a069f8710ca13b31583f8,automation
3a9577453b05,2026-07-15T06:06:29.822550+00:00,tushare.suspend_d,"{""fields"": ""ts_code,trade_date,suspend_timing,suspend_type"", ""trade_date"": ""20161104""}",205,/Users/john/Desktop/shaiwei/shaiwei_init/data/raw/source=tushare/api=suspend_d/trade_date=20161104/ingest_date=2026-07-15/20260715T060629.818958Z_c1c742edb31b4c6f92943f4a24631c2e.parquet,316f49123fcf0c6b9e2e2e4b23f17044e71d223950e4fa7e8188f276f40658b3,automation
fcc4a0d8c5ce,2026-07-15T06:06:30.462864+00:00,tushare.suspend_d,"{""fields"": ""ts_code,trade_date,suspend_timing,suspend_type"", ""trade_date"": ""20161107""}",207,/Users/john/Desktop/shaiwei/shaiwei_init/data/raw/source=tushare/api=suspend_d/trade_date=20161107/ingest_date=2026-07-15/20260715T060630.458662Z_9b8e9fff72a341c6a1c49faa2a69fd0e.parquet,19364c1119b711a36b6c5e3241363826ebbcd91b16e5bf0725c47d0831ece945,automation
6c5e9677154f,2026-07-15T06:06:31.172594+00:00,tushare.suspend_d,"{""fields"": ""ts_code,trade_date,suspend_timing,suspend_type"", ""trade_date"": ""20161108""}",212,/Users/john/Desktop/shaiwei/shaiwei_init/data/raw/source=tushare/api=suspend_d/trade_date=20161108/ingest_date=2026-07-15/20260715T060631.167662Z_7f219439060047029e6d7fbf43709cfe.parquet,22d06c0ba7f5aebede385b0bb78a254970a94e46877a798dbf117ef5901b8d39,automation
321b8878bc80,2026-07-15T06:06:31.802221+00:00,tushare.suspend_d,"{""fields"": ""ts_code,trade_date,suspend_timing,suspend_type"", ""trade_date"": ""20161109""}",211,/Users/john/Desktop/shaiwei/shaiwei_init/data/raw/source=tushare/api=suspend_d/trade_date=20161109/ingest_date=2026-07-15/20260715T060631.798365Z_43d441b4a8504974b906a2205ef7721e.parquet,5bd77d747df766fdf42ba8eb5a4998a154176c5f73a19e36f0144879a45f09c4,automation
25003396aeea,2026-07-15T06:06:33.447824+00:00,tushare.suspend_d,"{""fields"": ""ts_code,trade_date,suspend_timing,suspend_type"", ""trade_date"": ""20161110""}",206,/Users/john/Desktop/shaiwei/shaiwei_init/data/raw/source=tushare/api=suspend_d/trade_date=20161110/ingest_date=2026-07-15/20260715T060633.442422Z_c94d18fc0b52408abb4f464c8877e4e1.parquet,f912d81f61a303a5c744c74a6ef4941882e6d142afcfb5be63ce3875db982444,automation
4fd618c271a9,2026-07-15T06:06:34.424705+00:00,tushare.suspend_d,"{""fields"": ""ts_code,trade_date,suspend_timing,suspend_type"", ""trade_date"": ""20161111""}",213,/Users/john/Desktop/shaiwei/shaiwei_init/data/raw/source=tushare/api=suspend_d/trade_date=20161111/ingest_date=2026-07-15/20260715T060634.421063Z_047584a066e94f20a06f348bb944817b.parquet,a9387e8cd9790b192c5043ad77170d52ec95928d9111494ebfa21cf25057daf3,automation
7529578da189,2026-07-15T06:06:35.639274+00:00,tushare.suspend_d,"{""fields"": ""ts_code,trade_date,suspend_timing,suspend_type"", ""trade_date"": ""20161114""}",220,/Users/john/Desktop/shaiwei/shaiwei_init/data/raw/source=tushare/api=suspend_d/trade_date=20161114/ingest_date=2026-07-15/20260715T060635.636447Z_2244b2efd4824b5f8d9eded0c0fb4d82.parquet,a36043fddf6edb9b7fbf6056fe22c0eb4391db126aeb66e6a2543522ad727628,automation
13ac000ac25a,2026-07-15T06:06:36.340739+00:00,tushare.suspend_d,"{""fields"": ""ts_code,trade_date,suspend_timing,suspend_type"", ""trade_date"": ""20161115""}",219,/Users/john/Desktop/shaiwei/shaiwei_init/data/raw/source=tushare/api=suspend_d/trade_date=20161115/ingest_date=2026-07-15/20260715T060636.336268Z_58b4599706f548fa8027869744df48a7.parquet,6882454336c6936450be5f98d06cfe00735f03d2d9ac30f737c3e227a153ea08,automation
7b4a7820eac8,2026-07-15T06:06:36.975522+00:00,tushare.suspend_d,"{""fields"": ""ts_code,trade_date,suspend_timing,suspend_type"", ""trade_date"": ""20161116""}",224,/Users/john/Desktop/shaiwei/shaiwei_init/data/raw/source=tushare/api=suspend_d/trade_date=20161116/ingest_date=2026-07-15/20260715T060636.972119Z_d3d76a4ddd6d4172ba49353e59425338.parquet,8f20ddfcc32f96d3fbf3578aefed5e6b8f3b82b26b5fb91ae7a101e32c910a1e,automation
c245018c8454,2026-07-15T06:06:37.620100+00:00,tushare.suspend_d,"{""fields"": ""ts_code,trade_date,suspend_timing,suspend_type"", ""trade_date"": ""20161117""}",234,/Users/john/Desktop/shaiwei/shaiwei_init/data/raw/source=tushare/api=suspend_d/trade_date=20161117/ingest_date=2026-07-15/20260715T060637.615817Z_40ab775f44a24c5c836a638ae2527527.parquet,3111803ab4bc825ab6c555ee2e76f254ab02ee2cd6bd0a8fe1b414fd2532de55,automation
e9865defa30f,2026-07-15T06:06:38.251105+00:00,tushare.suspend_d,"{""fields"": ""ts_code,trade_date,suspend_timing,suspend_type"", ""trade_date"": ""20161118""}",239,/Users/john/Desktop/shaiwei/shaiwei_init/data/raw/source=tushare/api=suspend_d/trade_date=20161118/ingest_date=2026-07-15/20260715T060638.247228Z_3fc97b5bcc0f409383480ca180f0a6da.parquet,f0c22f2ec98630318b91c2e465c14245fde39a3f22b0acd7986b0b71258e9872,automation
a3628dde1741,2026-07-15T06:06:39.450221+00:00,tushare.suspend_d,"{""fields"": ""ts_code,trade_date,suspend_timing,suspend_type"", ""trade_date"": ""20161121""}",241,/Users/john/Desktop/shaiwei/shaiwei_init/data/raw/source=tushare/api=suspend_d/trade_date=20161121/ingest_date=2026-07-15/20260715T060639.446146Z_4b74a05d7c6e47a9846f73ea7f017229.parquet,f30c64a7dbdecbe97f60764b04073a68b1a94b7ef16d493b35a2d3f0446d5264,automation
1667dee1747f,2026-07-15T06:06:40.099971+00:00,tushare.suspend_d,"{""fields"": ""ts_code,trade_date,suspend_timing,suspend_type"", ""trade_date"": ""20161122""}",236,/Users/john/Desktop/shaiwei/shaiwei_init/data/raw/source=tushare/api=suspend_d/trade_date=20161122/ingest_date=2026-07-15/20260715T060640.095442Z_789404692dd142408097854a5f7d8980.parquet,3bfd03a63fd0989f990127f50675d1e60d1d09a95e4ab2a135f1e72abf283f27,automation
e685cb4efddb,2026-07-15T06:06:41.329682+00:00,tushare.suspend_d,"{""fields"": ""ts_code,trade_date,suspend_timing,suspend_type"", ""trade_date"": ""20161123""}",228,/Users/john/Desktop/shaiwei/shaiwei_init/data/raw/source=tushare/api=suspend_d/trade_date=20161123/ingest_date=2026-07-15/20260715T060641.325525Z_e0348dbf2c5c4aeb96bae81e3bf12cef.parquet,aab29bde902af22ca77a9b9850f7bbf342f9d21808b11f0245787020e066bbdf,automation
cd919549d1a1,2026-07-15T06:06:42.988183+00:00,tushare.suspend_d,"{""fields"": ""ts_code,trade_date,suspend_timing,suspend_type"", ""trade_date"": ""20161124""}",238,/Users/john/Desktop/shaiwei/shaiwei_init/data/raw/source=tushare/api=suspend_d/trade_date=20161124/ingest_date=2026-07-15/20260715T060642.983998Z_a44009369ec6404caebcd2abc0a21a33.parquet,ba0245df2e09a80c1f5bef520baad0cfbfbc6ed0d66fac74a05eb103d1c6dee3,automation
4b21e8d40184,2026-07-15T06:06:43.631204+00:00,tushare.suspend_d,"{""fields"": ""ts_code,trade_date,suspend_timing,suspend_type"", ""trade_date"": ""20161125""}",237,/Users/john/Desktop/shaiwei/shaiwei_init/data/raw/source=tushare/api=suspend_d/trade_date=20161125/ingest_date=2026-07-15/20260715T060643.627101Z_1b7f67b0528f45ecb4696f12b3aea02c.parquet,6735239e228ebdb99d2a4b129c73ee354fbf714a2e5515dfd4fc2c864f0943fb,automation
257298b7d291,2026-07-15T06:06:44.416975+00:00,tushare.suspend_d,"{""fields"": ""ts_code,trade_date,suspend_timing,suspend_type"", ""trade_date"": ""20161128""}",238,/Users/john/Desktop/shaiwei/shaiwei_init/data/raw/source=tushare/api=suspend_d/trade_date=20161128/ingest_date=2026-07-15/20260715T060644.412483Z_3ccd15ae8479437cbdc24dcf1cf52da3.parquet,a9a3764b79a55747f5152c73e44b6090a77cdf1b304eda92471aad113a8fb404,automation
1ee387ccc483,2026-07-15T06:06:45.040401+00:00,tushare.suspend_d,"{""fields"": ""ts_code,trade_date,suspend_timing,suspend_type"", ""trade_date"": ""20161129""}",238,/Users/john/Desktop/shaiwei/shaiwei_init/data/raw/source=tushare/api=suspend_d/trade_date=20161129/ingest_date=2026-07-15/20260715T060645.036065Z_25dab117988c4c59a692d5f179e6021c.parquet,b65e9b9e0082bb9b78e6cf7812617c5177385d4d98e42ff16f4ea9649d0cf1b8,automation
3f07d122a992,2026-07-15T06:06:45.680323+00:00,tushare.suspend_d,"{""fields"": ""ts_code,trade_date,suspend_timing,suspend_type"", ""trade_date"": ""20161130""}",230,/Users/john/Desktop/shaiwei/shaiwei_init/data/raw/source=tushare/api=suspend_d/trade_date=20161130/ingest_date=2026-07-15/20260715T060645.675931Z_9e19e311c8e14032b640ce7d19c6969d.parquet,ffe351af3bc2d56cf76b906c79b3441b9ba4fc88bd71a5bfbeca8afc39f6a6e1,automation
c9aa4796a495,2026-07-15T06:06:46.679862+00:00,tushare.suspend_d,"{""fields"": ""ts_code,trade_date,suspend_timing,suspend_type"", ""trade_date"": ""20161201""}",231,/Users/john/Desktop/shaiwei/shaiwei_init/data/raw/source=tushare/api=suspend_d/trade_date=20161201/ingest_date=2026-07-15/20260715T060646.675356Z_cdec3fd477fd4ac68ee4dcb3645491b6.parquet,e6f90450ba400bbe553e68070648ad1141ea5cc4bafecaa7eb925a9d61624cd5,automation
c1cd3d8acf66,2026-07-15T06:06:47.600281+00:00,tushare.suspend_d,"{""fields"": ""ts_code,trade_date,suspend_timing,suspend_type"", ""trade_date"": ""20161202""}",228,/Users/john/Desktop/shaiwei/shaiwei_init/data/raw/source=tushare/api=suspend_d/trade_date=20161202/ingest_date=2026-07-15/20260715T060647.593818Z_4e35844d901f4ab6aa777e845430f3e7.parquet,67f06fa0fda4d75d54559a213d32c6df1251b6083c0061003a9f9e02f45e5c53,automation
c881f0e76cbc,2026-07-15T06:06:48.767300+00:00,tushare.suspend_d,"{""fields"": ""ts_code,trade_date,suspend_timing,suspend_type"", ""trade_date"": ""20161205""}",227,/Users/john/Desktop/shaiwei/shaiwei_init/data/raw/source=tushare/api=suspend_d/trade_date=20161205/ingest_date=2026-07-15/20260715T060648.764132Z_305993fdc77f41709c58e7f0c99b0719.parquet,3654f2a7c5b36aeb96141b04dee43c3eca49b29bd6b1f2a16de88bc8b45d1a6f,automation
2e260b58c3fd,2026-07-15T06:06:49.381940+00:00,tushare.suspend_d,"{""fields"": ""ts_code,trade_date,suspend_timing,suspend_type"", ""trade_date"": ""20161206""}",222,/Users/john/Desktop/shaiwei/shaiwei_init/data/raw/source=tushare/api=suspend_d/trade_date=20161206/ingest_date=2026-07-15/20260715T060649.377860Z_a8bdb4b1dbd242fb92050284e8d13b0b.parquet,49185ca005b06fe8b964844418312f0587f5085db5cfab4aed9d1c65087c6297,automation
571dc9b4b502,2026-07-15T06:06:50.015506+00:00,tushare.suspend_d,"{""fields"": ""ts_code,trade_date,suspend_timing,suspend_type"", ""trade_date"": ""20161207""}",219,/Users/john/Desktop/shaiwei/shaiwei_init/data/raw/source=tushare/api=suspend_d/trade_date=20161207/ingest_date=2026-07-15/20260715T060650.011876Z_a1758d7fcebc495e91e04f2068d7fedf.parquet,7ef038854df7dad126c1db0621e6b7090c4a9af739b1559b5d1c26f24ee4bd15,automation
4bc4c1ad7d2e,2026-07-15T06:06:50.738038+00:00,tushare.suspend_d,"{""fields"": ""ts_code,trade_date,suspend_timing,suspend_type"", ""trade_date"": ""20161208""}",226,/Users/john/Desktop/shaiwei/shaiwei_init/data/raw/source=tushare/api=suspend_d/trade_date=20161208/ingest_date=2026-07-15/20260715T060650.733330Z_361b486c6900423d9c1c8c4fa507f8f2.parquet,4e57e28788e0ea443de14c4ca3d8e3656d67faccee6e3dd0d1636607e0bf4739,automation
caa4d0cf4d05,2026-07-15T06:06:51.644013+00:00,tushare.suspend_d,"{""fields"": ""ts_code,trade_date,suspend_timing,suspend_type"", ""trade_date"": ""20161209""}",221,/Users/john/Desktop/shaiwei/shaiwei_init/data/raw/source=tushare/api=suspend_d/trade_date=20161209/ingest_date=2026-07-15/20260715T060651.640347Z_62c724d060664c488e25ac78fd517292.parquet,6e659fe99d4a04bef681c8617a9fbe0bd1b15ca72628729eba54051e7ea7cbfa,automation
4172b1db3fe5,2026-07-15T06:06:52.265696+00:00,tushare.suspend_d,"{""fields"": ""ts_code,trade_date,suspend_timing,suspend_type"", ""trade_date"": ""20161212""}",231,/Users/john/Desktop/shaiwei/shaiwei_init/data/raw/source=tushare/api=suspend_d/trade_date=20161212/ingest_date=2026-07-15/20260715T060652.261550Z_fe50eaddb5614012b7febe8223feb1fb.parquet,e614845a4fa32bdb116eb3aaf71fd37938998a58ab35c676edc727ab25a5fa19,automation
c9e02cf45819,2026-07-15T06:06:52.897113+00:00,tushare.suspend_d,"{""fields"": ""ts_code,trade_date,suspend_timing,suspend_type"", ""trade_date"": ""20161213""}",233,/Users/john/Desktop/shaiwei/shaiwei_init/data/raw/source=tushare/api=suspend_d/trade_date=20161213/ingest_date=2026-07-15/20260715T060652.893142Z_b67d997b7279485f8a29b5545ca296e5.parquet,831785444ebaa7e3dad80bd2baab7c9ab18d92d5654f99977c6b5faec9ea38ab,automation
7c7d6fdc8db0,2026-07-15T06:06:53.890418+00:00,tushare.suspend_d,"{""fields"": ""ts_code,trade_date,suspend_timing,suspend_type"", ""trade_date"": ""20161214""}",221,/Users/john/Desktop/shaiwei/shaiwei_init/data/raw/source=tushare/api=suspend_d/trade_date=20161214/ingest_date=2026-07-15/20260715T060653.886219Z_b4188aeb3f124730ad0db2df849630fa.parquet,04f10fc75c27bb26a6360067caae18e1988fd2dba2d8253608a4584e2856b7e3,automation
0c9b3d0064ae,2026-07-15T06:06:54.548264+00:00,tushare.suspend_d,"{""fields"": ""ts_code,trade_date,suspend_timing,suspend_type"", ""trade_date"": ""20161215""}",229,/Users/john/Desktop/shaiwei/shaiwei_init/data/raw/source=tushare/api=suspend_d/trade_date=20161215/ingest_date=2026-07-15/20260715T060654.544103Z_d11e7aaf819840d8b920c9a53269be38.parquet,62ed1e85f2a9e13ad37aceb9ff930d600936a25cfce6ac6a58f0375e761ec057,automation
8274bfed5b95,2026-07-15T06:06:56.434088+00:00,tushare.suspend_d,"{""fields"": ""ts_code,trade_date,suspend_timing,suspend_type"", ""trade_date"": ""20161216""}",233,/Users/john/Desktop/shaiwei/shaiwei_init/data/raw/source=tushare/api=suspend_d/trade_date=20161216/ingest_date=2026-07-15/20260715T060656.429611Z_5c14e6a879f84f409f68723eff8c98db.parquet,5c2489d9498a4b7e62d004f2ff634fc5c79315a13d960d311665b90a6fe913d2,automation
6854b353f7f9,2026-07-15T06:06:57.077161+00:00,tushare.suspend_d,"{""fields"": ""ts_code,trade_date,suspend_timing,suspend_type"", ""trade_date"": ""20161219""}",235,/Users/john/Desktop/shaiwei/shaiwei_init/data/raw/source=tushare/api=suspend_d/trade_date=20161219/ingest_date=2026-07-15/20260715T060657.072751Z_05895da5546a49d4a19aa747e060456d.parquet,15fe7b09c2f901cde4c7bfe8b03230754a00d308428b0adb6180edea3c2cfbc0,automation
f6ed80689762,2026-07-15T06:06:57.716187+00:00,tushare.suspend_d,"{""fields"": ""ts_code,trade_date,suspend_timing,suspend_type"", ""trade_date"": ""20161220""}",234,/Users/john/Desktop/shaiwei/shaiwei_init/data/raw/source=tushare/api=suspend_d/trade_date=20161220/ingest_date=2026-07-15/20260715T060657.714012Z_0d171242556a454d952ec4dcfb49e4f0.parquet,50e8f63f8a5c7e36f38d247cd3a9bde685ffbf436c27e6faa04f0cb4e0478e17,automation
aa1c759df9bb,2026-07-15T06:06:58.336983+00:00,tushare.suspend_d,"{""fields"": ""ts_code,trade_date,suspend_timing,suspend_type"", ""trade_date"": ""20161221""}",229,/Users/john/Desktop/shaiwei/shaiwei_init/data/raw/source=tushare/api=suspend_d/trade_date=20161221/ingest_date=2026-07-15/20260715T060658.332356Z_5de9db13be4e4586b51b9983230b2a96.parquet,b553504389f9427babc050dc7c5945a4d3bbda86292f0888c9e9a89509d3baf4,automation
d8eee864616a,2026-07-15T06:06:59.827622+00:00,tushare.suspend_d,"{""fields"": ""ts_code,trade_date,suspend_timing,suspend_type"", ""trade_date"": ""20161222""}",234,/Users/john/Desktop/shaiwei/shaiwei_init/data/raw/source=tushare/api=suspend_d/trade_date=20161222/ingest_date=2026-07-15/20260715T060659.824597Z_dfd29a8b40b84998b4c7b5dfc213867a.parquet,831218968e1212b267d311dd70a89700175785a57a8ab6e31cc423bc24d9bf1c,automation
1acb20a98e17,2026-07-15T06:07:00.461455+00:00,tushare.suspend_d,"{""fields"": ""ts_code,trade_date,suspend_timing,suspend_type"", ""trade_date"": ""20161223""}",229,/Users/john/Desktop/shaiwei/shaiwei_init/data/raw/source=tushare/api=suspend_d/trade_date=20161223/ingest_date=2026-07-15/20260715T060700.456495Z_81ece03baed64e65964cfa49e98ae249.parquet,ba0d34aba8c7e9d90cf7a21d67afd7ff0b987f4e9c626fdbd9021179933737c4,automation
b338817d8885,2026-07-15T06:07:01.076436+00:00,tushare.suspend_d,"{""fields"": ""ts_code,trade_date,suspend_timing,suspend_type"", ""trade_date"": ""20161226""}",229,/Users/john/Desktop/shaiwei/shaiwei_init/data/raw/source=tushare/api=suspend_d/trade_date=20161226/ingest_date=2026-07-15/20260715T060701.072998Z_9559350a28414d759fa6adbf0812b92c.parquet,eee372d117970b1114a0f56bd41b9ef9efc3e35ee3a9089772b326616aa539ce,automation
febaf5532959,2026-07-15T06:07:01.732002+00:00,tushare.suspend_d,"{""fields"": ""ts_code,trade_date,suspend_timing,suspend_type"", ""trade_date"": ""20161227""}",219,/Users/john/Desktop/shaiwei/shaiwei_init/data/raw/source=tushare/api=suspend_d/trade_date=20161227/ingest_date=2026-07-15/20260715T060701.727611Z_56d0c6b5b20b4869afd8d6a237298b71.parquet,d4d483f06a7d16990138fa206bbc0026372cf8c927af15dad2a0ac25d704cb5c,automation
4922f8852fef,2026-07-15T06:07:04.272495+00:00,tushare.suspend_d,"{""fields"": ""ts_code,trade_date,suspend_timing,suspend_type"", ""trade_date"": ""20161228""}",223,/Users/john/Desktop/shaiwei/shaiwei_init/data/raw/source=tushare/api=suspend_d/trade_date=20161228/ingest_date=2026-07-15/20260715T060704.268109Z_b229d5fa2d434bf0a153127a892dbf77.parquet,d0f1c4a86186f17ae5df17e8dc9082917ef708ae61c6037fdf7c6ba32b1bb9bf,automation
606dadf14d07,2026-07-15T06:07:05.039366+00:00,tushare.suspend_d,"{""fields"": ""ts_code,trade_date,suspend_timing,suspend_type"", ""trade_date"": ""20161229""}",224,/Users/john/Desktop/shaiwei/shaiwei_init/data/raw/source=tushare/api=suspend_d/trade_date=20161229/ingest_date=2026-07-15/20260715T060705.035092Z_898a19f13caf4bf3835ee2c06df0f75c.parquet,b838209f74682f07414ad892a7848564e6d6ccb58f772dc49f7fe1be52f91af1,automation
09443a8d72ad,2026-07-15T06:07:05.671946+00:00,tushare.suspend_d,"{""fields"": ""ts_code,trade_date,suspend_timing,suspend_type"", ""trade_date"": ""20161230""}",218,/Users/john/Desktop/shaiwei/shaiwei_init/data/raw/source=tushare/api=suspend_d/trade_date=20161230/ingest_date=2026-07-15/20260715T060705.666605Z_dea7cabd074f4960855051db19510f1f.parquet,017cb72c395869868d5d6373df551a3d67122af3b3c8f7b75814d9523b8dbaeb,automation
1111a4131d6c,2026-07-15T06:07:07.287008+00:00,tushare.suspend_d,"{""fields"": ""ts_code,trade_date,suspend_timing,suspend_type"", ""trade_date"": ""20170103""}",218,/Users/john/Desktop/shaiwei/shaiwei_init/data/raw/source=tushare/api=suspend_d/trade_date=20170103/ingest_date=2026-07-15/20260715T060707.283992Z_50a6c38dfce34694ac2b58c66928c650.parquet,1bee6c34b0d0b6e2edbd2ae96d86d066cb0d6f97d9098beab7c00148c2058bc5,automation
e1d199090636,2026-07-15T06:07:07.933325+00:00,tushare.suspend_d,"{""fields"": ""ts_code,trade_date,suspend_timing,suspend_type"", ""trade_date"": ""20170104""}",215,/Users/john/Desktop/shaiwei/shaiwei_init/data/raw/source=tushare/api=suspend_d/trade_date=20170104/ingest_date=2026-07-15/20260715T060707.929621Z_de85e2dc9ebe44c9a7c0577adfa02a94.parquet,7a985e56d5008320e0a1f2f6eb5c0a5d0dc134a66a9b0b4fe4a3bab06001e3a1,automation
19c604b4c7e0,2026-07-15T06:07:08.568895+00:00,tushare.suspend_d,"{""fields"": ""ts_code,trade_date,suspend_timing,suspend_type"", ""trade_date"": ""20170105""}",220,/Users/john/Desktop/shaiwei/shaiwei_init/data/raw/source=tushare/api=suspend_d/trade_date=20170105/ingest_date=2026-07-15/20260715T060708.563126Z_0bfcda7195ee4ad29e5559b23e4271db.parquet,7e80077b59c4acc60faca8cad8bc0246841569e77d15be313814098ea5c13e92,automation
005e5dede875,2026-07-15T06:07:09.190543+00:00,tushare.suspend_d,"{""fields"": ""ts_code,trade_date,suspend_timing,suspend_type"", ""trade_date"": ""20170106""}",215,/Users/john/Desktop/shaiwei/shaiwei_init/data/raw/source=tushare/api=suspend_d/trade_date=20170106/ingest_date=2026-07-15/20260715T060709.186350Z_ab7425f5d52f4888952a7580794327f0.parquet,c4648a1e7c1bd53575c030cd23457193da6230af310dcfaddf86b3fb742f497e,automation
8f365fc97a1f,2026-07-15T06:07:09.841976+00:00,tushare.suspend_d,"{""fields"": ""ts_code,trade_date,suspend_timing,suspend_type"", ""trade_date"": ""20170109""}",215,/Users/john/Desktop/shaiwei/shaiwei_init/data/raw/source=tushare/api=suspend_d/trade_date=20170109/ingest_date=2026-07-15/20260715T060709.838016Z_83408d0b267749938de82fbb8de1a825.parquet,364a576e7eb3125f68a866c73a3f13a5822117ad5e997a2c313d4ffeed50563c,automation
12bd37564391,2026-07-15T06:07:10.459861+00:00,tushare.suspend_d,"{""fields"": ""ts_code,trade_date,suspend_timing,suspend_type"", ""trade_date"": ""20170110""}",213,/Users/john/Desktop/shaiwei/shaiwei_init/data/raw/source=tushare/api=suspend_d/trade_date=20170110/ingest_date=2026-07-15/20260715T060710.455575Z_2c6dd63f8573495d889b7ecf9c88de06.parquet,3d252c1e2f0a005bfcb31377222a2e5e743420cc67b83e1091ca914ad9bdfa76,automation
c3c5c86bde93,2026-07-15T06:07:11.667108+00:00,tushare.suspend_d,"{""fields"": ""ts_code,trade_date,suspend_timing,suspend_type"", ""trade_date"": ""20170111""}",218,/Users/john/Desktop/shaiwei/shaiwei_init/data/raw/source=tushare/api=suspend_d/trade_date=20170111/ingest_date=2026-07-15/20260715T060711.662964Z_afe4fe9e7c6c4345b0c50ce4e0552d1f.parquet,5ae96d88c9a2781ee0ea58b8f77539bd45ac687669c96d66ac704fee5403f238,automation
ee6b4eacff34,2026-07-15T06:07:12.674213+00:00,tushare.suspend_d,"{""fields"": ""ts_code,trade_date,suspend_timing,suspend_type"", ""trade_date"": ""20170112""}",218,/Users/john/Desktop/shaiwei/shaiwei_init/data/raw/source=tushare/api=suspend_d/trade_date=20170112/ingest_date=2026-07-15/20260715T060712.670708Z_514f8a36d229409e8bc95806e570945d.parquet,6885fed90ec1af46e5e0b02c3bce80903a797132bb9af572911eaf6c6b9c215a,automation
f3f9df729a2f,2026-07-15T06:07:13.318271+00:00,tushare.suspend_d,"{""fields"": ""ts_code,trade_date,suspend_timing,suspend_type"", ""trade_date"": ""20170113""}",214,/Users/john/Desktop/shaiwei/shaiwei_init/data/raw/source=tushare/api=suspend_d/trade_date=20170113/ingest_date=2026-07-15/20260715T060713.313486Z_266c4ff3d4024e379bb68b3fd3d6c1d3.parquet,a48e875edea34b28554fedc6e1f4a7695151d3afa2d4248859fd4048ded63921,automation
9e26885358b3,2026-07-15T06:07:13.948106+00:00,tushare.suspend_d,"{""fields"": ""ts_code,trade_date,suspend_timing,suspend_type"", ""trade_date"": ""20170116""}",219,/Users/john/Desktop/shaiwei/shaiwei_init/data/raw/source=tushare/api=suspend_d/trade_date=20170116/ingest_date=2026-07-15/20260715T060713.943256Z_fceb1d32574e48da987c110b425d1467.parquet,06a6fb76e7281d3f900d7883dc3312b4c29f070e0cf199b113c8c7d9823a9adb,automation
9188a8a52cc7,2026-07-15T06:07:14.576715+00:00,tushare.suspend_d,"{""fields"": ""ts_code,trade_date,suspend_timing,suspend_type"", ""trade_date"": ""20170117""}",217,/Users/john/Desktop/shaiwei/shaiwei_init/data/raw/source=tushare/api=suspend_d/trade_date=20170117/ingest_date=2026-07-15/20260715T060714.572316Z_2e2b2c789d84484c907a0c43bce44263.parquet,41e97ced0e6857a6be2c032214ab21b95b77f602b9bd6da016a3010b5f07073c,automation
c88d09409e57,2026-07-15T06:07:15.738484+00:00,tushare.suspend_d,"{""fields"": ""ts_code,trade_date,suspend_timing,suspend_type"", ""trade_date"": ""20170118""}",214,/Users/john/Desktop/shaiwei/shaiwei_init/data/raw/source=tushare/api=suspend_d/trade_date=20170118/ingest_date=2026-07-15/20260715T060715.734532Z_737675e5de274d75962d6d2ad844ae26.parquet,b020d9dd883f6ded7e90c17b14802d02a9269259be25721ce9e99f8a456d4ad5,automation
68715f5f0f48,2026-07-15T06:07:17.364460+00:00,tushare.suspend_d,"{""fields"": ""ts_code,trade_date,suspend_timing,suspend_type"", ""trade_date"": ""20170119""}",216,/Users/john/Desktop/shaiwei/shaiwei_init/data/raw/source=tushare/api=suspend_d/trade_date=20170119/ingest_date=2026-07-15/20260715T060717.359930Z_b9a9f3ec97624c1a9b9014a080bc3c68.parquet,37ad24ed4eddc6a4b6f3f6d9bf0f58bf640b1abc896b7d98a0c59c4eb99e9ca5,automation
471ffd06ff66,2026-07-15T06:07:18.029135+00:00,tushare.suspend_d,"{""fields"": ""ts_code,trade_date,suspend_timing,suspend_type"", ""trade_date"": ""20170120""}",214,/Users/john/Desktop/shaiwei/shaiwei_init/data/raw/source=tushare/api=suspend_d/trade_date=20170120/ingest_date=2026-07-15/20260715T060718.024582Z_2e7d0023a53d4a9b8d4156b8cf6d2f64.parquet,12bac83ce4ca16cc10667b64c7c73c81c7396c53a15935199b55bf7ab838d18b,automation
9993083fc7bb,2026-07-15T06:07:18.748982+00:00,tushare.suspend_d,"{""fields"": ""ts_code,trade_date,suspend_timing,suspend_type"", ""trade_date"": ""20170123""}",218,/Users/john/Desktop/shaiwei/shaiwei_init/data/raw/source=tushare/api=suspend_d/trade_date=20170123/ingest_date=2026-07-15/20260715T060718.744649Z_f548f02ee7fe4796812acf7a499b375a.parquet,2f08450cf3ce6cdd6ffab0fd973185190ccdd09678a4edb3687f77a99db0cd85,automation
90caca3fef14,2026-07-15T06:07:19.649027+00:00,tushare.suspend_d,"{""fields"": ""ts_code,trade_date,suspend_timing,suspend_type"", ""trade_date"": ""20170124""}",211,/Users/john/Desktop/shaiwei/shaiwei_init/data/raw/source=tushare/api=suspend_d/trade_date=20170124/ingest_date=2026-07-15/20260715T060719.641618Z_0d03fa1dd58444769df94dce740bf26f.parquet,c63dffb4caf5baa05fb6d0e089e99185314ab9a0355e90fb228c4ce658a203e8,automation
0ae9e9cc26a5,2026-07-15T06:07:20.634961+00:00,tushare.suspend_d,"{""fields"": ""ts_code,trade_date,suspend_timing,suspend_type"", ""trade_date"": ""20170125""}",211,/Users/john/Desktop/shaiwei/shaiwei_init/data/raw/source=tushare/api=suspend_d/trade_date=20170125/ingest_date=2026-07-15/20260715T060720.630624Z_5828f356779044fdb04fc3adaba8895c.parquet,a3fa71b35460abbacdb35c7a6ebec2fee7a84e9a41078d67499f9acf0e40bf83,automation
72b3c674f906,2026-07-15T06:07:21.260135+00:00,tushare.suspend_d,"{""fields"": ""ts_code,trade_date,suspend_timing,suspend_type"", ""trade_date"": ""20170126""}",206,/Users/john/Desktop/shaiwei/shaiwei_init/data/raw/source=tushare/api=suspend_d/trade_date=20170126/ingest_date=2026-07-15/20260715T060721.256792Z_c161a495111e424594055c773e255ddb.parquet,aedcfb4c59f0e041804805bbfdf4fbb17c03b01c7fb32dd0fdcfe4d3ccd16f37,automation
237978143016,2026-07-15T06:07:22.241961+00:00,tushare.suspend_d,"{""fields"": ""ts_code,trade_date,suspend_timing,suspend_type"", ""trade_date"": ""20170203""}",208,/Users/john/Desktop/shaiwei/shaiwei_init/data/raw/source=tushare/api=suspend_d/trade_date=20170203/ingest_date=2026-07-15/20260715T060722.237671Z_a80a1a511d0f4fc592a0aa63f1ffa207.parquet,bdb330079f8be64b157c2fc4434c912609415336e4bcfdcf37c0181a953a09b0,automation
0c5ccd22d7fb,2026-07-15T06:07:23.400424+00:00,tushare.suspend_d,"{""fields"": ""ts_code,trade_date,suspend_timing,suspend_type"", ""trade_date"": ""20170206""}",214,/Users/john/Desktop/shaiwei/shaiwei_init/data/raw/source=tushare/api=suspend_d/trade_date=20170206/ingest_date=2026-07-15/20260715T060723.395746Z_73004b04ea814d00af57ad3ea62d8dce.parquet,78993b69a2fb07a318cd0cc80cfe67226e8687656f75a83181fa1e6f7a60bd22,automation
9932bfa84e47,2026-07-15T06:07:24.478789+00:00,tushare.suspend_d,"{""fields"": ""ts_code,trade_date,suspend_timing,suspend_type"", ""trade_date"": ""20170207""}",215,/Users/john/Desktop/shaiwei/shaiwei_init/data/raw/source=tushare/api=suspend_d/trade_date=20170207/ingest_date=2026-07-15/20260715T060724.474346Z_32a34c1b6ae74b879962f752c0d3cbf5.parquet,ae7f60e09fefe40be55ee7a43849cc0eb62cd8be54496a8c38c21aab01ec34eb,automation
ad4e8dcda9aa,2026-07-15T06:07:25.504809+00:00,tushare.suspend_d,"{""fields"": ""ts_code,trade_date,suspend_timing,suspend_type"", ""trade_date"": ""20170208""}",216,/Users/john/Desktop/shaiwei/shaiwei_init/data/raw/source=tushare/api=suspend_d/trade_date=20170208/ingest_date=2026-07-15/20260715T060725.500454Z_c145ae32b321401bb0aa1a568dbe3bb8.parquet,b6af639dcdcb0eee9921a95fb1a549ad324add243e8df7ae3be7d2d73c50025b,automation
eeaec96c884f,2026-07-15T06:07:26.140135+00:00,tushare.suspend_d,"{""fields"": ""ts_code,trade_date,suspend_timing,suspend_type"", ""trade_date"": ""20170209""}",213,/Users/john/Desktop/shaiwei/shaiwei_init/data/raw/source=tushare/api=suspend_d/trade_date=20170209/ingest_date=2026-07-15/20260715T060726.135350Z_3c0a1041c0be493fa24a45edfc8e1275.parquet,34a199243016f11ff563c3177e61265aec66b8969d7b61d1a56d75eaeb3c82dc,automation
72dec44d028c,2026-07-15T06:07:28.158932+00:00,tushare.suspend_d,"{""fields"": ""ts_code,trade_date,suspend_timing,suspend_type"", ""trade_date"": ""20170210""}",217,/Users/john/Desktop/shaiwei/shaiwei_init/data/raw/source=tushare/api=suspend_d/trade_date=20170210/ingest_date=2026-07-15/20260715T060728.153864Z_2812dafdc73545c2b47405b82edba603.parquet,b53fe4785a8f827e117279b7ae80a60decb6d6fff5c57ca44e518be3085bcb1f,automation
4c7b4a416717,2026-07-15T06:07:28.903860+00:00,tushare.suspend_d,"{""fields"": ""ts_code,trade_date,suspend_timing,suspend_type"", ""trade_date"": ""20170213""}",222,/Users/john/Desktop/shaiwei/shaiwei_init/data/raw/source=tushare/api=suspend_d/trade_date=20170213/ingest_date=2026-07-15/20260715T060728.899213Z_8d828d2293c3474bb7aedf256419d76b.parquet,4b8560e0831c491ed60e6b817235afaaa76d166554d631ff9cc4c81c34812676,automation
7503e8e394ae,2026-07-15T06:07:29.529627+00:00,tushare.suspend_d,"{""fields"": ""ts_code,trade_date,suspend_timing,suspend_type"", ""trade_date"": ""20170214""}",219,/Users/john/Desktop/shaiwei/shaiwei_init/data/raw/source=tushare/api=suspend_d/trade_date=20170214/ingest_date=2026-07-15/20260715T060729.526587Z_28c2666a5e994afea7a9cd738eeb8a5e.parquet,133ea336393d24291164362281f587237b489515e84bb272f157777a87817a5c,automation
5aca5c30175f,2026-07-15T06:07:30.161691+00:00,tushare.suspend_d,"{""fields"": ""ts_code,trade_date,suspend_timing,suspend_type"", ""trade_date"": ""20170215""}",224,/Users/john/Desktop/shaiwei/shaiwei_init/data/raw/source=tushare/api=suspend_d/trade_date=20170215/ingest_date=2026-07-15/20260715T060730.158000Z_9e354936b6a746b8a238530eaea61811.parquet,0998fb3bf9fb3a5c69e2596c09eb30208ef1cd70c38107db634edd62bd0ac538,automation
ed3c206fc47e,2026-07-15T06:07:31.824108+00:00,tushare.suspend_d,"{""fields"": ""ts_code,trade_date,suspend_timing,suspend_type"", ""trade_date"": ""20170216""}",221,/Users/john/Desktop/shaiwei/shaiwei_init/data/raw/source=tushare/api=suspend_d/trade_date=20170216/ingest_date=2026-07-15/20260715T060731.819044Z_415ce7c70f0a4c65b5d44c9b60649243.parquet,c9d8bb9b9b18a82e31b46ef1e8330618bdc9d70910287fff193d06f0ba8a913f,automation
1f6a5e860fd6,2026-07-15T06:07:33.464149+00:00,tushare.suspend_d,"{""fields"": ""ts_code,trade_date,suspend_timing,suspend_type"", ""trade_date"": ""20170217""}",221,/Users/john/Desktop/shaiwei/shaiwei_init/data/raw/source=tushare/api=suspend_d/trade_date=20170217/ingest_date=2026-07-15/20260715T060733.459904Z_2c416bad3db2489b93c9305659330a36.parquet,1018d8b305b5e04644d79aacc5f888b696d9eba7380b2557053ec8de8ff5b40c,automation
065746a094fb,2026-07-15T06:07:34.465803+00:00,tushare.suspend_d,"{""fields"": ""ts_code,trade_date,suspend_timing,suspend_type"", ""trade_date"": ""20170220""}",238,/Users/john/Desktop/shaiwei/shaiwei_init/data/raw/source=tushare/api=suspend_d/trade_date=20170220/ingest_date=2026-07-15/20260715T060734.462060Z_bff8f2b337c247bfa3b1b940e7cce2d5.parquet,87cf78d59bb65fc0b217706e7326b52490a07b87a06831a570ac93a6e69aa6b1,automation
840a7623fcc0,2026-07-15T06:07:35.643052+00:00,tushare.suspend_d,"{""fields"": ""ts_code,trade_date,suspend_timing,suspend_type"", ""trade_date"": ""20170221""}",240,/Users/john/Desktop/shaiwei/shaiwei_init/data/raw/source=tushare/api=suspend_d/trade_date=20170221/ingest_date=2026-07-15/20260715T060735.636377Z_4aea8febbfb84f66a22240bf5e86a060.parquet,e74e93dab7626c93a7a7668e8328a20d0412eb57ad516f811c3ba5e57cea33af,automation
fb1d4883e40a,2026-07-15T06:07:36.258389+00:00,tushare.suspend_d,"{""fields"": ""ts_code,trade_date,suspend_timing,suspend_type"", ""trade_date"": ""20170222""}",232,/Users/john/Desktop/shaiwei/shaiwei_init/data/raw/source=tushare/api=suspend_d/trade_date=20170222/ingest_date=2026-07-15/20260715T060736.254783Z_b15f66111f66413683962047bd7a7a66.parquet,903df2699cc8c3f643997fdb4ec5d90b352b716cc9ed2f519188ef9e311e6d65,automation
d9ae685a30c7,2026-07-15T06:07:37.019884+00:00,tushare.suspend_d,"{""fields"": ""ts_code,trade_date,suspend_timing,suspend_type"", ""trade_date"": ""20170223""}",235,/Users/john/Desktop/shaiwei/shaiwei_init/data/raw/source=tushare/api=suspend_d/trade_date=20170223/ingest_date=2026-07-15/20260715T060737.016134Z_7609966bdf5b471eb0c77e7fbddda3de.parquet,fa3ebaa970f3b9f3a334c576e87a74f91c34ab6f123c9b09b07a9d02c5dbf988,automation
c84872faf2c2,2026-07-15T06:07:37.668301+00:00,tushare.suspend_d,"{""fields"": ""ts_code,trade_date,suspend_timing,suspend_type"", ""trade_date"": ""20170224""}",234,/Users/john/Desktop/shaiwei/shaiwei_init/data/raw/source=tushare/api=suspend_d/trade_date=20170224/ingest_date=2026-07-15/20260715T060737.665094Z_1bd886ef887648cf94746869f11e91c2.parquet,2ff75a88f5a1727c97f40b01ac9851f62e80709e2f1895ed3283f136fc260ee8,automation
45ef6acc4d63,2026-07-15T06:07:38.278424+00:00,tushare.suspend_d,"{""fields"": ""ts_code,trade_date,suspend_timing,suspend_type"", ""trade_date"": ""20170227""}",236,/Users/john/Desktop/shaiwei/shaiwei_init/data/raw/source=tushare/api=suspend_d/trade_date=20170227/ingest_date=2026-07-15/20260715T060738.276924Z_911a9a895a264a669be165ce887dbc94.parquet,f7be5504c578b8f509ac7d307f51bdbd6f32f0d566d34f73a24893dd5dc7d8c5,automation
796d0dec357b,2026-07-15T06:07:39.409659+00:00,tushare.suspend_d,"{""fields"": ""ts_code,trade_date,suspend_timing,suspend_type"", ""trade_date"": ""20170228""}",236,/Users/john/Desktop/shaiwei/shaiwei_init/data/raw/source=tushare/api=suspend_d/trade_date=20170228/ingest_date=2026-07-15/20260715T060739.408124Z_3b9e0227588743ac8ddf53a191ea6aae.parquet,372690a8884612ab3cd4741c65a88820f45a3f2b817ab3f492abaf66c8e43728,automation
7eabff428145,2026-07-15T06:07:40.155428+00:00,tushare.suspend_d,"{""fields"": ""ts_code,trade_date,suspend_timing,suspend_type"", ""trade_date"": ""20170301""}",236,/Users/john/Desktop/shaiwei/shaiwei_init/data/raw/source=tushare/api=suspend_d/trade_date=20170301/ingest_date=2026-07-15/20260715T060740.151370Z_dadc5cfe033440fc9f5722dd64fa719c.parquet,b470008e9408e44361239f9240a98972bf4374e2ee7f3db2f12068c12ba9f46e,automation
86ea331442ff,2026-07-15T06:07:41.158555+00:00,tushare.suspend_d,"{""fields"": ""ts_code,trade_date,suspend_timing,suspend_type"", ""trade_date"": ""20170302""}",236,/Users/john/Desktop/shaiwei/shaiwei_init/data/raw/source=tushare/api=suspend_d/trade_date=20170302/ingest_date=2026-07-15/20260715T060741.156206Z_9e98f3743cc84a1c989cbc74edba377a.parquet,97689dd5b9991b8f5fd34e585889874834d3fb75a58b5b458abcfb2f21c5feb2,automation
0511e63f7171,2026-07-15T06:07:41.887182+00:00,tushare.suspend_d,"{""fields"": ""ts_code,trade_date,suspend_timing,suspend_type"", ""trade_date"": ""20170303""}",229,/Users/john/Desktop/shaiwei/shaiwei_init/data/raw/source=tushare/api=suspend_d/trade_date=20170303/ingest_date=2026-07-15/20260715T060741.884869Z_402b0cf91be54276bf5e4931998f5ca5.parquet,06fc8222ec78d9ffcb813d88dcb6ee29ad31241c7f6c036bbe13fa8f4f2d0273,automation
fe85665b3b45,2026-07-15T06:07:42.522428+00:00,tushare.suspend_d,"{""fields"": ""ts_code,trade_date,suspend_timing,suspend_type"", ""trade_date"": ""20170306""}",234,/Users/john/Desktop/shaiwei/shaiwei_init/data/raw/source=tushare/api=suspend_d/trade_date=20170306/ingest_date=2026-07-15/20260715T060742.517357Z_3bff34d1052e4867bc9aa447302edec8.parquet,d517fae6b22147d7eabb57671b45ec72363e15594a93adccad78e6fa650cf526,automation
ca4f2a8a1819,2026-07-15T06:07:43.769441+00:00,tushare.suspend_d,"{""fields"": ""ts_code,trade_date,suspend_timing,suspend_type"", ""trade_date"": ""20170307""}",228,/Users/john/Desktop/shaiwei/shaiwei_init/data/raw/source=tushare/api=suspend_d/trade_date=20170307/ingest_date=2026-07-15/20260715T060743.767187Z_eb363cfe1ecf427e85c6aa8b870a9ca9.parquet,e6cd04428f08ea378ac441cc38b946f4b58f653a9490167bc3a27c79dce3ac3a,automation
55229c15d3fc,2026-07-15T06:07:44.413667+00:00,tushare.suspend_d,"{""fields"": ""ts_code,trade_date,suspend_timing,suspend_type"", ""trade_date"": ""20170308""}",229,/Users/john/Desktop/shaiwei/shaiwei_init/data/raw/source=tushare/api=suspend_d/trade_date=20170308/ingest_date=2026-07-15/20260715T060744.410050Z_7decb51839d748639ba5014f5c512401.parquet,8aa41763faa15cd17bd6e551de974bfc156a8eda696f17b898c873cba1204616,automation
f967935c2e1f,2026-07-15T06:07:46.502523+00:00,tushare.suspend_d,"{""fields"": ""ts_code,trade_date,suspend_timing,suspend_type"", ""trade_date"": ""20170309""}",229,/Users/john/Desktop/shaiwei/shaiwei_init/data/raw/source=tushare/api=suspend_d/trade_date=20170309/ingest_date=2026-07-15/20260715T060746.499445Z_54e5eec0447e4de4a0158767cda96bb1.parquet,d428ac6d8712381a7c2faaf33ce32895d4403f400ca8e9c854ab1fcb7b414f26,automation
a815923dfec3,2026-07-15T06:07:47.664080+00:00,tushare.suspend_d,"{""fields"": ""ts_code,trade_date,suspend_timing,suspend_type"", ""trade_date"": ""20170310""}",232,/Users/john/Desktop/shaiwei/shaiwei_init/data/raw/source=tushare/api=suspend_d/trade_date=20170310/ingest_date=2026-07-15/20260715T060747.660115Z_27a856d33714470b88e73219a2fa2907.parquet,d823347f3f60a5d4b887e97a3c501bfa2107016f428ddb81a4da218fb861d37b,automation
4202fc74dc29,2026-07-15T06:07:49.413320+00:00,tushare.suspend_d,"{""fields"": ""ts_code,trade_date,suspend_timing,suspend_type"", ""trade_date"": ""20170313""}",233,/Users/john/Desktop/shaiwei/shaiwei_init/data/raw/source=tushare/api=suspend_d/trade_date=20170313/ingest_date=2026-07-15/20260715T060749.409627Z_e2690ab8943b4e1c986d2b70e2f06ae9.parquet,19baf754a461ae7d844606f949a21aad3379526280f91d40350f93bd2fa4c1b7,automation
85c1f6c7c0b0,2026-07-15T06:07:50.035605+00:00,tushare.suspend_d,"{""fields"": ""ts_code,trade_date,suspend_timing,suspend_type"", ""trade_date"": ""20170314""}",234,/Users/john/Desktop/shaiwei/shaiwei_init/data/raw/source=tushare/api=suspend_d/trade_date=20170314/ingest_date=2026-07-15/20260715T060750.032548Z_1db798c3463b40c4b95fafa3a70edf68.parquet,e47dd6ed56b77963a42c6b2a51c97b604010744ba735a23bc4705100fff9eed2,automation
2f4d0bac4b36,2026-07-15T06:07:50.671321+00:00,tushare.suspend_d,"{""fields"": ""ts_code,trade_date,suspend_timing,suspend_type"", ""trade_date"": ""20170315""}",232,/Users/john/Desktop/shaiwei/shaiwei_init/data/raw/source=tushare/api=suspend_d/trade_date=20170315/ingest_date=2026-07-15/20260715T060750.667742Z_1b6dee39cef446fc8355ac49241ec22d.parquet,444851594d3d3757acc6b522b772d6c7038eb0250587c37927735fe9131c0d54,automation
3407ea09bc71,2026-07-15T06:07:51.945308+00:00,tushare.suspend_d,"{""fields"": ""ts_code,trade_date,suspend_timing,suspend_type"", ""trade_date"": ""20170316""}",233,/Users/john/Desktop/shaiwei/shaiwei_init/data/raw/source=tushare/api=suspend_d/trade_date=20170316/ingest_date=2026-07-15/20260715T060751.942118Z_0a4e998bfb8e46e19bc976c71e8a32c6.parquet,29695467a721a3e3f86e613c9ef984e7c0511d6327e705b7fded3fde8aecbf02,automation
739ef6917388,2026-07-15T06:07:52.651444+00:00,tushare.suspend_d,"{""fields"": ""ts_code,trade_date,suspend_timing,suspend_type"", ""trade_date"": ""20170317""}",238,/Users/john/Desktop/shaiwei/shaiwei_init/data/raw/source=tushare/api=suspend_d/trade_date=20170317/ingest_date=2026-07-15/20260715T060752.647422Z_532aea5f647a491da40b346e908b13c9.parquet,1109cd80520a3b06046c8d9b2efd0ad5ab9ff6f48393c9e0c3fea04eda55e645,automation
7d7a1b863171,2026-07-15T06:07:53.308121+00:00,tushare.suspend_d,"{""fields"": ""ts_code,trade_date,suspend_timing,suspend_type"", ""trade_date"": ""20170320""}",245,/Users/john/Desktop/shaiwei/shaiwei_init/data/raw/source=tushare/api=suspend_d/trade_date=20170320/ingest_date=2026-07-15/20260715T060753.304147Z_23b818e2224a4a76ab6aabbe209592df.parquet,dbc5de739fa4eafef4d80fe1645b95bd8169c8570658ce98c561667d548559df,automation
61395c5b393f,2026-07-15T06:07:54.463841+00:00,tushare.suspend_d,"{""fields"": ""ts_code,trade_date,suspend_timing,suspend_type"", ""trade_date"": ""20170321""}",242,/Users/john/Desktop/shaiwei/shaiwei_init/data/raw/source=tushare/api=suspend_d/trade_date=20170321/ingest_date=2026-07-15/20260715T060754.460361Z_4e0604bc0cb643acace145fbf6a83197.parquet,0de867d5529205a722ec38498503ac3d46b228e7e42420036a966df98a8100ea,automation
aa58d205f759,2026-07-15T06:07:55.905850+00:00,tushare.suspend_d,"{""fields"": ""ts_code,trade_date,suspend_timing,suspend_type"", ""trade_date"": ""20170322""}",239,/Users/john/Desktop/shaiwei/shaiwei_init/data/raw/source=tushare/api=suspend_d/trade_date=20170322/ingest_date=2026-07-15/20260715T060755.902917Z_7559f2c562c244b08003b21e554ef1d4.parquet,2bb9aafbe75bebc45d4521cfbc24ce0959a6b38c3108ea95dd08d055213ce3f9,automation
86455973da11,2026-07-15T06:07:56.562741+00:00,tushare.suspend_d,"{""fields"": ""ts_code,trade_date,suspend_timing,suspend_type"", ""trade_date"": ""20170323""}",238,/Users/john/Desktop/shaiwei/shaiwei_init/data/raw/source=tushare/api=suspend_d/trade_date=20170323/ingest_date=2026-07-15/20260715T060756.557723Z_e8df6d6b2dea48249c2929d763408366.parquet,a02aec350a379dae23f0d0f1549f44f816d0656291da34f8e3dd94fa8b94aaad,automation
18fe52e9438d,2026-07-15T06:07:57.213046+00:00,tushare.suspend_d,"{""fields"": ""ts_code,trade_date,suspend_timing,suspend_type"", ""trade_date"": ""20170324""}",240,/Users/john/Desktop/shaiwei/shaiwei_init/data/raw/source=tushare/api=suspend_d/trade_date=20170324/ingest_date=2026-07-15/20260715T060757.209375Z_a5fb5516488d4542ab10d47af677dda1.parquet,6694166da48b97533db0664941ca41bb31d2d81ddfa965c4d619ea77e282570f,automation
ab69d80cfbb6,2026-07-15T06:07:57.849160+00:00,tushare.suspend_d,"{""fields"": ""ts_code,trade_date,suspend_timing,suspend_type"", ""trade_date"": ""20170327""}",246,/Users/john/Desktop/shaiwei/shaiwei_init/data/raw/source=tushare/api=suspend_d/trade_date=20170327/ingest_date=2026-07-15/20260715T060757.845037Z_cf97d65a4e014b91907533054e24c9fa.parquet,3b1b5dcf5166265090c0a4972e686b55185380796265df1e5d0dbbe4305f78c4,automation
53d3ae0928fd,2026-07-15T06:07:58.479494+00:00,tushare.suspend_d,"{""fields"": ""ts_code,trade_date,suspend_timing,suspend_type"", ""trade_date"": ""20170328""}",244,/Users/john/Desktop/shaiwei/shaiwei_init/data/raw/source=tushare/api=suspend_d/trade_date=20170328/ingest_date=2026-07-15/20260715T060758.475458Z_91a52b7732704d86b0d6187c9f2a185f.parquet,4c94951be8c87af99174592b302026b91fbd17de91e5bf21afef38e43d202e5e,automation
be497825737f,2026-07-15T06:07:59.633377+00:00,tushare.suspend_d,"{""fields"": ""ts_code,trade_date,suspend_timing,suspend_type"", ""trade_date"": ""20170329""}",238,/Users/john/Desktop/shaiwei/shaiwei_init/data/raw/source=tushare/api=suspend_d/trade_date=20170329/ingest_date=2026-07-15/20260715T060759.629604Z_909b35ab7fcf41eebed4a9e8b7fc9e2d.parquet,9c1bfbb98f4687b67065b1cb95a03bebbdfb39c678b16da8e3315de898a80dda,automation
56285521b0c2,2026-07-15T06:08:00.254690+00:00,tushare.suspend_d,"{""fields"": ""ts_code,trade_date,suspend_timing,suspend_type"", ""trade_date"": ""20170330""}",228,/Users/john/Desktop/shaiwei/shaiwei_init/data/raw/source=tushare/api=suspend_d/trade_date=20170330/ingest_date=2026-07-15/20260715T060800.251056Z_ed25b4c06c8b46d7954dcbb8c3ed1185.parquet,be33919d61a3c9e8ac25e9e41f6845c84217d72c06bcdab3dededd5cec80f4fb,automation
0bed8e03679d,2026-07-15T06:08:00.883415+00:00,tushare.suspend_d,"{""fields"": ""ts_code,trade_date,suspend_timing,suspend_type"", ""trade_date"": ""20170331""}",236,/Users/john/Desktop/shaiwei/shaiwei_init/data/raw/source=tushare/api=suspend_d/trade_date=20170331/ingest_date=2026-07-15/20260715T060800.880555Z_cfa69a5a25b44fb5a6960e8f445d28f1.parquet,ff6b0ac08cdcd0ccf8552812e76be9e34369fd09d6b1fefae6dc9aff8a3c6d4f,automation
a666f7f9ae93,2026-07-15T06:08:01.538789+00:00,tushare.suspend_d,"{""fields"": ""ts_code,trade_date,suspend_timing,suspend_type"", ""trade_date"": ""20170405""}",241,/Users/john/Desktop/shaiwei/shaiwei_init/data/raw/source=tushare/api=suspend_d/trade_date=20170405/ingest_date=2026-07-15/20260715T060801.534920Z_9a3e4083625e47769b2802a44c8111fe.parquet,84e7fcf271b95c47460ad4033fdcf6d1eb1583d22f5705c644ee64f505518817,automation
42ac5ae6e55c,2026-07-15T06:08:02.594830+00:00,tushare.suspend_d,"{""fields"": ""ts_code,trade_date,suspend_timing,suspend_type"", ""trade_date"": ""20170406""}",243,/Users/john/Desktop/shaiwei/shaiwei_init/data/raw/source=tushare/api=suspend_d/trade_date=20170406/ingest_date=2026-07-15/20260715T060802.591261Z_a261a281e8664e75b11a45107e0144c1.parquet,ffc8af8c11151646f8f4b2f503b2840ae35ed96255bb94c396efc7bb32f32297,automation
bc16f4ca3d79,2026-07-15T06:08:03.676010+00:00,tushare.suspend_d,"{""fields"": ""ts_code,trade_date,suspend_timing,suspend_type"", ""trade_date"": ""20170407""}",244,/Users/john/Desktop/shaiwei/shaiwei_init/data/raw/source=tushare/api=suspend_d/trade_date=20170407/ingest_date=2026-07-15/20260715T060803.671856Z_4cf4f0fbea104294af2b2bad47356e15.parquet,cd15aa2d2cad9d5b0794e8ef50ead9a44d94c8679606aa74a34cfb96baf0db6a,automation
5b6bdde0c0d7,2026-07-15T06:08:04.493853+00:00,tushare.suspend_d,"{""fields"": ""ts_code,trade_date,suspend_timing,suspend_type"", ""trade_date"": ""20170410""}",244,/Users/john/Desktop/shaiwei/shaiwei_init/data/raw/source=tushare/api=suspend_d/trade_date=20170410/ingest_date=2026-07-15/20260715T060804.489483Z_1e6fc49adbd0400fb3c43d0dbd80e1a7.parquet,aea5c75511cfc8fc3e37950ed2a30a7f34877929a86bc897fabf04f9e7bf963e,automation
6207a4649ca6,2026-07-15T06:08:07.245569+00:00,tushare.suspend_d,"{""fields"": ""ts_code,trade_date,suspend_timing,suspend_type"", ""trade_date"": ""20170411""}",253,/Users/john/Desktop/shaiwei/shaiwei_init/data/raw/source=tushare/api=suspend_d/trade_date=20170411/ingest_date=2026-07-15/20260715T060807.241300Z_056dc671f4dd494cbeaa8a110e6a2cf8.parquet,6f7b07a506af13735dda84355693cbad97568858be98109d0c13aa3087601a40,automation
21d94ea084e9,2026-07-15T06:08:08.249513+00:00,tushare.suspend_d,"{""fields"": ""ts_code,trade_date,suspend_timing,suspend_type"", ""trade_date"": ""20170412""}",258,/Users/john/Desktop/shaiwei/shaiwei_init/data/raw/source=tushare/api=suspend_d/trade_date=20170412/ingest_date=2026-07-15/20260715T060808.245386Z_c862c7a7e29c46aa9d3a9a5970531e6e.parquet,74de919dfe7fbf3fff9f65c50bb3d9cd100c56c875d9d04d1f727be5bf19eeba,automation
4e54e5046a05,2026-07-15T06:08:09.542778+00:00,tushare.suspend_d,"{""fields"": ""ts_code,trade_date,suspend_timing,suspend_type"", ""trade_date"": ""20170413""}",259,/Users/john/Desktop/shaiwei/shaiwei_init/data/raw/source=tushare/api=suspend_d/trade_date=20170413/ingest_date=2026-07-15/20260715T060809.538641Z_98d81a625d004f098b0105edbc97d1dd.parquet,f167539567da14de9117e8ee1b6e5c7108c27738f02020fab36fc9ff5a1d9801,automation
8d9c0a2efc03,2026-07-15T06:08:10.189758+00:00,tushare.suspend_d,"{""fields"": ""ts_code,trade_date,suspend_timing,suspend_type"", ""trade_date"": ""20170414""}",257,/Users/john/Desktop/shaiwei/shaiwei_init/data/raw/source=tushare/api=suspend_d/trade_date=20170414/ingest_date=2026-07-15/20260715T060810.186320Z_e461895e7a134ff8a041c6699d2bad46.parquet,a86c63953247ca4d42b7edfe6138f7ed15f329d6f2f6077b2e510b481fdd8389,automation
8d81fcc6aba7,2026-07-15T06:08:11.386297+00:00,tushare.suspend_d,"{""fields"": ""ts_code,trade_date,suspend_timing,suspend_type"", ""trade_date"": ""20170417""}",260,/Users/john/Desktop/shaiwei/shaiwei_init/data/raw/source=tushare/api=suspend_d/trade_date=20170417/ingest_date=2026-07-15/20260715T060811.382963Z_72ee6c9f058546e0a50863f167ebdba2.parquet,1199d30e2d34f56d8c51dc5493a6b0675db30b0f18fe87fe16ca32300ee38492,automation
1d58165167f7,2026-07-15T06:08:12.141943+00:00,tushare.suspend_d,"{""fields"": ""ts_code,trade_date,suspend_timing,suspend_type"", ""trade_date"": ""20170418""}",246,/Users/john/Desktop/shaiwei/shaiwei_init/data/raw/source=tushare/api=suspend_d/trade_date=20170418/ingest_date=2026-07-15/20260715T060812.137923Z_cf45aa03eb4444979dace9756186bdb8.parquet,bc65bce63c9bff9a412b3edc8947df7c0a526c314b21142008b1e1b92b7ee56c,automation
741358ffe8e3,2026-07-15T06:08:12.798213+00:00,tushare.suspend_d,"{""fields"": ""ts_code,trade_date,suspend_timing,suspend_type"", ""trade_date"": ""20170419""}",240,/Users/john/Desktop/shaiwei/shaiwei_init/data/raw/source=tushare/api=suspend_d/trade_date=20170419/ingest_date=2026-07-15/20260715T060812.795172Z_6930c6552c6741e2a1f3207dec6e13a8.parquet,0006b34fbf1b3068e2040980aca7d64e8ff4f33b3ad05cce0dce7dfcc2573586,automation
309cbb5de803,2026-07-15T06:08:13.779484+00:00,tushare.suspend_d,"{""fields"": ""ts_code,trade_date,suspend_timing,suspend_type"", ""trade_date"": ""20170420""}",249,/Users/john/Desktop/shaiwei/shaiwei_init/data/raw/source=tushare/api=suspend_d/trade_date=20170420/ingest_date=2026-07-15/20260715T060813.775881Z_af61e3a3a0944eb4b515b935e2327d70.parquet,6d67b6623e6fa86f6f8a4969a6e194026ec29cb86d11fbcdccd85510c00b5d64,automation
7f6475396696,2026-07-15T06:08:15.436817+00:00,tushare.suspend_d,"{""fields"": ""ts_code,trade_date,suspend_timing,suspend_type"", ""trade_date"": ""20170421""}",253,/Users/john/Desktop/shaiwei/shaiwei_init/data/raw/source=tushare/api=suspend_d/trade_date=20170421/ingest_date=2026-07-15/20260715T060815.433470Z_81e3561237de437ea23320fa78144d16.parquet,704a653d0935c48d91647d27264ac00ea2b14f165e6a4a068d28bf36cc9e536c,automation
9931048d6690,2026-07-15T06:08:16.454062+00:00,tushare.suspend_d,"{""fields"": ""ts_code,trade_date,suspend_timing,suspend_type"", ""trade_date"": ""20170424""}",256,/Users/john/Desktop/shaiwei/shaiwei_init/data/raw/source=tushare/api=suspend_d/trade_date=20170424/ingest_date=2026-07-15/20260715T060816.450716Z_af52201ba1d34568837b59fad4a7f35b.parquet,64c8a96f097d333be20fd6cbe6c769f615a723c4ef0f6b80b23b459b3f162ec6,automation
dcbf6c8b7dd0,2026-07-15T06:08:17.089010+00:00,tushare.suspend_d,"{""fields"": ""ts_code,trade_date,suspend_timing,suspend_type"", ""trade_date"": ""20170425""}",260,/Users/john/Desktop/shaiwei/shaiwei_init/data/raw/source=tushare/api=suspend_d/trade_date=20170425/ingest_date=2026-07-15/20260715T060817.085426Z_63d4dc197781439da6d40f76d390e267.parquet,ce6879806bf74a70ce53a856c1821e2c20a5297b2519a190e98e151b21ea33d1,automation
f9080f108d06,2026-07-15T06:08:17.714123+00:00,tushare.suspend_d,"{""fields"": ""ts_code,trade_date,suspend_timing,suspend_type"", ""trade_date"": ""20170426""}",256,/Users/john/Desktop/shaiwei/shaiwei_init/data/raw/source=tushare/api=suspend_d/trade_date=20170426/ingest_date=2026-07-15/20260715T060817.709826Z_4af75f3f73e04b29885414f58c5b7470.parquet,69c152618e704d78662edfb98cf0c96b6fe640e357eb77b8e7e082e12e5e889a,automation
9d51ff4ea2da,2026-07-15T06:08:18.336232+00:00,tushare.suspend_d,"{""fields"": ""ts_code,trade_date,suspend_timing,suspend_type"", ""trade_date"": ""20170427""}",258,/Users/john/Desktop/shaiwei/shaiwei_init/data/raw/source=tushare/api=suspend_d/trade_date=20170427/ingest_date=2026-07-15/20260715T060818.332439Z_96425fc528fa42b5a15d0789edf55315.parquet,276cdef4e9e3e1f12cb82d4462463846a5901e17e6e613cc28223f2db6e75abf,automation
124cf5aec592,2026-07-15T06:08:19.692103+00:00,tushare.suspend_d,"{""fields"": ""ts_code,trade_date,suspend_timing,suspend_type"", ""trade_date"": ""20170428""}",266,/Users/john/Desktop/shaiwei/shaiwei_init/data/raw/source=tushare/api=suspend_d/trade_date=20170428/ingest_date=2026-07-15/20260715T060819.688199Z_bccf299530ed41b79699eb03eba48c41.parquet,5c049215315c88febc10423b0d4056ce81fd4ac5b23efd976158dbeafaa2e0b3,automation
14e5ab8942d1,2026-07-15T06:08:20.677038+00:00,tushare.suspend_d,"{""fields"": ""ts_code,trade_date,suspend_timing,suspend_type"", ""trade_date"": ""20170502""}",285,/Users/john/Desktop/shaiwei/shaiwei_init/data/raw/source=tushare/api=suspend_d/trade_date=20170502/ingest_date=2026-07-15/20260715T060820.673586Z_97cb2eeff3fc497cb33099be7dab07eb.parquet,2527ca1950ac3d641e026866e2511bd4b7609802b3567e7f58e69ec63969fd5d,automation
73273773acfb,2026-07-15T06:08:21.319069+00:00,tushare.suspend_d,"{""fields"": ""ts_code,trade_date,suspend_timing,suspend_type"", ""trade_date"": ""20170503""}",276,/Users/john/Desktop/shaiwei/shaiwei_init/data/raw/source=tushare/api=suspend_d/trade_date=20170503/ingest_date=2026-07-15/20260715T060821.315779Z_b334e8cdb00d4b218eada5754db83a86.parquet,44a36b3658a5896c3699ed45e7b137b6f05dafd2fedac6f967693bdb71ac6d10,automation
a46b0f942b56,2026-07-15T06:08:21.950926+00:00,tushare.suspend_d,"{""fields"": ""ts_code,trade_date,suspend_timing,suspend_type"", ""trade_date"": ""20170504""}",264,/Users/john/Desktop/shaiwei/shaiwei_init/data/raw/source=tushare/api=suspend_d/trade_date=20170504/ingest_date=2026-07-15/20260715T060821.947594Z_3b185dce30d740a597bee6d94c6afe8b.parquet,e15e5fc5239219a56db83e4fb2dfcb8139458eca1593875189d6b8b1d5dc8e43,automation
1a6d1edb1610,2026-07-15T06:08:23.630917+00:00,tushare.suspend_d,"{""fields"": ""ts_code,trade_date,suspend_timing,suspend_type"", ""trade_date"": ""20170505""}",262,/Users/john/Desktop/shaiwei/shaiwei_init/data/raw/source=tushare/api=suspend_d/trade_date=20170505/ingest_date=2026-07-15/20260715T060823.626744Z_83bad4fc595640548b6df6843a764c9d.parquet,3166df22cc0d949ea8100e409d230db0db94bae30b01825b0df4a9dfa6f66c95,automation
f1d280d4d07d,2026-07-15T06:08:25.268064+00:00,tushare.suspend_d,"{""fields"": ""ts_code,trade_date,suspend_timing,suspend_type"", ""trade_date"": ""20170508""}",264,/Users/john/Desktop/shaiwei/shaiwei_init/data/raw/source=tushare/api=suspend_d/trade_date=20170508/ingest_date=2026-07-15/20260715T060825.264892Z_528988ecf6244181a605ad4fdfb85dd8.parquet,69f23fc17acae7499c435044a5b8bbfc184c827327ad7cd1d81f9891fc79a12c,automation
a6b5dcbb3957,2026-07-15T06:08:26.401764+00:00,tushare.suspend_d,"{""fields"": ""ts_code,trade_date,suspend_timing,suspend_type"", ""trade_date"": ""20170509""}",267,/Users/john/Desktop/shaiwei/shaiwei_init/data/raw/source=tushare/api=suspend_d/trade_date=20170509/ingest_date=2026-07-15/20260715T060826.398070Z_f673f7974ac2469fa24d43755412601d.parquet,c1ad3dbe1d4f293e7d78b8bd3b93beefacc011814ec74c928c19880bd8a0eee4,automation
473645511f3d,2026-07-15T06:08:28.797791+00:00,tushare.suspend_d,"{""fields"": ""ts_code,trade_date,suspend_timing,suspend_type"", ""trade_date"": ""20170510""}",267,/Users/john/Desktop/shaiwei/shaiwei_init/data/raw/source=tushare/api=suspend_d/trade_date=20170510/ingest_date=2026-07-15/20260715T060828.795227Z_d1eef013da254f16b88543cf952fffc9.parquet,d1c4e4ca24d13139f15fcd44d3a552d580cb39070802bd05c967cae5dbfc051c,automation
69e5910201b5,2026-07-15T06:08:31.510314+00:00,tushare.suspend_d,"{""fields"": ""ts_code,trade_date,suspend_timing,suspend_type"", ""trade_date"": ""20170511""}",268,/Users/john/Desktop/shaiwei/shaiwei_init/data/raw/source=tushare/api=suspend_d/trade_date=20170511/ingest_date=2026-07-15/20260715T060831.505857Z_ea7c7dade0f2454493ac8f7b89444359.parquet,7e3c1063b0780d6f7c96a084aaeeecfe00814d69eb6c5af4689b160aa98299fa,automation
7b1b738748bb,2026-07-15T06:08:32.142836+00:00,tushare.suspend_d,"{""fields"": ""ts_code,trade_date,suspend_timing,suspend_type"", ""trade_date"": ""20170512""}",273,/Users/john/Desktop/shaiwei/shaiwei_init/data/raw/source=tushare/api=suspend_d/trade_date=20170512/ingest_date=2026-07-15/20260715T060832.139700Z_78987002150042b5a161a4144fd1d94f.parquet,b50d130a5e06c7f2f9398d5a0f920f7594de5f88c88b6dc90e0149b9bd70d30c,automation
726c8c09b58e,2026-07-15T06:08:33.161000+00:00,tushare.suspend_d,"{""fields"": ""ts_code,trade_date,suspend_timing,suspend_type"", ""trade_date"": ""20170515""}",277,/Users/john/Desktop/shaiwei/shaiwei_init/data/raw/source=tushare/api=suspend_d/trade_date=20170515/ingest_date=2026-07-15/20260715T060833.157887Z_2d91ee258d954338ab4c41093e94fcaa.parquet,5bc82f3ed1d9755cb5d0f22088a1b465c1abed7524f08180605b5ff9045f87c3,automation
3135a100e334,2026-07-15T06:08:33.781303+00:00,tushare.suspend_d,"{""fields"": ""ts_code,trade_date,suspend_timing,suspend_type"", ""trade_date"": ""20170516""}",279,/Users/john/Desktop/shaiwei/shaiwei_init/data/raw/source=tushare/api=suspend_d/trade_date=20170516/ingest_date=2026-07-15/20260715T060833.777822Z_18021d2da35d46a980bb08332521184f.parquet,35f8d749e9edddeb1d1a14fee7c82641c1f203946d598323a02ec1e581df55ad,automation
3cc76f5ea652,2026-07-15T06:08:34.405886+00:00,tushare.suspend_d,"{""fields"": ""ts_code,trade_date,suspend_timing,suspend_type"", ""trade_date"": ""20170517""}",283,/Users/john/Desktop/shaiwei/shaiwei_init/data/raw/source=tushare/api=suspend_d/trade_date=20170517/ingest_date=2026-07-15/20260715T060834.402771Z_1ce2fd8ee97249e0b5fcd8293e1d4606.parquet,af27c5ee37a27230ff5c66f04c37d94237976c3ecb16cc19ce5522943df70b5b,automation
c4837a77f72d,2026-07-15T06:08:36.423884+00:00,tushare.suspend_d,"{""fields"": ""ts_code,trade_date,suspend_timing,suspend_type"", ""trade_date"": ""20170518""}",282,/Users/john/Desktop/shaiwei/shaiwei_init/data/raw/source=tushare/api=suspend_d/trade_date=20170518/ingest_date=2026-07-15/20260715T060836.419263Z_dfc86e51be9345678f77d7ef8a7f6ebf.parquet,5abc5081f12b3c18cc630cecc0165a54e622e67ed878517520d4943b49b450eb,automation
7627020790b2,2026-07-15T06:08:37.322750+00:00,tushare.suspend_d,"{""fields"": ""ts_code,trade_date,suspend_timing,suspend_type"", ""trade_date"": ""20170519""}",276,/Users/john/Desktop/shaiwei/shaiwei_init/data/raw/source=tushare/api=suspend_d/trade_date=20170519/ingest_date=2026-07-15/20260715T060837.318826Z_4cc34f1d5a6d4db48337435cd30224d2.parquet,9eeb73cdfbb107a699ae68053accb99c44a821ccf7c9f42d5641e8d7a9030fa0,automation
84d88891f9b0,2026-07-15T06:08:38.174864+00:00,tushare.suspend_d,"{""fields"": ""ts_code,trade_date,suspend_timing,suspend_type"", ""trade_date"": ""20170522""}",268,/Users/john/Desktop/shaiwei/shaiwei_init/data/raw/source=tushare/api=suspend_d/trade_date=20170522/ingest_date=2026-07-15/20260715T060838.170963Z_46d8da6c36a24e2e9978f2fa720ef7c8.parquet,a4e8a7b2991cf9a587d9567538d558d01621aa0566214e58a7f376cc6b436f98,automation
d298ac4d0aa9,2026-07-15T06:08:39.882751+00:00,tushare.suspend_d,"{""fields"": ""ts_code,trade_date,suspend_timing,suspend_type"", ""trade_date"": ""20170523""}",267,/Users/john/Desktop/shaiwei/shaiwei_init/data/raw/source=tushare/api=suspend_d/trade_date=20170523/ingest_date=2026-07-15/20260715T060839.879724Z_c42a4ce2e8fd4700ae0c0906e8c11001.parquet,81797fc0a6bd4913061057e65dbb164f327f9b2880ba3b29dbd7366546f54f0d,automation
209b919d3615,2026-07-15T06:08:40.624055+00:00,tushare.suspend_d,"{""fields"": ""ts_code,trade_date,suspend_timing,suspend_type"", ""trade_date"": ""20170524""}",266,/Users/john/Desktop/shaiwei/shaiwei_init/data/raw/source=tushare/api=suspend_d/trade_date=20170524/ingest_date=2026-07-15/20260715T060840.620312Z_da15de3a31b14f03bb0207802266a9d7.parquet,3fd37f4982e404c3ed0f485bab53d1df9839e1fea487720aabb666403bd1d309,automation
2850d19acce3,2026-07-15T06:08:41.600871+00:00,tushare.suspend_d,"{""fields"": ""ts_code,trade_date,suspend_timing,suspend_type"", ""trade_date"": ""20170525""}",274,/Users/john/Desktop/shaiwei/shaiwei_init/data/raw/source=tushare/api=suspend_d/trade_date=20170525/ingest_date=2026-07-15/20260715T060841.597305Z_a2f7dfa257d24893b68729e2a840c6fd.parquet,093f7880d0cad424b39ad2edea11e9aebcad851fda4370c7a62cc80cc7682434,automation
b0f0124bc761,2026-07-15T06:08:42.216716+00:00,tushare.suspend_d,"{""fields"": ""ts_code,trade_date,suspend_timing,suspend_type"", ""trade_date"": ""20170526""}",269,/Users/john/Desktop/shaiwei/shaiwei_init/data/raw/source=tushare/api=suspend_d/trade_date=20170526/ingest_date=2026-07-15/20260715T060842.213315Z_f32127332e534013b4d0f6a1d92a1fb0.parquet,72fd29859a7922ad2426c48ac6521b29d3b910ad5fa82da8f26eeca122652bae,automation
75b50aef856f,2026-07-15T06:08:43.387520+00:00,tushare.suspend_d,"{""fields"": ""ts_code,trade_date,suspend_timing,suspend_type"", ""trade_date"": ""20170531""}",275,/Users/john/Desktop/shaiwei/shaiwei_init/data/raw/source=tushare/api=suspend_d/trade_date=20170531/ingest_date=2026-07-15/20260715T060843.383278Z_75d0561b0ebf4c74819f1c360bda68e0.parquet,806ede878645ff1f15cba54c12dc497ce0a724305e3277ff56acca417a14d297,automation
10176d4e29fe,2026-07-15T06:08:44.009421+00:00,tushare.suspend_d,"{""fields"": ""ts_code,trade_date,suspend_timing,suspend_type"", ""trade_date"": ""20170601""}",273,/Users/john/Desktop/shaiwei/shaiwei_init/data/raw/source=tushare/api=suspend_d/trade_date=20170601/ingest_date=2026-07-15/20260715T060844.005384Z_09754358319f404b96c1c61f1831c608.parquet,f91f07b0aaf7b32eb33dbe39c162afd43df5c9ea27cc39cf8963ff809b1950ee,automation
1cf07f9a462b,2026-07-15T06:08:44.639501+00:00,tushare.suspend_d,"{""fields"": ""ts_code,trade_date,suspend_timing,suspend_type"", ""trade_date"": ""20170602""}",282,/Users/john/Desktop/shaiwei/shaiwei_init/data/raw/source=tushare/api=suspend_d/trade_date=20170602/ingest_date=2026-07-15/20260715T060844.636046Z_4d9c66131f3d45c9be8464dfb415a755.parquet,347e1f73be032e852eed24e241d9ef135a11c464667a3344325f5a9b0a2f823a,automation
044dfbd8abbf,2026-07-15T06:08:45.259921+00:00,tushare.suspend_d,"{""fields"": ""ts_code,trade_date,suspend_timing,suspend_type"", ""trade_date"": ""20170605""}",295,/Users/john/Desktop/shaiwei/shaiwei_init/data/raw/source=tushare/api=suspend_d/trade_date=20170605/ingest_date=2026-07-15/20260715T060845.255971Z_11732d24dd8b4135b0379e6ce7542993.parquet,adf3c68e8a167e555954c5dc9c6e64184375ea947e8f4b4e36280eb64bfa0224,automation
315e5e684e05,2026-07-15T06:08:46.277976+00:00,tushare.suspend_d,"{""fields"": ""ts_code,trade_date,suspend_timing,suspend_type"", ""trade_date"": ""20170606""}",293,/Users/john/Desktop/shaiwei/shaiwei_init/data/raw/source=tushare/api=suspend_d/trade_date=20170606/ingest_date=2026-07-15/20260715T060846.274605Z_f80d431de9474414a506ee66517e1de3.parquet,8733c88c23a4655c505d704bb02b64b4707452af963578c46afa97a4af3f5cc9,automation
f4b97891b3b2,2026-07-15T06:08:46.911762+00:00,tushare.suspend_d,"{""fields"": ""ts_code,trade_date,suspend_timing,suspend_type"", ""trade_date"": ""20170607""}",290,/Users/john/Desktop/shaiwei/shaiwei_init/data/raw/source=tushare/api=suspend_d/trade_date=20170607/ingest_date=2026-07-15/20260715T060846.907836Z_fd34d2aa4da44ad58eb2452f44d9aadb.parquet,bbb624fc79990cbc98fdbd4100f9a871f83f802f94a00967152dfa69dc5caa6e,automation
e3eda7e770c7,2026-07-15T06:08:47.660135+00:00,tushare.suspend_d,"{""fields"": ""ts_code,trade_date,suspend_timing,suspend_type"", ""trade_date"": ""20170608""}",294,/Users/john/Desktop/shaiwei/shaiwei_init/data/raw/source=tushare/api=suspend_d/trade_date=20170608/ingest_date=2026-07-15/20260715T060847.655548Z_474a6591ff2f415fac591a3262c7971f.parquet,f7db1e513bc250477e3196537660ca7b986c6293520738448f44779a026b203a,automation
bcba2a5a9c61,2026-07-15T06:08:48.284033+00:00,tushare.suspend_d,"{""fields"": ""ts_code,trade_date,suspend_timing,suspend_type"", ""trade_date"": ""20170609""}",291,/Users/john/Desktop/shaiwei/shaiwei_init/data/raw/source=tushare/api=suspend_d/trade_date=20170609/ingest_date=2026-07-15/20260715T060848.279547Z_479b5a12182b4fa5b5fb1aa874a5c1c7.parquet,8a44f6d2b3b9ab8347d67639479867b168b4b92aa6c773ed0170615d62644997,automation
43f301e32085,2026-07-15T06:08:48.929195+00:00,tushare.suspend_d,"{""fields"": ""ts_code,trade_date,suspend_timing,suspend_type"", ""trade_date"": ""20170612""}",290,/Users/john/Desktop/shaiwei/shaiwei_init/data/raw/source=tushare/api=suspend_d/trade_date=20170612/ingest_date=2026-07-15/20260715T060848.925394Z_48750e4b71374f81aaee9e40569d39bd.parquet,e4617e0acfea2b391b074e251caf237d1ed94fea0acc0ff050f5623c1b5dee65,automation
a08cac93dd6d,2026-07-15T06:08:49.553459+00:00,tushare.suspend_d,"{""fields"": ""ts_code,trade_date,suspend_timing,suspend_type"", ""trade_date"": ""20170613""}",287,/Users/john/Desktop/shaiwei/shaiwei_init/data/raw/source=tushare/api=suspend_d/trade_date=20170613/ingest_date=2026-07-15/20260715T060849.546636Z_87e170bda8334212b151c7c0b56e1574.parquet,d6592a69265e8ec910f4494c3bdb43c926b89832083e8e6203b4a408ee7a3e13,automation
486360892fbf,2026-07-15T06:08:50.319722+00:00,tushare.suspend_d,"{""fields"": ""ts_code,trade_date,suspend_timing,suspend_type"", ""trade_date"": ""20170614""}",284,/Users/john/Desktop/shaiwei/shaiwei_init/data/raw/source=tushare/api=suspend_d/trade_date=20170614/ingest_date=2026-07-15/20260715T060850.315972Z_be7511b49e9843e8af464f8465d15f8c.parquet,b6d11b7970022366fd521f6def6744f6964026a52d719d9e856dce9525bb78d1,automation
d4a76d39a046,2026-07-15T06:08:51.723759+00:00,tushare.suspend_d,"{""fields"": ""ts_code,trade_date,suspend_timing,suspend_type"", ""trade_date"": ""20170615""}",291,/Users/john/Desktop/shaiwei/shaiwei_init/data/raw/source=tushare/api=suspend_d/trade_date=20170615/ingest_date=2026-07-15/20260715T060851.719702Z_095ce31acce44844b7b7296ab3d3fa40.parquet,7d357a142b3916aba0374f923f007192ac9e2b23c0aa99aef88653bcfb2e8c97,automation
fd2f6a7e9c9d,2026-07-15T06:08:52.349211+00:00,tushare.suspend_d,"{""fields"": ""ts_code,trade_date,suspend_timing,suspend_type"", ""trade_date"": ""20170616""}",280,/Users/john/Desktop/shaiwei/shaiwei_init/data/raw/source=tushare/api=suspend_d/trade_date=20170616/ingest_date=2026-07-15/20260715T060852.345550Z_f01653ee52c54c36bdc606c3d4f1a7b7.parquet,be7a0705273d9159b160fe4efb4375b227066a6777be8020c4dbbe187c5a8b38,automation
222ab29a712c,2026-07-15T06:08:52.971295+00:00,tushare.suspend_d,"{""fields"": ""ts_code,trade_date,suspend_timing,suspend_type"", ""trade_date"": ""20170619""}",278,/Users/john/Desktop/shaiwei/shaiwei_init/data/raw/source=tushare/api=suspend_d/trade_date=20170619/ingest_date=2026-07-15/20260715T060852.967486Z_6475e510456a48d0b936604e31ece5ea.parquet,2c30c67c308243c26d06e1763470779fe5146a3316eb685a2398ace5124ebe47,automation
e9b1af5909e7,2026-07-15T06:08:53.627864+00:00,tushare.suspend_d,"{""fields"": ""ts_code,trade_date,suspend_timing,suspend_type"", ""trade_date"": ""20170620""}",278,/Users/john/Desktop/shaiwei/shaiwei_init/data/raw/source=tushare/api=suspend_d/trade_date=20170620/ingest_date=2026-07-15/20260715T060853.624113Z_347b67711a444d6ab7e0a67029a71785.parquet,e7e5b506cd9c8c576f8f4ee818b7511f4f04642927f9baee9b1edac49653f332,automation
11c26e972364,2026-07-15T06:08:54.381216+00:00,tushare.suspend_d,"{""fields"": ""ts_code,trade_date,suspend_timing,suspend_type"", ""trade_date"": ""20170621""}",269,/Users/john/Desktop/shaiwei/shaiwei_init/data/raw/source=tushare/api=suspend_d/trade_date=20170621/ingest_date=2026-07-15/20260715T060854.377128Z_4fa4241ca7a6459b89ece638f9876190.parquet,92990d68df6b0ca77ea3b37d15634714aac5510d2dfe978acf2dfe898b2f1126,automation
61e6bbfcf8c1,2026-07-15T06:08:55.626257+00:00,tushare.suspend_d,"{""fields"": ""ts_code,trade_date,suspend_timing,suspend_type"", ""trade_date"": ""20170622""}",273,/Users/john/Desktop/shaiwei/shaiwei_init/data/raw/source=tushare/api=suspend_d/trade_date=20170622/ingest_date=2026-07-15/20260715T060855.622501Z_ddd9022484ac473f9e2c03325170b57a.parquet,7babdc84053cc759759bd46296c70794f8a31e3ce3c2b5f03766f9f8291dd8b4,automation
d12f7424fdeb,2026-07-15T06:08:56.326965+00:00,tushare.suspend_d,"{""fields"": ""ts_code,trade_date,suspend_timing,suspend_type"", ""trade_date"": ""20170623""}",268,/Users/john/Desktop/shaiwei/shaiwei_init/data/raw/source=tushare/api=suspend_d/trade_date=20170623/ingest_date=2026-07-15/20260715T060856.323361Z_f076a618ff0943489ce98761b8fe14c9.parquet,46d73da90eda2844edd65bcb9f18faceae62f7e78b43b52a73f34f569e45b0be,automation
9e4c3de7bfab,2026-07-15T06:08:56.954576+00:00,tushare.suspend_d,"{""fields"": ""ts_code,trade_date,suspend_timing,suspend_type"", ""trade_date"": ""20170626""}",267,/Users/john/Desktop/shaiwei/shaiwei_init/data/raw/source=tushare/api=suspend_d/trade_date=20170626/ingest_date=2026-07-15/20260715T060856.950866Z_f62896c3376540dbb7e346f7ec3e2f71.parquet,3cf3ab5fec7d52425ba2bd31279c30d945717fa17ed2b00192df7e72e116851b,automation
8d3e28ef47d1,2026-07-15T06:08:57.623263+00:00,tushare.suspend_d,"{""fields"": ""ts_code,trade_date,suspend_timing,suspend_type"", ""trade_date"": ""20170627""}",267,/Users/john/Desktop/shaiwei/shaiwei_init/data/raw/source=tushare/api=suspend_d/trade_date=20170627/ingest_date=2026-07-15/20260715T060857.620250Z_94c74e8ce2104e32b18cb0fe32ef118c.parquet,5ac9c0d3566efd2f3954391580b070d825920baf0026d5e78da5d8faa9f7397e,automation
4dbc8c422722,2026-07-15T06:08:58.628528+00:00,tushare.suspend_d,"{""fields"": ""ts_code,trade_date,suspend_timing,suspend_type"", ""trade_date"": ""20170628""}",267,/Users/john/Desktop/shaiwei/shaiwei_init/data/raw/source=tushare/api=suspend_d/trade_date=20170628/ingest_date=2026-07-15/20260715T060858.624366Z_372127aa9b4c4f70ac11117481378ff5.parquet,c0c0e845909ddae6b9612d514a14ebc816ee4a77b1ddfb78f55c01f19818d81c,automation
4af8166c3f2e,2026-07-15T06:08:59.745806+00:00,tushare.suspend_d,"{""fields"": ""ts_code,trade_date,suspend_timing,suspend_type"", ""trade_date"": ""20170629""}",273,/Users/john/Desktop/shaiwei/shaiwei_init/data/raw/source=tushare/api=suspend_d/trade_date=20170629/ingest_date=2026-07-15/20260715T060859.738207Z_dd95b49ef54e4f1a87076c8dc0d282a7.parquet,721ba77e436e92f6e0954a4baa6d4551ca7f9c41e8a35b7b202615a254411f29,automation
f9bcd29f573b,2026-07-15T06:09:00.389973+00:00,tushare.suspend_d,"{""fields"": ""ts_code,trade_date,suspend_timing,suspend_type"", ""trade_date"": ""20170630""}",272,/Users/john/Desktop/shaiwei/shaiwei_init/data/raw/source=tushare/api=suspend_d/trade_date=20170630/ingest_date=2026-07-15/20260715T060900.385322Z_107cf0a544f246f7ac9cf03a871b9702.parquet,72c33b3d4cb564e9f1cfd44f32a7f23e511f684d1df5e1b4a2728c90c4fc67c9,automation
9621e0a98ae7,2026-07-15T06:09:01.335987+00:00,tushare.suspend_d,"{""fields"": ""ts_code,trade_date,suspend_timing,suspend_type"", ""trade_date"": ""20170703""}",281,/Users/john/Desktop/shaiwei/shaiwei_init/data/raw/source=tushare/api=suspend_d/trade_date=20170703/ingest_date=2026-07-15/20260715T060901.331183Z_d8793f0fe3ab41cd90957addfb97480e.parquet,4d72008d9493ad579f4ff0c24b318e0fd140a9ab15140a379b7e4d83b49b6b3a,automation
a3f3fc192dd7,2026-07-15T06:09:02.969661+00:00,tushare.suspend_d,"{""fields"": ""ts_code,trade_date,suspend_timing,suspend_type"", ""trade_date"": ""20170704""}",274,/Users/john/Desktop/shaiwei/shaiwei_init/data/raw/source=tushare/api=suspend_d/trade_date=20170704/ingest_date=2026-07-15/20260715T060902.966095Z_6d4cee2d2ea44eae9ff0ec6c99dc00d5.parquet,bf5a4d679cdcc5a2852bb0e68fdf36af171d2ce8fd1bc367f2c86e411bced4dd,automation
97f0a6da337a,2026-07-15T06:09:03.671940+00:00,tushare.suspend_d,"{""fields"": ""ts_code,trade_date,suspend_timing,suspend_type"", ""trade_date"": ""20170705""}",275,/Users/john/Desktop/shaiwei/shaiwei_init/data/raw/source=tushare/api=suspend_d/trade_date=20170705/ingest_date=2026-07-15/20260715T060903.666484Z_1f5353eeb6624beab237f92f710cd908.parquet,23a3a67f9d0c4e5fd82838b0bfa009a6e1041c2a3d841b674482b58f9e606520,automation
f6abe9844652,2026-07-15T06:09:04.518569+00:00,tushare.suspend_d,"{""fields"": ""ts_code,trade_date,suspend_timing,suspend_type"", ""trade_date"": ""20170706""}",274,/Users/john/Desktop/shaiwei/shaiwei_init/data/raw/source=tushare/api=suspend_d/trade_date=20170706/ingest_date=2026-07-15/20260715T060904.516243Z_b78ccc129e37457cb0a5958154940712.parquet,b4075a23f2c3f15f50208d1996585cc4ded16a66e21146237feda22b0fdc7ef6,automation
34d1e9491d3f,2026-07-15T06:09:05.191803+00:00,tushare.suspend_d,"{""fields"": ""ts_code,trade_date,suspend_timing,suspend_type"", ""trade_date"": ""20170707""}",274,/Users/john/Desktop/shaiwei/shaiwei_init/data/raw/source=tushare/api=suspend_d/trade_date=20170707/ingest_date=2026-07-15/20260715T060905.187799Z_a102a780f7df49f68d87492e36688947.parquet,9db5689dd3b4b258ab53093adec8fa5c6bb285da5a34dd2d9818b2cf20951fbc,automation
c88908d33b03,2026-07-15T06:09:05.845372+00:00,tushare.suspend_d,"{""fields"": ""ts_code,trade_date,suspend_timing,suspend_type"", ""trade_date"": ""20170710""}",283,/Users/john/Desktop/shaiwei/shaiwei_init/data/raw/source=tushare/api=suspend_d/trade_date=20170710/ingest_date=2026-07-15/20260715T060905.841919Z_b443adeb56424d82aec88451f34dba69.parquet,b03977daae8f5229bd43b5b59d1cb71f1ff343b28d1721b5542eb615a0694c9a,automation
c08f60cf7cc2,2026-07-15T06:09:07.650367+00:00,tushare.suspend_d,"{""fields"": ""ts_code,trade_date,suspend_timing,suspend_type"", ""trade_date"": ""20170711""}",281,/Users/john/Desktop/shaiwei/shaiwei_init/data/raw/source=tushare/api=suspend_d/trade_date=20170711/ingest_date=2026-07-15/20260715T060907.646808Z_2dd2e64623c547bab6ea4236c7b37fa8.parquet,f02ad725caa7d2c2e6874404784344679113bdcbe8827de9682a8363d3cd9156,automation
4e76eefc71ed,2026-07-15T06:09:08.715310+00:00,tushare.suspend_d,"{""fields"": ""ts_code,trade_date,suspend_timing,suspend_type"", ""trade_date"": ""20170712""}",280,/Users/john/Desktop/shaiwei/shaiwei_init/data/raw/source=tushare/api=suspend_d/trade_date=20170712/ingest_date=2026-07-15/20260715T060908.710457Z_1ae8d98484ad44b0ae15a4ec5cb1cf58.parquet,b184d5447f2c39792a66a088a3559253375404a7d0dffe6f14127ee9bd0b56cf,automation
1a32bdaac6b4,2026-07-15T06:09:09.703602+00:00,tushare.suspend_d,"{""fields"": ""ts_code,trade_date,suspend_timing,suspend_type"", ""trade_date"": ""20170713""}",285,/Users/john/Desktop/shaiwei/shaiwei_init/data/raw/source=tushare/api=suspend_d/trade_date=20170713/ingest_date=2026-07-15/20260715T060909.699900Z_e4c53af074f9481595a56c914772faa1.parquet,0f263cbbb18c7a75f1d3e24277d80b5602c3552cc60a2d17c97ea64c356b5427,automation
9a3909e94d62,2026-07-15T06:09:11.392087+00:00,tushare.suspend_d,"{""fields"": ""ts_code,trade_date,suspend_timing,suspend_type"", ""trade_date"": ""20170714""}",279,/Users/john/Desktop/shaiwei/shaiwei_init/data/raw/source=tushare/api=suspend_d/trade_date=20170714/ingest_date=2026-07-15/20260715T060911.387937Z_18a26e74c88e4a03b48aeb7a094c7de5.parquet,e84514335ab4013ba5aab18a4128ddbf109a7aa80db87c6f365a4f48231e5e24,automation
d5f956424764,2026-07-15T06:09:12.010099+00:00,tushare.suspend_d,"{""fields"": ""ts_code,trade_date,suspend_timing,suspend_type"", ""trade_date"": ""20170717""}",284,/Users/john/Desktop/shaiwei/shaiwei_init/data/raw/source=tushare/api=suspend_d/trade_date=20170717/ingest_date=2026-07-15/20260715T060912.005569Z_c6db8c4d0c804e07a7a3108d0dcacc89.parquet,4fc3c915cc96fc5568967fd6b3650f6c643ac461478b237a2488663154a1fa2b,automation
01e98ce58d12,2026-07-15T06:09:13.320680+00:00,tushare.suspend_d,"{""fields"": ""ts_code,trade_date,suspend_timing,suspend_type"", ""trade_date"": ""20170718""}",290,/Users/john/Desktop/shaiwei/shaiwei_init/data/raw/source=tushare/api=suspend_d/trade_date=20170718/ingest_date=2026-07-15/20260715T060913.316325Z_02261d24b65d487f8d0590be5636af39.parquet,c28195abe01f72f82466a7a4d27ab7a9225b0227e6ad4c8d74938051a5c1c072,automation
7c1083e0f0bd,2026-07-15T06:09:13.961487+00:00,tushare.suspend_d,"{""fields"": ""ts_code,trade_date,suspend_timing,suspend_type"", ""trade_date"": ""20170719""}",292,/Users/john/Desktop/shaiwei/shaiwei_init/data/raw/source=tushare/api=suspend_d/trade_date=20170719/ingest_date=2026-07-15/20260715T060913.957321Z_7c1e012d510a4114a20494b83ab2e166.parquet,fb78fb32c9030eebe32f7f433039eb4609732093cbca98ba06a2c09c9e12445e,automation
626fe8269a2a,2026-07-15T06:09:14.603648+00:00,tushare.suspend_d,"{""fields"": ""ts_code,trade_date,suspend_timing,suspend_type"", ""trade_date"": ""20170720""}",294,/Users/john/Desktop/shaiwei/shaiwei_init/data/raw/source=tushare/api=suspend_d/trade_date=20170720/ingest_date=2026-07-15/20260715T060914.598938Z_fc9906f3b83a4ce8b2136f713bb5cb93.parquet,b62d83cad36253a3d9eb11df59cf6af3fe5015ec0cefa54adbb354dc675a3855,automation
fb9e04920748,2026-07-15T06:09:17.480983+00:00,tushare.suspend_d,"{""fields"": ""ts_code,trade_date,suspend_timing,suspend_type"", ""trade_date"": ""20170721""}",289,/Users/john/Desktop/shaiwei/shaiwei_init/data/raw/source=tushare/api=suspend_d/trade_date=20170721/ingest_date=2026-07-15/20260715T060917.477123Z_a6f302b7fb32490aac3318b7f2966653.parquet,92da8608132bea6f99b656d94f2ac5de720956dd5df6f4db9151e077c220e414,automation
e5dfe813b3a5,2026-07-15T06:09:18.707790+00:00,tushare.suspend_d,"{""fields"": ""ts_code,trade_date,suspend_timing,suspend_type"", ""trade_date"": ""20170724""}",287,/Users/john/Desktop/shaiwei/shaiwei_init/data/raw/source=tushare/api=suspend_d/trade_date=20170724/ingest_date=2026-07-15/20260715T060918.704043Z_6c2f384b43f34fd8bc71165bc5165cd6.parquet,2a2bb0b475e966ea4532e11d5fcce7f183e6877863bca63ee43f1d3d57644eae,automation
cd047ee266e9,2026-07-15T06:09:20.130892+00:00,tushare.suspend_d,"{""fields"": ""ts_code,trade_date,suspend_timing,suspend_type"", ""trade_date"": ""20170725""}",283,/Users/john/Desktop/shaiwei/shaiwei_init/data/raw/source=tushare/api=suspend_d/trade_date=20170725/ingest_date=2026-07-15/20260715T060920.127322Z_94b1ee30cb44423b88ab345f15182ce0.parquet,9b6899156f808c181037bb1a9017e4f3a1820b4e40a69dd44ec71c075a85c1fc,automation
554bcaafcbd7,2026-07-15T06:09:24.282867+00:00,tushare.suspend_d,"{""fields"": ""ts_code,trade_date,suspend_timing,suspend_type"", ""trade_date"": ""20170726""}",281,/Users/john/Desktop/shaiwei/shaiwei_init/data/raw/source=tushare/api=suspend_d/trade_date=20170726/ingest_date=2026-07-15/20260715T060924.278303Z_6d2bde4471074955bc94b039b59e0cdd.parquet,c81fea6f5eab9b397c6be105f2b46c8564669655beb26636e6911b33996d609c,automation
aa3e93b43b9d,2026-07-15T06:09:24.903950+00:00,tushare.suspend_d,"{""fields"": ""ts_code,trade_date,suspend_timing,suspend_type"", ""trade_date"": ""20170727""}",277,/Users/john/Desktop/shaiwei/shaiwei_init/data/raw/source=tushare/api=suspend_d/trade_date=20170727/ingest_date=2026-07-15/20260715T060924.901189Z_acbf509a75dd4b4c9966088c3794a2bf.parquet,cb6de6c1b8f939d58af077ba50fdc7abfa2f38fda0f9bfd947f86ac5c2b4b526,automation
54eba5fc8fe9,2026-07-15T06:09:25.642233+00:00,tushare.suspend_d,"{""fields"": ""ts_code,trade_date,suspend_timing,suspend_type"", ""trade_date"": ""20170728""}",274,/Users/john/Desktop/shaiwei/shaiwei_init/data/raw/source=tushare/api=suspend_d/trade_date=20170728/ingest_date=2026-07-15/20260715T060925.637297Z_daf9036cf29e40548f9e3a6bba8186cc.parquet,5a6099d05def38d8798e6d9a1b418d536c2bf9868760b5f4392fcc59a2c23dda,automation
ea9c7e490dc4,2026-07-15T06:09:26.387037+00:00,tushare.suspend_d,"{""fields"": ""ts_code,trade_date,suspend_timing,suspend_type"", ""trade_date"": ""20170731""}",281,/Users/john/Desktop/shaiwei/shaiwei_init/data/raw/source=tushare/api=suspend_d/trade_date=20170731/ingest_date=2026-07-15/20260715T060926.383294Z_d39407cb9958465fbfef326938ef43bd.parquet,682f7b68121268f6d04a539bb2f8f299da47bacdda465218e8f5753a68dc7cad,automation
39329b501740,2026-07-15T06:09:27.089318+00:00,tushare.suspend_d,"{""fields"": ""ts_code,trade_date,suspend_timing,suspend_type"", ""trade_date"": ""20170801""}",285,/Users/john/Desktop/shaiwei/shaiwei_init/data/raw/source=tushare/api=suspend_d/trade_date=20170801/ingest_date=2026-07-15/20260715T060927.084745Z_a3fbf32e4ee448bf94ada8fced3867aa.parquet,bd070f93fca5844dd4dd3c4dd8094d06a17f2811e823c4a648796ed6ab363918,automation
13f118efe0e7,2026-07-15T06:09:27.741046+00:00,tushare.suspend_d,"{""fields"": ""ts_code,trade_date,suspend_timing,suspend_type"", ""trade_date"": ""20170802""}",276,/Users/john/Desktop/shaiwei/shaiwei_init/data/raw/source=tushare/api=suspend_d/trade_date=20170802/ingest_date=2026-07-15/20260715T060927.736604Z_f1507a003ba04b25b2f5891184de9b4a.parquet,68fd82008049254588b40711437c08c544cbb11e60cab7024fa65ff07d95f53b,automation
95de41c8e475,2026-07-15T06:09:28.382458+00:00,tushare.suspend_d,"{""fields"": ""ts_code,trade_date,suspend_timing,suspend_type"", ""trade_date"": ""20170803""}",266,/Users/john/Desktop/shaiwei/shaiwei_init/data/raw/source=tushare/api=suspend_d/trade_date=20170803/ingest_date=2026-07-15/20260715T060928.377531Z_b8246df2fc404ed08b84cf5437c32f34.parquet,9fddcca1b03b506bf70add526b600e2dc2d631eb15cbec8c0ef30eb31c0728c6,automation
6973d13df5e1,2026-07-15T06:09:29.019123+00:00,tushare.suspend_d,"{""fields"": ""ts_code,trade_date,suspend_timing,suspend_type"", ""trade_date"": ""20170804""}",268,/Users/john/Desktop/shaiwei/shaiwei_init/data/raw/source=tushare/api=suspend_d/trade_date=20170804/ingest_date=2026-07-15/20260715T060929.015415Z_dcb50a99e31140fb8793a628808b0c56.parquet,f2e4e32e4f5619c09a81d5c929f0c2d3ccd0ea448aab1bc9f2e2cf73b2259255,automation
93e7b4489549,2026-07-15T06:09:29.659571+00:00,tushare.suspend_d,"{""fields"": ""ts_code,trade_date,suspend_timing,suspend_type"", ""trade_date"": ""20170807""}",274,/Users/john/Desktop/shaiwei/shaiwei_init/data/raw/source=tushare/api=suspend_d/trade_date=20170807/ingest_date=2026-07-15/20260715T060929.654897Z_6d6fef0407a24e06bfbe0600a49490fd.parquet,1cabc1bcb57d1816bae443e73ad72d69ab03a8c3da228a729b718bd42f275671,automation
3b2037ff9c35,2026-07-15T06:09:30.526188+00:00,tushare.suspend_d,"{""fields"": ""ts_code,trade_date,suspend_timing,suspend_type"", ""trade_date"": ""20170808""}",270,/Users/john/Desktop/shaiwei/shaiwei_init/data/raw/source=tushare/api=suspend_d/trade_date=20170808/ingest_date=2026-07-15/20260715T060930.521849Z_613b5abd743e43ff8945527bdca9a0e6.parquet,245315e9251ad4a53c229fa5903887ced8530b73b0ae639ecc108ec183378a75,automation
f5c28e20bdc4,2026-07-15T06:09:31.931530+00:00,tushare.suspend_d,"{""fields"": ""ts_code,trade_date,suspend_timing,suspend_type"", ""trade_date"": ""20170809""}",263,/Users/john/Desktop/shaiwei/shaiwei_init/data/raw/source=tushare/api=suspend_d/trade_date=20170809/ingest_date=2026-07-15/20260715T060931.926888Z_cc36c6553b974de2ac3824bd955fd63e.parquet,0008a9fa7357af9d5e88cc900649b763e0d48ece53b805822fe8c3851f53e412,automation
5a2f08e90a6e,2026-07-15T06:09:32.585954+00:00,tushare.suspend_d,"{""fields"": ""ts_code,trade_date,suspend_timing,suspend_type"", ""trade_date"": ""20170810""}",265,/Users/john/Desktop/shaiwei/shaiwei_init/data/raw/source=tushare/api=suspend_d/trade_date=20170810/ingest_date=2026-07-15/20260715T060932.581516Z_82565d99c3714c10bb588ee4b11d857f.parquet,ac33299e5eee8347167ef2179e94498da1bfa63acea909396dd4c7d0887dff48,automation
74b3e9826da0,2026-07-15T06:09:33.558439+00:00,tushare.suspend_d,"{""fields"": ""ts_code,trade_date,suspend_timing,suspend_type"", ""trade_date"": ""20170811""}",258,/Users/john/Desktop/shaiwei/shaiwei_init/data/raw/source=tushare/api=suspend_d/trade_date=20170811/ingest_date=2026-07-15/20260715T060933.554567Z_8d5cfecdf71847fca82501cebf69ca2a.parquet,3c3a3555df7370cee7bd42c52bd97d2ad07f4e33c09862ab6281277e6af27e4e,automation
f69148081218,2026-07-15T06:09:34.196267+00:00,tushare.suspend_d,"{""fields"": ""ts_code,trade_date,suspend_timing,suspend_type"", ""trade_date"": ""20170814""}",263,/Users/john/Desktop/shaiwei/shaiwei_init/data/raw/source=tushare/api=suspend_d/trade_date=20170814/ingest_date=2026-07-15/20260715T060934.192077Z_89fa763b956e4ef687ff146c0ca11cf6.parquet,49af63ed766b18d25ececa650f4d0661c84e1ba821d150179c193944cd7e44a1,automation
8f2fe673bc46,2026-07-15T06:09:36.232256+00:00,tushare.suspend_d,"{""fields"": ""ts_code,trade_date,suspend_timing,suspend_type"", ""trade_date"": ""20170815""}",256,/Users/john/Desktop/shaiwei/shaiwei_init/data/raw/source=tushare/api=suspend_d/trade_date=20170815/ingest_date=2026-07-15/20260715T060936.229239Z_16f27f6a7f604c10b8fbc0c9be8c2db8.parquet,35d6b6eb3575b772f427d99f9a0c9d430190132d0ae0b5bb2199c0f4f229a0f9,automation
9108ab50bac8,2026-07-15T06:09:37.331532+00:00,tushare.suspend_d,"{""fields"": ""ts_code,trade_date,suspend_timing,suspend_type"", ""trade_date"": ""20170816""}",255,/Users/john/Desktop/shaiwei/shaiwei_init/data/raw/source=tushare/api=suspend_d/trade_date=20170816/ingest_date=2026-07-15/20260715T060937.328260Z_227ad4fa0e674327988f5ffb1c48ab23.parquet,9ad35ec3c9911e94777959289cc036dde80eb8b0a5f6d72e093ae6eebcd4cbe3,automation
91940c98b1ae,2026-07-15T06:09:38.207212+00:00,tushare.suspend_d,"{""fields"": ""ts_code,trade_date,suspend_timing,suspend_type"", ""trade_date"": ""20170817""}",263,/Users/john/Desktop/shaiwei/shaiwei_init/data/raw/source=tushare/api=suspend_d/trade_date=20170817/ingest_date=2026-07-15/20260715T060938.203550Z_06cf661535c14243805a3573b51d9163.parquet,fb83918b0f4089cac5803123a739e44d9835d809c01bded009bab08588439530,automation
7c488a0b61ac,2026-07-15T06:09:38.848723+00:00,tushare.suspend_d,"{""fields"": ""ts_code,trade_date,suspend_timing,suspend_type"", ""trade_date"": ""20170818""}",256,/Users/john/Desktop/shaiwei/shaiwei_init/data/raw/source=tushare/api=suspend_d/trade_date=20170818/ingest_date=2026-07-15/20260715T060938.845104Z_64df157088684e5f867f25f5a25ca39f.parquet,719d7790c250627b54767aee5037be593bff1bf8733a32ca5453cc3114c2e407,automation
6e6f86601706,2026-07-15T06:09:39.668860+00:00,tushare.suspend_d,"{""fields"": ""ts_code,trade_date,suspend_timing,suspend_type"", ""trade_date"": ""20170821""}",261,/Users/john/Desktop/shaiwei/shaiwei_init/data/raw/source=tushare/api=suspend_d/trade_date=20170821/ingest_date=2026-07-15/20260715T060939.663567Z_889272a0e6ad44f9827d9f6f3bcdba07.parquet,f206c561fac2540a305a861cb2488fc4a7623c949f17fe13f3ce35fac799964d,automation
66770531201b,2026-07-15T06:09:40.754516+00:00,tushare.suspend_d,"{""fields"": ""ts_code,trade_date,suspend_timing,suspend_type"", ""trade_date"": ""20170822""}",260,/Users/john/Desktop/shaiwei/shaiwei_init/data/raw/source=tushare/api=suspend_d/trade_date=20170822/ingest_date=2026-07-15/20260715T060940.751399Z_93f26dca07b04e4c9895ac9d10a950f0.parquet,4cb1ad3275c74b84f7d08b607d2bcd7b3ccf8b7c201ebee4014327d9c1e4abc2,automation
312d6df3369b,2026-07-15T06:09:41.393639+00:00,tushare.suspend_d,"{""fields"": ""ts_code,trade_date,suspend_timing,suspend_type"", ""trade_date"": ""20170823""}",257,/Users/john/Desktop/shaiwei/shaiwei_init/data/raw/source=tushare/api=suspend_d/trade_date=20170823/ingest_date=2026-07-15/20260715T060941.389727Z_9458303250644359ba2c28f6056cf66d.parquet,b06978967dfc28a599f801cb28bc92fd29ad3ce75d500bea7e56ebe1a4d3ad95,automation
02536e8bbbc7,2026-07-15T06:09:44.133837+00:00,tushare.suspend_d,"{""fields"": ""ts_code,trade_date,suspend_timing,suspend_type"", ""trade_date"": ""20170824""}",255,/Users/john/Desktop/shaiwei/shaiwei_init/data/raw/source=tushare/api=suspend_d/trade_date=20170824/ingest_date=2026-07-15/20260715T060944.130469Z_70021e8c0b934249addf3467cbe0797b.parquet,881a9498e633aa15c6be1a37b1fcccd49ebcf0551199612dc198dd78d185ed80,automation
27c529afcc8d,2026-07-15T06:09:44.772088+00:00,tushare.suspend_d,"{""fields"": ""ts_code,trade_date,suspend_timing,suspend_type"", ""trade_date"": ""20170825""}",255,/Users/john/Desktop/shaiwei/shaiwei_init/data/raw/source=tushare/api=suspend_d/trade_date=20170825/ingest_date=2026-07-15/20260715T060944.768025Z_42537fb6f066484783a05cdbe84565b9.parquet,a98dfa23d06718dbbd8b36a0acfec22d50113f4881e33dad8df20508368e8570,automation
85fe3227315a,2026-07-15T06:09:45.386695+00:00,tushare.suspend_d,"{""fields"": ""ts_code,trade_date,suspend_timing,suspend_type"", ""trade_date"": ""20170828""}",250,/Users/john/Desktop/shaiwei/shaiwei_init/data/raw/source=tushare/api=suspend_d/trade_date=20170828/ingest_date=2026-07-15/20260715T060945.382577Z_73342367019f44668cb09353bd8c0b4d.parquet,0660908bbe53e5d64b4c22949de2c5569baae0a885d37a7400cff3b05570ace0,automation
a9cd1cc2570d,2026-07-15T06:09:46.103330+00:00,tushare.suspend_d,"{""fields"": ""ts_code,trade_date,suspend_timing,suspend_type"", ""trade_date"": ""20170829""}",249,/Users/john/Desktop/shaiwei/shaiwei_init/data/raw/source=tushare/api=suspend_d/trade_date=20170829/ingest_date=2026-07-15/20260715T060946.097549Z_555879cf59cd44ef9227afaec719020f.parquet,f298172193a181df375199413f56fc740402eb0f1593b190f0b07b8dca4e7864,automation
a4d712456680,2026-07-15T06:09:47.749325+00:00,tushare.suspend_d,"{""fields"": ""ts_code,trade_date,suspend_timing,suspend_type"", ""trade_date"": ""20170830""}",249,/Users/john/Desktop/shaiwei/shaiwei_init/data/raw/source=tushare/api=suspend_d/trade_date=20170830/ingest_date=2026-07-15/20260715T060947.744884Z_f3bcf19cf8ac469c9b75a52af17417ac.parquet,3cb4ba64c9fe8bdb8b287651a4741a5132771ecb0e532503b6848f71763fde8f,automation
fdcfc5b6bf13,2026-07-15T06:09:49.740189+00:00,tushare.suspend_d,"{""fields"": ""ts_code,trade_date,suspend_timing,suspend_type"", ""trade_date"": ""20170831""}",252,/Users/john/Desktop/shaiwei/shaiwei_init/data/raw/source=tushare/api=suspend_d/trade_date=20170831/ingest_date=2026-07-15/20260715T060949.736525Z_26cf8143e2004063871c602420e15b6f.parquet,25835bca368de96338f5b48574d48af49a7a365a382ded5bc3c22b2e03620074,automation
89c619717547,2026-07-15T06:09:50.825523+00:00,tushare.suspend_d,"{""fields"": ""ts_code,trade_date,suspend_timing,suspend_type"", ""trade_date"": ""20170901""}",250,/Users/john/Desktop/shaiwei/shaiwei_init/data/raw/source=tushare/api=suspend_d/trade_date=20170901/ingest_date=2026-07-15/20260715T060950.822135Z_93aa16040e1f45de95d9b0ad3b4ac464.parquet,536f4bd164aa6bf8137a657e16195a42a2e67fb8533f24bf1c4661a0ca9b75da,automation
ff38cd3e13f5,2026-07-15T06:09:51.854674+00:00,tushare.suspend_d,"{""fields"": ""ts_code,trade_date,suspend_timing,suspend_type"", ""trade_date"": ""20170904""}",241,/Users/john/Desktop/shaiwei/shaiwei_init/data/raw/source=tushare/api=suspend_d/trade_date=20170904/ingest_date=2026-07-15/20260715T060951.850802Z_f9baaff570ba43268419a8829bc1c724.parquet,7443dde7e48fda3800d1b4f6f8abc65a906467d539e85ee8f03b93720a47c877,automation
14a8b2d59381,2026-07-15T06:09:52.475074+00:00,tushare.suspend_d,"{""fields"": ""ts_code,trade_date,suspend_timing,suspend_type"", ""trade_date"": ""20170905""}",240,/Users/john/Desktop/shaiwei/shaiwei_init/data/raw/source=tushare/api=suspend_d/trade_date=20170905/ingest_date=2026-07-15/20260715T060952.470843Z_9b65279e4de847c9b200fdaae20c195d.parquet,ffde9396c83e027ba739c4f4ee5f5853bcdb0bef92570b5300d51054ad353030,automation
204769e31e6c,2026-07-15T06:09:53.094771+00:00,tushare.suspend_d,"{""fields"": ""ts_code,trade_date,suspend_timing,suspend_type"", ""trade_date"": ""20170906""}",236,/Users/john/Desktop/shaiwei/shaiwei_init/data/raw/source=tushare/api=suspend_d/trade_date=20170906/ingest_date=2026-07-15/20260715T060953.091591Z_2b614ce2ae6a4cf0b2b044a4fca7fe98.parquet,519aa4c28f18ae935851bd6e31e47f462e8782b12eeb900c648acd589f937e36,automation
3f80f75a2d5f,2026-07-15T06:09:53.735641+00:00,tushare.suspend_d,"{""fields"": ""ts_code,trade_date,suspend_timing,suspend_type"", ""trade_date"": ""20170907""}",247,/Users/john/Desktop/shaiwei/shaiwei_init/data/raw/source=tushare/api=suspend_d/trade_date=20170907/ingest_date=2026-07-15/20260715T060953.731314Z_adf89b95bab34108b5bb8b2c9444896e.parquet,d311e6c0d09bd3cf7be9e55684f6cf414e42ce1969f68d45efb7108dfe6c9881,automation
7b89a3d69ca7,2026-07-15T06:09:55.431839+00:00,tushare.suspend_d,"{""fields"": ""ts_code,trade_date,suspend_timing,suspend_type"", ""trade_date"": ""20170908""}",250,/Users/john/Desktop/shaiwei/shaiwei_init/data/raw/source=tushare/api=suspend_d/trade_date=20170908/ingest_date=2026-07-15/20260715T060955.427495Z_9571209b4db9497c8577ae2ceb6524fa.parquet,8db0189b82c7fdc02561cb0948756018db1aa30ba6cd8f439b370139bcf6ac32,automation
e257686a6ab9,2026-07-15T06:09:56.396339+00:00,tushare.suspend_d,"{""fields"": ""ts_code,trade_date,suspend_timing,suspend_type"", ""trade_date"": ""20170911""}",261,/Users/john/Desktop/shaiwei/shaiwei_init/data/raw/source=tushare/api=suspend_d/trade_date=20170911/ingest_date=2026-07-15/20260715T060956.392418Z_d98b898214244bb2991b5e58ea820a40.parquet,f8d5ef3f5cd28b40bc34c2b1caae3acd28aacd46ea0628a30db39375125051d6,automation
f2e3dd5a1d4b,2026-07-15T06:09:57.357324+00:00,tushare.suspend_d,"{""fields"": ""ts_code,trade_date,suspend_timing,suspend_type"", ""trade_date"": ""20170912""}",260,/Users/john/Desktop/shaiwei/shaiwei_init/data/raw/source=tushare/api=suspend_d/trade_date=20170912/ingest_date=2026-07-15/20260715T060957.353629Z_d5e55102bf19479a8a17011f94f92a31.parquet,1f537fe9426a1461fbcf9ce28390528c3e2ce3340035a3264ca4d1a016b67928,automation
0b020598aeaa,2026-07-15T06:09:58.011204+00:00,tushare.suspend_d,"{""fields"": ""ts_code,trade_date,suspend_timing,suspend_type"", ""trade_date"": ""20170913""}",254,/Users/john/Desktop/shaiwei/shaiwei_init/data/raw/source=tushare/api=suspend_d/trade_date=20170913/ingest_date=2026-07-15/20260715T060958.007490Z_ec0e5d3175d1499cabbdeb035bfde4ca.parquet,240c33c268e2ba2ac451fc6c5683318f9bd36225b01a4f6426df522ca56d3cc2,automation
689b60371590,2026-07-15T06:09:58.654075+00:00,tushare.suspend_d,"{""fields"": ""ts_code,trade_date,suspend_timing,suspend_type"", ""trade_date"": ""20170914""}",250,/Users/john/Desktop/shaiwei/shaiwei_init/data/raw/source=tushare/api=suspend_d/trade_date=20170914/ingest_date=2026-07-15/20260715T060958.649724Z_f473c6a2e5c442e9bcc50159c029b37a.parquet,24dc1940e479552f85f11c903be010f3250086e5203e2746b4a89648fad31667,automation
e77e35292b50,2026-07-15T06:09:59.824856+00:00,tushare.suspend_d,"{""fields"": ""ts_code,trade_date,suspend_timing,suspend_type"", ""trade_date"": ""20170915""}",254,/Users/john/Desktop/shaiwei/shaiwei_init/data/raw/source=tushare/api=suspend_d/trade_date=20170915/ingest_date=2026-07-15/20260715T060959.818234Z_a3ab7b5810d94454acfc64a79d4b2874.parquet,2559f09b8d253e1ebed82d2f954161a0f989063d6b42debb2626b83e01fc05ad,automation
7c752b673181,2026-07-15T06:10:00.439482+00:00,tushare.suspend_d,"{""fields"": ""ts_code,trade_date,suspend_timing,suspend_type"", ""trade_date"": ""20170918""}",253,/Users/john/Desktop/shaiwei/shaiwei_init/data/raw/source=tushare/api=suspend_d/trade_date=20170918/ingest_date=2026-07-15/20260715T061000.434861Z_a6e6af05c2b84b9183de43b626d5c9ed.parquet,f55f88223c56214bdb0c72600da2ec54959957d9096cc6b6298abb3ac2c5f61e,automation
d02b1ff3d85f,2026-07-15T06:10:01.098812+00:00,tushare.suspend_d,"{""fields"": ""ts_code,trade_date,suspend_timing,suspend_type"", ""trade_date"": ""20170919""}",250,/Users/john/Desktop/shaiwei/shaiwei_init/data/raw/source=tushare/api=suspend_d/trade_date=20170919/ingest_date=2026-07-15/20260715T061001.092474Z_8a3df6a30f9e4447a47038e50c1dca4b.parquet,cf6e6a8f8efa9eef946775004356467504baade4a583d713f30ccb11e0d467d6,automation
de53422b69d8,2026-07-15T06:10:02.818845+00:00,tushare.suspend_d,"{""fields"": ""ts_code,trade_date,suspend_timing,suspend_type"", ""trade_date"": ""20170920""}",245,/Users/john/Desktop/shaiwei/shaiwei_init/data/raw/source=tushare/api=suspend_d/trade_date=20170920/ingest_date=2026-07-15/20260715T061002.812361Z_f818e5974e0d4c0e9cad61e7f9fed4b7.parquet,2378419dc2869fb3fac10765723a842f16f9949db8a7c5ea943fd6cd325c49e7,automation
336ad285ca18,2026-07-15T06:10:03.781093+00:00,tushare.suspend_d,"{""fields"": ""ts_code,trade_date,suspend_timing,suspend_type"", ""trade_date"": ""20170921""}",243,/Users/john/Desktop/shaiwei/shaiwei_init/data/raw/source=tushare/api=suspend_d/trade_date=20170921/ingest_date=2026-07-15/20260715T061003.775311Z_63e063be1aef47f0a3a0c3e4533a15d0.parquet,4733f5b21d504bc65b3703756c170cc81b25552dc47868a3b3ef263e4cc097da,automation
be37d7cba41e,2026-07-15T06:10:04.415630+00:00,tushare.suspend_d,"{""fields"": ""ts_code,trade_date,suspend_timing,suspend_type"", ""trade_date"": ""20170922""}",232,/Users/john/Desktop/shaiwei/shaiwei_init/data/raw/source=tushare/api=suspend_d/trade_date=20170922/ingest_date=2026-07-15/20260715T061004.411392Z_93b2f42f901443918e1ca24ab48d9caa.parquet,ee782be8047221be12eaba0e4100e9ac2f791e20da078afbfa6b128b6e226894,automation
98544799c0e2,2026-07-15T06:10:05.052339+00:00,tushare.suspend_d,"{""fields"": ""ts_code,trade_date,suspend_timing,suspend_type"", ""trade_date"": ""20170925""}",234,/Users/john/Desktop/shaiwei/shaiwei_init/data/raw/source=tushare/api=suspend_d/trade_date=20170925/ingest_date=2026-07-15/20260715T061005.047762Z_0b27dd1da5a1439da6e499877ae82c3b.parquet,dcc275645ad4092805209bdaab9e9dbb848726b94e0119cba48950b014360a3b,automation
6aa2c7227ef3,2026-07-15T06:10:08.068216+00:00,tushare.suspend_d,"{""fields"": ""ts_code,trade_date,suspend_timing,suspend_type"", ""trade_date"": ""20170926""}",230,/Users/john/Desktop/shaiwei/shaiwei_init/data/raw/source=tushare/api=suspend_d/trade_date=20170926/ingest_date=2026-07-15/20260715T061008.064442Z_46de2ba199574061957c994c41b6dc62.parquet,5193ea860057677d3f2ec749391432c139648bfbe97730c20ea215f279c03523,automation
affd4723386b,2026-07-15T06:10:08.915193+00:00,tushare.suspend_d,"{""fields"": ""ts_code,trade_date,suspend_timing,suspend_type"", ""trade_date"": ""20170927""}",229,/Users/john/Desktop/shaiwei/shaiwei_init/data/raw/source=tushare/api=suspend_d/trade_date=20170927/ingest_date=2026-07-15/20260715T061008.910789Z_3cc6170b77414d99b6301ce0ceebe64c.parquet,5e0318531d22adcc85c2b062248d6c548457572770ec4c65f0d499d95827cc29,automation
8cc96a8cc28d,2026-07-15T06:10:09.886550+00:00,tushare.suspend_d,"{""fields"": ""ts_code,trade_date,suspend_timing,suspend_type"", ""trade_date"": ""20170928""}",228,/Users/john/Desktop/shaiwei/shaiwei_init/data/raw/source=tushare/api=suspend_d/trade_date=20170928/ingest_date=2026-07-15/20260715T061009.883598Z_516840d8d46a47b082653db20268fe28.parquet,1d525119d5691b7a679f0e38e89166c80cbaefeabb7e49c21c739ac007979d15,automation
d8137b5e3855,2026-07-15T06:10:10.519127+00:00,tushare.suspend_d,"{""fields"": ""ts_code,trade_date,suspend_timing,suspend_type"", ""trade_date"": ""20170929""}",228,/Users/john/Desktop/shaiwei/shaiwei_init/data/raw/source=tushare/api=suspend_d/trade_date=20170929/ingest_date=2026-07-15/20260715T061010.514750Z_9f220bb398674e5799fd3bcd33058a5f.parquet,64c79671e41dcab4745c90ee972c4bc376a2426859d74c662ad3bafa3e6e8cd1,automation
93cdf4aa1371,2026-07-15T06:10:11.996928+00:00,tushare.suspend_d,"{""fields"": ""ts_code,trade_date,suspend_timing,suspend_type"", ""trade_date"": ""20171009""}",235,/Users/john/Desktop/shaiwei/shaiwei_init/data/raw/source=tushare/api=suspend_d/trade_date=20171009/ingest_date=2026-07-15/20260715T061011.992416Z_80a294d269504e26b365daa019665097.parquet,3ee2cdbc872c2e07d15dc46524fee80524845d0c4947ce217cbe7fd69da31357,automation
e0ed67901d7c,2026-07-15T06:10:12.937445+00:00,tushare.suspend_d,"{""fields"": ""ts_code,trade_date,suspend_timing,suspend_type"", ""trade_date"": ""20171010""}",225,/Users/john/Desktop/shaiwei/shaiwei_init/data/raw/source=tushare/api=suspend_d/trade_date=20171010/ingest_date=2026-07-15/20260715T061012.934378Z_7bcd7a11c07b4a6e8f9e72038a749597.parquet,bdfbfd234fa7c31142ece7076fb97e064ef1b9493bbd866983d2a37e57ed6cbb,automation
869590fe0223,2026-07-15T06:10:13.570188+00:00,tushare.suspend_d,"{""fields"": ""ts_code,trade_date,suspend_timing,suspend_type"", ""trade_date"": ""20171011""}",224,/Users/john/Desktop/shaiwei/shaiwei_init/data/raw/source=tushare/api=suspend_d/trade_date=20171011/ingest_date=2026-07-15/20260715T061013.566732Z_9e627f8e5f684f04afa84cfb67275906.parquet,3b12426048b3336872d0a83aa60c62f333cb10affa4d0163722572f20a2cb89a,automation
1369530d71af,2026-07-15T06:10:14.199493+00:00,tushare.suspend_d,"{""fields"": ""ts_code,trade_date,suspend_timing,suspend_type"", ""trade_date"": ""20171012""}",229,/Users/john/Desktop/shaiwei/shaiwei_init/data/raw/source=tushare/api=suspend_d/trade_date=20171012/ingest_date=2026-07-15/20260715T061014.194769Z_cf89eef2b0214b279ffa03977befcabb.parquet,3a9d32acec5d8dc3fd40a7a30310a7b0c66669d99e93c5a2267cbce0fb4686ac,automation
8602066a8fe2,2026-07-15T06:10:15.905142+00:00,tushare.suspend_d,"{""fields"": ""ts_code,trade_date,suspend_timing,suspend_type"", ""trade_date"": ""20171013""}",226,/Users/john/Desktop/shaiwei/shaiwei_init/data/raw/source=tushare/api=suspend_d/trade_date=20171013/ingest_date=2026-07-15/20260715T061015.901950Z_cf418b57701b42b9aab646c96ebfb3be.parquet,97171cf7d755e79d72e955101c065c6a7ce1f0deb53fc626cc891ee8bb7a368d,automation
e4d6a080c4f1,2026-07-15T06:10:16.531975+00:00,tushare.suspend_d,"{""fields"": ""ts_code,trade_date,suspend_timing,suspend_type"", ""trade_date"": ""20171016""}",230,/Users/john/Desktop/shaiwei/shaiwei_init/data/raw/source=tushare/api=suspend_d/trade_date=20171016/ingest_date=2026-07-15/20260715T061016.528001Z_ea9abb64fdc54f499eb1ab2cbb1f7299.parquet,11a3fb33f463fca82cbd94822f4cb5d445fd64d6bae3abf4551ef394f6625a31,automation
69ad3d0f2ae1,2026-07-15T06:10:17.157228+00:00,tushare.suspend_d,"{""fields"": ""ts_code,trade_date,suspend_timing,suspend_type"", ""trade_date"": ""20171017""}",225,/Users/john/Desktop/shaiwei/shaiwei_init/data/raw/source=tushare/api=suspend_d/trade_date=20171017/ingest_date=2026-07-15/20260715T061017.152925Z_204f9c09ec8c4d0c9f8f9ecf832696bf.parquet,cb8117b42c040eb61fb3d90040afb66c2a0648c1d59f0e00e2431654a65993a5,automation
3713baf7460c,2026-07-15T06:10:17.788933+00:00,tushare.suspend_d,"{""fields"": ""ts_code,trade_date,suspend_timing,suspend_type"", ""trade_date"": ""20171018""}",227,/Users/john/Desktop/shaiwei/shaiwei_init/data/raw/source=tushare/api=suspend_d/trade_date=20171018/ingest_date=2026-07-15/20260715T061017.782157Z_42aeed3b45674d0a8a1eefc62ada61df.parquet,ae4cf5bd162883afad6d81c06f0bfd2ee2ccc117839308b3192bf9a5d19c8870,automation
a6018d0cc33b,2026-07-15T06:10:18.418125+00:00,tushare.suspend_d,"{""fields"": ""ts_code,trade_date,suspend_timing,suspend_type"", ""trade_date"": ""20171019""}",229,/Users/john/Desktop/shaiwei/shaiwei_init/data/raw/source=tushare/api=suspend_d/trade_date=20171019/ingest_date=2026-07-15/20260715T061018.414094Z_b5c69fe187fe435980e83ffba9506cd1.parquet,06324dc8d54be36d66163f38967ee881fdea0b56262a3e4d185c2588d6a70dbe,automation
4e680f8b39e9,2026-07-15T06:10:19.966992+00:00,tushare.suspend_d,"{""fields"": ""ts_code,trade_date,suspend_timing,suspend_type"", ""trade_date"": ""20171020""}",229,/Users/john/Desktop/shaiwei/shaiwei_init/data/raw/source=tushare/api=suspend_d/trade_date=20171020/ingest_date=2026-07-15/20260715T061019.963258Z_8d37e2be94864e3cbb5e65393782bcf5.parquet,93e134656da72ea30306cca72d35b15e0e72ba3ee48c69d612ca2998899ac8a7,automation
7f1a09927cf8,2026-07-15T06:10:21.653465+00:00,tushare.suspend_d,"{""fields"": ""ts_code,trade_date,suspend_timing,suspend_type"", ""trade_date"": ""20171023""}",237,/Users/john/Desktop/shaiwei/shaiwei_init/data/raw/source=tushare/api=suspend_d/trade_date=20171023/ingest_date=2026-07-15/20260715T061021.649764Z_0152a3d528ea4eeba785998b0bb7fc3b.parquet,8bfd853c3e3ca3fa6c77143e76b97702021b825e0d7c897fee3f2ffd83114fed,automation
c04d14ebce0d,2026-07-15T06:10:23.294633+00:00,tushare.suspend_d,"{""fields"": ""ts_code,trade_date,suspend_timing,suspend_type"", ""trade_date"": ""20171024""}",231,/Users/john/Desktop/shaiwei/shaiwei_init/data/raw/source=tushare/api=suspend_d/trade_date=20171024/ingest_date=2026-07-15/20260715T061023.290574Z_72f5fa4b838d43ca910e20ff4fca95f4.parquet,e12fa2a4660aa8f002adb6ec92058386ce305d4df8b9e173ef51adac7b013808,automation
77c3f423d53a,2026-07-15T06:10:24.929973+00:00,tushare.suspend_d,"{""fields"": ""ts_code,trade_date,suspend_timing,suspend_type"", ""trade_date"": ""20171025""}",232,/Users/john/Desktop/shaiwei/shaiwei_init/data/raw/source=tushare/api=suspend_d/trade_date=20171025/ingest_date=2026-07-15/20260715T061024.926142Z_4b116ac12dd3499e99c4926075cf729c.parquet,90c0b7455c1cfed9fc80ef7d3241ef68190804009914cba0cd34a59844cbb739,automation
b26a84d0f306,2026-07-15T06:10:26.316125+00:00,tushare.suspend_d,"{""fields"": ""ts_code,trade_date,suspend_timing,suspend_type"", ""trade_date"": ""20171026""}",234,/Users/john/Desktop/shaiwei/shaiwei_init/data/raw/source=tushare/api=suspend_d/trade_date=20171026/ingest_date=2026-07-15/20260715T061026.312689Z_bf599eb5e23f4c8282681638c5af1d53.parquet,aa63684596786944c1ee83a0d5751ec8f2ece483684ccd0967b0dfe3d07dae6b,automation
e3b6e2f6e064,2026-07-15T06:10:27.520137+00:00,tushare.suspend_d,"{""fields"": ""ts_code,trade_date,suspend_timing,suspend_type"", ""trade_date"": ""20171027""}",236,/Users/john/Desktop/shaiwei/shaiwei_init/data/raw/source=tushare/api=suspend_d/trade_date=20171027/ingest_date=2026-07-15/20260715T061027.516236Z_ab23b8717abc49cd8c90972fcfce0ee8.parquet,3221b8db048485b2d00105806691709c96fe5ac3913b467d6a74234857b8634e,automation
d2614a52b10f,2026-07-15T06:10:28.560193+00:00,tushare.suspend_d,"{""fields"": ""ts_code,trade_date,suspend_timing,suspend_type"", ""trade_date"": ""20171030""}",231,/Users/john/Desktop/shaiwei/shaiwei_init/data/raw/source=tushare/api=suspend_d/trade_date=20171030/ingest_date=2026-07-15/20260715T061028.556701Z_539b45317282461a9ba6ac5179f9255f.parquet,fb50089802ca3a33fa4623aafc1399d9f2adc1fb3ecde22264ed1b134afda6b9,automation
2aceebe1c28b,2026-07-15T06:10:30.315545+00:00,tushare.suspend_d,"{""fields"": ""ts_code,trade_date,suspend_timing,suspend_type"", ""trade_date"": ""20171031""}",227,/Users/john/Desktop/shaiwei/shaiwei_init/data/raw/source=tushare/api=suspend_d/trade_date=20171031/ingest_date=2026-07-15/20260715T061030.311776Z_41daf1a3758049d4b44b7bb806451057.parquet,d6f878521326c4b738c5b6e1e4fa4e6a6f2e561557fb5ecaa1c157b0ab364f11,automation
07f5ecc51c65,2026-07-15T06:10:30.971904+00:00,tushare.suspend_d,"{""fields"": ""ts_code,trade_date,suspend_timing,suspend_type"", ""trade_date"": ""20171101""}",225,/Users/john/Desktop/shaiwei/shaiwei_init/data/raw/source=tushare/api=suspend_d/trade_date=20171101/ingest_date=2026-07-15/20260715T061030.968028Z_c24ded3c956d41019c424f762a10287b.parquet,e99879274d2beb7a3daace9c8c47e979f53c6a69bd4a6352fe3175bacc19b4e6,automation
2e96304915aa,2026-07-15T06:10:31.836604+00:00,tushare.suspend_d,"{""fields"": ""ts_code,trade_date,suspend_timing,suspend_type"", ""trade_date"": ""20171102""}",212,/Users/john/Desktop/shaiwei/shaiwei_init/data/raw/source=tushare/api=suspend_d/trade_date=20171102/ingest_date=2026-07-15/20260715T061031.832878Z_bf2fec7a03b447cb9c643db7e75869f3.parquet,f6cca7e5521243189629da2b4ce06527ac2f0a8e57933fd42fe03bbb4ef7a010,automation
6e5d7d5ba573,2026-07-15T06:10:32.508570+00:00,tushare.suspend_d,"{""fields"": ""ts_code,trade_date,suspend_timing,suspend_type"", ""trade_date"": ""20171103""}",205,/Users/john/Desktop/shaiwei/shaiwei_init/data/raw/source=tushare/api=suspend_d/trade_date=20171103/ingest_date=2026-07-15/20260715T061032.504293Z_7b818a97fd24491fa8a98c9697f08ad1.parquet,0cb4fd2cb152d39331d2fa1c5d1806400a56ed9720e2f2787d632e5830844785,automation
e75c680c8f55,2026-07-15T06:10:33.584505+00:00,tushare.suspend_d,"{""fields"": ""ts_code,trade_date,suspend_timing,suspend_type"", ""trade_date"": ""20171106""}",211,/Users/john/Desktop/shaiwei/shaiwei_init/data/raw/source=tushare/api=suspend_d/trade_date=20171106/ingest_date=2026-07-15/20260715T061033.580734Z_45b0b72291764e34950496f594375659.parquet,55c723e1cbb46f0adb6dea07aeb0efe5673dc6ba4c7a8b175d893fa0bcfb6a77,automation
5bc45450e2e0,2026-07-15T06:10:34.374761+00:00,tushare.suspend_d,"{""fields"": ""ts_code,trade_date,suspend_timing,suspend_type"", ""trade_date"": ""20171107""}",206,/Users/john/Desktop/shaiwei/shaiwei_init/data/raw/source=tushare/api=suspend_d/trade_date=20171107/ingest_date=2026-07-15/20260715T061034.371182Z_2c1911a6a7fa49cd8ba052b0e388c8af.parquet,c76163e7caf400ee661bcd20f988ecc0b3adb71a9dd64ed5d1e07f1c4b23f7c1,automation
98968423826f,2026-07-15T06:10:35.674137+00:00,tushare.suspend_d,"{""fields"": ""ts_code,trade_date,suspend_timing,suspend_type"", ""trade_date"": ""20171108""}",202,/Users/john/Desktop/shaiwei/shaiwei_init/data/raw/source=tushare/api=suspend_d/trade_date=20171108/ingest_date=2026-07-15/20260715T061035.669693Z_082f5cd30dc647629b60e35b8f243bed.parquet,50984c46a04892bb8653b27bbe9cbe068710c0e1ac0e7aff03132515f4026823,automation
8dbb7e3978d0,2026-07-15T06:10:36.390399+00:00,tushare.suspend_d,"{""fields"": ""ts_code,trade_date,suspend_timing,suspend_type"", ""trade_date"": ""20171109""}",197,/Users/john/Desktop/shaiwei/shaiwei_init/data/raw/source=tushare/api=suspend_d/trade_date=20171109/ingest_date=2026-07-15/20260715T061036.385747Z_8f2444d19ea5469abb5b74792d289fc5.parquet,7af97fb4e029196e61adca3567f1edbbdbc702edba37333b3d96fc3bdc801025,automation
966052676710,2026-07-15T06:10:37.021348+00:00,tushare.suspend_d,"{""fields"": ""ts_code,trade_date,suspend_timing,suspend_type"", ""trade_date"": ""20171110""}",207,/Users/john/Desktop/shaiwei/shaiwei_init/data/raw/source=tushare/api=suspend_d/trade_date=20171110/ingest_date=2026-07-15/20260715T061037.017538Z_16d33dca06944236bda4cdc2812c1615.parquet,d7b2325a3ce75e1266808b8be60966e6c60118e30b9db0f8ed213e77ee59be8c,automation
e469ba93473e,2026-07-15T06:10:38.665793+00:00,tushare.suspend_d,"{""fields"": ""ts_code,trade_date,suspend_timing,suspend_type"", ""trade_date"": ""20171113""}",207,/Users/john/Desktop/shaiwei/shaiwei_init/data/raw/source=tushare/api=suspend_d/trade_date=20171113/ingest_date=2026-07-15/20260715T061038.661799Z_9df103883863458e986cb02fb1fbc981.parquet,9ab6b9859a1489fba95f1fb63f6e858e24eb4c2d4e8f0a3e057c7a654f03da0d,automation
e32835e4bdd1,2026-07-15T06:10:40.031639+00:00,tushare.suspend_d,"{""fields"": ""ts_code,trade_date,suspend_timing,suspend_type"", ""trade_date"": ""20171114""}",206,/Users/john/Desktop/shaiwei/shaiwei_init/data/raw/source=tushare/api=suspend_d/trade_date=20171114/ingest_date=2026-07-15/20260715T061040.027743Z_ab971552387749869d6115607fc60be2.parquet,1da440a4bba73d9399cf3aa75b69430ae0a533994c871ac5d5a022bdc2c46cf0,automation
87cd9cc707d1,2026-07-15T06:10:40.689276+00:00,tushare.suspend_d,"{""fields"": ""ts_code,trade_date,suspend_timing,suspend_type"", ""trade_date"": ""20171115""}",208,/Users/john/Desktop/shaiwei/shaiwei_init/data/raw/source=tushare/api=suspend_d/trade_date=20171115/ingest_date=2026-07-15/20260715T061040.685625Z_dc40d945596f4b5c9b4687bb3f7dd5f9.parquet,ee4611b45548db693bd0ad97411562588b5a9aad6352e72efb0476e55419b4db,automation
d2900cde3ca6,2026-07-15T06:10:41.747236+00:00,tushare.suspend_d,"{""fields"": ""ts_code,trade_date,suspend_timing,suspend_type"", ""trade_date"": ""20171116""}",216,/Users/john/Desktop/shaiwei/shaiwei_init/data/raw/source=tushare/api=suspend_d/trade_date=20171116/ingest_date=2026-07-15/20260715T061041.743637Z_177dea38f1854709b962b5c85a78d33b.parquet,e3ae4703d17e9578aba48bf907a81a6f76d18023981a779c3430ef5b1677bc9a,automation
6b72162103f6,2026-07-15T06:10:42.392410+00:00,tushare.suspend_d,"{""fields"": ""ts_code,trade_date,suspend_timing,suspend_type"", ""trade_date"": ""20171117""}",215,/Users/john/Desktop/shaiwei/shaiwei_init/data/raw/source=tushare/api=suspend_d/trade_date=20171117/ingest_date=2026-07-15/20260715T061042.385398Z_bd86ebc368bf425995be8db4d76c2660.parquet,62b26cd67e64fd3c4092a41566e11e5512bd34daa9d5136b42c8272853169e0c,automation
8e1a0d8c9da2,2026-07-15T06:10:44.138698+00:00,tushare.suspend_d,"{""fields"": ""ts_code,trade_date,suspend_timing,suspend_type"", ""trade_date"": ""20171120""}",222,/Users/john/Desktop/shaiwei/shaiwei_init/data/raw/source=tushare/api=suspend_d/trade_date=20171120/ingest_date=2026-07-15/20260715T061044.135837Z_788fb424956144f1b94006564c7bb64d.parquet,19b695c606158a256d4125c5804c0581c20eccd617ad4ee4fc498e145284a304,automation
ededd2f67535,2026-07-15T06:10:44.790048+00:00,tushare.suspend_d,"{""fields"": ""ts_code,trade_date,suspend_timing,suspend_type"", ""trade_date"": ""20171121""}",221,/Users/john/Desktop/shaiwei/shaiwei_init/data/raw/source=tushare/api=suspend_d/trade_date=20171121/ingest_date=2026-07-15/20260715T061044.786784Z_f611bdd4b4ce4d619550346d56d80d60.parquet,43fcb0c3006beb541d06a488c0a790275df5207ab50a6b1416d14417e7c71821,automation
5a1f14aba894,2026-07-15T06:10:45.433618+00:00,tushare.suspend_d,"{""fields"": ""ts_code,trade_date,suspend_timing,suspend_type"", ""trade_date"": ""20171122""}",221,/Users/john/Desktop/shaiwei/shaiwei_init/data/raw/source=tushare/api=suspend_d/trade_date=20171122/ingest_date=2026-07-15/20260715T061045.429589Z_3216597a7eaa44429477e66c68eb9ee3.parquet,81b4c9c3327bf1791da54a691cbd29c208ae2914d0016681c73d96b5d820bb5a,automation
92bc73269eda,2026-07-15T06:10:46.074300+00:00,tushare.suspend_d,"{""fields"": ""ts_code,trade_date,suspend_timing,suspend_type"", ""trade_date"": ""20171123""}",224,/Users/john/Desktop/shaiwei/shaiwei_init/data/raw/source=tushare/api=suspend_d/trade_date=20171123/ingest_date=2026-07-15/20260715T061046.070967Z_217dc38731cf4fea8851a8ce7a08091f.parquet,21205e98b297bc72a3ca18e11aa9e873efe4ede028dae81baa3f440bc1145d02,automation
6c734801c2c8,2026-07-15T06:10:47.080972+00:00,tushare.suspend_d,"{""fields"": ""ts_code,trade_date,suspend_timing,suspend_type"", ""trade_date"": ""20171124""}",225,/Users/john/Desktop/shaiwei/shaiwei_init/data/raw/source=tushare/api=suspend_d/trade_date=20171124/ingest_date=2026-07-15/20260715T061047.076644Z_d4b7afaecc4642ff87c8cfd71cee8ab7.parquet,9c475219c9d75e627b1abf0520d7c56a2e49bcd09ec4e2a55aba600b4d62171b,automation
160c4dd9733e,2026-07-15T06:10:47.811327+00:00,tushare.suspend_d,"{""fields"": ""ts_code,trade_date,suspend_timing,suspend_type"", ""trade_date"": ""20171127""}",229,/Users/john/Desktop/shaiwei/shaiwei_init/data/raw/source=tushare/api=suspend_d/trade_date=20171127/ingest_date=2026-07-15/20260715T061047.808405Z_599b5deb50e740d6bfa5639ba3261dad.parquet,d46f854015621f99324bfd4136d76ac4bc1bc840002746f7df50cd0da0ace5e0,automation
587e7f5cbe09,2026-07-15T06:10:48.467352+00:00,tushare.suspend_d,"{""fields"": ""ts_code,trade_date,suspend_timing,suspend_type"", ""trade_date"": ""20171128""}",230,/Users/john/Desktop/shaiwei/shaiwei_init/data/raw/source=tushare/api=suspend_d/trade_date=20171128/ingest_date=2026-07-15/20260715T061048.463702Z_8e56adc9dec54278bf889c9b8c30e426.parquet,e657f1ac7d8ef622f6b796fbb822b0c3cc4c4a376c793b8f60cf9043c9e2ba85,automation
ce913e62dd57,2026-07-15T06:10:49.122071+00:00,tushare.suspend_d,"{""fields"": ""ts_code,trade_date,suspend_timing,suspend_type"", ""trade_date"": ""20171129""}",230,/Users/john/Desktop/shaiwei/shaiwei_init/data/raw/source=tushare/api=suspend_d/trade_date=20171129/ingest_date=2026-07-15/20260715T061049.117972Z_2cd40279460849b8ba10ffc8ff8d44b8.parquet,d9c446c29ef157d407c3e9c289cc7fbe39e46f5739ab5f3601a00cbcb81da5d4,automation
8255c1dffa23,2026-07-15T06:10:50.772927+00:00,tushare.suspend_d,"{""fields"": ""ts_code,trade_date,suspend_timing,suspend_type"", ""trade_date"": ""20171130""}",237,/Users/john/Desktop/shaiwei/shaiwei_init/data/raw/source=tushare/api=suspend_d/trade_date=20171130/ingest_date=2026-07-15/20260715T061050.769243Z_02735aecb7d84178a63db0e8b807f64c.parquet,fd7cfd64f1d356df3fa8f2cf7b2c35794c95dd4eb8edd0a0e202cd14f495f5c7,automation
0bbe37093241,2026-07-15T06:10:51.769284+00:00,tushare.suspend_d,"{""fields"": ""ts_code,trade_date,suspend_timing,suspend_type"", ""trade_date"": ""20171201""}",235,/Users/john/Desktop/shaiwei/shaiwei_init/data/raw/source=tushare/api=suspend_d/trade_date=20171201/ingest_date=2026-07-15/20260715T061051.765210Z_36b385d295e64b679a4bf338b32e49e1.parquet,35cf54778bac88cefced1e518edab1405300dfe73a1b1f65297f379f43f9da39,automation
bed605a1857f,2026-07-15T06:10:52.405224+00:00,tushare.suspend_d,"{""fields"": ""ts_code,trade_date,suspend_timing,suspend_type"", ""trade_date"": ""20171204""}",236,/Users/john/Desktop/shaiwei/shaiwei_init/data/raw/source=tushare/api=suspend_d/trade_date=20171204/ingest_date=2026-07-15/20260715T061052.401420Z_5282143f5b724f9fbc8159c41ef826d6.parquet,87039e3f95b049a59d63545f5e9693375479e1fc6c9c713d59ce33f4251f34ee,automation
3c39da015a17,2026-07-15T06:10:53.425070+00:00,tushare.suspend_d,"{""fields"": ""ts_code,trade_date,suspend_timing,suspend_type"", ""trade_date"": ""20171205""}",240,/Users/john/Desktop/shaiwei/shaiwei_init/data/raw/source=tushare/api=suspend_d/trade_date=20171205/ingest_date=2026-07-15/20260715T061053.419264Z_210f59aa9cac4ecd89ed5052fe860238.parquet,41d3feedc92bfb5cc503fb56850e38e12f9108c6a5f8a4a67a645c1a87da1889,automation
ded5b474c89e,2026-07-15T06:10:55.069698+00:00,tushare.suspend_d,"{""fields"": ""ts_code,trade_date,suspend_timing,suspend_type"", ""trade_date"": ""20171206""}",240,/Users/john/Desktop/shaiwei/shaiwei_init/data/raw/source=tushare/api=suspend_d/trade_date=20171206/ingest_date=2026-07-15/20260715T061055.065314Z_3ceddf87c898412bba6d77af5cf04b20.parquet,b65552473243fbcb27b343d1c2f58d85636b403b2f98055f30d855bc19c7d1c2,automation
44e7975ed428,2026-07-15T06:10:55.709019+00:00,tushare.suspend_d,"{""fields"": ""ts_code,trade_date,suspend_timing,suspend_type"", ""trade_date"": ""20171207""}",245,/Users/john/Desktop/shaiwei/shaiwei_init/data/raw/source=tushare/api=suspend_d/trade_date=20171207/ingest_date=2026-07-15/20260715T061055.703323Z_fac0427f2a664196ab2c8e7d1e58b62e.parquet,ac5f68334cd58486e3c4c885d58175d962d999f8cd48a480135e10949ebee082,automation
b9bee607f289,2026-07-15T06:10:56.436983+00:00,tushare.suspend_d,"{""fields"": ""ts_code,trade_date,suspend_timing,suspend_type"", ""trade_date"": ""20171208""}",246,/Users/john/Desktop/shaiwei/shaiwei_init/data/raw/source=tushare/api=suspend_d/trade_date=20171208/ingest_date=2026-07-15/20260715T061056.433079Z_bbadd18fc57c42158bcfa3abc52bd322.parquet,9fa3fdf1b2609da937de072bdf0717ef1e34b5953100ad5b680002e7ffdc6983,automation
211f2032770d,2026-07-15T06:10:57.068092+00:00,tushare.suspend_d,"{""fields"": ""ts_code,trade_date,suspend_timing,suspend_type"", ""trade_date"": ""20171211""}",242,/Users/john/Desktop/shaiwei/shaiwei_init/data/raw/source=tushare/api=suspend_d/trade_date=20171211/ingest_date=2026-07-15/20260715T061057.064972Z_e80f90826fd745e6a85fdadf47a2e2e7.parquet,226b5798fb040c9a61deaef4d4db3da5dc477f830e1adab3e91cb8052c785a77,automation
2bcdff364330,2026-07-15T06:10:57.785592+00:00,tushare.suspend_d,"{""fields"": ""ts_code,trade_date,suspend_timing,suspend_type"", ""trade_date"": ""20171212""}",247,/Users/john/Desktop/shaiwei/shaiwei_init/data/raw/source=tushare/api=suspend_d/trade_date=20171212/ingest_date=2026-07-15/20260715T061057.781755Z_d5b84273fb0049cfafa498af97ca2d03.parquet,48ab4ed8ee4eed601d262085cbea996f1bdd8e6c6fefd0f9a0cf141176d9652a,automation
2b1720e351ab,2026-07-15T06:10:59.597918+00:00,tushare.suspend_d,"{""fields"": ""ts_code,trade_date,suspend_timing,suspend_type"", ""trade_date"": ""20171213""}",247,/Users/john/Desktop/shaiwei/shaiwei_init/data/raw/source=tushare/api=suspend_d/trade_date=20171213/ingest_date=2026-07-15/20260715T061059.595504Z_bea85146b1154fa1a2c14ab110438564.parquet,7567d8be9b4e14aabdd4701d3f1d294799bda86af51ab592f630e1765e5bf468,automation
888fb8089424,2026-07-15T06:19:23.188745+00:00,tushare.suspend_d,"{""fields"": ""ts_code,trade_date,suspend_timing,suspend_type"", ""trade_date"": ""20171214""}",251,/Users/john/Desktop/shaiwei/shaiwei_init/data/raw/source=tushare/api=suspend_d/trade_date=20171214/ingest_date=2026-07-15/20260715T061923.176136Z_a9077bfe07b54baba82291c28a9b5131.parquet,2d7eea0dddfaaeed158881dde9b85ca3d2bf14f811eea030e3c7dfe5c1077d01,automation
cb294c50d611,2026-07-15T06:19:25.850251+00:00,tushare.suspend_d,"{""fields"": ""ts_code,trade_date,suspend_timing,suspend_type"", ""trade_date"": ""20171215""}",243,/Users/john/Desktop/shaiwei/shaiwei_init/data/raw/source=tushare/api=suspend_d/trade_date=20171215/ingest_date=2026-07-15/20260715T061925.843351Z_0a5a7b7e6941438b8f1dbf7cb2680084.parquet,9d7f8445891f8bab1a1ad730231f4dc5ef9778f4d12366a37119e098084c535f,automation
a5e0fcc0d267,2026-07-15T06:19:29.136878+00:00,tushare.suspend_d,"{""fields"": ""ts_code,trade_date,suspend_timing,suspend_type"", ""trade_date"": ""20171218""}",248,/Users/john/Desktop/shaiwei/shaiwei_init/data/raw/source=tushare/api=suspend_d/trade_date=20171218/ingest_date=2026-07-15/20260715T061929.129184Z_6613fe08785a421caa5a317c9b15d37b.parquet,2d3e1927ec1c2de1d47760f5137c87ea4c5127639a56160dbb7969ea6a432204,automation
db9ec9a5f76f,2026-07-15T06:19:32.376598+00:00,tushare.suspend_d,"{""fields"": ""ts_code,trade_date,suspend_timing,suspend_type"", ""trade_date"": ""20171219""}",242,/Users/john/Desktop/shaiwei/shaiwei_init/data/raw/source=tushare/api=suspend_d/trade_date=20171219/ingest_date=2026-07-15/20260715T061932.371366Z_9ed8fface88a4de6829b67dcc1a6e8cf.parquet,bb62225c9ee13e163e3ca941428511b1d108489cc36400bd983e0498f341b16b,automation
f33dff48a30b,2026-07-15T06:19:34.043000+00:00,tushare.suspend_d,"{""fields"": ""ts_code,trade_date,suspend_timing,suspend_type"", ""trade_date"": ""20171220""}",240,/Users/john/Desktop/shaiwei/shaiwei_init/data/raw/source=tushare/api=suspend_d/trade_date=20171220/ingest_date=2026-07-15/20260715T061934.038477Z_3e80851818344babbc876d0f131d7b5a.parquet,03056bd4467aa7f477a6968c528489cdbc68771d8d446fd237cae6083b5fa6ae,automation
5c272aa5ec80,2026-07-15T06:19:37.010093+00:00,tushare.suspend_d,"{""fields"": ""ts_code,trade_date,suspend_timing,suspend_type"", ""trade_date"": ""20171221""}",239,/Users/john/Desktop/shaiwei/shaiwei_init/data/raw/source=tushare/api=suspend_d/trade_date=20171221/ingest_date=2026-07-15/20260715T061937.005567Z_fe74b9e7b0614a23982636682fb911d4.parquet,ffff7baa2a67ffe6540467495787d392173fdc72f3c965c6b7a9b45fbeda5896,automation
ff2b99db440c,2026-07-15T06:19:39.103911+00:00,tushare.suspend_d,"{""fields"": ""ts_code,trade_date,suspend_timing,suspend_type"", ""trade_date"": ""20171222""}",234,/Users/john/Desktop/shaiwei/shaiwei_init/data/raw/source=tushare/api=suspend_d/trade_date=20171222/ingest_date=2026-07-15/20260715T061939.098989Z_a78fc348021c46af9e1f82d150048722.parquet,6441c1065ec93adbfbf4a59430a590341c860f710ab488cc1489334b9bfb0d75,automation
3d3bdb1276c4,2026-07-15T06:19:40.716845+00:00,tushare.suspend_d,"{""fields"": ""ts_code,trade_date,suspend_timing,suspend_type"", ""trade_date"": ""20171225""}",236,/Users/john/Desktop/shaiwei/shaiwei_init/data/raw/source=tushare/api=suspend_d/trade_date=20171225/ingest_date=2026-07-15/20260715T061940.711224Z_13b14982ca0943cda07cbdfe81fa7c13.parquet,d1ca82a68cb682e57307bd74d580382d284bab0ebe3dbd0605532c6c055f01b5,automation
5da990a30ed1,2026-07-15T06:19:42.297200+00:00,tushare.suspend_d,"{""fields"": ""ts_code,trade_date,suspend_timing,suspend_type"", ""trade_date"": ""20171226""}",238,/Users/john/Desktop/shaiwei/shaiwei_init/data/raw/source=tushare/api=suspend_d/trade_date=20171226/ingest_date=2026-07-15/20260715T061942.292885Z_dbf0ad95152e4afcb2daa5a66c3abdf5.parquet,6a695058af63b923626b2740095f89d7714cbdabbaabec74607fb94d5319679c,automation
f276f20af245,2026-07-15T06:19:44.853913+00:00,tushare.suspend_d,"{""fields"": ""ts_code,trade_date,suspend_timing,suspend_type"", ""trade_date"": ""20171227""}",234,/Users/john/Desktop/shaiwei/shaiwei_init/data/raw/source=tushare/api=suspend_d/trade_date=20171227/ingest_date=2026-07-15/20260715T061944.850660Z_cd9dad6c75af41f297d53b76a9ea8c10.parquet,79d06f99d198382e770b1f890607b1ce86c67a02460e45bc178f8b5938aa0f8b,automation
e5bd62892420,2026-07-15T06:19:47.722536+00:00,tushare.suspend_d,"{""fields"": ""ts_code,trade_date,suspend_timing,suspend_type"", ""trade_date"": ""20171228""}",240,/Users/john/Desktop/shaiwei/shaiwei_init/data/raw/source=tushare/api=suspend_d/trade_date=20171228/ingest_date=2026-07-15/20260715T061947.718034Z_acb4a2ac61374d7daabfe0ddf98205ab.parquet,9b6facefc17766f4db682916c3f8c4156c22c5bdc108bca4b2d8cada07f9d5a0,automation
e4b0a4f90981,2026-07-15T06:19:49.350311+00:00,tushare.suspend_d,"{""fields"": ""ts_code,trade_date,suspend_timing,suspend_type"", ""trade_date"": ""20171229""}",240,/Users/john/Desktop/shaiwei/shaiwei_init/data/raw/source=tushare/api=suspend_d/trade_date=20171229/ingest_date=2026-07-15/20260715T061949.345748Z_199011c5123d414896dfa342a1a8d57b.parquet,e9adb895b02202efa68f6d763931f088d65340a6b8d54e531b0acc74f43148ba,automation
2ccc1b4a5ae6,2026-07-15T06:19:53.441092+00:00,tushare.suspend_d,"{""fields"": ""ts_code,trade_date,suspend_timing,suspend_type"", ""trade_date"": ""20180102""}",239,/Users/john/Desktop/shaiwei/shaiwei_init/data/raw/source=tushare/api=suspend_d/trade_date=20180102/ingest_date=2026-07-15/20260715T061953.434512Z_03a2f7aca6aa4ac488075bd7b72835f0.parquet,21631fe25111e7615c061a81f585922d7b03cbd74215e458d9edc11b36aadf45,automation
e80e0d88fbb3,2026-07-15T06:19:58.589097+00:00,tushare.suspend_d,"{""fields"": ""ts_code,trade_date,suspend_timing,suspend_type"", ""trade_date"": ""20180103""}",230,/Users/john/Desktop/shaiwei/shaiwei_init/data/raw/source=tushare/api=suspend_d/trade_date=20180103/ingest_date=2026-07-15/20260715T061958.584384Z_799e7b7b830b4936abd103bbdb262a69.parquet,2cbb5287e6ac3cf771464a9a9b2eada5c537fd326ff3a1f947c5c88dac7c45ff,automation
08fb246baacf,2026-07-15T06:20:00.229046+00:00,tushare.suspend_d,"{""fields"": ""ts_code,trade_date,suspend_timing,suspend_type"", ""trade_date"": ""20180104""}",229,/Users/john/Desktop/shaiwei/shaiwei_init/data/raw/source=tushare/api=suspend_d/trade_date=20180104/ingest_date=2026-07-15/20260715T062000.224501Z_0456175fe23948498a7882a31be6b120.parquet,ead0b7f3bf210a5c129dbaea8bb5abb51b24c3fca99824db1d5f0bb33022dcf9,automation
699b4bbf9302,2026-07-15T06:20:01.880706+00:00,tushare.suspend_d,"{""fields"": ""ts_code,trade_date,suspend_timing,suspend_type"", ""trade_date"": ""20180105""}",231,/Users/john/Desktop/shaiwei/shaiwei_init/data/raw/source=tushare/api=suspend_d/trade_date=20180105/ingest_date=2026-07-15/20260715T062001.877247Z_2f4363fee6cc4f02b1e7afe14fffd34f.parquet,507600b9651f6d1f72d55fd94b94cd5ff040d29fe8601925d2d28be3608e0d41,automation
6313c0e4191a,2026-07-15T06:20:04.691356+00:00,tushare.suspend_d,"{""fields"": ""ts_code,trade_date,suspend_timing,suspend_type"", ""trade_date"": ""20180108""}",230,/Users/john/Desktop/shaiwei/shaiwei_init/data/raw/source=tushare/api=suspend_d/trade_date=20180108/ingest_date=2026-07-15/20260715T062004.684162Z_9616de4d221542ab9fc8e02b126a56a5.parquet,05979bd45bee1fe6936c39103ae7d58e8d67613b54d7e865952118f16b64e239,automation
7aae6512bd60,2026-07-15T06:20:06.371085+00:00,tushare.suspend_d,"{""fields"": ""ts_code,trade_date,suspend_timing,suspend_type"", ""trade_date"": ""20180109""}",229,/Users/john/Desktop/shaiwei/shaiwei_init/data/raw/source=tushare/api=suspend_d/trade_date=20180109/ingest_date=2026-07-15/20260715T062006.366843Z_c4b4fb62d49f4f218280f99db46b9969.parquet,3a7d9090633d6b1d7bbac8b64a46d1eaf3593d8ae94f42b99adbc3292b204599,automation
5b4399c41957,2026-07-15T06:20:10.358784+00:00,tushare.suspend_d,"{""fields"": ""ts_code,trade_date,suspend_timing,suspend_type"", ""trade_date"": ""20180110""}",228,/Users/john/Desktop/shaiwei/shaiwei_init/data/raw/source=tushare/api=suspend_d/trade_date=20180110/ingest_date=2026-07-15/20260715T062010.354561Z_a2eec7af42334ffaa7cdc424a0641c71.parquet,d8678f46a290b16a693d354e23b9e6140a9ba977955c0c9051a2fb67d9261286,automation
0e46780f75fc,2026-07-15T06:20:13.027815+00:00,tushare.suspend_d,"{""fields"": ""ts_code,trade_date,suspend_timing,suspend_type"", ""trade_date"": ""20180111""}",226,/Users/john/Desktop/shaiwei/shaiwei_init/data/raw/source=tushare/api=suspend_d/trade_date=20180111/ingest_date=2026-07-15/20260715T062013.023736Z_e6866bb6a1944c2aab1030b553906c5f.parquet,a21d360538e5b46c3bb07b938d2e99729175e45104225b574c4c10fa58603844,automation
b4ec11f2e2f8,2026-07-15T06:20:15.318046+00:00,tushare.suspend_d,"{""fields"": ""ts_code,trade_date,suspend_timing,suspend_type"", ""trade_date"": ""20180112""}",222,/Users/john/Desktop/shaiwei/shaiwei_init/data/raw/source=tushare/api=suspend_d/trade_date=20180112/ingest_date=2026-07-15/20260715T062015.314445Z_7cd81401fb2c4144ad5d3c8150708eac.parquet,efb8c047971490053a077cabb692c490038e498831f229d85c219c469140bbce,automation
7a9c9cff02e5,2026-07-15T06:20:18.369893+00:00,tushare.suspend_d,"{""fields"": ""ts_code,trade_date,suspend_timing,suspend_type"", ""trade_date"": ""20180115""}",225,/Users/john/Desktop/shaiwei/shaiwei_init/data/raw/source=tushare/api=suspend_d/trade_date=20180115/ingest_date=2026-07-15/20260715T062018.365062Z_306e27afb2104ddc97e12ef90abff874.parquet,d4559d4e781d5134545bd5eff0b0934bd74f90facf653b4544825bae30be3147,automation
b59623c46b35,2026-07-15T06:20:20.013902+00:00,tushare.suspend_d,"{""fields"": ""ts_code,trade_date,suspend_timing,suspend_type"", ""trade_date"": ""20180116""}",222,/Users/john/Desktop/shaiwei/shaiwei_init/data/raw/source=tushare/api=suspend_d/trade_date=20180116/ingest_date=2026-07-15/20260715T062020.010649Z_d8911c810b704eddad8b6bf99b1057d8.parquet,4949f1ea5f91ab70bf63ecc61ab7bfba8aa386b36452143a23560bf36617f92a,automation
9be882be7486,2026-07-15T06:20:21.732118+00:00,tushare.suspend_d,"{""fields"": ""ts_code,trade_date,suspend_timing,suspend_type"", ""trade_date"": ""20180117""}",222,/Users/john/Desktop/shaiwei/shaiwei_init/data/raw/source=tushare/api=suspend_d/trade_date=20180117/ingest_date=2026-07-15/20260715T062021.729207Z_ca959fb8dcc342c1ae758d599de1fbbe.parquet,cab9f3d1dfdc567881d456abdc5049684b1c70579148c90ed5a3de6db0e6b1bd,automation
97e78282ffda,2026-07-15T06:20:23.822881+00:00,tushare.suspend_d,"{""fields"": ""ts_code,trade_date,suspend_timing,suspend_type"", ""trade_date"": ""20180118""}",230,/Users/john/Desktop/shaiwei/shaiwei_init/data/raw/source=tushare/api=suspend_d/trade_date=20180118/ingest_date=2026-07-15/20260715T062023.819210Z_75b16fdcc9804507a3724c65d51e985e.parquet,29764d755f97a160516a53c4159aa1b122cdd9608770fb7b03239c4374e46aa4,automation
ed68642e02f1,2026-07-15T06:20:25.435129+00:00,tushare.suspend_d,"{""fields"": ""ts_code,trade_date,suspend_timing,suspend_type"", ""trade_date"": ""20180119""}",223,/Users/john/Desktop/shaiwei/shaiwei_init/data/raw/source=tushare/api=suspend_d/trade_date=20180119/ingest_date=2026-07-15/20260715T062025.430579Z_eb618e2a7af34c309847def8b6555f42.parquet,e6ea08ce27b8dbdb3dca16925abb0808acf5020521cd876045fe21de3ef160ef,automation
c5771d6ec568,2026-07-15T06:20:27.022513+00:00,tushare.suspend_d,"{""fields"": ""ts_code,trade_date,suspend_timing,suspend_type"", ""trade_date"": ""20180122""}",225,/Users/john/Desktop/shaiwei/shaiwei_init/data/raw/source=tushare/api=suspend_d/trade_date=20180122/ingest_date=2026-07-15/20260715T062027.018391Z_c9522c4ecbbd41b986da0bf41022fccc.parquet,0ad813c1e819038f44df9daf314ad80d5a86aa58cb3efe4a5e415f0f74a8975a,automation
bff433642a3b,2026-07-15T06:20:28.671822+00:00,tushare.suspend_d,"{""fields"": ""ts_code,trade_date,suspend_timing,suspend_type"", ""trade_date"": ""20180123""}",226,/Users/john/Desktop/shaiwei/shaiwei_init/data/raw/source=tushare/api=suspend_d/trade_date=20180123/ingest_date=2026-07-15/20260715T062028.667821Z_3649deec09e44cc488da10a0652d69e3.parquet,cc89ec9f300b94b5e41f3a5124d840122112fdd49b16a88492af5be7c58f703a,automation
3c44510156d0,2026-07-15T06:20:30.823275+00:00,tushare.suspend_d,"{""fields"": ""ts_code,trade_date,suspend_timing,suspend_type"", ""trade_date"": ""20180124""}",222,/Users/john/Desktop/shaiwei/shaiwei_init/data/raw/source=tushare/api=suspend_d/trade_date=20180124/ingest_date=2026-07-15/20260715T062030.819412Z_d018d3ce53874af2894aaf94cea71f46.parquet,c81c57bfedf0e1b5937b3e7f6a2292c26b5a3fa450772825e0ef868426415ace,automation
c406d70c4a4c,2026-07-15T06:20:34.839538+00:00,tushare.suspend_d,"{""fields"": ""ts_code,trade_date,suspend_timing,suspend_type"", ""trade_date"": ""20180125""}",225,/Users/john/Desktop/shaiwei/shaiwei_init/data/raw/source=tushare/api=suspend_d/trade_date=20180125/ingest_date=2026-07-15/20260715T062034.835539Z_d8d3458868d3420584394188a2138835.parquet,32a4ad2e16c219e83a03a5b47d55f3e65f1f598eae379dedbeabc04538cf50d3,automation
2903f0ef05c5,2026-07-15T06:20:36.957658+00:00,tushare.suspend_d,"{""fields"": ""ts_code,trade_date,suspend_timing,suspend_type"", ""trade_date"": ""20180126""}",227,/Users/john/Desktop/shaiwei/shaiwei_init/data/raw/source=tushare/api=suspend_d/trade_date=20180126/ingest_date=2026-07-15/20260715T062036.955171Z_706cbe643c4a4ec8bf317a0e4ce0c8d5.parquet,6f18f2a3f33c0ec0218b5c787f86d00a5b628e31ed63abdf020842fb432c6e9f,automation
0f58097dbdc2,2026-07-15T06:20:38.829526+00:00,tushare.suspend_d,"{""fields"": ""ts_code,trade_date,suspend_timing,suspend_type"", ""trade_date"": ""20180129""}",233,/Users/john/Desktop/shaiwei/shaiwei_init/data/raw/source=tushare/api=suspend_d/trade_date=20180129/ingest_date=2026-07-15/20260715T062038.825990Z_cb941d3ce4474292b24ff597e1019e44.parquet,91d777df5c92406c942c4678a77b14847bacfa805606ad4ea6537a7f834a433a,automation
8b23e687f956,2026-07-15T06:20:40.732726+00:00,tushare.suspend_d,"{""fields"": ""ts_code,trade_date,suspend_timing,suspend_type"", ""trade_date"": ""20180130""}",233,/Users/john/Desktop/shaiwei/shaiwei_init/data/raw/source=tushare/api=suspend_d/trade_date=20180130/ingest_date=2026-07-15/20260715T062040.728548Z_95fabe56241046ffb648b4cabed0ae98.parquet,ab32a7928f7e1ec6a4ab784b147dfc94d8fef602b5101531039b5dd487bb97f6,automation
77fbd3706baa,2026-07-15T06:20:42.458630+00:00,tushare.suspend_d,"{""fields"": ""ts_code,trade_date,suspend_timing,suspend_type"", ""trade_date"": ""20180131""}",240,/Users/john/Desktop/shaiwei/shaiwei_init/data/raw/source=tushare/api=suspend_d/trade_date=20180131/ingest_date=2026-07-15/20260715T062042.454579Z_12f4d1b9f85446608648daaf3030b447.parquet,04cbde6d67f2f1cb092ede9e3780f50ecf7593694aad451538d0450b713d3ec3,automation
20c5d9a73249,2026-07-15T06:20:44.122864+00:00,tushare.suspend_d,"{""fields"": ""ts_code,trade_date,suspend_timing,suspend_type"", ""trade_date"": ""20180201""}",250,/Users/john/Desktop/shaiwei/shaiwei_init/data/raw/source=tushare/api=suspend_d/trade_date=20180201/ingest_date=2026-07-15/20260715T062044.114423Z_139ab75ef07742768f33bc10ae886ef2.parquet,9a28f487e9c811aaf9850d71042c887024062d43e2f5e22618eaf54c9099f454,automation
4c833f8f8e7e,2026-07-15T06:20:48.396408+00:00,tushare.suspend_d,"{""fields"": ""ts_code,trade_date,suspend_timing,suspend_type"", ""trade_date"": ""20180202""}",290,/Users/john/Desktop/shaiwei/shaiwei_init/data/raw/source=tushare/api=suspend_d/trade_date=20180202/ingest_date=2026-07-15/20260715T062048.392583Z_906a72132be34a7cb0a4cf45cfe2dcd2.parquet,a99efa6a63893c7d0f5cbfb7c0d089bb9077e0c8d073af91ac8d37ccefe899c1,automation
6040d71723eb,2026-07-15T06:20:49.988689+00:00,tushare.suspend_d,"{""fields"": ""ts_code,trade_date,suspend_timing,suspend_type"", ""trade_date"": ""20180205""}",341,/Users/john/Desktop/shaiwei/shaiwei_init/data/raw/source=tushare/api=suspend_d/trade_date=20180205/ingest_date=2026-07-15/20260715T062049.984427Z_848ac439c2ca4db0a3fd124444762c85.parquet,6c693ab5c4f8bb07ca5a1fc9864eae1cfc8f44f5596814e09d8ffa0eaf2075f4,automation
f8fa8bc5f4b6,2026-07-15T06:20:52.194703+00:00,tushare.suspend_d,"{""fields"": ""ts_code,trade_date,suspend_timing,suspend_type"", ""trade_date"": ""20180206""}",350,/Users/john/Desktop/shaiwei/shaiwei_init/data/raw/source=tushare/api=suspend_d/trade_date=20180206/ingest_date=2026-07-15/20260715T062052.189844Z_e943329656304c11a60f7233c35592e1.parquet,bedaa5114282006a5ec98bf0f7da5f31e2ab30116a0e958fa954c246965b26bb,automation
5c07834223e9,2026-07-15T06:20:57.936350+00:00,tushare.suspend_d,"{""fields"": ""ts_code,trade_date,suspend_timing,suspend_type"", ""trade_date"": ""20180207""}",356,/Users/john/Desktop/shaiwei/shaiwei_init/data/raw/source=tushare/api=suspend_d/trade_date=20180207/ingest_date=2026-07-15/20260715T062057.932695Z_0d00be1f80844fd8bb15e634fdcae0ee.parquet,af66cfe9a14cb05e6e1cb4ecec0470c62ee7e706d757f927194d977e4bddb0e4,automation
59c834a8b3f4,2026-07-15T06:20:59.539793+00:00,tushare.suspend_d,"{""fields"": ""ts_code,trade_date,suspend_timing,suspend_type"", ""trade_date"": ""20180208""}",366,/Users/john/Desktop/shaiwei/shaiwei_init/data/raw/source=tushare/api=suspend_d/trade_date=20180208/ingest_date=2026-07-15/20260715T062059.536475Z_db50ddbeee2b4dff82a797c357a05d7f.parquet,94fdab8d33f34c765e5ce90d511b64c7742f4f27dd5af52a2c4d46915616c22c,automation
3355ff592bf4,2026-07-15T06:21:01.178709+00:00,tushare.suspend_d,"{""fields"": ""ts_code,trade_date,suspend_timing,suspend_type"", ""trade_date"": ""20180209""}",362,/Users/john/Desktop/shaiwei/shaiwei_init/data/raw/source=tushare/api=suspend_d/trade_date=20180209/ingest_date=2026-07-15/20260715T062101.172426Z_3a707b95d5474567bfbb01bf37aec447.parquet,aecd16ac6ba3cfa0bb672605a99cff1367d301eafb0df76503968e46c37b1410,automation
485ad36cf564,2026-07-15T06:21:04.111653+00:00,tushare.suspend_d,"{""fields"": ""ts_code,trade_date,suspend_timing,suspend_type"", ""trade_date"": ""20180212""}",356,/Users/john/Desktop/shaiwei/shaiwei_init/data/raw/source=tushare/api=suspend_d/trade_date=20180212/ingest_date=2026-07-15/20260715T062104.106628Z_b1d417683db6485283d84c445f00ffd7.parquet,a14f22057847fef0dd8f8b8c3f1d369416c11f57299f1973dfc947357d3a3b2f,automation
4858ea58be1b,2026-07-15T06:21:07.279531+00:00,tushare.suspend_d,"{""fields"": ""ts_code,trade_date,suspend_timing,suspend_type"", ""trade_date"": ""20180213""}",343,/Users/john/Desktop/shaiwei/shaiwei_init/data/raw/source=tushare/api=suspend_d/trade_date=20180213/ingest_date=2026-07-15/20260715T062107.276544Z_617ca0d7a501451b856d6196bd9472bb.parquet,da1f7033ae7593fad790606c5b6232f8ff40d3c70b2596aeebc713c8c40eae08,automation
8a8db58291d8,2026-07-15T06:21:09.954107+00:00,tushare.suspend_d,"{""fields"": ""ts_code,trade_date,suspend_timing,suspend_type"", ""trade_date"": ""20180214""}",331,/Users/john/Desktop/shaiwei/shaiwei_init/data/raw/source=tushare/api=suspend_d/trade_date=20180214/ingest_date=2026-07-15/20260715T062109.951611Z_4bd3b96dc54345cc88241d52765b0333.parquet,9e46185fd6755443aba0c3c8e33295ba21a35cc4042fbf21d42b2a0c6b6bb3c5,automation
447415859c06,2026-07-15T06:21:12.132712+00:00,tushare.suspend_d,"{""fields"": ""ts_code,trade_date,suspend_timing,suspend_type"", ""trade_date"": ""20180222""}",319,/Users/john/Desktop/shaiwei/shaiwei_init/data/raw/source=tushare/api=suspend_d/trade_date=20180222/ingest_date=2026-07-15/20260715T062112.128728Z_5e96cab42ed4463882f303c7b9b429d5.parquet,28a3d7a9e9117b3d9691a189f515ad06d2c27e564a9b632de83c7aa5b105cba4,automation
eed3999aad83,2026-07-15T06:21:13.779441+00:00,tushare.suspend_d,"{""fields"": ""ts_code,trade_date,suspend_timing,suspend_type"", ""trade_date"": ""20180223""}",312,/Users/john/Desktop/shaiwei/shaiwei_init/data/raw/source=tushare/api=suspend_d/trade_date=20180223/ingest_date=2026-07-15/20260715T062113.775261Z_0d05f6ec7cb84abda45fef966b39c213.parquet,0d837282003cee534b8ab476a09c03172383b8855503ab6ceb1550800a0103d1,automation
e991e314a149,2026-07-15T06:21:16.447338+00:00,tushare.suspend_d,"{""fields"": ""ts_code,trade_date,suspend_timing,suspend_type"", ""trade_date"": ""20180226""}",308,/Users/john/Desktop/shaiwei/shaiwei_init/data/raw/source=tushare/api=suspend_d/trade_date=20180226/ingest_date=2026-07-15/20260715T062116.443284Z_2be7f8bd61d94ef8aa60477fa1adb225.parquet,ed921aff46d764607c38f0afd8f34b38fb4249101105607e9fb0aa8e849a59b7,automation
59b5a3a08048,2026-07-15T06:21:18.117153+00:00,tushare.suspend_d,"{""fields"": ""ts_code,trade_date,suspend_timing,suspend_type"", ""trade_date"": ""20180227""}",289,/Users/john/Desktop/shaiwei/shaiwei_init/data/raw/source=tushare/api=suspend_d/trade_date=20180227/ingest_date=2026-07-15/20260715T062118.112469Z_a9c5793e2dae464c8c2fb28d08856d32.parquet,98a1fac57ec4f14fc9804fd75926b5f091f5177a7bff957ce9def2aa6c529698,automation
cacf93ac12a4,2026-07-15T06:21:20.005869+00:00,tushare.suspend_d,"{""fields"": ""ts_code,trade_date,suspend_timing,suspend_type"", ""trade_date"": ""20180228""}",286,/Users/john/Desktop/shaiwei/shaiwei_init/data/raw/source=tushare/api=suspend_d/trade_date=20180228/ingest_date=2026-07-15/20260715T062120.001210Z_a580c616ccf9485f81374f0e0c0afeac.parquet,33a914dd1346d6620b78729237e5ec47c3c4149c7cee48f6854d98bc63db6374,automation
51b23aac35e3,2026-07-15T06:21:21.649346+00:00,tushare.suspend_d,"{""fields"": ""ts_code,trade_date,suspend_timing,suspend_type"", ""trade_date"": ""20180301""}",299,/Users/john/Desktop/shaiwei/shaiwei_init/data/raw/source=tushare/api=suspend_d/trade_date=20180301/ingest_date=2026-07-15/20260715T062121.644941Z_1a656640733a49ffbc76c6a65760cf06.parquet,fbd2f7abab4e22bcb7de20822b6f99fe5cb5a1512e600dfd189abdbf5a784cd7,automation
de392c61e33c,2026-07-15T06:21:23.284177+00:00,tushare.suspend_d,"{""fields"": ""ts_code,trade_date,suspend_timing,suspend_type"", ""trade_date"": ""20180302""}",291,/Users/john/Desktop/shaiwei/shaiwei_init/data/raw/source=tushare/api=suspend_d/trade_date=20180302/ingest_date=2026-07-15/20260715T062123.279935Z_8d16a8a814ad4a239a82f241ab6cb24a.parquet,34c75defcc412cbf6bb661b719c45cf4f2253215505d051fcfb49e0a672ff523,automation
204c297cd8d4,2026-07-15T06:21:28.188250+00:00,tushare.suspend_d,"{""fields"": ""ts_code,trade_date,suspend_timing,suspend_type"", ""trade_date"": ""20180305""}",289,/Users/john/Desktop/shaiwei/shaiwei_init/data/raw/source=tushare/api=suspend_d/trade_date=20180305/ingest_date=2026-07-15/20260715T062128.183816Z_51b0602225fe4b1db87c5ff417da0080.parquet,180160d5601d61cfcfbc98d42fca3c1a2e1d5c384e1912035de9e7545444437f,automation
a4fb23d56028,2026-07-15T06:21:30.147974+00:00,tushare.suspend_d,"{""fields"": ""ts_code,trade_date,suspend_timing,suspend_type"", ""trade_date"": ""20180306""}",291,/Users/john/Desktop/shaiwei/shaiwei_init/data/raw/source=tushare/api=suspend_d/trade_date=20180306/ingest_date=2026-07-15/20260715T062130.143838Z_66eb420fecc24144bf86e06c3974fc02.parquet,e1da4feae17167d9ed52dd58622cfa96ff9872e0d2b3fdbd14c8bcfd9b73abb7,automation
a3a85cc24787,2026-07-15T06:21:31.804263+00:00,tushare.suspend_d,"{""fields"": ""ts_code,trade_date,suspend_timing,suspend_type"", ""trade_date"": ""20180307""}",287,/Users/john/Desktop/shaiwei/shaiwei_init/data/raw/source=tushare/api=suspend_d/trade_date=20180307/ingest_date=2026-07-15/20260715T062131.799414Z_577f5969f66d43dfb95a1fd1637dbef1.parquet,ab121ec635c9ee66abba5167eeb024e4ceb88bd19f7033abaf4acd266d13167f,automation
5b9760dcd683,2026-07-15T06:21:34.447726+00:00,tushare.suspend_d,"{""fields"": ""ts_code,trade_date,suspend_timing,suspend_type"", ""trade_date"": ""20180308""}",287,/Users/john/Desktop/shaiwei/shaiwei_init/data/raw/source=tushare/api=suspend_d/trade_date=20180308/ingest_date=2026-07-15/20260715T062134.443635Z_d5026a8676684eb7bf5b832c75316853.parquet,8002dd8524565dc046965195cff5e67eaedc7537fbbd766afb635894a8514c62,automation
765b2783c121,2026-07-15T06:21:36.633813+00:00,tushare.suspend_d,"{""fields"": ""ts_code,trade_date,suspend_timing,suspend_type"", ""trade_date"": ""20180309""}",288,/Users/john/Desktop/shaiwei/shaiwei_init/data/raw/source=tushare/api=suspend_d/trade_date=20180309/ingest_date=2026-07-15/20260715T062136.629251Z_5d7e5d7533064ee4b28618c9bcb92b12.parquet,aa65c62802ed2d39d955aa87eda964276afb92e84e9397785bea924e8d8b2cd1,automation
b1ddc8d1731c,2026-07-15T06:21:39.301444+00:00,tushare.suspend_d,"{""fields"": ""ts_code,trade_date,suspend_timing,suspend_type"", ""trade_date"": ""20180312""}",287,/Users/john/Desktop/shaiwei/shaiwei_init/data/raw/source=tushare/api=suspend_d/trade_date=20180312/ingest_date=2026-07-15/20260715T062139.296758Z_f58087e2d1514d0083ac26a25411c8fa.parquet,8ab188f1d267707f3343cc645c4053811c01e45edb7f17683f8de89b944984b9,automation
a6d4c785e70f,2026-07-15T06:21:41.051949+00:00,tushare.suspend_d,"{""fields"": ""ts_code,trade_date,suspend_timing,suspend_type"", ""trade_date"": ""20180313""}",287,/Users/john/Desktop/shaiwei/shaiwei_init/data/raw/source=tushare/api=suspend_d/trade_date=20180313/ingest_date=2026-07-15/20260715T062141.047448Z_651d340e00d643b896323b3526be3df0.parquet,d316959c8d45c4c02b53a6a640fa1a8d07ec9081c8ff74a07e0ef2eb06eee03d,automation
d10ff05fa39c,2026-07-15T06:21:45.046112+00:00,tushare.suspend_d,"{""fields"": ""ts_code,trade_date,suspend_timing,suspend_type"", ""trade_date"": ""20180314""}",287,/Users/john/Desktop/shaiwei/shaiwei_init/data/raw/source=tushare/api=suspend_d/trade_date=20180314/ingest_date=2026-07-15/20260715T062145.042416Z_03dcda8ce74349c985d11c2a3e44a888.parquet,8e6b4bd1bbfad5bc3d4093a0435630c8cd08ce48e983b42eb5d2a1ca52df4ecd,automation
f7ec397dd724,2026-07-15T06:21:47.158733+00:00,tushare.suspend_d,"{""fields"": ""ts_code,trade_date,suspend_timing,suspend_type"", ""trade_date"": ""20180315""}",288,/Users/john/Desktop/shaiwei/shaiwei_init/data/raw/source=tushare/api=suspend_d/trade_date=20180315/ingest_date=2026-07-15/20260715T062147.155019Z_860bd61849e54cec9a0fda6881195328.parquet,32bb1fa9c34944bed4c2da32bc64a5efe18b220d7341e26c1160214668d9aa31,automation
a730ff014288,2026-07-15T06:21:48.813019+00:00,tushare.suspend_d,"{""fields"": ""ts_code,trade_date,suspend_timing,suspend_type"", ""trade_date"": ""20180316""}",280,/Users/john/Desktop/shaiwei/shaiwei_init/data/raw/source=tushare/api=suspend_d/trade_date=20180316/ingest_date=2026-07-15/20260715T062148.809301Z_846100ba960a405596b32d321476c48c.parquet,60716b94cb29695b82c2cee1c596938e6d17dbcb493ee35001766b2e327cf6e7,automation
214f59a32c6d,2026-07-15T06:21:50.431546+00:00,tushare.suspend_d,"{""fields"": ""ts_code,trade_date,suspend_timing,suspend_type"", ""trade_date"": ""20180319""}",277,/Users/john/Desktop/shaiwei/shaiwei_init/data/raw/source=tushare/api=suspend_d/trade_date=20180319/ingest_date=2026-07-15/20260715T062150.427279Z_e57f7ae96f0244ebba2c1e4fa3bf9e3d.parquet,faa955253c799dea8802a64a74e526d3e4fc05eb723fae8c0d8d0eccbefaa07e,automation
8061460c5555,2026-07-15T06:21:54.044553+00:00,tushare.suspend_d,"{""fields"": ""ts_code,trade_date,suspend_timing,suspend_type"", ""trade_date"": ""20180320""}",279,/Users/john/Desktop/shaiwei/shaiwei_init/data/raw/source=tushare/api=suspend_d/trade_date=20180320/ingest_date=2026-07-15/20260715T062154.040766Z_52d582c21ca043fa91c6b7d4a2d4d405.parquet,37baca1b99f35dec1c356c8490f3a888d81bdc1c3f22413bd6326962d0559872,automation
573b510a36d8,2026-07-15T06:21:55.934426+00:00,tushare.suspend_d,"{""fields"": ""ts_code,trade_date,suspend_timing,suspend_type"", ""trade_date"": ""20180321""}",278,/Users/john/Desktop/shaiwei/shaiwei_init/data/raw/source=tushare/api=suspend_d/trade_date=20180321/ingest_date=2026-07-15/20260715T062155.930035Z_9bd2a0df73824992bcaed360da37fd9f.parquet,1b60fd5a3a385e2a69824c68ac43d819e6df90cb0368363bde315c9ae1d0709b,automation
a0c78daeb31c,2026-07-15T06:21:57.558648+00:00,tushare.suspend_d,"{""fields"": ""ts_code,trade_date,suspend_timing,suspend_type"", ""trade_date"": ""20180322""}",274,/Users/john/Desktop/shaiwei/shaiwei_init/data/raw/source=tushare/api=suspend_d/trade_date=20180322/ingest_date=2026-07-15/20260715T062157.554601Z_68563823658a48a098a7420c1fcef468.parquet,f9679ccb0c0ad1949814766d3f38d746bfe0752e0274729ee4387ab1054e5307,automation
532bf0fe2ef2,2026-07-15T06:22:00.753702+00:00,tushare.suspend_d,"{""fields"": ""ts_code,trade_date,suspend_timing,suspend_type"", ""trade_date"": ""20180323""}",270,/Users/john/Desktop/shaiwei/shaiwei_init/data/raw/source=tushare/api=suspend_d/trade_date=20180323/ingest_date=2026-07-15/20260715T062200.749365Z_f697264624b24d37b33d6410ff413c86.parquet,6db00080dfb85b5144c652d00b91c545e6c288a489ce18042acb1f595d8e5b1a,automation
dba19d6b63b3,2026-07-15T06:22:03.102057+00:00,tushare.suspend_d,"{""fields"": ""ts_code,trade_date,suspend_timing,suspend_type"", ""trade_date"": ""20180326""}",270,/Users/john/Desktop/shaiwei/shaiwei_init/data/raw/source=tushare/api=suspend_d/trade_date=20180326/ingest_date=2026-07-15/20260715T062203.098008Z_6f76a4a049424d40b4aaa3aebdc438a8.parquet,379cc9b635b63601a701864a696d632872052b32e05105d18401b63c26ae0318,automation
cefb60b69d3e,2026-07-15T06:22:04.784276+00:00,tushare.suspend_d,"{""fields"": ""ts_code,trade_date,suspend_timing,suspend_type"", ""trade_date"": ""20180327""}",274,/Users/john/Desktop/shaiwei/shaiwei_init/data/raw/source=tushare/api=suspend_d/trade_date=20180327/ingest_date=2026-07-15/20260715T062204.780096Z_9b7db25152c74353acde3127c0b87c6a.parquet,7876e8c046290dcdb66f6912c93f1efc5c08748582cc99a344419d92ae4f5301,automation
4bc59a0cf456,2026-07-15T06:22:06.419058+00:00,tushare.suspend_d,"{""fields"": ""ts_code,trade_date,suspend_timing,suspend_type"", ""trade_date"": ""20180328""}",277,/Users/john/Desktop/shaiwei/shaiwei_init/data/raw/source=tushare/api=suspend_d/trade_date=20180328/ingest_date=2026-07-15/20260715T062206.415336Z_63fc9ce2f8044d439969b5b28c1336db.parquet,b86ef16f47f6ff3c0dde09d71cae3dcf09a8a02f6c579cb8c97b32498c6a131b,automation
049519ddf935,2026-07-15T06:22:08.099631+00:00,tushare.suspend_d,"{""fields"": ""ts_code,trade_date,suspend_timing,suspend_type"", ""trade_date"": ""20180329""}",278,/Users/john/Desktop/shaiwei/shaiwei_init/data/raw/source=tushare/api=suspend_d/trade_date=20180329/ingest_date=2026-07-15/20260715T062208.094721Z_8cafcbc5e79f4261941bfc6c70ee7446.parquet,2033878d3c3b5021c8852ac2e98f425a37efb69857337ee215b23e177c1fad52,automation
35f29fcd9f8c,2026-07-15T06:22:09.772060+00:00,tushare.suspend_d,"{""fields"": ""ts_code,trade_date,suspend_timing,suspend_type"", ""trade_date"": ""20180330""}",276,/Users/john/Desktop/shaiwei/shaiwei_init/data/raw/source=tushare/api=suspend_d/trade_date=20180330/ingest_date=2026-07-15/20260715T062209.767327Z_cf8d60db50494a688242dfd1c321f978.parquet,2286ebaa62f7de94cac1eb02f7a06e2771d8004e51bc13d62eef5c015f996f3d,automation
b07ce39eb4dd,2026-07-15T06:22:11.977864+00:00,tushare.suspend_d,"{""fields"": ""ts_code,trade_date,suspend_timing,suspend_type"", ""trade_date"": ""20180402""}",271,/Users/john/Desktop/shaiwei/shaiwei_init/data/raw/source=tushare/api=suspend_d/trade_date=20180402/ingest_date=2026-07-15/20260715T062211.974082Z_1598c579be22436ba6eeb2f1eca5c4c9.parquet,f151b17632995bfb0a6287f6fd17da546bb87f55b1d6540045489393efbb4ec0,automation
32bde4f40f6e,2026-07-15T06:22:13.631408+00:00,tushare.suspend_d,"{""fields"": ""ts_code,trade_date,suspend_timing,suspend_type"", ""trade_date"": ""20180403""}",272,/Users/john/Desktop/shaiwei/shaiwei_init/data/raw/source=tushare/api=suspend_d/trade_date=20180403/ingest_date=2026-07-15/20260715T062213.626466Z_4d6d7efc05194c508fa0468e63ce671c.parquet,beac435f42f1f2b47d1a7ba0c26626ddaa95bdf2327e768034c34524a39905bf,automation
1a3cf2e6c691,2026-07-15T06:22:15.301320+00:00,tushare.suspend_d,"{""fields"": ""ts_code,trade_date,suspend_timing,suspend_type"", ""trade_date"": ""20180404""}",269,/Users/john/Desktop/shaiwei/shaiwei_init/data/raw/source=tushare/api=suspend_d/trade_date=20180404/ingest_date=2026-07-15/20260715T062215.296944Z_cabbfd56d7464f268262da43c28a8809.parquet,56cb4e1b60fd31397baa047cd5ce43ece0288822795e62a5eb4c9588748c3870,automation
99abc2695b6b,2026-07-15T06:22:17.469203+00:00,tushare.suspend_d,"{""fields"": ""ts_code,trade_date,suspend_timing,suspend_type"", ""trade_date"": ""20180409""}",274,/Users/john/Desktop/shaiwei/shaiwei_init/data/raw/source=tushare/api=suspend_d/trade_date=20180409/ingest_date=2026-07-15/20260715T062217.464530Z_01744af319e543a4956c1cf910fb810a.parquet,a908caf10c0877defdd95d7e0272117170d26e6c18e1b14e33d324d09a8462b0,automation
20c63c3241b2,2026-07-15T06:22:19.574789+00:00,tushare.suspend_d,"{""fields"": ""ts_code,trade_date,suspend_timing,suspend_type"", ""trade_date"": ""20180410""}",267,/Users/john/Desktop/shaiwei/shaiwei_init/data/raw/source=tushare/api=suspend_d/trade_date=20180410/ingest_date=2026-07-15/20260715T062219.570574Z_8a55e1a7a32648d89bedd17e34bfa028.parquet,950022aa316a0c3526feaf45b4cecc4ee529a0f21bf3a74ff46d490fbc9f6d55,automation
b3831899ec58,2026-07-15T06:22:21.236154+00:00,tushare.suspend_d,"{""fields"": ""ts_code,trade_date,suspend_timing,suspend_type"", ""trade_date"": ""20180411""}",266,/Users/john/Desktop/shaiwei/shaiwei_init/data/raw/source=tushare/api=suspend_d/trade_date=20180411/ingest_date=2026-07-15/20260715T062221.231289Z_6dc7559b447a4eabba0929449fe1f4a7.parquet,9c08f330997d961ac51ad047e56769da889550b103b2bdc821626d22317d9243,automation
cbbf90009dc2,2026-07-15T06:22:23.499451+00:00,tushare.suspend_d,"{""fields"": ""ts_code,trade_date,suspend_timing,suspend_type"", ""trade_date"": ""20180412""}",263,/Users/john/Desktop/shaiwei/shaiwei_init/data/raw/source=tushare/api=suspend_d/trade_date=20180412/ingest_date=2026-07-15/20260715T062223.494179Z_67b1c1b917174c769cd5afb009fd2160.parquet,b8f49b2ba30a6961d4c434464ec42230681ada6838b19617f236a88c4ac757cb,automation
0fb17b3ddd1b,2026-07-15T06:22:26.144598+00:00,tushare.suspend_d,"{""fields"": ""ts_code,trade_date,suspend_timing,suspend_type"", ""trade_date"": ""20180413""}",259,/Users/john/Desktop/shaiwei/shaiwei_init/data/raw/source=tushare/api=suspend_d/trade_date=20180413/ingest_date=2026-07-15/20260715T062226.142092Z_8dc8a7d465704a06b809f3b0df636d13.parquet,52a0fad8c5693eb8e0f7e7e48c80955423563225ae6b052b86de7e6c38b1a6d5,automation
1e808aaa2dd9,2026-07-15T06:22:30.203997+00:00,tushare.suspend_d,"{""fields"": ""ts_code,trade_date,suspend_timing,suspend_type"", ""trade_date"": ""20180416""}",263,/Users/john/Desktop/shaiwei/shaiwei_init/data/raw/source=tushare/api=suspend_d/trade_date=20180416/ingest_date=2026-07-15/20260715T062230.200223Z_0818946c473e4afd9fd0f092396aeb79.parquet,60fe1b40d371245e7d7b5a683ef67a8ebc640a6f217a1673276178c9a371689d,automation
69107965f909,2026-07-15T06:22:32.570721+00:00,tushare.suspend_d,"{""fields"": ""ts_code,trade_date,suspend_timing,suspend_type"", ""trade_date"": ""20180417""}",265,/Users/john/Desktop/shaiwei/shaiwei_init/data/raw/source=tushare/api=suspend_d/trade_date=20180417/ingest_date=2026-07-15/20260715T062232.566682Z_c2745525553c43a1b832bfdc8c6083b6.parquet,515159cc40ebfc63e978c26e80ba21769d32161f9faf1b2e401e966ce956e371,automation
0b6db8220d7b,2026-07-15T06:22:36.642322+00:00,tushare.suspend_d,"{""fields"": ""ts_code,trade_date,suspend_timing,suspend_type"", ""trade_date"": ""20180418""}",268,/Users/john/Desktop/shaiwei/shaiwei_init/data/raw/source=tushare/api=suspend_d/trade_date=20180418/ingest_date=2026-07-15/20260715T062236.637124Z_595760c609d64edeb4a3f5185d75deec.parquet,74ce39baef95c999db6244ab57b6b7cd1864f43fdf1bd53e2db164827b558734,automation
3ec04b444ea0,2026-07-15T06:22:38.305183+00:00,tushare.suspend_d,"{""fields"": ""ts_code,trade_date,suspend_timing,suspend_type"", ""trade_date"": ""20180419""}",268,/Users/john/Desktop/shaiwei/shaiwei_init/data/raw/source=tushare/api=suspend_d/trade_date=20180419/ingest_date=2026-07-15/20260715T062238.300656Z_c07481eed5f84523a17282ff47476109.parquet,256306fb388eaea01a01cf6d74cd3f2d1afb47e7cbfaa7517fbc02001d29b043,automation
88d97b570627,2026-07-15T06:22:44.458012+00:00,tushare.suspend_d,"{""fields"": ""ts_code,trade_date,suspend_timing,suspend_type"", ""trade_date"": ""20180420""}",269,/Users/john/Desktop/shaiwei/shaiwei_init/data/raw/source=tushare/api=suspend_d/trade_date=20180420/ingest_date=2026-07-15/20260715T062244.455772Z_f6f1fc2ae5cf437fa228953f1b1274ea.parquet,51434f932767e1bd0e9e8f418ca0655429b619876fcdebec940bf41969d95be8,automation
ff11993da640,2026-07-15T06:22:46.617086+00:00,tushare.suspend_d,"{""fields"": ""ts_code,trade_date,suspend_timing,suspend_type"", ""trade_date"": ""20180423""}",269,/Users/john/Desktop/shaiwei/shaiwei_init/data/raw/source=tushare/api=suspend_d/trade_date=20180423/ingest_date=2026-07-15/20260715T062246.612751Z_b27645d30b64497eab088dd050d5f9d7.parquet,3f7512f697348e837efda480ecc6ca2cfc4bab39309ad78a2a8e81f081e0d976,automation
caf19bd10a3d,2026-07-15T06:22:49.603994+00:00,tushare.suspend_d,"{""fields"": ""ts_code,trade_date,suspend_timing,suspend_type"", ""trade_date"": ""20180424""}",265,/Users/john/Desktop/shaiwei/shaiwei_init/data/raw/source=tushare/api=suspend_d/trade_date=20180424/ingest_date=2026-07-15/20260715T062249.599558Z_c3f1bafb7e8545bc8315e970d54b2e1d.parquet,b3afb61351d976f4968efb1ba442e23371c4968d5823a3721ce77919cda37575,automation
4f96b58ce5fa,2026-07-15T06:22:51.621782+00:00,tushare.suspend_d,"{""fields"": ""ts_code,trade_date,suspend_timing,suspend_type"", ""trade_date"": ""20180425""}",264,/Users/john/Desktop/shaiwei/shaiwei_init/data/raw/source=tushare/api=suspend_d/trade_date=20180425/ingest_date=2026-07-15/20260715T062251.616951Z_a62df841885943fc82dbabfaaec64c52.parquet,5773ce230b5373f3432f64bec4d21569396ccd4fbae3ab8c681b6254a18d71d4,automation
3135d9d97b2e,2026-07-15T06:22:53.378564+00:00,tushare.suspend_d,"{""fields"": ""ts_code,trade_date,suspend_timing,suspend_type"", ""trade_date"": ""20180426""}",262,/Users/john/Desktop/shaiwei/shaiwei_init/data/raw/source=tushare/api=suspend_d/trade_date=20180426/ingest_date=2026-07-15/20260715T062253.374840Z_acb91c9d98664998857296e61fe55e8f.parquet,9d5948c13f84d8c352b0b642c86e7a930fa9e6666d2787d3a697c5128e4e7ef8,automation
3490094a114e,2026-07-15T06:22:56.487991+00:00,tushare.suspend_d,"{""fields"": ""ts_code,trade_date,suspend_timing,suspend_type"", ""trade_date"": ""20180427""}",262,/Users/john/Desktop/shaiwei/shaiwei_init/data/raw/source=tushare/api=suspend_d/trade_date=20180427/ingest_date=2026-07-15/20260715T062256.484390Z_e41c3b849a074ff987f1fa1a9899ead1.parquet,a550985dc8fb189b7c890f13c649e3f3cf15418fda742aa41cd456688685213e,automation
f07bee7b4c11,2026-07-15T06:22:59.415796+00:00,tushare.suspend_d,"{""fields"": ""ts_code,trade_date,suspend_timing,suspend_type"", ""trade_date"": ""20180502""}",281,/Users/john/Desktop/shaiwei/shaiwei_init/data/raw/source=tushare/api=suspend_d/trade_date=20180502/ingest_date=2026-07-15/20260715T062259.411971Z_e0437ea6657042fab9e4af94fa6e27ed.parquet,630bc8638c519437408ff788baafd1c2ea281cfff613b5f569c40a5ee99939cf,automation
aa06352ad390,2026-07-15T06:23:02.427104+00:00,tushare.suspend_d,"{""fields"": ""ts_code,trade_date,suspend_timing,suspend_type"", ""trade_date"": ""20180503""}",260,/Users/john/Desktop/shaiwei/shaiwei_init/data/raw/source=tushare/api=suspend_d/trade_date=20180503/ingest_date=2026-07-15/20260715T062302.422836Z_7ac39179221f49cabe635a55490a95af.parquet,ef7ab39e1467a3f8365a1b827cc046e548fff7843bc9f68ae4de3c7a4f4ba227,automation
c697abae734b,2026-07-15T06:23:05.663640+00:00,tushare.suspend_d,"{""fields"": ""ts_code,trade_date,suspend_timing,suspend_type"", ""trade_date"": ""20180504""}",251,/Users/john/Desktop/shaiwei/shaiwei_init/data/raw/source=tushare/api=suspend_d/trade_date=20180504/ingest_date=2026-07-15/20260715T062305.660418Z_78880797d1554f66ba2bbe444f474b3b.parquet,ca9878d86c8e7dbc515259d9d18d064977c562d287ace84a264d058c08251ebc,automation
5ec9dfee3e2e,2026-07-15T06:23:08.840473+00:00,tushare.suspend_d,"{""fields"": ""ts_code,trade_date,suspend_timing,suspend_type"", ""trade_date"": ""20180507""}",254,/Users/john/Desktop/shaiwei/shaiwei_init/data/raw/source=tushare/api=suspend_d/trade_date=20180507/ingest_date=2026-07-15/20260715T062308.836336Z_a67da0d7b2cb4b4b9baceaed3004c88f.parquet,7cb3bb93e5e800e1158574323589809a16dd6b8be09ed3ffe21b01429dd4276e,automation
ae7151b48fdb,2026-07-15T06:23:10.508349+00:00,tushare.suspend_d,"{""fields"": ""ts_code,trade_date,suspend_timing,suspend_type"", ""trade_date"": ""20180508""}",251,/Users/john/Desktop/shaiwei/shaiwei_init/data/raw/source=tushare/api=suspend_d/trade_date=20180508/ingest_date=2026-07-15/20260715T062310.505024Z_484951d9700041b197929612f4e183e6.parquet,4e6cac3ddc5816d5ca4b5f62f98ebb78254150b96bcdc197121fba300801bcf1,automation
3b5a81272d20,2026-07-15T06:23:12.149168+00:00,tushare.suspend_d,"{""fields"": ""ts_code,trade_date,suspend_timing,suspend_type"", ""trade_date"": ""20180509""}",257,/Users/john/Desktop/shaiwei/shaiwei_init/data/raw/source=tushare/api=suspend_d/trade_date=20180509/ingest_date=2026-07-15/20260715T062312.145011Z_cf169476c841430099874c2e82487a43.parquet,c96b262a94ad01054328c77764b4d71dcf5e73b69255555dc6967470222ff065,automation
18ce5baa9771,2026-07-15T06:23:13.786559+00:00,tushare.suspend_d,"{""fields"": ""ts_code,trade_date,suspend_timing,suspend_type"", ""trade_date"": ""20180510""}",253,/Users/john/Desktop/shaiwei/shaiwei_init/data/raw/source=tushare/api=suspend_d/trade_date=20180510/ingest_date=2026-07-15/20260715T062313.782157Z_f2b596bb2d9643c8912b17f5f5bd16bd.parquet,3834a0be3ebaa8a17c45cadca6620ab133b5b5578bf228a1d6af30f1109755de,automation
42ecd2c1f99e,2026-07-15T06:23:15.475871+00:00,tushare.suspend_d,"{""fields"": ""ts_code,trade_date,suspend_timing,suspend_type"", ""trade_date"": ""20180511""}",244,/Users/john/Desktop/shaiwei/shaiwei_init/data/raw/source=tushare/api=suspend_d/trade_date=20180511/ingest_date=2026-07-15/20260715T062315.472097Z_13fec175b451426e90f493ddd93337d1.parquet,02abd53eb46b3d8d723d40b3e8b4d839b8710e128884a83742e61f7faaad53c5,automation
5773e99950b3,2026-07-15T06:23:17.106199+00:00,tushare.suspend_d,"{""fields"": ""ts_code,trade_date,suspend_timing,suspend_type"", ""trade_date"": ""20180514""}",240,/Users/john/Desktop/shaiwei/shaiwei_init/data/raw/source=tushare/api=suspend_d/trade_date=20180514/ingest_date=2026-07-15/20260715T062317.101669Z_71d6ed16b2344648bb396c0fb561c753.parquet,f0c35bbb8b91cf7e5e30ecd7e78ec8ba18c34bcd0ee15f22461d7dbd2c1e342a,automation
263ac67bbce3,2026-07-15T06:23:20.345482+00:00,tushare.suspend_d,"{""fields"": ""ts_code,trade_date,suspend_timing,suspend_type"", ""trade_date"": ""20180515""}",236,/Users/john/Desktop/shaiwei/shaiwei_init/data/raw/source=tushare/api=suspend_d/trade_date=20180515/ingest_date=2026-07-15/20260715T062320.341558Z_a446cb2d0e9a48eaa3161abf239d63ff.parquet,ee702abbd24c62e923a6453f1fff00324c42b1157b44e466df74ec79487b3073,automation
e77916f0e249,2026-07-15T06:23:21.997752+00:00,tushare.suspend_d,"{""fields"": ""ts_code,trade_date,suspend_timing,suspend_type"", ""trade_date"": ""20180516""}",231,/Users/john/Desktop/shaiwei/shaiwei_init/data/raw/source=tushare/api=suspend_d/trade_date=20180516/ingest_date=2026-07-15/20260715T062321.994271Z_c446849df06348509e7ea529165f5b92.parquet,7b3869bc0eb4ce526ea65816af732358e645705751834cf0fe14a9dad60ba733,automation
89ccede6ba9a,2026-07-15T06:23:25.579607+00:00,tushare.suspend_d,"{""fields"": ""ts_code,trade_date,suspend_timing,suspend_type"", ""trade_date"": ""20180517""}",225,/Users/john/Desktop/shaiwei/shaiwei_init/data/raw/source=tushare/api=suspend_d/trade_date=20180517/ingest_date=2026-07-15/20260715T062325.575292Z_ae5e009584744c838e6c930c68c5300d.parquet,a9652f3aa9ee815b31e96f70e01ca47466b931e0f1f1af9f0eb954f5c4474f1d,automation
951ebae042fb,2026-07-15T06:23:27.303781+00:00,tushare.suspend_d,"{""fields"": ""ts_code,trade_date,suspend_timing,suspend_type"", ""trade_date"": ""20180518""}",224,/Users/john/Desktop/shaiwei/shaiwei_init/data/raw/source=tushare/api=suspend_d/trade_date=20180518/ingest_date=2026-07-15/20260715T062327.298844Z_ee322f5e51504d339b83989b082297e7.parquet,359c0a56573af85fc74d9db990b2f71a5c0c8fb2792d1920a3d5b65b743eca8d,automation
e41cfbe122e3,2026-07-15T06:23:29.291943+00:00,tushare.suspend_d,"{""fields"": ""ts_code,trade_date,suspend_timing,suspend_type"", ""trade_date"": ""20180521""}",226,/Users/john/Desktop/shaiwei/shaiwei_init/data/raw/source=tushare/api=suspend_d/trade_date=20180521/ingest_date=2026-07-15/20260715T062329.287420Z_0dff2a2ec4e0407982a781e8f34dfebb.parquet,cfd9cf68ab5399234ba3e9d087e975bba2f456348dc275eab521177f95f683f6,automation
940b0a65293d,2026-07-15T06:23:32.069812+00:00,tushare.suspend_d,"{""fields"": ""ts_code,trade_date,suspend_timing,suspend_type"", ""trade_date"": ""20180522""}",228,/Users/john/Desktop/shaiwei/shaiwei_init/data/raw/source=tushare/api=suspend_d/trade_date=20180522/ingest_date=2026-07-15/20260715T062332.066362Z_44890346ce5d479b839976ecbc4c5c23.parquet,7e0f7235e17890ce42bcc72037f769a2c466ce20921ca93b2df3bf722b970ad2,automation
e13ac9356392,2026-07-15T06:23:34.153752+00:00,tushare.suspend_d,"{""fields"": ""ts_code,trade_date,suspend_timing,suspend_type"", ""trade_date"": ""20180523""}",229,/Users/john/Desktop/shaiwei/shaiwei_init/data/raw/source=tushare/api=suspend_d/trade_date=20180523/ingest_date=2026-07-15/20260715T062334.150417Z_0efca34d0a574789a4ea9a20313e37e9.parquet,7ce69528b4b56674bd7a05668fdf5026c91103d6cf0b90d369d2d8996a9ac870,automation
5584e31ac7d3,2026-07-15T06:23:35.856574+00:00,tushare.suspend_d,"{""fields"": ""ts_code,trade_date,suspend_timing,suspend_type"", ""trade_date"": ""20180524""}",231,/Users/john/Desktop/shaiwei/shaiwei_init/data/raw/source=tushare/api=suspend_d/trade_date=20180524/ingest_date=2026-07-15/20260715T062335.853231Z_b527cfec58ff4bcf93b61109583d49c2.parquet,d49f5fe0069036ebf73aa044c13179dd5b743f8983a9754c29e2d49e06a2d497,automation
e73a803cc3d2,2026-07-15T06:23:38.098816+00:00,tushare.suspend_d,"{""fields"": ""ts_code,trade_date,suspend_timing,suspend_type"", ""trade_date"": ""20180525""}",235,/Users/john/Desktop/shaiwei/shaiwei_init/data/raw/source=tushare/api=suspend_d/trade_date=20180525/ingest_date=2026-07-15/20260715T062338.094576Z_19b46960fc3e457b8d0bf52dbfc794cc.parquet,19985e1100f5209045acab255c29e1ff0c52ba7ae311d99931628e48869016ad,automation
ce4ed73a3e42,2026-07-15T06:23:41.073045+00:00,tushare.suspend_d,"{""fields"": ""ts_code,trade_date,suspend_timing,suspend_type"", ""trade_date"": ""20180528""}",233,/Users/john/Desktop/shaiwei/shaiwei_init/data/raw/source=tushare/api=suspend_d/trade_date=20180528/ingest_date=2026-07-15/20260715T062341.069557Z_619d3b4f81d44e6ca28b947f6bf1ebe4.parquet,35ad19af94e84eb54ab8673878b22c674a0bc817882ebe36e0cc42f705ec6777,automation
22466332a783,2026-07-15T06:23:42.791853+00:00,tushare.suspend_d,"{""fields"": ""ts_code,trade_date,suspend_timing,suspend_type"", ""trade_date"": ""20180529""}",225,/Users/john/Desktop/shaiwei/shaiwei_init/data/raw/source=tushare/api=suspend_d/trade_date=20180529/ingest_date=2026-07-15/20260715T062342.787342Z_86238f17474b486abeb03dd5f4391966.parquet,de1ab7520a7a21be745e4e9e08df730c8753831f40b53a4348d44fec5a3a310e,automation
c84814ac5fb1,2026-07-15T06:23:47.087674+00:00,tushare.suspend_d,"{""fields"": ""ts_code,trade_date,suspend_timing,suspend_type"", ""trade_date"": ""20180530""}",229,/Users/john/Desktop/shaiwei/shaiwei_init/data/raw/source=tushare/api=suspend_d/trade_date=20180530/ingest_date=2026-07-15/20260715T062347.083631Z_2700108dca014992aa5ace67242fe28c.parquet,03078ea69208d00841ef1866a1ea6827e5c63bd55e53e0dc69043be724a6052f,automation
75c0551dd51d,2026-07-15T06:23:48.705678+00:00,tushare.suspend_d,"{""fields"": ""ts_code,trade_date,suspend_timing,suspend_type"", ""trade_date"": ""20180531""}",234,/Users/john/Desktop/shaiwei/shaiwei_init/data/raw/source=tushare/api=suspend_d/trade_date=20180531/ingest_date=2026-07-15/20260715T062348.701856Z_1bb6f8a5cb2e487dbed757b2e08a57ae.parquet,421de5e1f53fd8928c6708dbbb3b77fcad0d5ac51be5268f62223b56df7119f7,automation
0f196cf5f9db,2026-07-15T06:23:50.444983+00:00,tushare.suspend_d,"{""fields"": ""ts_code,trade_date,suspend_timing,suspend_type"", ""trade_date"": ""20180601""}",236,/Users/john/Desktop/shaiwei/shaiwei_init/data/raw/source=tushare/api=suspend_d/trade_date=20180601/ingest_date=2026-07-15/20260715T062350.440861Z_35ce1931782b4b2786b6e88cd5d2ba75.parquet,af82bdb3f07fbbaf8d8041232ac65c4d486a2776d0eeb90b52f0d65d7dcc6105,automation
2faba3b6a1a0,2026-07-15T06:23:52.584462+00:00,tushare.suspend_d,"{""fields"": ""ts_code,trade_date,suspend_timing,suspend_type"", ""trade_date"": ""20180604""}",235,/Users/john/Desktop/shaiwei/shaiwei_init/data/raw/source=tushare/api=suspend_d/trade_date=20180604/ingest_date=2026-07-15/20260715T062352.580696Z_cfe75c8dc5094984960ab830b1dda1c3.parquet,033065549fd70977ae318e94d843cb330e7889ff95b852a8a4bb988723711d7d,automation
03a4fc56aca9,2026-07-15T06:23:54.190487+00:00,tushare.suspend_d,"{""fields"": ""ts_code,trade_date,suspend_timing,suspend_type"", ""trade_date"": ""20180605""}",229,/Users/john/Desktop/shaiwei/shaiwei_init/data/raw/source=tushare/api=suspend_d/trade_date=20180605/ingest_date=2026-07-15/20260715T062354.186689Z_6ad39706d2d848479d8ade5dbed5ab6a.parquet,06ebfb9752b042643a281d00780537de72fd376c96b9253b5f55b415c644d441,automation
2386d5062480,2026-07-15T06:23:59.750197+00:00,tushare.suspend_d,"{""fields"": ""ts_code,trade_date,suspend_timing,suspend_type"", ""trade_date"": ""20180606""}",225,/Users/john/Desktop/shaiwei/shaiwei_init/data/raw/source=tushare/api=suspend_d/trade_date=20180606/ingest_date=2026-07-15/20260715T062359.742130Z_9dbfd34a19084b62bbcd6c0fc45c29a1.parquet,95e4c1c9cacab40ac33166f338daaaa5a46cc31e0f41201bc4c6345f3afa7043,automation
b19389297338,2026-07-15T06:24:02.745823+00:00,tushare.suspend_d,"{""fields"": ""ts_code,trade_date,suspend_timing,suspend_type"", ""trade_date"": ""20180607""}",232,/Users/john/Desktop/shaiwei/shaiwei_init/data/raw/source=tushare/api=suspend_d/trade_date=20180607/ingest_date=2026-07-15/20260715T062402.740959Z_f19066b898de4dd5ba9854c7f4bfc905.parquet,f4081f5d617a70a2a35ca1d5ed74b168cb6936279c09bfa01d41516c467f5ec4,automation
5a385960b0d1,2026-07-15T06:24:04.384731+00:00,tushare.suspend_d,"{""fields"": ""ts_code,trade_date,suspend_timing,suspend_type"", ""trade_date"": ""20180608""}",235,/Users/john/Desktop/shaiwei/shaiwei_init/data/raw/source=tushare/api=suspend_d/trade_date=20180608/ingest_date=2026-07-15/20260715T062404.380488Z_cebffb76b98b4b2b80f9d48d65f36ad4.parquet,902f47cc49117ccee7666b6620a4c36ede03fd0b2c06cd19cc6d91ee71d8639f,automation
29c92c01c99a,2026-07-15T06:24:06.151823+00:00,tushare.suspend_d,"{""fields"": ""ts_code,trade_date,suspend_timing,suspend_type"", ""trade_date"": ""20180611""}",239,/Users/john/Desktop/shaiwei/shaiwei_init/data/raw/source=tushare/api=suspend_d/trade_date=20180611/ingest_date=2026-07-15/20260715T062406.146840Z_3f849c363a874c0f92e6d2f3a66a8d0d.parquet,e134596e24910d58ef28e80d882ab55c1cc058c16f4305267a762b0e2a410669,automation
045e101e2557,2026-07-15T06:24:08.831133+00:00,tushare.suspend_d,"{""fields"": ""ts_code,trade_date,suspend_timing,suspend_type"", ""trade_date"": ""20180612""}",232,/Users/john/Desktop/shaiwei/shaiwei_init/data/raw/source=tushare/api=suspend_d/trade_date=20180612/ingest_date=2026-07-15/20260715T062408.826702Z_1a07c8554cf54a2688063b80d7bb249a.parquet,89b42da1c0bfdcfbd8b281ac8cc8394bd957d951524380cf8f57f9af15abbed4,automation
491a05826966,2026-07-15T06:24:10.507206+00:00,tushare.suspend_d,"{""fields"": ""ts_code,trade_date,suspend_timing,suspend_type"", ""trade_date"": ""20180613""}",233,/Users/john/Desktop/shaiwei/shaiwei_init/data/raw/source=tushare/api=suspend_d/trade_date=20180613/ingest_date=2026-07-15/20260715T062410.502162Z_3fc702ebe4df46869c1aeac0f0384403.parquet,23ed4826f07261803d2fa452e93ed0e4751428554b52518d4d2579a17c5817ff,automation
c968abcf4088,2026-07-15T06:24:12.162920+00:00,tushare.suspend_d,"{""fields"": ""ts_code,trade_date,suspend_timing,suspend_type"", ""trade_date"": ""20180614""}",236,/Users/john/Desktop/shaiwei/shaiwei_init/data/raw/source=tushare/api=suspend_d/trade_date=20180614/ingest_date=2026-07-15/20260715T062412.158779Z_56797f57c3444e2e84ad3d326d707488.parquet,f8e8ba349b85dfebd481ea853f9e7f3b2c941432472ad92a582e581f93258af2,automation
fa78ebce433b,2026-07-15T06:24:15.538697+00:00,tushare.suspend_d,"{""fields"": ""ts_code,trade_date,suspend_timing,suspend_type"", ""trade_date"": ""20180615""}",242,/Users/john/Desktop/shaiwei/shaiwei_init/data/raw/source=tushare/api=suspend_d/trade_date=20180615/ingest_date=2026-07-15/20260715T062415.534226Z_78d2bfe66a9e4c6abef076bb4d1459e5.parquet,2f7d417210b9a10b40fd586924f9f73b4f1cbe1944cc3068da10d1a0aa5c447e,automation
11968efed64a,2026-07-15T06:24:17.231807+00:00,tushare.suspend_d,"{""fields"": ""ts_code,trade_date,suspend_timing,suspend_type"", ""trade_date"": ""20180619""}",257,/Users/john/Desktop/shaiwei/shaiwei_init/data/raw/source=tushare/api=suspend_d/trade_date=20180619/ingest_date=2026-07-15/20260715T062417.228055Z_6ec66e117a8242f0b55880ca323aae17.parquet,c5f348a68f9c8a65a603ea73951468cd052d36990afa395014286946b606b235,automation
5c196b6355eb,2026-07-15T06:24:18.929796+00:00,tushare.suspend_d,"{""fields"": ""ts_code,trade_date,suspend_timing,suspend_type"", ""trade_date"": ""20180620""}",254,/Users/john/Desktop/shaiwei/shaiwei_init/data/raw/source=tushare/api=suspend_d/trade_date=20180620/ingest_date=2026-07-15/20260715T062418.925695Z_e61e59ac0fe84132a686fff7266fd897.parquet,5756770f98911cbcba9c81c9445b3fb1e11cfe20e0917cc6a402731e2dae930c,automation
6a1291e934ee,2026-07-15T06:24:25.602290+00:00,tushare.suspend_d,"{""fields"": ""ts_code,trade_date,suspend_timing,suspend_type"", ""trade_date"": ""20180621""}",252,/Users/john/Desktop/shaiwei/shaiwei_init/data/raw/source=tushare/api=suspend_d/trade_date=20180621/ingest_date=2026-07-15/20260715T062425.597919Z_bcd29ed2484848488ba430e0efaafff6.parquet,214e11b4c7c05afe5105035a04f837fc00aa4c41fad4669582ee65bfb24b77f3,automation
08d67c107c9b,2026-07-15T06:24:28.026358+00:00,tushare.suspend_d,"{""fields"": ""ts_code,trade_date,suspend_timing,suspend_type"", ""trade_date"": ""20180622""}",252,/Users/john/Desktop/shaiwei/shaiwei_init/data/raw/source=tushare/api=suspend_d/trade_date=20180622/ingest_date=2026-07-15/20260715T062428.022548Z_dc13996b07e0475d9028bbce4843a88f.parquet,99f40d28b5684689bcecf56274c09864aedf33f0b29f255320d410a5998ce989,automation
b6fd32968aef,2026-07-15T06:24:29.667027+00:00,tushare.suspend_d,"{""fields"": ""ts_code,trade_date,suspend_timing,suspend_type"", ""trade_date"": ""20180625""}",250,/Users/john/Desktop/shaiwei/shaiwei_init/data/raw/source=tushare/api=suspend_d/trade_date=20180625/ingest_date=2026-07-15/20260715T062429.662420Z_b5c522b126c84511b901190d90fe04c5.parquet,1495b7f8419ec6d627bb455e2b5605cf4cf7260fd730663e975063d571eb8b53,automation
0b7e66fb25ab,2026-07-15T06:24:31.339074+00:00,tushare.suspend_d,"{""fields"": ""ts_code,trade_date,suspend_timing,suspend_type"", ""trade_date"": ""20180626""}",242,/Users/john/Desktop/shaiwei/shaiwei_init/data/raw/source=tushare/api=suspend_d/trade_date=20180626/ingest_date=2026-07-15/20260715T062431.334831Z_3fa60fba6fd84e29a1cef34e419dfc2b.parquet,1b3ae1d088ff03f2b1f3e951bf8354452a1b90dfde8943a550ed0aceab2b7003,automation
adb00e9947ed,2026-07-15T06:24:33.010158+00:00,tushare.suspend_d,"{""fields"": ""ts_code,trade_date,suspend_timing,suspend_type"", ""trade_date"": ""20180627""}",238,/Users/john/Desktop/shaiwei/shaiwei_init/data/raw/source=tushare/api=suspend_d/trade_date=20180627/ingest_date=2026-07-15/20260715T062433.005952Z_536435e51267487d91170e591151800f.parquet,d445885e11491ddd28a360c3b08c46d9a18f481512d52b2a5d179f4260ebef9f,automation
c774220e41c5,2026-07-15T06:24:34.954053+00:00,tushare.suspend_d,"{""fields"": ""ts_code,trade_date,suspend_timing,suspend_type"", ""trade_date"": ""20180628""}",232,/Users/john/Desktop/shaiwei/shaiwei_init/data/raw/source=tushare/api=suspend_d/trade_date=20180628/ingest_date=2026-07-15/20260715T062434.949357Z_8516a763643a40dd95abdc80d8e164aa.parquet,bb2381ead132f4e4c36b02b3182b672389160396876d692358cba4bf9f24f00e,automation
7a0116aef111,2026-07-15T06:24:36.647031+00:00,tushare.suspend_d,"{""fields"": ""ts_code,trade_date,suspend_timing,suspend_type"", ""trade_date"": ""20180629""}",226,/Users/john/Desktop/shaiwei/shaiwei_init/data/raw/source=tushare/api=suspend_d/trade_date=20180629/ingest_date=2026-07-15/20260715T062436.642208Z_f42ac6b9c2b1471ea4a9f17b7b3fc135.parquet,345be43264d2691342e23dc1cd260713596a0b538ddab5c3bf085ad58f401218,automation
6714a40311a7,2026-07-15T06:24:40.765897+00:00,tushare.suspend_d,"{""fields"": ""ts_code,trade_date,suspend_timing,suspend_type"", ""trade_date"": ""20180702""}",218,/Users/john/Desktop/shaiwei/shaiwei_init/data/raw/source=tushare/api=suspend_d/trade_date=20180702/ingest_date=2026-07-15/20260715T062440.761690Z_02b6d1976a7340139e532c5b752b64d8.parquet,c8ab3652ad951cc8779c3bad3d29244200f621b57ef7413d4cca240ca2fe0ecf,automation
4323080d110d,2026-07-15T06:24:42.394740+00:00,tushare.suspend_d,"{""fields"": ""ts_code,trade_date,suspend_timing,suspend_type"", ""trade_date"": ""20180703""}",206,/Users/john/Desktop/shaiwei/shaiwei_init/data/raw/source=tushare/api=suspend_d/trade_date=20180703/ingest_date=2026-07-15/20260715T062442.389875Z_9e1677527cb344dfbc16907e1d76ba87.parquet,721f4e449fe216b2ea583587bb3fa9e898bd68a250a5ff788ccebcb2590c1faf,automation
2cd722513c4f,2026-07-15T06:24:45.349253+00:00,tushare.suspend_d,"{""fields"": ""ts_code,trade_date,suspend_timing,suspend_type"", ""trade_date"": ""20180704""}",196,/Users/john/Desktop/shaiwei/shaiwei_init/data/raw/source=tushare/api=suspend_d/trade_date=20180704/ingest_date=2026-07-15/20260715T062445.344578Z_2d1fc02b48b940158b032f53a1df7968.parquet,c9a7b93befbe1aecc812d4f1d6103805fd7030714be6cb5d45c152883f1514d0,automation
f3b42e67a42a,2026-07-15T06:24:47.102424+00:00,tushare.suspend_d,"{""fields"": ""ts_code,trade_date,suspend_timing,suspend_type"", ""trade_date"": ""20180705""}",195,/Users/john/Desktop/shaiwei/shaiwei_init/data/raw/source=tushare/api=suspend_d/trade_date=20180705/ingest_date=2026-07-15/20260715T062447.098075Z_ddf7de17118444c1b205ce63cc283c3a.parquet,6d04b7d17f2f5061254edddbec3de5f2c3cbb186f72fc86fa2bc78c2ed9590fe,automation
e9f085af7de0,2026-07-15T06:24:49.243352+00:00,tushare.suspend_d,"{""fields"": ""ts_code,trade_date,suspend_timing,suspend_type"", ""trade_date"": ""20180706""}",197,/Users/john/Desktop/shaiwei/shaiwei_init/data/raw/source=tushare/api=suspend_d/trade_date=20180706/ingest_date=2026-07-15/20260715T062449.239489Z_b46cff1357c74aef8d2a7f373ba838c5.parquet,b56a301e922e929960ef0a97ae32ba58a3d1c0bff92820242f019767fcb1bbdf,automation
e87f3d99cb51,2026-07-15T06:24:50.933000+00:00,tushare.suspend_d,"{""fields"": ""ts_code,trade_date,suspend_timing,suspend_type"", ""trade_date"": ""20180709""}",193,/Users/john/Desktop/shaiwei/shaiwei_init/data/raw/source=tushare/api=suspend_d/trade_date=20180709/ingest_date=2026-07-15/20260715T062450.929004Z_4cc87c82d3ff494d94ec92761c453142.parquet,8d55a5b33196bd1cb1b53b62e5239dcf28833d319a937a4a1e3089a78cb11657,automation
0f8c59767a25,2026-07-15T06:24:52.591350+00:00,tushare.suspend_d,"{""fields"": ""ts_code,trade_date,suspend_timing,suspend_type"", ""trade_date"": ""20180710""}",184,/Users/john/Desktop/shaiwei/shaiwei_init/data/raw/source=tushare/api=suspend_d/trade_date=20180710/ingest_date=2026-07-15/20260715T062452.587250Z_ffcfcab3a3b94821b3ef0dc489dd208d.parquet,7dbc5fadab17e4b252b333d0b1929bfc43f472116caae5eef138966da442fc7a,automation
5653cbb37792,2026-07-15T06:24:54.190406+00:00,tushare.suspend_d,"{""fields"": ""ts_code,trade_date,suspend_timing,suspend_type"", ""trade_date"": ""20180711""}",182,/Users/john/Desktop/shaiwei/shaiwei_init/data/raw/source=tushare/api=suspend_d/trade_date=20180711/ingest_date=2026-07-15/20260715T062454.185794Z_95af05f3253047889dfde6b5e931ceac.parquet,1b8f38f7726285fe39460974661217bf4fff52ab27a54f9aee177a99ff35028a,automation
213ece2d25f5,2026-07-15T06:24:55.800427+00:00,tushare.suspend_d,"{""fields"": ""ts_code,trade_date,suspend_timing,suspend_type"", ""trade_date"": ""20180712""}",185,/Users/john/Desktop/shaiwei/shaiwei_init/data/raw/source=tushare/api=suspend_d/trade_date=20180712/ingest_date=2026-07-15/20260715T062455.794451Z_480c0a0e515b49bea842cd7aa64274ad.parquet,ebced5c6ba06e269920cd94d41a4dd6c370622e1f9551e7bfbe099ee598e6078,automation
fbf4fafa74bd,2026-07-15T06:24:57.536941+00:00,tushare.suspend_d,"{""fields"": ""ts_code,trade_date,suspend_timing,suspend_type"", ""trade_date"": ""20180713""}",180,/Users/john/Desktop/shaiwei/shaiwei_init/data/raw/source=tushare/api=suspend_d/trade_date=20180713/ingest_date=2026-07-15/20260715T062457.532916Z_c99260ab7e3e4a6ea9f3b09a7c3a44fe.parquet,e9f857ec19437b926af63feed3d2ce6c04f83c9d23b3065e23d80c0f8a0aef81,automation
27a55d3472ae,2026-07-15T06:24:59.149036+00:00,tushare.suspend_d,"{""fields"": ""ts_code,trade_date,suspend_timing,suspend_type"", ""trade_date"": ""20180716""}",174,/Users/john/Desktop/shaiwei/shaiwei_init/data/raw/source=tushare/api=suspend_d/trade_date=20180716/ingest_date=2026-07-15/20260715T062459.144307Z_f5fcf31c5c6b4902b39a9116dcead9b0.parquet,3bbc0f68f98f333fffc426171ba06de795e8ac4a86c2d4309046a426f2de2825,automation
a127d62832b6,2026-07-15T06:25:00.846657+00:00,tushare.suspend_d,"{""fields"": ""ts_code,trade_date,suspend_timing,suspend_type"", ""trade_date"": ""20180717""}",166,/Users/john/Desktop/shaiwei/shaiwei_init/data/raw/source=tushare/api=suspend_d/trade_date=20180717/ingest_date=2026-07-15/20260715T062500.842083Z_b5bb0781a29e47949ab183a416fd268b.parquet,4aabf3525edb2deb440b6495b58a31946499b6982e3e4488f37a71d336006bae,automation
bfbfa97f41d6,2026-07-15T06:25:02.500683+00:00,tushare.suspend_d,"{""fields"": ""ts_code,trade_date,suspend_timing,suspend_type"", ""trade_date"": ""20180718""}",163,/Users/john/Desktop/shaiwei/shaiwei_init/data/raw/source=tushare/api=suspend_d/trade_date=20180718/ingest_date=2026-07-15/20260715T062502.496932Z_ae5dd52dbe3c49d8b2db1b4b6378e6f6.parquet,6a73f047b6909824879ab37db787ced58d82bcaef5d2053a7ad4f44fbe0a9a28,automation
8bcc0752592a,2026-07-15T06:25:04.274659+00:00,tushare.suspend_d,"{""fields"": ""ts_code,trade_date,suspend_timing,suspend_type"", ""trade_date"": ""20180719""}",161,/Users/john/Desktop/shaiwei/shaiwei_init/data/raw/source=tushare/api=suspend_d/trade_date=20180719/ingest_date=2026-07-15/20260715T062504.270591Z_bc29b2f53015483890f50781b86f2463.parquet,2d6406c0e6f40507a9d5581b8d50de0aa84910ed11265f7a31ab88eda77d9fe5,automation
0d19f607ff73,2026-07-15T06:25:05.929857+00:00,tushare.suspend_d,"{""fields"": ""ts_code,trade_date,suspend_timing,suspend_type"", ""trade_date"": ""20180720""}",161,/Users/john/Desktop/shaiwei/shaiwei_init/data/raw/source=tushare/api=suspend_d/trade_date=20180720/ingest_date=2026-07-15/20260715T062505.926702Z_6de6bc4be13b4324a5e9c54a11ddeaf1.parquet,0a1f84c0036d86692d0872da5454eb3e65f1e362d35b35c223d353a17438006f,automation
169f37e9c9ac,2026-07-15T06:25:07.621076+00:00,tushare.suspend_d,"{""fields"": ""ts_code,trade_date,suspend_timing,suspend_type"", ""trade_date"": ""20180723""}",155,/Users/john/Desktop/shaiwei/shaiwei_init/data/raw/source=tushare/api=suspend_d/trade_date=20180723/ingest_date=2026-07-15/20260715T062507.616659Z_c3ecc0be77844c9b8eeaa494bae1d425.parquet,a3143f191545ec8b8d2c268c6c13ad8faa00de0a46fb9cb042cbbebe0060314b,automation
022b9b4e3862,2026-07-15T06:25:09.264086+00:00,tushare.suspend_d,"{""fields"": ""ts_code,trade_date,suspend_timing,suspend_type"", ""trade_date"": ""20180724""}",154,/Users/john/Desktop/shaiwei/shaiwei_init/data/raw/source=tushare/api=suspend_d/trade_date=20180724/ingest_date=2026-07-15/20260715T062509.262265Z_1f6335596e7d4043ae5cbdf58217bff2.parquet,76cd2899a4c4a8982dfa0a9ff1dbfa4bfdbe122c2c95a019b1dad5409b860161,automation
69c7a643b88b,2026-07-15T06:25:11.035207+00:00,tushare.suspend_d,"{""fields"": ""ts_code,trade_date,suspend_timing,suspend_type"", ""trade_date"": ""20180725""}",156,/Users/john/Desktop/shaiwei/shaiwei_init/data/raw/source=tushare/api=suspend_d/trade_date=20180725/ingest_date=2026-07-15/20260715T062511.032729Z_9ab984aa859945a5a04a4146922771df.parquet,a9aadd7887cdb4c99161bd23d4df8a82ab63b22396e53feab810ef49ce7f6552,automation
78790e9758cd,2026-07-15T06:25:12.830404+00:00,tushare.suspend_d,"{""fields"": ""ts_code,trade_date,suspend_timing,suspend_type"", ""trade_date"": ""20180726""}",151,/Users/john/Desktop/shaiwei/shaiwei_init/data/raw/source=tushare/api=suspend_d/trade_date=20180726/ingest_date=2026-07-15/20260715T062512.826095Z_100bd918cb33463089c16e3a04226bb1.parquet,5bf121f3490fdfd3598c5cfd7a83c0db333fa3fd8ffc89d5093f523e117280cb,automation
a7d39ebffafb,2026-07-15T06:25:15.629294+00:00,tushare.suspend_d,"{""fields"": ""ts_code,trade_date,suspend_timing,suspend_type"", ""trade_date"": ""20180727""}",153,/Users/john/Desktop/shaiwei/shaiwei_init/data/raw/source=tushare/api=suspend_d/trade_date=20180727/ingest_date=2026-07-15/20260715T062515.625818Z_299fffff4b1845daa83b21ca97f24791.parquet,1c7d8c9dd27edaa7959e4bb8bff7ab164d664ad8bd4e8dfed2450c70c8981b13,automation
ead8d59eb949,2026-07-15T06:25:17.316639+00:00,tushare.suspend_d,"{""fields"": ""ts_code,trade_date,suspend_timing,suspend_type"", ""trade_date"": ""20180730""}",152,/Users/john/Desktop/shaiwei/shaiwei_init/data/raw/source=tushare/api=suspend_d/trade_date=20180730/ingest_date=2026-07-15/20260715T062517.313018Z_1188a25f30cd4578a2826ccea2fff9f6.parquet,f1798e1bfef5d1fa8b6f62af8d81aa9f416d8f9abbc099e7363fa961b0a57215,automation
5c4798938e45,2026-07-15T06:25:18.975902+00:00,tushare.suspend_d,"{""fields"": ""ts_code,trade_date,suspend_timing,suspend_type"", ""trade_date"": ""20180731""}",149,/Users/john/Desktop/shaiwei/shaiwei_init/data/raw/source=tushare/api=suspend_d/trade_date=20180731/ingest_date=2026-07-15/20260715T062518.974249Z_96e71703e1ef49bd90b1bf13c274ce1c.parquet,db3f609d401937a4b68997d978a34b70012a59680591c95bcd0a4535e1757e07,automation
86de386bd587,2026-07-15T06:25:20.695388+00:00,tushare.suspend_d,"{""fields"": ""ts_code,trade_date,suspend_timing,suspend_type"", ""trade_date"": ""20180801""}",144,/Users/john/Desktop/shaiwei/shaiwei_init/data/raw/source=tushare/api=suspend_d/trade_date=20180801/ingest_date=2026-07-15/20260715T062520.691351Z_eda4f6e2521f4088be8337eee66df5d8.parquet,8ef005d3db12d4241d65c73d465e522f8210f57d326cbc3992c38a643b474f76,automation
9c97ade956b1,2026-07-15T06:25:22.769890+00:00,tushare.suspend_d,"{""fields"": ""ts_code,trade_date,suspend_timing,suspend_type"", ""trade_date"": ""20180802""}",140,/Users/john/Desktop/shaiwei/shaiwei_init/data/raw/source=tushare/api=suspend_d/trade_date=20180802/ingest_date=2026-07-15/20260715T062522.765206Z_bce038d16ba446e6ab5b02f77d60325f.parquet,2cd47198aa1023808ba561962f2f98b67c6a538e4a67930f65b8ccd8d5531795,automation
72a82d382660,2026-07-15T06:25:24.441134+00:00,tushare.suspend_d,"{""fields"": ""ts_code,trade_date,suspend_timing,suspend_type"", ""trade_date"": ""20180803""}",138,/Users/john/Desktop/shaiwei/shaiwei_init/data/raw/source=tushare/api=suspend_d/trade_date=20180803/ingest_date=2026-07-15/20260715T062524.437501Z_2d7217cad8b84da99cb006ac08861154.parquet,e32de715918f46fbeebb2562064e30793111be1776c2a9c2660e263a7104d8eb,automation
d891022e816a,2026-07-15T06:25:27.748818+00:00,tushare.suspend_d,"{""fields"": ""ts_code,trade_date,suspend_timing,suspend_type"", ""trade_date"": ""20180806""}",136,/Users/john/Desktop/shaiwei/shaiwei_init/data/raw/source=tushare/api=suspend_d/trade_date=20180806/ingest_date=2026-07-15/20260715T062527.744321Z_b771c89db8c14dfda582659f7ece24b9.parquet,804bc722ebde1fde072a38ed074dfbf356f381106c1b9bc448133422ea3160b8,automation
645de1a1ec40,2026-07-15T06:25:29.373492+00:00,tushare.suspend_d,"{""fields"": ""ts_code,trade_date,suspend_timing,suspend_type"", ""trade_date"": ""20180807""}",132,/Users/john/Desktop/shaiwei/shaiwei_init/data/raw/source=tushare/api=suspend_d/trade_date=20180807/ingest_date=2026-07-15/20260715T062529.369265Z_01b521ac7d3e4698bf9ee3161822789e.parquet,cb53c554f9a13562fab8215750502f0368acc4e397a90a01878e4375129375f4,automation
7ff09d84dc2c,2026-07-15T06:25:31.702872+00:00,tushare.suspend_d,"{""fields"": ""ts_code,trade_date,suspend_timing,suspend_type"", ""trade_date"": ""20180808""}",131,/Users/john/Desktop/shaiwei/shaiwei_init/data/raw/source=tushare/api=suspend_d/trade_date=20180808/ingest_date=2026-07-15/20260715T062531.698720Z_f781c0d3175f42cabb26ed4b108a1631.parquet,c27dc650f83565129d495a7200b639a18a48360d73a9ab98c080ac20274cc1b4,automation
9aab77e90e98,2026-07-15T06:25:33.364115+00:00,tushare.suspend_d,"{""fields"": ""ts_code,trade_date,suspend_timing,suspend_type"", ""trade_date"": ""20180809""}",129,/Users/john/Desktop/shaiwei/shaiwei_init/data/raw/source=tushare/api=suspend_d/trade_date=20180809/ingest_date=2026-07-15/20260715T062533.360550Z_051bd305cc4c4c4c9bb2b09a35f066c2.parquet,a53fdc49525e29064b2ed9a13ce1f96563485b719418051b061ae031954a427d,automation
fd4e47621ad0,2026-07-15T06:25:35.220778+00:00,tushare.suspend_d,"{""fields"": ""ts_code,trade_date,suspend_timing,suspend_type"", ""trade_date"": ""20180810""}",129,/Users/john/Desktop/shaiwei/shaiwei_init/data/raw/source=tushare/api=suspend_d/trade_date=20180810/ingest_date=2026-07-15/20260715T062535.216812Z_eeb2ae5b9a2648b58e23b1f2819bb5b1.parquet,6c4b780051b47f8970d5efe99bd94a9c62eb1aeafb16358b5a230a722e39501f,automation
b7e5b6d07041,2026-07-15T06:25:36.870152+00:00,tushare.suspend_d,"{""fields"": ""ts_code,trade_date,suspend_timing,suspend_type"", ""trade_date"": ""20180813""}",133,/Users/john/Desktop/shaiwei/shaiwei_init/data/raw/source=tushare/api=suspend_d/trade_date=20180813/ingest_date=2026-07-15/20260715T062536.865953Z_bebaa901c0fe4aeeb61f3f0d51d88293.parquet,2e61c958fd5da9b9e194cd932cdfdde29e01289c807657cb4ec60d64bf3fd38d,automation
be3b1a88d917,2026-07-15T06:25:39.127720+00:00,tushare.suspend_d,"{""fields"": ""ts_code,trade_date,suspend_timing,suspend_type"", ""trade_date"": ""20180814""}",130,/Users/john/Desktop/shaiwei/shaiwei_init/data/raw/source=tushare/api=suspend_d/trade_date=20180814/ingest_date=2026-07-15/20260715T062539.124445Z_4743f56aa9fe47c99e4e6348c6f65833.parquet,d92e9fc6a78c725347dc82863555942c0031b092df6be7022ce250f3c475f56f,automation
b0ac837a5720,2026-07-15T06:25:41.835027+00:00,tushare.suspend_d,"{""fields"": ""ts_code,trade_date,suspend_timing,suspend_type"", ""trade_date"": ""20180815""}",129,/Users/john/Desktop/shaiwei/shaiwei_init/data/raw/source=tushare/api=suspend_d/trade_date=20180815/ingest_date=2026-07-15/20260715T062541.831881Z_77603dfbf2e943c8ad639a70b10ed6d3.parquet,92db970e167292869ee968373cf4e0e549e8cd847020bbaa80ab99d514ef8ec4,automation
35d805724ace,2026-07-15T06:25:43.524180+00:00,tushare.suspend_d,"{""fields"": ""ts_code,trade_date,suspend_timing,suspend_type"", ""trade_date"": ""20180816""}",127,/Users/john/Desktop/shaiwei/shaiwei_init/data/raw/source=tushare/api=suspend_d/trade_date=20180816/ingest_date=2026-07-15/20260715T062543.521079Z_c5ef65dca6d04b3e8e8d3dc817d6b38c.parquet,52f0789818fbaf99c417eb66ab674ef4714c4b27557c23476872300074630d1a,automation
9a8c24368f21,2026-07-15T06:25:45.213496+00:00,tushare.suspend_d,"{""fields"": ""ts_code,trade_date,suspend_timing,suspend_type"", ""trade_date"": ""20180817""}",126,/Users/john/Desktop/shaiwei/shaiwei_init/data/raw/source=tushare/api=suspend_d/trade_date=20180817/ingest_date=2026-07-15/20260715T062545.211120Z_beb48693d07e403d86450f36d36c6e8e.parquet,3152b8a5e74bd6a35e38c569a831a5734a8f36802ece39bf38ee791c51d8d00a,automation
84a43d3ef837,2026-07-15T06:25:48.008831+00:00,tushare.suspend_d,"{""fields"": ""ts_code,trade_date,suspend_timing,suspend_type"", ""trade_date"": ""20180820""}",123,/Users/john/Desktop/shaiwei/shaiwei_init/data/raw/source=tushare/api=suspend_d/trade_date=20180820/ingest_date=2026-07-15/20260715T062548.005440Z_a0a6c780f3b84d9ebd3d45e864f4f5bd.parquet,fc88131ba0ce5b60c7cdf8104b199975a2e78b97914a386ebbc5bf15ca50c9ae,automation
b1d2cf9ada26,2026-07-15T06:25:49.725124+00:00,tushare.suspend_d,"{""fields"": ""ts_code,trade_date,suspend_timing,suspend_type"", ""trade_date"": ""20180821""}",120,/Users/john/Desktop/shaiwei/shaiwei_init/data/raw/source=tushare/api=suspend_d/trade_date=20180821/ingest_date=2026-07-15/20260715T062549.721273Z_77b54cada45c4e8a9cec50aed930d916.parquet,5cb6a277ad316c253cdca48deb7ac3c2e0a6ff4946307df31da5d29257eae212,automation
365f0120feec,2026-07-15T06:25:51.356067+00:00,tushare.suspend_d,"{""fields"": ""ts_code,trade_date,suspend_timing,suspend_type"", ""trade_date"": ""20180822""}",117,/Users/john/Desktop/shaiwei/shaiwei_init/data/raw/source=tushare/api=suspend_d/trade_date=20180822/ingest_date=2026-07-15/20260715T062551.352645Z_45d5911355314ef08f385a20743dfce7.parquet,62a40655fa7051cf156d0fc7385029a83f53234953b2e71c92581702a4bb6a2f,automation
d542c0cbb79e,2026-07-15T06:25:53.034367+00:00,tushare.suspend_d,"{""fields"": ""ts_code,trade_date,suspend_timing,suspend_type"", ""trade_date"": ""20180823""}",120,/Users/john/Desktop/shaiwei/shaiwei_init/data/raw/source=tushare/api=suspend_d/trade_date=20180823/ingest_date=2026-07-15/20260715T062553.032804Z_536c8796637e496881904e7e883fb1a4.parquet,9bca5d88a4b3ece5a588fdf5bff958f45571ee150cf2a52f74d6c06933d46c1d,automation
2aa95a2ba36f,2026-07-15T06:25:56.677472+00:00,tushare.suspend_d,"{""fields"": ""ts_code,trade_date,suspend_timing,suspend_type"", ""trade_date"": ""20180824""}",121,/Users/john/Desktop/shaiwei/shaiwei_init/data/raw/source=tushare/api=suspend_d/trade_date=20180824/ingest_date=2026-07-15/20260715T062556.673855Z_27d71c6278474a7d890aa16e5f80a067.parquet,62330ba48916bd9cb3c14d3a1ed2e30c3edef29af3e7178d758bc474e38e6402,automation
dc199fc5f327,2026-07-15T06:25:58.294231+00:00,tushare.suspend_d,"{""fields"": ""ts_code,trade_date,suspend_timing,suspend_type"", ""trade_date"": ""20180827""}",116,/Users/john/Desktop/shaiwei/shaiwei_init/data/raw/source=tushare/api=suspend_d/trade_date=20180827/ingest_date=2026-07-15/20260715T062558.290392Z_e927434d8ffe4ff5862b4b61a0af48b4.parquet,1ffc37932ba40052b3c8ae407637e8233fbb927ccd42c9020d8abe9e24367d5e,automation
bb3571c4f451,2026-07-15T06:25:59.959381+00:00,tushare.suspend_d,"{""fields"": ""ts_code,trade_date,suspend_timing,suspend_type"", ""trade_date"": ""20180828""}",119,/Users/john/Desktop/shaiwei/shaiwei_init/data/raw/source=tushare/api=suspend_d/trade_date=20180828/ingest_date=2026-07-15/20260715T062559.955840Z_193fd838a76c44548c1bf10fae235b3c.parquet,aaf994b25abaaa355b4222e51cf4a1d0408221fbe0ccbded83dcf0903d234320,automation
1289954c316c,2026-07-15T06:26:02.028499+00:00,tushare.suspend_d,"{""fields"": ""ts_code,trade_date,suspend_timing,suspend_type"", ""trade_date"": ""20180829""}",112,/Users/john/Desktop/shaiwei/shaiwei_init/data/raw/source=tushare/api=suspend_d/trade_date=20180829/ingest_date=2026-07-15/20260715T062602.024367Z_80c38c4e986944ca8e9a3b6fb8da71d1.parquet,5ee14c81468066f5eda6c528fdf1a5f55a33a1fc94c3af72c81d45e6676adc66,automation
562fd8844006,2026-07-15T06:26:03.670876+00:00,tushare.suspend_d,"{""fields"": ""ts_code,trade_date,suspend_timing,suspend_type"", ""trade_date"": ""20180830""}",117,/Users/john/Desktop/shaiwei/shaiwei_init/data/raw/source=tushare/api=suspend_d/trade_date=20180830/ingest_date=2026-07-15/20260715T062603.667593Z_4d593f02366c452f92d7f3f915e54ff4.parquet,0f536c22444907ca085598ce6f16eb54cc75774a73819405d6586cdc5829aaf2,automation
274db422ea03,2026-07-15T06:26:05.380277+00:00,tushare.suspend_d,"{""fields"": ""ts_code,trade_date,suspend_timing,suspend_type"", ""trade_date"": ""20180831""}",112,/Users/john/Desktop/shaiwei/shaiwei_init/data/raw/source=tushare/api=suspend_d/trade_date=20180831/ingest_date=2026-07-15/20260715T062605.376276Z_e11a1967ed834e7dba0552fb3b64b03d.parquet,99781bdd370237066275a6959ae41d4e807a4fcc2fde50210917850df85490ec,automation
34314c01a822,2026-07-15T06:26:07.380452+00:00,tushare.suspend_d,"{""fields"": ""ts_code,trade_date,suspend_timing,suspend_type"", ""trade_date"": ""20180903""}",110,/Users/john/Desktop/shaiwei/shaiwei_init/data/raw/source=tushare/api=suspend_d/trade_date=20180903/ingest_date=2026-07-15/20260715T062607.376298Z_fad34cfb93424f96ba752577f8472b93.parquet,53638e6a0a15cf212eac160bbd4dbb67afdea8efff4f5112312077d82d1b07f2,automation
69fd307a4fc4,2026-07-15T06:26:09.572181+00:00,tushare.suspend_d,"{""fields"": ""ts_code,trade_date,suspend_timing,suspend_type"", ""trade_date"": ""20180904""}",108,/Users/john/Desktop/shaiwei/shaiwei_init/data/raw/source=tushare/api=suspend_d/trade_date=20180904/ingest_date=2026-07-15/20260715T062609.567742Z_12741f6a23b44e558d885cc52b9cbdee.parquet,fdaf77a5d853e79fe83f2972329dcdc58d9bcaddc7b147a8327649a2c77558cd,automation
c1604159ad30,2026-07-15T06:26:11.218046+00:00,tushare.suspend_d,"{""fields"": ""ts_code,trade_date,suspend_timing,suspend_type"", ""trade_date"": ""20180905""}",108,/Users/john/Desktop/shaiwei/shaiwei_init/data/raw/source=tushare/api=suspend_d/trade_date=20180905/ingest_date=2026-07-15/20260715T062611.214631Z_8eea84def943431fb2394bd8f254ba51.parquet,a361ef88e3c8b4003a595874f85737fc3ee8d574f1362806f268b5cfdb34abfa,automation
d02322baac68,2026-07-15T06:26:12.838352+00:00,tushare.suspend_d,"{""fields"": ""ts_code,trade_date,suspend_timing,suspend_type"", ""trade_date"": ""20180906""}",110,/Users/john/Desktop/shaiwei/shaiwei_init/data/raw/source=tushare/api=suspend_d/trade_date=20180906/ingest_date=2026-07-15/20260715T062612.830882Z_a582cdfa8d6843069eb8337b2fdfe017.parquet,5cc79c851e424f912fe620a51115c5d6352fad7c9530f6f8ff6358a1e64303a1,automation
8f0c8e6cb3cb,2026-07-15T06:26:14.766118+00:00,tushare.suspend_d,"{""fields"": ""ts_code,trade_date,suspend_timing,suspend_type"", ""trade_date"": ""20180907""}",111,/Users/john/Desktop/shaiwei/shaiwei_init/data/raw/source=tushare/api=suspend_d/trade_date=20180907/ingest_date=2026-07-15/20260715T062614.762494Z_64cdc38f772a4e9e915cb174ede862a5.parquet,88cda2fd7ed091558d9b647bed7c83e329e308282f7256b636dfb7a59673f267,automation
5d551380086b,2026-07-15T06:26:16.389230+00:00,tushare.suspend_d,"{""fields"": ""ts_code,trade_date,suspend_timing,suspend_type"", ""trade_date"": ""20180910""}",118,/Users/john/Desktop/shaiwei/shaiwei_init/data/raw/source=tushare/api=suspend_d/trade_date=20180910/ingest_date=2026-07-15/20260715T062616.385562Z_70ae41df7c3c409a930fff6821b48ae6.parquet,dbe77ff1f87294cf0703bd637d55891a9b1045c1913f62e0a3df19941b879276,automation
91f0ce8c99cd,2026-07-15T06:26:19.079597+00:00,tushare.suspend_d,"{""fields"": ""ts_code,trade_date,suspend_timing,suspend_type"", ""trade_date"": ""20180911""}",112,/Users/john/Desktop/shaiwei/shaiwei_init/data/raw/source=tushare/api=suspend_d/trade_date=20180911/ingest_date=2026-07-15/20260715T062619.075746Z_ebe89177ca054900ba0e04a26dc694bc.parquet,8aa426f95dbe01bed197c31af2667ddf72a0002d3650f53dd0e6e736468e7552,automation
8a44476d8bb3,2026-07-15T06:26:20.705544+00:00,tushare.suspend_d,"{""fields"": ""ts_code,trade_date,suspend_timing,suspend_type"", ""trade_date"": ""20180912""}",110,/Users/john/Desktop/shaiwei/shaiwei_init/data/raw/source=tushare/api=suspend_d/trade_date=20180912/ingest_date=2026-07-15/20260715T062620.699250Z_88449fe546b14b3d867bc79a47ab130e.parquet,c834d2e28660c5275783786cf3c2e594af0a09171d9a54de89d034edd32107cb,automation
8fea4478a2d9,2026-07-15T06:26:23.710000+00:00,tushare.suspend_d,"{""fields"": ""ts_code,trade_date,suspend_timing,suspend_type"", ""trade_date"": ""20180913""}",112,/Users/john/Desktop/shaiwei/shaiwei_init/data/raw/source=tushare/api=suspend_d/trade_date=20180913/ingest_date=2026-07-15/20260715T062623.705818Z_6846f4ee849e49d98e96538e660eedc9.parquet,3bcb5aa07bc87bb31202aebea9a95b06adcd7433977e40cd80fdce6690880bba,automation
ef2c05a3301b,2026-07-15T06:26:27.755457+00:00,tushare.suspend_d,"{""fields"": ""ts_code,trade_date,suspend_timing,suspend_type"", ""trade_date"": ""20180914""}",104,/Users/john/Desktop/shaiwei/shaiwei_init/data/raw/source=tushare/api=suspend_d/trade_date=20180914/ingest_date=2026-07-15/20260715T062627.750737Z_5b1ad341d7fb4cf9958089f7671c6ffd.parquet,01bfdece6cdad8bc7b0f6e5035808bfde53070d1acf3609bb1751e0caa5420ce,automation
156c13d468e5,2026-07-15T06:26:29.418737+00:00,tushare.suspend_d,"{""fields"": ""ts_code,trade_date,suspend_timing,suspend_type"", ""trade_date"": ""20180917""}",106,/Users/john/Desktop/shaiwei/shaiwei_init/data/raw/source=tushare/api=suspend_d/trade_date=20180917/ingest_date=2026-07-15/20260715T062629.415461Z_cc1f04c8782844c4ae85d6393a493798.parquet,e3e7761f902cdfee2348c8ae08e28bf3272f8fff72e52fb4f4914ed801a4ecb3,automation
432719f94a8d,2026-07-15T06:26:31.011415+00:00,tushare.suspend_d,"{""fields"": ""ts_code,trade_date,suspend_timing,suspend_type"", ""trade_date"": ""20180918""}",105,/Users/john/Desktop/shaiwei/shaiwei_init/data/raw/source=tushare/api=suspend_d/trade_date=20180918/ingest_date=2026-07-15/20260715T062631.007158Z_193a2452c0fc488aad57a85fc8465463.parquet,1e4f652578270480e16d3f7092f23dfd079579423b84328e85fec42815f4ce68,automation
fbf2a758b5ae,2026-07-15T06:26:32.874847+00:00,tushare.suspend_d,"{""fields"": ""ts_code,trade_date,suspend_timing,suspend_type"", ""trade_date"": ""20180919""}",107,/Users/john/Desktop/shaiwei/shaiwei_init/data/raw/source=tushare/api=suspend_d/trade_date=20180919/ingest_date=2026-07-15/20260715T062632.870943Z_8261c365fd464ebabe8d75cd41c2f4fd.parquet,dc6f40c770e606f7d8794d6291f5eb2e4a980d4843e968e0ed0f6edf452fa18b,automation
4c81d06df639,2026-07-15T06:26:34.570399+00:00,tushare.suspend_d,"{""fields"": ""ts_code,trade_date,suspend_timing,suspend_type"", ""trade_date"": ""20180920""}",102,/Users/john/Desktop/shaiwei/shaiwei_init/data/raw/source=tushare/api=suspend_d/trade_date=20180920/ingest_date=2026-07-15/20260715T062634.565085Z_9eb123cf8ba74fb98b25a7f653ac086e.parquet,eeb390064dd1b13ef7f71c57af6c040317eabb3daf6a1f0260d097e471fe80f1,automation
14d2f509df6c,2026-07-15T06:26:37.836578+00:00,tushare.suspend_d,"{""fields"": ""ts_code,trade_date,suspend_timing,suspend_type"", ""trade_date"": ""20180921""}",101,/Users/john/Desktop/shaiwei/shaiwei_init/data/raw/source=tushare/api=suspend_d/trade_date=20180921/ingest_date=2026-07-15/20260715T062637.833563Z_fc1f9aa7e04241c98e67f97db54b7d9d.parquet,25b4275f371bde42658aa1d8b4da2a16683d2c5562799d2a92123da34091e292,automation
e4e9c9372aa9,2026-07-15T06:26:39.516904+00:00,tushare.suspend_d,"{""fields"": ""ts_code,trade_date,suspend_timing,suspend_type"", ""trade_date"": ""20180925""}",98,/Users/john/Desktop/shaiwei/shaiwei_init/data/raw/source=tushare/api=suspend_d/trade_date=20180925/ingest_date=2026-07-15/20260715T062639.513594Z_455f5368eeca4929b8b635cf2b5ced74.parquet,3bbecc810b9332139dd356321239c8ed6c692e7524f40fffe11eb99e15f1ce22,automation
b7bea8d9b584,2026-07-15T06:26:41.163380+00:00,tushare.suspend_d,"{""fields"": ""ts_code,trade_date,suspend_timing,suspend_type"", ""trade_date"": ""20180926""}",92,/Users/john/Desktop/shaiwei/shaiwei_init/data/raw/source=tushare/api=suspend_d/trade_date=20180926/ingest_date=2026-07-15/20260715T062641.159505Z_89224efeb2c5460db3c50293eaa838de.parquet,43cf3ffc316f69a8d9182d2c4e969884d8bcc8ae4d0aff41e9f7fffb04b98ad2,automation
848ff3f0c515,2026-07-15T06:26:43.811762+00:00,tushare.suspend_d,"{""fields"": ""ts_code,trade_date,suspend_timing,suspend_type"", ""trade_date"": ""20180927""}",94,/Users/john/Desktop/shaiwei/shaiwei_init/data/raw/source=tushare/api=suspend_d/trade_date=20180927/ingest_date=2026-07-15/20260715T062643.808407Z_a9bbcce9639047e9ae698d1234457589.parquet,b818b44d998ac3c4c2aec76a22a0a662648a185f4fdfa1f58bd8451323279858,automation
0c2912e4e066,2026-07-15T06:26:46.694726+00:00,tushare.suspend_d,"{""fields"": ""ts_code,trade_date,suspend_timing,suspend_type"", ""trade_date"": ""20180928""}",90,/Users/john/Desktop/shaiwei/shaiwei_init/data/raw/source=tushare/api=suspend_d/trade_date=20180928/ingest_date=2026-07-15/20260715T062646.690903Z_62bec00bdd434a31858c769e2bcfc3ec.parquet,a951dd4de36484b0ba081291463311a27f3c90d9df40e714ab042a68b9fc0e86,automation
b2268b3ee0dd,2026-07-15T06:26:48.276462+00:00,tushare.suspend_d,"{""fields"": ""ts_code,trade_date,suspend_timing,suspend_type"", ""trade_date"": ""20181008""}",94,/Users/john/Desktop/shaiwei/shaiwei_init/data/raw/source=tushare/api=suspend_d/trade_date=20181008/ingest_date=2026-07-15/20260715T062648.272890Z_40eff27907e84f0c9ed92c54cd2793a8.parquet,7dbca33229a8981f424d5010d4ea6b7881bb205c67f05abf2f97c6528d650955,automation
f44c16c38456,2026-07-15T06:26:49.908256+00:00,tushare.suspend_d,"{""fields"": ""ts_code,trade_date,suspend_timing,suspend_type"", ""trade_date"": ""20181009""}",92,/Users/john/Desktop/shaiwei/shaiwei_init/data/raw/source=tushare/api=suspend_d/trade_date=20181009/ingest_date=2026-07-15/20260715T062649.905304Z_9fd677dec80b474aba10eb31b7b7a9cb.parquet,67d702462e8de150140456ae93356776835298b0f6d9c4968c2c332451a25717,automation
a360713aba98,2026-07-15T06:26:53.903721+00:00,tushare.suspend_d,"{""fields"": ""ts_code,trade_date,suspend_timing,suspend_type"", ""trade_date"": ""20181010""}",83,/Users/john/Desktop/shaiwei/shaiwei_init/data/raw/source=tushare/api=suspend_d/trade_date=20181010/ingest_date=2026-07-15/20260715T062653.901117Z_c403c444938e427cacc4b5cb59f92aff.parquet,52ca05d0202fb0182dfa32095841374d09a7fdfbca4dd94ce1fbc2c808fa2646,automation
60315f8bd79c,2026-07-15T06:26:56.964749+00:00,tushare.suspend_d,"{""fields"": ""ts_code,trade_date,suspend_timing,suspend_type"", ""trade_date"": ""20181011""}",83,/Users/john/Desktop/shaiwei/shaiwei_init/data/raw/source=tushare/api=suspend_d/trade_date=20181011/ingest_date=2026-07-15/20260715T062656.961140Z_ffc3e71f80ed48379040f8ab40ce9fef.parquet,c4b7f3bdd32affe751597e23789fc1b035aa0365d49a3a988f032f2be8ff49e9,automation
2677254868d1,2026-07-15T06:26:58.617042+00:00,tushare.suspend_d,"{""fields"": ""ts_code,trade_date,suspend_timing,suspend_type"", ""trade_date"": ""20181012""}",80,/Users/john/Desktop/shaiwei/shaiwei_init/data/raw/source=tushare/api=suspend_d/trade_date=20181012/ingest_date=2026-07-15/20260715T062658.613618Z_46e3312e9aa04768b3a9ad7921d2416c.parquet,28ed3784f2901001e01cc82dc77b8d9c1079611f049f548a871f94b63036be77,automation
abefd3cddfd8,2026-07-15T06:27:01.295279+00:00,tushare.suspend_d,"{""fields"": ""ts_code,trade_date,suspend_timing,suspend_type"", ""trade_date"": ""20181015""}",80,/Users/john/Desktop/shaiwei/shaiwei_init/data/raw/source=tushare/api=suspend_d/trade_date=20181015/ingest_date=2026-07-15/20260715T062701.291371Z_9f62a77443504d58b0287b170a76a7ea.parquet,f258c12dd6be2e8fa00dcc4ebf1707aaced299f2fa3e424ee852b5475ab43de9,automation
9875dbd7e74f,2026-07-15T06:27:02.921702+00:00,tushare.suspend_d,"{""fields"": ""ts_code,trade_date,suspend_timing,suspend_type"", ""trade_date"": ""20181016""}",79,/Users/john/Desktop/shaiwei/shaiwei_init/data/raw/source=tushare/api=suspend_d/trade_date=20181016/ingest_date=2026-07-15/20260715T062702.919015Z_2b4ec1b482264a319d5ac119d776a61b.parquet,8a3bfe454fb388c80b10571da87404b2437cdcf2b5db2c8a244dd3fc85397cef,automation
c13aa4569076,2026-07-15T06:27:05.859054+00:00,tushare.suspend_d,"{""fields"": ""ts_code,trade_date,suspend_timing,suspend_type"", ""trade_date"": ""20181017""}",75,/Users/john/Desktop/shaiwei/shaiwei_init/data/raw/source=tushare/api=suspend_d/trade_date=20181017/ingest_date=2026-07-15/20260715T062705.855711Z_a1547b73df4d4f1ab8a93ec68c70fdd2.parquet,55d76ce54c8b2276baa08f2d12c159d2d9147b28e80965e49d796f074f4ed713,automation
8daeb9cc085d,2026-07-15T06:27:07.482939+00:00,tushare.suspend_d,"{""fields"": ""ts_code,trade_date,suspend_timing,suspend_type"", ""trade_date"": ""20181018""}",76,/Users/john/Desktop/shaiwei/shaiwei_init/data/raw/source=tushare/api=suspend_d/trade_date=20181018/ingest_date=2026-07-15/20260715T062707.480017Z_d2a07f8d46364fd0aa5c86d0e85e6391.parquet,9dedebef0c343e00f22ba88e0d6d06d8d64d347fbf97674ff56eff5ce1eab64d,automation
106b6c7d6a93,2026-07-15T06:27:10.105160+00:00,tushare.suspend_d,"{""fields"": ""ts_code,trade_date,suspend_timing,suspend_type"", ""trade_date"": ""20181019""}",86,/Users/john/Desktop/shaiwei/shaiwei_init/data/raw/source=tushare/api=suspend_d/trade_date=20181019/ingest_date=2026-07-15/20260715T062710.101324Z_8c70293158e6455dbccae2c57c4cc10e.parquet,4e8a12f501d50af1a4b994143e3695dc3155d6c49c14e54b5634b752d3ac6dfb,automation
7d52f1719bac,2026-07-15T06:27:12.781265+00:00,tushare.suspend_d,"{""fields"": ""ts_code,trade_date,suspend_timing,suspend_type"", ""trade_date"": ""20181022""}",86,/Users/john/Desktop/shaiwei/shaiwei_init/data/raw/source=tushare/api=suspend_d/trade_date=20181022/ingest_date=2026-07-15/20260715T062712.777188Z_590d7b0858e348b59d221538d2d2cb2d.parquet,66369ea0abbf7b3ed7dddc6708291b0473c8f44b63efc17ebf7448ea440e4b9b,automation
01d8264e9f85,2026-07-15T06:27:14.475132+00:00,tushare.suspend_d,"{""fields"": ""ts_code,trade_date,suspend_timing,suspend_type"", ""trade_date"": ""20181023""}",86,/Users/john/Desktop/shaiwei/shaiwei_init/data/raw/source=tushare/api=suspend_d/trade_date=20181023/ingest_date=2026-07-15/20260715T062714.471136Z_a31614138439418ca3900915256380a7.parquet,f6dcaa5f1aa0c50f416f6034e1ff19930c47dc3353aa65af5ffad34eadebc00c,automation
939e6b654310,2026-07-15T06:27:16.070154+00:00,tushare.suspend_d,"{""fields"": ""ts_code,trade_date,suspend_timing,suspend_type"", ""trade_date"": ""20181024""}",92,/Users/john/Desktop/shaiwei/shaiwei_init/data/raw/source=tushare/api=suspend_d/trade_date=20181024/ingest_date=2026-07-15/20260715T062716.066669Z_73109eab44b944d0a74cfbce4c887595.parquet,2750bffc83c7d5feeb9c5a28b3822df0ecc67939b738f81f4fb96faeb718b03c,automation
7174d57854bb,2026-07-15T06:27:17.684272+00:00,tushare.suspend_d,"{""fields"": ""ts_code,trade_date,suspend_timing,suspend_type"", ""trade_date"": ""20181025""}",91,/Users/john/Desktop/shaiwei/shaiwei_init/data/raw/source=tushare/api=suspend_d/trade_date=20181025/ingest_date=2026-07-15/20260715T062717.680614Z_be6ea287128349b4abe61672ac2fbe60.parquet,28de51e1b45c0a9dfa2d834d71f5f1261e6a7bab29a35125c1473ae76726f529,automation
40567885b79c,2026-07-15T06:27:19.323026+00:00,tushare.suspend_d,"{""fields"": ""ts_code,trade_date,suspend_timing,suspend_type"", ""trade_date"": ""20181026""}",95,/Users/john/Desktop/shaiwei/shaiwei_init/data/raw/source=tushare/api=suspend_d/trade_date=20181026/ingest_date=2026-07-15/20260715T062719.318201Z_59bcfd4139514490899287c5655cc07f.parquet,d439ca67ca01c9ad007deb116c7a5572ec4d755251d0c418bbff45358c50e074,automation
f529a01074c5,2026-07-15T06:27:20.943191+00:00,tushare.suspend_d,"{""fields"": ""ts_code,trade_date,suspend_timing,suspend_type"", ""trade_date"": ""20181029""}",90,/Users/john/Desktop/shaiwei/shaiwei_init/data/raw/source=tushare/api=suspend_d/trade_date=20181029/ingest_date=2026-07-15/20260715T062720.939819Z_0cf59234aa4f49d1b3936cd6009f15aa.parquet,36f33508c0ff4b8422cd9a41750e91243937eda71ddc3fda826cfe97a9dc9515,automation
ab904ecdbdf1,2026-07-15T06:27:22.566197+00:00,tushare.suspend_d,"{""fields"": ""ts_code,trade_date,suspend_timing,suspend_type"", ""trade_date"": ""20181030""}",83,/Users/john/Desktop/shaiwei/shaiwei_init/data/raw/source=tushare/api=suspend_d/trade_date=20181030/ingest_date=2026-07-15/20260715T062722.562795Z_21d58033e4ef4e1cab99708577ec6e3c.parquet,a16c63930131bad600245a8598d0e609d28c089855c938686d4358fd7299c217,automation
dca750e4246b,2026-07-15T06:27:24.146874+00:00,tushare.suspend_d,"{""fields"": ""ts_code,trade_date,suspend_timing,suspend_type"", ""trade_date"": ""20181031""}",85,/Users/john/Desktop/shaiwei/shaiwei_init/data/raw/source=tushare/api=suspend_d/trade_date=20181031/ingest_date=2026-07-15/20260715T062724.142549Z_3c416b46a0e14c1bb67528351ac9dc3e.parquet,4364971ec6a987d3d166791410ccf3d46387decf94a8f988342428cedeeed7fb,automation
30f1d55ebe5b,2026-07-15T06:27:25.814061+00:00,tushare.suspend_d,"{""fields"": ""ts_code,trade_date,suspend_timing,suspend_type"", ""trade_date"": ""20181101""}",86,/Users/john/Desktop/shaiwei/shaiwei_init/data/raw/source=tushare/api=suspend_d/trade_date=20181101/ingest_date=2026-07-15/20260715T062725.809194Z_8950b7fed56145ffbbad3c238aa92898.parquet,0e7c067b078ed413afef3629d5c3dfc4ce099f2ea8e842cf5bc18b53311f2235,automation
78d14e2469d0,2026-07-15T06:27:28.795441+00:00,tushare.suspend_d,"{""fields"": ""ts_code,trade_date,suspend_timing,suspend_type"", ""trade_date"": ""20181102""}",86,/Users/john/Desktop/shaiwei/shaiwei_init/data/raw/source=tushare/api=suspend_d/trade_date=20181102/ingest_date=2026-07-15/20260715T062728.790938Z_be4392f0dd4a427eb76e846ebaeb099e.parquet,30dacf11a886c64231eeb0ed43417a4cdbeb86038ad013e2c61b861c1d8462a2,automation
65d298d945ef,2026-07-15T06:27:32.752604+00:00,tushare.suspend_d,"{""fields"": ""ts_code,trade_date,suspend_timing,suspend_type"", ""trade_date"": ""20181105""}",81,/Users/john/Desktop/shaiwei/shaiwei_init/data/raw/source=tushare/api=suspend_d/trade_date=20181105/ingest_date=2026-07-15/20260715T062732.748926Z_a9d926ec22684a209299ddfd4ef0e954.parquet,50cb27881d72d79b980920227afb43749ab676924a744d1ddf80e691d00fe3a4,automation
8929e5ef92e1,2026-07-15T06:27:34.448631+00:00,tushare.suspend_d,"{""fields"": ""ts_code,trade_date,suspend_timing,suspend_type"", ""trade_date"": ""20181106""}",73,/Users/john/Desktop/shaiwei/shaiwei_init/data/raw/source=tushare/api=suspend_d/trade_date=20181106/ingest_date=2026-07-15/20260715T062734.445365Z_6606365a929e48bf9ffd27ab9178c875.parquet,98cec4e728effc62cb206c4394262d3ef0ef0702f2850fda54e2f1f5ff9af8cc,automation
444a8d4d21c1,2026-07-15T06:27:36.074447+00:00,tushare.suspend_d,"{""fields"": ""ts_code,trade_date,suspend_timing,suspend_type"", ""trade_date"": ""20181107""}",73,/Users/john/Desktop/shaiwei/shaiwei_init/data/raw/source=tushare/api=suspend_d/trade_date=20181107/ingest_date=2026-07-15/20260715T062736.070189Z_3bc05055f18c470d8e32246bb243b120.parquet,3d24eca768832adae410880a1f9ddbf4d59eb15feb86f62ef49201b77a2fcf55,automation
c95f6f8602a6,2026-07-15T06:27:39.094757+00:00,tushare.suspend_d,"{""fields"": ""ts_code,trade_date,suspend_timing,suspend_type"", ""trade_date"": ""20181108""}",69,/Users/john/Desktop/shaiwei/shaiwei_init/data/raw/source=tushare/api=suspend_d/trade_date=20181108/ingest_date=2026-07-15/20260715T062739.091868Z_97fd71c1422644878dfd4ff78f15c7e0.parquet,10c87517ba0f201e338b71cb643f2191771a5f4838e7ef8d90848a49b0b0ca9f,automation
3df2e9dc19e1,2026-07-15T06:27:41.283561+00:00,tushare.suspend_d,"{""fields"": ""ts_code,trade_date,suspend_timing,suspend_type"", ""trade_date"": ""20181109""}",68,/Users/john/Desktop/shaiwei/shaiwei_init/data/raw/source=tushare/api=suspend_d/trade_date=20181109/ingest_date=2026-07-15/20260715T062741.279081Z_3d04dbbd02e04975bce237c54a321281.parquet,dfd1fdded75ef738d68f00317634e50b325ba98376536cbf434bfc756f438103,automation
83ed6b19e3e4,2026-07-15T06:27:43.065027+00:00,tushare.suspend_d,"{""fields"": ""ts_code,trade_date,suspend_timing,suspend_type"", ""trade_date"": ""20181112""}",66,/Users/john/Desktop/shaiwei/shaiwei_init/data/raw/source=tushare/api=suspend_d/trade_date=20181112/ingest_date=2026-07-15/20260715T062743.058329Z_fbe001d7198f424b991dde6fcd893585.parquet,089d5bfdedfdac99c8489bda2adb5371608cb6f91a288836fb626f9eab552b38,automation
430966d2ca9e,2026-07-15T06:27:44.703517+00:00,tushare.suspend_d,"{""fields"": ""ts_code,trade_date,suspend_timing,suspend_type"", ""trade_date"": ""20181113""}",60,/Users/john/Desktop/shaiwei/shaiwei_init/data/raw/source=tushare/api=suspend_d/trade_date=20181113/ingest_date=2026-07-15/20260715T062744.699434Z_57a64c013a9d4091b31ee0b86ccb1872.parquet,1ad0b8eaad48712ece64a5d9e79e9c89d2c17fd24ee22126a157686f1e43097b,automation
4e1cef98607a,2026-07-15T06:27:46.346689+00:00,tushare.suspend_d,"{""fields"": ""ts_code,trade_date,suspend_timing,suspend_type"", ""trade_date"": ""20181114""}",58,/Users/john/Desktop/shaiwei/shaiwei_init/data/raw/source=tushare/api=suspend_d/trade_date=20181114/ingest_date=2026-07-15/20260715T062746.343412Z_3e881440ebcb4d48996fc2ba0495a7f6.parquet,613b629f57dff137bc744a9bd6fe121187ab96fa78c4565977ddb4bb8b3a9e3f,automation
d21f5c459199,2026-07-15T06:27:49.300187+00:00,tushare.suspend_d,"{""fields"": ""ts_code,trade_date,suspend_timing,suspend_type"", ""trade_date"": ""20181115""}",57,/Users/john/Desktop/shaiwei/shaiwei_init/data/raw/source=tushare/api=suspend_d/trade_date=20181115/ingest_date=2026-07-15/20260715T062749.295045Z_af73fc54945f4aaf86b9824c2359284b.parquet,102518f6a0f9f75895ff8098e84573522793ffdb70c8654c4d3786f8f7c23369,automation
996edb449a69,2026-07-15T06:27:53.242258+00:00,tushare.suspend_d,"{""fields"": ""ts_code,trade_date,suspend_timing,suspend_type"", ""trade_date"": ""20181116""}",52,/Users/john/Desktop/shaiwei/shaiwei_init/data/raw/source=tushare/api=suspend_d/trade_date=20181116/ingest_date=2026-07-15/20260715T062753.237491Z_d335e05ebfde4163961cf57555855048.parquet,d896028427112bf69fc00d08fc749ccd3411574a289351818ff7eb90ebfd5422,automation
9bcb25613bd6,2026-07-15T06:27:56.130042+00:00,tushare.suspend_d,"{""fields"": ""ts_code,trade_date,suspend_timing,suspend_type"", ""trade_date"": ""20181119""}",49,/Users/john/Desktop/shaiwei/shaiwei_init/data/raw/source=tushare/api=suspend_d/trade_date=20181119/ingest_date=2026-07-15/20260715T062756.123216Z_de8ed89b09e6458abf45c6e32fcf87bf.parquet,570fc576be6e5c89f5eebe7d4edcc9be4e27c63ce6a08fe55867985af40c14ab,automation
eab194ac8b04,2026-07-15T06:27:58.224310+00:00,tushare.suspend_d,"{""fields"": ""ts_code,trade_date,suspend_timing,suspend_type"", ""trade_date"": ""20181120""}",48,/Users/john/Desktop/shaiwei/shaiwei_init/data/raw/source=tushare/api=suspend_d/trade_date=20181120/ingest_date=2026-07-15/20260715T062758.220953Z_ba3e9575366944379cd8e8cae7f4c239.parquet,0b512ee852fdfa833b9d2a48488e97d0b020d1de560b3f2dcc9430770476e5bc,automation
c4b2a175687f,2026-07-15T06:28:00.506069+00:00,tushare.suspend_d,"{""fields"": ""ts_code,trade_date,suspend_timing,suspend_type"", ""trade_date"": ""20181121""}",49,/Users/john/Desktop/shaiwei/shaiwei_init/data/raw/source=tushare/api=suspend_d/trade_date=20181121/ingest_date=2026-07-15/20260715T062800.501494Z_3e1fec5db13042b29886c89d9461f2ef.parquet,50e5a2d128f2abf02a273c4403489b02bd991bf517421061c5173d2b9ad44210,automation
5313c56f78ce,2026-07-15T06:28:02.112538+00:00,tushare.suspend_d,"{""fields"": ""ts_code,trade_date,suspend_timing,suspend_type"", ""trade_date"": ""20181122""}",47,/Users/john/Desktop/shaiwei/shaiwei_init/data/raw/source=tushare/api=suspend_d/trade_date=20181122/ingest_date=2026-07-15/20260715T062802.108978Z_4a98ba82d2c742a9a714f1842a372cec.parquet,166fb8b11f0b3555595b7a42c75aa3a84da1d24bd7676e95b46ab6dca3383f54,automation
af93b7e3e2bc,2026-07-15T06:28:04.248177+00:00,tushare.suspend_d,"{""fields"": ""ts_code,trade_date,suspend_timing,suspend_type"", ""trade_date"": ""20181123""}",42,/Users/john/Desktop/shaiwei/shaiwei_init/data/raw/source=tushare/api=suspend_d/trade_date=20181123/ingest_date=2026-07-15/20260715T062804.243770Z_9ed22064a19840368441f146fee0bf41.parquet,c19a9af0ab8923af9312f07e2c256e475211c032bc83bff5fa95935941e7ddf6,automation
e1569b0ee518,2026-07-15T06:28:06.924356+00:00,tushare.suspend_d,"{""fields"": ""ts_code,trade_date,suspend_timing,suspend_type"", ""trade_date"": ""20181126""}",43,/Users/john/Desktop/shaiwei/shaiwei_init/data/raw/source=tushare/api=suspend_d/trade_date=20181126/ingest_date=2026-07-15/20260715T062806.921047Z_92d84cb449224e8188d2b969e96ee0cb.parquet,20a91bc8477117df58f5f408dbf9b3ba71423bd290a828a598470798bb238643,automation
17998baf3145,2026-07-15T06:28:08.575295+00:00,tushare.suspend_d,"{""fields"": ""ts_code,trade_date,suspend_timing,suspend_type"", ""trade_date"": ""20181127""}",44,/Users/john/Desktop/shaiwei/shaiwei_init/data/raw/source=tushare/api=suspend_d/trade_date=20181127/ingest_date=2026-07-15/20260715T062808.571789Z_f257566f806c4236b629d6b014e3b823.parquet,b516210e6c38410bb6d26059a9c6a49a0abd3a43afc707745affb0bda378f4c9,automation
58cb8c19e89d,2026-07-15T06:28:10.224803+00:00,tushare.suspend_d,"{""fields"": ""ts_code,trade_date,suspend_timing,suspend_type"", ""trade_date"": ""20181128""}",41,/Users/john/Desktop/shaiwei/shaiwei_init/data/raw/source=tushare/api=suspend_d/trade_date=20181128/ingest_date=2026-07-15/20260715T062810.220550Z_329f714ec0aa40b985dd55c1cfc59b81.parquet,778dbc0883ea8541f4550318fad514a051c1df19fa1d8e1ec48b6a7c65861db8,automation
de97cf7487f0,2026-07-15T06:28:13.413192+00:00,tushare.suspend_d,"{""fields"": ""ts_code,trade_date,suspend_timing,suspend_type"", ""trade_date"": ""20181129""}",38,/Users/john/Desktop/shaiwei/shaiwei_init/data/raw/source=tushare/api=suspend_d/trade_date=20181129/ingest_date=2026-07-15/20260715T062813.409546Z_51681d951c9843018006c8fc8cecdfbc.parquet,d7fa2db008041a42cec713f881e4fb2a563e60d35343b1d25d2dac4744000c0c,automation
61c1c3444503,2026-07-15T06:28:15.057701+00:00,tushare.suspend_d,"{""fields"": ""ts_code,trade_date,suspend_timing,suspend_type"", ""trade_date"": ""20181130""}",37,/Users/john/Desktop/shaiwei/shaiwei_init/data/raw/source=tushare/api=suspend_d/trade_date=20181130/ingest_date=2026-07-15/20260715T062815.051532Z_e87d6a0db84e470a8014c821b35825c7.parquet,2dd2c106c7574d4dfa27f425000a5dd092e23ae344156732d8447f9b0b985336,automation
b3699e601f9f,2026-07-15T06:28:16.662646+00:00,tushare.suspend_d,"{""fields"": ""ts_code,trade_date,suspend_timing,suspend_type"", ""trade_date"": ""20181203""}",38,/Users/john/Desktop/shaiwei/shaiwei_init/data/raw/source=tushare/api=suspend_d/trade_date=20181203/ingest_date=2026-07-15/20260715T062816.656540Z_3a8e8dcf4cde4fc9b255c7362d20c9d2.parquet,d2475b2cd7a5fd0b6870deae23a471316ee4e1fe263d21b3b08b2210b05fbf65,automation
f4691a17f276,2026-07-15T06:28:19.961437+00:00,tushare.suspend_d,"{""fields"": ""ts_code,trade_date,suspend_timing,suspend_type"", ""trade_date"": ""20181204""}",32,/Users/john/Desktop/shaiwei/shaiwei_init/data/raw/source=tushare/api=suspend_d/trade_date=20181204/ingest_date=2026-07-15/20260715T062819.957716Z_7eede6f2077d4e0398192f5b96ff0f06.parquet,ee76186c92e7ed2e798a2cb01d0b26ecdb2ebd18dff4ff6acdbd669eec6784a2,automation
aef79939e997,2026-07-15T06:28:24.031742+00:00,tushare.suspend_d,"{""fields"": ""ts_code,trade_date,suspend_timing,suspend_type"", ""trade_date"": ""20181205""}",32,/Users/john/Desktop/shaiwei/shaiwei_init/data/raw/source=tushare/api=suspend_d/trade_date=20181205/ingest_date=2026-07-15/20260715T062824.028000Z_c6b462e297e449069b379efe9d8d5052.parquet,930f03bd695c291f0803324acc27abfc04bb88d4a695ecf6a26511289d073adf,automation
dd78c1dd3fe0,2026-07-15T06:28:26.969513+00:00,tushare.suspend_d,"{""fields"": ""ts_code,trade_date,suspend_timing,suspend_type"", ""trade_date"": ""20181206""}",31,/Users/john/Desktop/shaiwei/shaiwei_init/data/raw/source=tushare/api=suspend_d/trade_date=20181206/ingest_date=2026-07-15/20260715T062826.966147Z_5e34344b4e6745f4ac34174d5185a58c.parquet,a0d3818db55a210f0e2d9cbafcdc650d80d052246f491dcdb0086ca9064bb557,automation
632212a43f2f,2026-07-15T06:28:28.881068+00:00,tushare.suspend_d,"{""fields"": ""ts_code,trade_date,suspend_timing,suspend_type"", ""trade_date"": ""20181207""}",26,/Users/john/Desktop/shaiwei/shaiwei_init/data/raw/source=tushare/api=suspend_d/trade_date=20181207/ingest_date=2026-07-15/20260715T062828.874698Z_f6f81dc238a9422c9fe5cc87bdf06772.parquet,52e9356071c1c79c100c419a09274d37c409b845925c6b721ecd77d6403add14,automation
f68062fd6bb0,2026-07-15T06:28:30.891511+00:00,tushare.suspend_d,"{""fields"": ""ts_code,trade_date,suspend_timing,suspend_type"", ""trade_date"": ""20181210""}",25,/Users/john/Desktop/shaiwei/shaiwei_init/data/raw/source=tushare/api=suspend_d/trade_date=20181210/ingest_date=2026-07-15/20260715T062830.888009Z_c7b28486b76342b79575dcf462153eff.parquet,e3fab10b0bb7bfa05cacad90830bc640b31f3bd387ecec7cd1b4aecd07526790,automation
e3833cbc2e94,2026-07-15T06:28:34.880652+00:00,tushare.suspend_d,"{""fields"": ""ts_code,trade_date,suspend_timing,suspend_type"", ""trade_date"": ""20181211""}",23,/Users/john/Desktop/shaiwei/shaiwei_init/data/raw/source=tushare/api=suspend_d/trade_date=20181211/ingest_date=2026-07-15/20260715T062834.874782Z_edab06e052824b16a0824b597057dfcc.parquet,5213dd9e30a9d72413171c65bf0faae713ec0bb7e9253c62ce8ad41612508d0a,automation
5d1d7eba1e9d,2026-07-15T06:28:41.909069+00:00,tushare.suspend_d,"{""fields"": ""ts_code,trade_date,suspend_timing,suspend_type"", ""trade_date"": ""20181212""}",23,/Users/john/Desktop/shaiwei/shaiwei_init/data/raw/source=tushare/api=suspend_d/trade_date=20181212/ingest_date=2026-07-15/20260715T062841.905206Z_9a47820bc765421aa5a849c4cd81864a.parquet,6cc424e40476778c6c49521117b85cdeb2fe55f8e826697c7d15fa5b2f53ec0d,automation
5eef97caa1f4,2026-07-15T06:28:45.392868+00:00,tushare.suspend_d,"{""fields"": ""ts_code,trade_date,suspend_timing,suspend_type"", ""trade_date"": ""20181213""}",20,/Users/john/Desktop/shaiwei/shaiwei_init/data/raw/source=tushare/api=suspend_d/trade_date=20181213/ingest_date=2026-07-15/20260715T062845.388485Z_b2237f2771874dc5b501e75e7453ac35.parquet,cb36bad4a808c7816c9eb6e80903007caf58e66761b46d31de60e3d555918649,automation
eb300fe0c9bd,2026-07-15T06:28:47.006316+00:00,tushare.suspend_d,"{""fields"": ""ts_code,trade_date,suspend_timing,suspend_type"", ""trade_date"": ""20181214""}",20,/Users/john/Desktop/shaiwei/shaiwei_init/data/raw/source=tushare/api=suspend_d/trade_date=20181214/ingest_date=2026-07-15/20260715T062847.002881Z_a9a2f9f5cd134401809d32adf0330c92.parquet,840df83d3ae92b69f1fe971d1a36796a12721e4012090201150d61f8c17d31db,automation
78de569b2d2c,2026-07-15T06:28:49.938369+00:00,tushare.suspend_d,"{""fields"": ""ts_code,trade_date,suspend_timing,suspend_type"", ""trade_date"": ""20181217""}",21,/Users/john/Desktop/shaiwei/shaiwei_init/data/raw/source=tushare/api=suspend_d/trade_date=20181217/ingest_date=2026-07-15/20260715T062849.935107Z_6334e8ca86354aedac21bb9f74e06613.parquet,929e6fc4f4b5e5976fb7156c5eda0ad29fcdc962490fe72a3affde802535ae01,automation
8bf75cc7ae5d,2026-07-15T06:28:51.616640+00:00,tushare.suspend_d,"{""fields"": ""ts_code,trade_date,suspend_timing,suspend_type"", ""trade_date"": ""20181218""}",22,/Users/john/Desktop/shaiwei/shaiwei_init/data/raw/source=tushare/api=suspend_d/trade_date=20181218/ingest_date=2026-07-15/20260715T062851.612647Z_e630da4843f84b9ebf1df7bcea9fbcf4.parquet,fc9ae9b940701b7fcb330e5f51db7d54a1bbba5d91126b029a0158b9fc198b6a,automation
e96c231783db,2026-07-15T06:28:53.668432+00:00,tushare.suspend_d,"{""fields"": ""ts_code,trade_date,suspend_timing,suspend_type"", ""trade_date"": ""20181219""}",25,/Users/john/Desktop/shaiwei/shaiwei_init/data/raw/source=tushare/api=suspend_d/trade_date=20181219/ingest_date=2026-07-15/20260715T062853.664843Z_abfa63453aa449ca83e73ed0ea848cec.parquet,c1a6982a7e80d4bba3ed1e465ed86711fdc7ea370874d7e4230d53d2ac584f0e,automation
5869e0007a73,2026-07-15T06:28:56.146249+00:00,tushare.suspend_d,"{""fields"": ""ts_code,trade_date,suspend_timing,suspend_type"", ""trade_date"": ""20181220""}",23,/Users/john/Desktop/shaiwei/shaiwei_init/data/raw/source=tushare/api=suspend_d/trade_date=20181220/ingest_date=2026-07-15/20260715T062856.143368Z_25210da23478490ebff7347dccb6a8a0.parquet,2ddcf26375428b03d23912c8081334218fb771e80fd10aac10317238ae35d11d,automation
109da0338f10,2026-07-15T06:28:57.784056+00:00,tushare.suspend_d,"{""fields"": ""ts_code,trade_date,suspend_timing,suspend_type"", ""trade_date"": ""20181221""}",19,/Users/john/Desktop/shaiwei/shaiwei_init/data/raw/source=tushare/api=suspend_d/trade_date=20181221/ingest_date=2026-07-15/20260715T062857.780981Z_6911e6f53a154f0085dc733bb12281d2.parquet,7f07ca8e8a12b038d6e3045d3c1fef07104bcfcd027d4b7c88e5dc3e56636c79,automation
b549abd54a04,2026-07-15T06:29:00.398870+00:00,tushare.suspend_d,"{""fields"": ""ts_code,trade_date,suspend_timing,suspend_type"", ""trade_date"": ""20181224""}",19,/Users/john/Desktop/shaiwei/shaiwei_init/data/raw/source=tushare/api=suspend_d/trade_date=20181224/ingest_date=2026-07-15/20260715T062900.393005Z_11ad3b492411435abfda9de5c1112998.parquet,16bb7aa09a7d7489bf70cb90886306dac978ca0b7b5530e1827d38f4846219bf,automation
73f181f62a8a,2026-07-15T06:29:02.390551+00:00,tushare.suspend_d,"{""fields"": ""ts_code,trade_date,suspend_timing,suspend_type"", ""trade_date"": ""20181225""}",24,/Users/john/Desktop/shaiwei/shaiwei_init/data/raw/source=tushare/api=suspend_d/trade_date=20181225/ingest_date=2026-07-15/20260715T062902.387119Z_577c13820af54171a95a8610c42c032e.parquet,c72cb8bf2835693a1b54edbb6f920b972466c720a070065d736c1ee5082bfce6,automation
7d25e1f22fc4,2026-07-15T06:29:04.610166+00:00,tushare.suspend_d,"{""fields"": ""ts_code,trade_date,suspend_timing,suspend_type"", ""trade_date"": ""20181226""}",28,/Users/john/Desktop/shaiwei/shaiwei_init/data/raw/source=tushare/api=suspend_d/trade_date=20181226/ingest_date=2026-07-15/20260715T062904.606218Z_10c4f7ac32334b5b95c8ac4f93b11291.parquet,7f08642c9746af3026ff531ffde7f928dd5abe327df4fae25a91e05582c357b4,automation
5e539faaf04d,2026-07-15T06:29:06.229091+00:00,tushare.suspend_d,"{""fields"": ""ts_code,trade_date,suspend_timing,suspend_type"", ""trade_date"": ""20181227""}",27,/Users/john/Desktop/shaiwei/shaiwei_init/data/raw/source=tushare/api=suspend_d/trade_date=20181227/ingest_date=2026-07-15/20260715T062906.224881Z_253d79967a6d42d98c7cc0c7072e0ca4.parquet,632fc3bc8933439bc55af224382cd4cfcf7e3874fca706872b851acb37623a58,automation
af954bdc13c9,2026-07-15T06:29:08.084684+00:00,tushare.suspend_d,"{""fields"": ""ts_code,trade_date,suspend_timing,suspend_type"", ""trade_date"": ""20181228""}",25,/Users/john/Desktop/shaiwei/shaiwei_init/data/raw/source=tushare/api=suspend_d/trade_date=20181228/ingest_date=2026-07-15/20260715T062908.080786Z_d93ab4c7a97f48e4b82c4886a8b4fe4a.parquet,780a835f8f885dee30705ce72ccad66bb95ec64623491edde02944c056718132,automation
541a19c2cd1f,2026-07-15T06:29:09.752817+00:00,tushare.suspend_d,"{""fields"": ""ts_code,trade_date,suspend_timing,suspend_type"", ""trade_date"": ""20190102""}",18,/Users/john/Desktop/shaiwei/shaiwei_init/data/raw/source=tushare/api=suspend_d/trade_date=20190102/ingest_date=2026-07-15/20260715T062909.749577Z_3d3a84614a1340a5994ededeb28ffc4a.parquet,13434a744d0f57adfb6ffb4a23a3850e58eebcd50f08ddfbc93e0f629e4f414a,automation
13e6a9b2bd46,2026-07-15T06:29:11.346026+00:00,tushare.suspend_d,"{""fields"": ""ts_code,trade_date,suspend_timing,suspend_type"", ""trade_date"": ""20190103""}",16,/Users/john/Desktop/shaiwei/shaiwei_init/data/raw/source=tushare/api=suspend_d/trade_date=20190103/ingest_date=2026-07-15/20260715T062911.341781Z_08b8718a77404c28b80bfb68be8fd998.parquet,11b652ae8dbc37d6993ce03258d9dc82895649c13876588d3166ac36eb854a40,automation
344dd3373f1f,2026-07-15T06:29:12.993173+00:00,tushare.suspend_d,"{""fields"": ""ts_code,trade_date,suspend_timing,suspend_type"", ""trade_date"": ""20190104""}",15,/Users/john/Desktop/shaiwei/shaiwei_init/data/raw/source=tushare/api=suspend_d/trade_date=20190104/ingest_date=2026-07-15/20260715T062912.989766Z_9cffca3839974a8d91f363bcffe4aa48.parquet,8d8f6da5f586e03228282231613d05abc8c0c91ff9375672abb9bd76e2a79ada,automation
1e39bf73aae6,2026-07-15T06:29:14.616793+00:00,tushare.suspend_d,"{""fields"": ""ts_code,trade_date,suspend_timing,suspend_type"", ""trade_date"": ""20190107""}",17,/Users/john/Desktop/shaiwei/shaiwei_init/data/raw/source=tushare/api=suspend_d/trade_date=20190107/ingest_date=2026-07-15/20260715T062914.613117Z_2b31665b49e74ecb831e88d3c83cad3f.parquet,10ad363042d81967b1d23023fa2abe758728ff861c8e7e9e44367b42c6240a96,automation
c253acea0bd6,2026-07-15T06:29:17.941810+00:00,tushare.suspend_d,"{""fields"": ""ts_code,trade_date,suspend_timing,suspend_type"", ""trade_date"": ""20190108""}",18,/Users/john/Desktop/shaiwei/shaiwei_init/data/raw/source=tushare/api=suspend_d/trade_date=20190108/ingest_date=2026-07-15/20260715T062917.937910Z_b77cc133d440468d900bd0291ddf85a7.parquet,3329b69edb33b08a4bfc5a2afc3875d8e080284fe57b5af6a25a04a6f7a7504c,automation
235ba073b9a3,2026-07-15T06:29:20.890951+00:00,tushare.suspend_d,"{""fields"": ""ts_code,trade_date,suspend_timing,suspend_type"", ""trade_date"": ""20190109""}",15,/Users/john/Desktop/shaiwei/shaiwei_init/data/raw/source=tushare/api=suspend_d/trade_date=20190109/ingest_date=2026-07-15/20260715T062920.887208Z_51dcb59567a8431fb4bb956e0486def7.parquet,33d49548bd403523b820a21849a7bc6ab82e9367ddd05d2b6b3e25df6bf3dca7,automation
b30f19ea23a4,2026-07-15T06:29:22.538307+00:00,tushare.suspend_d,"{""fields"": ""ts_code,trade_date,suspend_timing,suspend_type"", ""trade_date"": ""20190110""}",15,/Users/john/Desktop/shaiwei/shaiwei_init/data/raw/source=tushare/api=suspend_d/trade_date=20190110/ingest_date=2026-07-15/20260715T062922.531990Z_0a541ef4ce6e411f8d2163e4f22b4159.parquet,8207b6c275a39c54f3c213d521b9576608db92af04fa51a4c8b2bb149516b448,automation
eef0c5ed0f47,2026-07-15T06:29:24.530461+00:00,tushare.suspend_d,"{""fields"": ""ts_code,trade_date,suspend_timing,suspend_type"", ""trade_date"": ""20190111""}",11,/Users/john/Desktop/shaiwei/shaiwei_init/data/raw/source=tushare/api=suspend_d/trade_date=20190111/ingest_date=2026-07-15/20260715T062924.526820Z_c51fc87c160b4b1fbacedea4d649ff3f.parquet,541e50bc9c5bf232fa172baae1b101d8c8688919e5bd25c8c29128b60e718c5f,automation
55d436436168,2026-07-15T06:29:26.601673+00:00,tushare.suspend_d,"{""fields"": ""ts_code,trade_date,suspend_timing,suspend_type"", ""trade_date"": ""20190114""}",14,/Users/john/Desktop/shaiwei/shaiwei_init/data/raw/source=tushare/api=suspend_d/trade_date=20190114/ingest_date=2026-07-15/20260715T062926.595608Z_ba1640ab0ffc4150ab0fc0913794b8e3.parquet,24f441556d4c9136accab9b89580f21239ab8667e6a58d026b5050e3ef4d1a67,automation
030a55c1f2fd,2026-07-15T06:29:28.257168+00:00,tushare.suspend_d,"{""fields"": ""ts_code,trade_date,suspend_timing,suspend_type"", ""trade_date"": ""20190115""}",15,/Users/john/Desktop/shaiwei/shaiwei_init/data/raw/source=tushare/api=suspend_d/trade_date=20190115/ingest_date=2026-07-15/20260715T062928.253286Z_d974d8a0fd91400eb96e0c6d47ac9417.parquet,edb7b8f8000dc01423845f9373f91ea7a2d418f5067ec0f4503f4ff5074cb443,automation
a7ae94810dd5,2026-07-15T06:29:31.059605+00:00,tushare.suspend_d,"{""fields"": ""ts_code,trade_date,suspend_timing,suspend_type"", ""trade_date"": ""20190116""}",17,/Users/john/Desktop/shaiwei/shaiwei_init/data/raw/source=tushare/api=suspend_d/trade_date=20190116/ingest_date=2026-07-15/20260715T062931.053057Z_fee6076462844e56a283305d983b5dba.parquet,9e64962a7e4e30a399d5ce67d77fae7013700ac4699ed788b31bd780c053b0b4,automation
f50c4cbf2f11,2026-07-15T06:29:32.702980+00:00,tushare.suspend_d,"{""fields"": ""ts_code,trade_date,suspend_timing,suspend_type"", ""trade_date"": ""20190117""}",16,/Users/john/Desktop/shaiwei/shaiwei_init/data/raw/source=tushare/api=suspend_d/trade_date=20190117/ingest_date=2026-07-15/20260715T062932.698843Z_8834012f82e742ad8cd7efc188420448.parquet,b5be1e6891b3142a2af933307aea67f31256cc25da159ebde8822e8612fa4539,automation
b591d661be3e,2026-07-15T06:29:34.363014+00:00,tushare.suspend_d,"{""fields"": ""ts_code,trade_date,suspend_timing,suspend_type"", ""trade_date"": ""20190118""}",16,/Users/john/Desktop/shaiwei/shaiwei_init/data/raw/source=tushare/api=suspend_d/trade_date=20190118/ingest_date=2026-07-15/20260715T062934.358922Z_94dd839c4b574c848aa3ac59b70d0333.parquet,cd0b8ca396a15d67eccdca2f72dc8f8b4294daa45eaf36b2df36f77c783f57b1,automation
dde560186eee,2026-07-15T06:29:36.565445+00:00,tushare.suspend_d,"{""fields"": ""ts_code,trade_date,suspend_timing,suspend_type"", ""trade_date"": ""20190121""}",21,/Users/john/Desktop/shaiwei/shaiwei_init/data/raw/source=tushare/api=suspend_d/trade_date=20190121/ingest_date=2026-07-15/20260715T062936.561604Z_55d0091deaa742209ab0a6e3804cecf0.parquet,8279160bb28c912e15a03ce71683bfc1132b0d35d52df418d46c6921af59db69,automation
c6452fc95102,2026-07-15T06:29:38.148077+00:00,tushare.suspend_d,"{""fields"": ""ts_code,trade_date,suspend_timing,suspend_type"", ""trade_date"": ""20190122""}",20,/Users/john/Desktop/shaiwei/shaiwei_init/data/raw/source=tushare/api=suspend_d/trade_date=20190122/ingest_date=2026-07-15/20260715T062938.144712Z_a29a772f97ef4016b40a2b52dff628c8.parquet,1fbe0eb6901c060ce642e41d9d52cdf96bbb3429686b8e3499c41553e9e191a5,automation
3149252cacba,2026-07-15T06:29:40.747697+00:00,tushare.suspend_d,"{""fields"": ""ts_code,trade_date,suspend_timing,suspend_type"", ""trade_date"": ""20190123""}",24,/Users/john/Desktop/shaiwei/shaiwei_init/data/raw/source=tushare/api=suspend_d/trade_date=20190123/ingest_date=2026-07-15/20260715T062940.743158Z_4c7e7cbe4b8642e7965658a1ebce3af3.parquet,4d5a9e57c00a5427147d5bf95f6c689a9c0c6ddf6352973d094a5bc9d862343f,automation
a2e50560dd92,2026-07-15T06:29:43.374305+00:00,tushare.suspend_d,"{""fields"": ""ts_code,trade_date,suspend_timing,suspend_type"", ""trade_date"": ""20190124""}",22,/Users/john/Desktop/shaiwei/shaiwei_init/data/raw/source=tushare/api=suspend_d/trade_date=20190124/ingest_date=2026-07-15/20260715T062943.370430Z_ae66e1cd01b44ea78a9d65dc7c48c108.parquet,aa76be325757cae2f1e41cbda0e7a8e1a7668eb0c7a4c0c89ea49ebdc1514d67,automation
452be04a419c,2026-07-15T06:29:44.978376+00:00,tushare.suspend_d,"{""fields"": ""ts_code,trade_date,suspend_timing,suspend_type"", ""trade_date"": ""20190125""}",21,/Users/john/Desktop/shaiwei/shaiwei_init/data/raw/source=tushare/api=suspend_d/trade_date=20190125/ingest_date=2026-07-15/20260715T062944.974217Z_e19f7a391614477f911968a27f0e1026.parquet,95318cfe262b832745467438ce3268c19120654191b0b4755d065670481f6318,automation
25bce806c6ab,2026-07-15T06:29:47.894764+00:00,tushare.suspend_d,"{""fields"": ""ts_code,trade_date,suspend_timing,suspend_type"", ""trade_date"": ""20190128""}",20,/Users/john/Desktop/shaiwei/shaiwei_init/data/raw/source=tushare/api=suspend_d/trade_date=20190128/ingest_date=2026-07-15/20260715T062947.891676Z_57f77112a32d4eb196afb030a7b531b3.parquet,32730657511c3e949aa161dd2fefef66d0ea77cd9f0a6a7bd5370eca248e21e4,automation
8e0189448144,2026-07-15T06:29:50.938375+00:00,tushare.suspend_d,"{""fields"": ""ts_code,trade_date,suspend_timing,suspend_type"", ""trade_date"": ""20190129""}",20,/Users/john/Desktop/shaiwei/shaiwei_init/data/raw/source=tushare/api=suspend_d/trade_date=20190129/ingest_date=2026-07-15/20260715T062950.934888Z_bebb753b5be44e18b1250f5c43f2cab3.parquet,9b730c4b0a0f6aa4619652f67cd00edd27089052f583381f763fa8e5ff48ec6c,automation
824df619998e,2026-07-15T06:29:54.196389+00:00,tushare.suspend_d,"{""fields"": ""ts_code,trade_date,suspend_timing,suspend_type"", ""trade_date"": ""20190130""}",20,/Users/john/Desktop/shaiwei/shaiwei_init/data/raw/source=tushare/api=suspend_d/trade_date=20190130/ingest_date=2026-07-15/20260715T062954.192685Z_b2ba827ad11a4042b30d504cade53588.parquet,04fca8f010149a3bfacfccbdce56c682139985db40beaea1086ee7d3b77516d3,automation
ea316eb22e2d,2026-07-15T06:29:57.211254+00:00,tushare.suspend_d,"{""fields"": ""ts_code,trade_date,suspend_timing,suspend_type"", ""trade_date"": ""20190131""}",20,/Users/john/Desktop/shaiwei/shaiwei_init/data/raw/source=tushare/api=suspend_d/trade_date=20190131/ingest_date=2026-07-15/20260715T062957.207231Z_ba54f61d2aa5451ab867eefde8367c2a.parquet,60da5d0574949f4f60573760216f9a2dcf20c49ee066497ed00647daf12c6da8,automation
a3ead236d097,2026-07-15T06:30:01.148727+00:00,tushare.suspend_d,"{""fields"": ""ts_code,trade_date,suspend_timing,suspend_type"", ""trade_date"": ""20190201""}",22,/Users/john/Desktop/shaiwei/shaiwei_init/data/raw/source=tushare/api=suspend_d/trade_date=20190201/ingest_date=2026-07-15/20260715T063001.144857Z_d009d441e07744b5b93568b4f72d4007.parquet,83a0f5c038b4fe9e64da6768debdd47ba4b863524bcc9866e83c58747a5dbdbb,automation
8dde952103f0,2026-07-15T06:30:02.841853+00:00,tushare.suspend_d,"{""fields"": ""ts_code,trade_date,suspend_timing,suspend_type"", ""trade_date"": ""20190211""}",19,/Users/john/Desktop/shaiwei/shaiwei_init/data/raw/source=tushare/api=suspend_d/trade_date=20190211/ingest_date=2026-07-15/20260715T063002.838665Z_eb8a32f445284deb8d48bb4b32ee0f0d.parquet,ba1b607f3bd17cb2b849571e624075398c9a7f14aa7867f7ff96c643399de447,automation
6c8cfe5e97ae,2026-07-15T06:30:05.618009+00:00,tushare.suspend_d,"{""fields"": ""ts_code,trade_date,suspend_timing,suspend_type"", ""trade_date"": ""20190212""}",17,/Users/john/Desktop/shaiwei/shaiwei_init/data/raw/source=tushare/api=suspend_d/trade_date=20190212/ingest_date=2026-07-15/20260715T063005.611588Z_a4cc2aa7516848b980b4bc2f8a529a92.parquet,203ccab9f4eb1b6a91fa1e42f83b73f7e6b49b5c10f0f0214eeae7ab0c58b47c,automation
a6a85e657d72,2026-07-15T06:30:07.211897+00:00,tushare.suspend_d,"{""fields"": ""ts_code,trade_date,suspend_timing,suspend_type"", ""trade_date"": ""20190213""}",17,/Users/john/Desktop/shaiwei/shaiwei_init/data/raw/source=tushare/api=suspend_d/trade_date=20190213/ingest_date=2026-07-15/20260715T063007.208261Z_48714d9fb3774d99aad2b3a9148c8f86.parquet,792e4961c45598c187b46ac9cc96be16e159a4ebfc018a7f53ba459e47c8b463,automation
35bd666c629c,2026-07-15T06:30:09.408035+00:00,tushare.suspend_d,"{""fields"": ""ts_code,trade_date,suspend_timing,suspend_type"", ""trade_date"": ""20190214""}",16,/Users/john/Desktop/shaiwei/shaiwei_init/data/raw/source=tushare/api=suspend_d/trade_date=20190214/ingest_date=2026-07-15/20260715T063009.404601Z_d3634138e0504e12b5c33dcdafdc586f.parquet,0a75920f8a81563050eb5ba343b823637fd075342c0bc94450a7c0f3ddbfc26e,automation
fe2ac17a4cb8,2026-07-15T06:30:14.234167+00:00,tushare.suspend_d,"{""fields"": ""ts_code,trade_date,suspend_timing,suspend_type"", ""trade_date"": ""20190215""}",17,/Users/john/Desktop/shaiwei/shaiwei_init/data/raw/source=tushare/api=suspend_d/trade_date=20190215/ingest_date=2026-07-15/20260715T063014.232702Z_4d5141df7b8e43a7abb484535bd3641c.parquet,1114c92b841d70b1835071ee3f8f1cc65b5777d5929e22decafa488e758145c3,automation
24892ce2d6c1,2026-07-15T06:30:16.072108+00:00,tushare.suspend_d,"{""fields"": ""ts_code,trade_date,suspend_timing,suspend_type"", ""trade_date"": ""20190218""}",21,/Users/john/Desktop/shaiwei/shaiwei_init/data/raw/source=tushare/api=suspend_d/trade_date=20190218/ingest_date=2026-07-15/20260715T063016.069926Z_bf7bc095e9bb49d0b1f27259b9bcc38d.parquet,818520052ea0d20bed25f76e31b4cfc9fdf9347d8cec5edf0ad8edd50df69f0b,automation
