event_id,run_id,recorded_at,account_id,effective_date,sequence,event_type,business_key,signal_sha256,ts_code,side,quantity,price,amount,fee,cash_after,position_after,payload_json,evidence_sha256,operator
9f8f84718f1e9dc74383,97c4572ab074ad0129ef,2026-07-22T12:54:00.399175+00:00,model_baseline,20260717,1,CORPORATE_ACTION,b78cd0185c0c0be6b3ea,a7af3881ad1369731543414f6c2876a3d2544d859d65eb620bff67a40eac28b2,600460.SH,,400,,0.00,,180525.98,400,"{""action_id"":""b78cd0185c0c0be6b3ea"",""amount"":""0.00"",""cash_after"":""180525.98"",""event"":""ENTITLEMENT"",""position_after"":400,""quantity"":400,""ts_code"":""600460.SH""}",0756f6697ad027787239ec9e8f1a1bec7d018d1086c80fc6122e6c8f9a0b9dd8,docker-scheduler
d8f51ef02991b81b7afd,97c4572ab074ad0129ef,2026-07-22T12:54:00.399175+00:00,model_baseline,20260717,2,ORDER,e099654d5ca3c82a9a60,a7af3881ad1369731543414f6c2876a3d2544d859d65eb620bff67a40eac28b2,688008.SH,BUY,0,,,,,,"{""desired_quantity"":0,""filled_quantity"":0,""order_id"":""e099654d5ca3c82a9a60"",""reject_reason"":""BELOW_MIN_LOT"",""requested_quantity"":0,""side"":""BUY"",""status"":""REJECTED"",""target_weight"":""0.03333333333333333"",""ts_code"":""688008.SH""}",64b1642c4ea39c19f7ae709aa4ed5c81a7e187a7e5ad06ff25e034ce7e87cfbe,docker-scheduler
1092698d738ef6e4ffd8,97c4572ab074ad0129ef,2026-07-22T12:54:00.399175+00:00,model_baseline,20260717,3,ORDER,fd43cab4e65da9ae0f4d,a7af3881ad1369731543414f6c2876a3d2544d859d65eb620bff67a40eac28b2,300475.SZ,BUY,0,,,,,,"{""desired_quantity"":0,""filled_quantity"":0,""order_id"":""fd43cab4e65da9ae0f4d"",""reject_reason"":""BELOW_MIN_LOT"",""requested_quantity"":0,""side"":""BUY"",""status"":""REJECTED"",""target_weight"":""0.03333333333333333"",""ts_code"":""300475.SZ""}",f780ab09d0d33c9c979d4e14217c3b9cf763e554688baf8043d8aad30860eee3,docker-scheduler
78444ba83bf3dd29745a,97c4572ab074ad0129ef,2026-07-22T12:54:00.399175+00:00,model_baseline,20260717,4,ORDER,209f0af7f445bc8ba48a,a7af3881ad1369731543414f6c2876a3d2544d859d65eb620bff67a40eac28b2,603308.SH,BUY,300,,,,,,"{""desired_quantity"":300,""filled_quantity"":300,""order_id"":""209f0af7f445bc8ba48a"",""reject_reason"":"""",""requested_quantity"":300,""side"":""BUY"",""status"":""FILLED"",""target_weight"":""0.03333333333333333"",""ts_code"":""603308.SH""}",62e7a839cb330e6c3345234522e18160fd220c7f68d8471b70501127292114cf,docker-scheduler
4051e23f6f1f252f6ce4,97c4572ab074ad0129ef,2026-07-22T12:54:00.399175+00:00,model_baseline,20260717,5,FILL,dde5a4f54f7f4f0462b6,a7af3881ad1369731543414f6c2876a3d2544d859d65eb620bff67a40eac28b2,603308.SH,BUY,300,47.99,14397.00,5.14,485597.86,300,"{""cash_after"":""485597.86"",""commission"":""5.00"",""fill_id"":""dde5a4f54f7f4f0462b6"",""market_batch_id"":""58c827a59bfe"",""notional"":""14397.00"",""open_deviation"":0.010954286918053507,""order_id"":""209f0af7f445bc8ba48a"",""position_after"":300,""price"":""47.99"",""quantity"":300,""side"":""BUY"",""stamp_tax"":""0.00"",""total_fee"":""5.14"",""transfer_fee"":""0.14"",""ts_code"":""603308.SH""}",05791dcf5d70683ae2e5d275242b38787c142b031c4d446b1151053d1c799f13,docker-scheduler
c7dfa2d92f097b9faefb,97c4572ab074ad0129ef,2026-07-22T12:54:00.399175+00:00,model_baseline,20260717,6,ORDER,c93951b2f1585a89077c,a7af3881ad1369731543414f6c2876a3d2544d859d65eb620bff67a40eac28b2,688396.SH,BUY,256,,,,,,"{""desired_quantity"":256,""filled_quantity"":256,""order_id"":""c93951b2f1585a89077c"",""reject_reason"":"""",""requested_quantity"":256,""side"":""BUY"",""status"":""FILLED"",""target_weight"":""0.03333333333333333"",""ts_code"":""688396.SH""}",dc5bde0be0346038b5c656e381a02b1f79bbd05d039fb9dcac7fc38990f6306e,docker-scheduler
b21560b149175913e9b1,97c4572ab074ad0129ef,2026-07-22T12:54:00.399175+00:00,model_baseline,20260717,7,FILL,34db7b33fed4a22e55f1,a7af3881ad1369731543414f6c2876a3d2544d859d65eb620bff67a40eac28b2,688396.SH,BUY,256,64.89,16611.84,5.17,468980.85,256,"{""cash_after"":""468980.85"",""commission"":""5.00"",""fill_id"":""34db7b33fed4a22e55f1"",""market_batch_id"":""58c827a59bfe"",""notional"":""16611.84"",""open_deviation"":-0.009312977099236642,""order_id"":""c93951b2f1585a89077c"",""position_after"":256,""price"":""64.89"",""quantity"":256,""side"":""BUY"",""stamp_tax"":""0.00"",""total_fee"":""5.17"",""transfer_fee"":""0.17"",""ts_code"":""688396.SH""}",6c55ef8b7543fad47c905008a8e1f06f1acef39114489b5d4a1acdf3c8eb567f,docker-scheduler
460112d1aeb95eae7062,97c4572ab074ad0129ef,2026-07-22T12:54:00.399175+00:00,model_baseline,20260717,8,ORDER,492db4abdcf51d4fd2b9,a7af3881ad1369731543414f6c2876a3d2544d859d65eb620bff67a40eac28b2,688582.SH,BUY,380,,,,,,"{""desired_quantity"":380,""filled_quantity"":380,""order_id"":""492db4abdcf51d4fd2b9"",""reject_reason"":"""",""requested_quantity"":380,""side"":""BUY"",""status"":""FILLED"",""target_weight"":""0.03333333333333333"",""ts_code"":""688582.SH""}",75e2cc862e36b747febfe4aa987883147d165ca1deb7b27482199e3993ed2cd0,docker-scheduler
2bca3d535632154e40eb,97c4572ab074ad0129ef,2026-07-22T12:54:00.399175+00:00,model_baseline,20260717,9,FILL,0461e3fb42bbcf754460,a7af3881ad1369731543414f6c2876a3d2544d859d65eb620bff67a40eac28b2,688582.SH,BUY,380,43.8,16644.00,5.17,452331.68,380,"{""cash_after"":""452331.68"",""commission"":""5.00"",""fill_id"":""0461e3fb42bbcf754460"",""market_batch_id"":""58c827a59bfe"",""notional"":""16644.00"",""open_deviation"":0.005509641873278237,""order_id"":""492db4abdcf51d4fd2b9"",""position_after"":380,""price"":""43.8"",""quantity"":380,""side"":""BUY"",""stamp_tax"":""0.00"",""total_fee"":""5.17"",""transfer_fee"":""0.17"",""ts_code"":""688582.SH""}",6c62c5b8b3d397961cbf3c174a7357b43bec717572e992b87ad0f9310d2c7192,docker-scheduler
7b6835466766a7b42649,97c4572ab074ad0129ef,2026-07-22T12:54:00.399175+00:00,model_baseline,20260717,10,ORDER,55610b5ccbdbd66470b3,a7af3881ad1369731543414f6c2876a3d2544d859d65eb620bff67a40eac28b2,600460.SH,BUY,400,,,,,,"{""desired_quantity"":400,""filled_quantity"":400,""order_id"":""55610b5ccbdbd66470b3"",""reject_reason"":"""",""requested_quantity"":400,""side"":""BUY"",""status"":""FILLED"",""target_weight"":""0.03333333333333333"",""ts_code"":""600460.SH""}",795a0374af55bd08ce96d9a489587e03476cc85000e99c600a8771ae6927382c,docker-scheduler
55975e2bb7696d8bdc29,97c4572ab074ad0129ef,2026-07-22T12:54:00.399175+00:00,model_baseline,20260717,11,FILL,30a1719fa600d941db76,a7af3881ad1369731543414f6c2876a3d2544d859d65eb620bff67a40eac28b2,600460.SH,BUY,400,36.1,14440.00,5.14,437886.54,400,"{""cash_after"":""437886.54"",""commission"":""5.00"",""fill_id"":""30a1719fa600d941db76"",""market_batch_id"":""58c827a59bfe"",""notional"":""14440.00"",""open_deviation"":-0.0033130866924351186,""order_id"":""55610b5ccbdbd66470b3"",""position_after"":400,""price"":""36.1"",""quantity"":400,""side"":""BUY"",""stamp_tax"":""0.00"",""total_fee"":""5.14"",""transfer_fee"":""0.14"",""ts_code"":""600460.SH""}",52268b0bdf3fb4592bf3a1afd3f9f763f2dbb0fa483e9107046eb15bb2ea75e2,docker-scheduler
eeae8b6abfc13b3319e2,97c4572ab074ad0129ef,2026-07-22T12:54:00.399175+00:00,model_baseline,20260717,12,ORDER,c7468ba566b15ad17c6e,a7af3881ad1369731543414f6c2876a3d2544d859d65eb620bff67a40eac28b2,600707.SH,BUY,1600,,,,,,"{""desired_quantity"":1600,""filled_quantity"":1600,""order_id"":""c7468ba566b15ad17c6e"",""reject_reason"":"""",""requested_quantity"":1600,""side"":""BUY"",""status"":""FILLED"",""target_weight"":""0.03333333333333333"",""ts_code"":""600707.SH""}",b69e67cf56c59c80c6d8db9983856e77834bd254db237a6cc97c2df68ad9815d,docker-scheduler
ffb33cba00f4d4787c87,97c4572ab074ad0129ef,2026-07-22T12:54:00.399175+00:00,model_baseline,20260717,13,FILL,1de82e9d698e1830429c,a7af3881ad1369731543414f6c2876a3d2544d859d65eb620bff67a40eac28b2,600707.SH,BUY,1600,9.88,15808.00,5.16,422073.38,1600,"{""cash_after"":""422073.38"",""commission"":""5.00"",""fill_id"":""1de82e9d698e1830429c"",""market_batch_id"":""58c827a59bfe"",""notional"":""15808.00"",""open_deviation"":-0.01002004008016032,""order_id"":""c7468ba566b15ad17c6e"",""position_after"":1600,""price"":""9.88"",""quantity"":1600,""side"":""BUY"",""stamp_tax"":""0.00"",""total_fee"":""5.16"",""transfer_fee"":""0.16"",""ts_code"":""600707.SH""}",9859ebb665281a6c107a646da4bed8bd7d0b94e1efcaaed52af55ea162b930cf,docker-scheduler
e7be54738afb34b91254,97c4572ab074ad0129ef,2026-07-22T12:54:00.399175+00:00,model_baseline,20260717,14,ORDER,e34c3f65286b4586967a,a7af3881ad1369731543414f6c2876a3d2544d859d65eb620bff67a40eac28b2,603699.SH,BUY,400,,,,,,"{""desired_quantity"":400,""filled_quantity"":400,""order_id"":""e34c3f65286b4586967a"",""reject_reason"":"""",""requested_quantity"":400,""side"":""BUY"",""status"":""FILLED"",""target_weight"":""0.03333333333333333"",""ts_code"":""603699.SH""}",06e4c993095d717387dbc1bb83c2cf4fb92dcb0d748ec03626dc9ef1e13a7050,docker-scheduler
5beeeabea029ffb597ef,97c4572ab074ad0129ef,2026-07-22T12:54:00.399175+00:00,model_baseline,20260717,15,FILL,aafdc2555d0c189a475e,a7af3881ad1369731543414f6c2876a3d2544d859d65eb620bff67a40eac28b2,603699.SH,BUY,400,41.25,16500.00,5.17,405568.21,400,"{""cash_after"":""405568.21"",""commission"":""5.00"",""fill_id"":""aafdc2555d0c189a475e"",""market_batch_id"":""58c827a59bfe"",""notional"":""16500.00"",""open_deviation"":0.000970638194612958,""order_id"":""e34c3f65286b4586967a"",""position_after"":400,""price"":""41.25"",""quantity"":400,""side"":""BUY"",""stamp_tax"":""0.00"",""total_fee"":""5.17"",""transfer_fee"":""0.17"",""ts_code"":""603699.SH""}",104559de1312fdf03917d7e6abf7036d410e8c340821e348983119b85f1b714e,docker-scheduler
3d07c737f08fa545e807,97c4572ab074ad0129ef,2026-07-22T12:54:00.399175+00:00,model_baseline,20260717,16,ORDER,d97ee9882442e3cd90f4,a7af3881ad1369731543414f6c2876a3d2544d859d65eb620bff67a40eac28b2,605358.SH,BUY,300,,,,,,"{""desired_quantity"":300,""filled_quantity"":300,""order_id"":""d97ee9882442e3cd90f4"",""reject_reason"":"""",""requested_quantity"":300,""side"":""BUY"",""status"":""FILLED"",""target_weight"":""0.03333333333333333"",""ts_code"":""605358.SH""}",a65ef741fa21374c3e78abc853c7a102d9ade8c08058e4e08d413ba418f39619,docker-scheduler
9c08dceb132a15fea66f,97c4572ab074ad0129ef,2026-07-22T12:54:00.399175+00:00,model_baseline,20260717,17,FILL,cff8dcfb1ac928cfadff,a7af3881ad1369731543414f6c2876a3d2544d859d65eb620bff67a40eac28b2,605358.SH,BUY,300,49.75,14925.00,5.15,390638.06,300,"{""cash_after"":""390638.06"",""commission"":""5.00"",""fill_id"":""cff8dcfb1ac928cfadff"",""market_batch_id"":""58c827a59bfe"",""notional"":""14925.00"",""open_deviation"":0.017798690671031098,""order_id"":""d97ee9882442e3cd90f4"",""position_after"":300,""price"":""49.75"",""quantity"":300,""side"":""BUY"",""stamp_tax"":""0.00"",""total_fee"":""5.15"",""transfer_fee"":""0.15"",""ts_code"":""605358.SH""}",a0b114a03861dcbc447e3b65e9bc5e6e8ea6d9988e4a26c96b30f8366e8656f6,docker-scheduler
550918a686e12bfd4e12,97c4572ab074ad0129ef,2026-07-22T12:54:00.399175+00:00,model_baseline,20260717,18,ORDER,65dd9c25d20236e99e77,a7af3881ad1369731543414f6c2876a3d2544d859d65eb620bff67a40eac28b2,688234.SH,BUY,0,,,,,,"{""desired_quantity"":0,""filled_quantity"":0,""order_id"":""65dd9c25d20236e99e77"",""reject_reason"":""BELOW_MIN_LOT"",""requested_quantity"":0,""side"":""BUY"",""status"":""REJECTED"",""target_weight"":""0.03333333333333333"",""ts_code"":""688234.SH""}",54e99baa8c068e0f216341e6124f34b62a4efc2a110082a86fae07183cbf1a8f,docker-scheduler
ed01774dc2251826a705,97c4572ab074ad0129ef,2026-07-22T12:54:00.399175+00:00,model_baseline,20260717,19,ORDER,83fcdf7e62617c008c5a,a7af3881ad1369731543414f6c2876a3d2544d859d65eb620bff67a40eac28b2,688469.SH,BUY,2267,,,,,,"{""desired_quantity"":2267,""filled_quantity"":2267,""order_id"":""83fcdf7e62617c008c5a"",""reject_reason"":"""",""requested_quantity"":2267,""side"":""BUY"",""status"":""FILLED"",""target_weight"":""0.03333333333333333"",""ts_code"":""688469.SH""}",410bafff41ac68bad3acc37657ec040b5857d04a0b3e74d1393366ccfb10f32a,docker-scheduler
3b7c7316423df63ffbaf,97c4572ab074ad0129ef,2026-07-22T12:54:00.399175+00:00,model_baseline,20260717,20,FILL,93af490dfbc223fc746b,a7af3881ad1369731543414f6c2876a3d2544d859d65eb620bff67a40eac28b2,688469.SH,BUY,2267,7.35,16662.45,5.17,373970.44,2267,"{""cash_after"":""373970.44"",""commission"":""5.00"",""fill_id"":""93af490dfbc223fc746b"",""market_batch_id"":""58c827a59bfe"",""notional"":""16662.45"",""open_deviation"":-0.009433962264150943,""order_id"":""83fcdf7e62617c008c5a"",""position_after"":2267,""price"":""7.35"",""quantity"":2267,""side"":""BUY"",""stamp_tax"":""0.00"",""total_fee"":""5.17"",""transfer_fee"":""0.17"",""ts_code"":""688469.SH""}",d826023f04432d375743f5f31821d539521f4981f57c9cbc368aff25b7b778e2,docker-scheduler
3d44050a48b9a3835aa4,97c4572ab074ad0129ef,2026-07-22T12:54:00.399175+00:00,model_baseline,20260717,21,ORDER,53f8bffceaca6557cfc2,a7af3881ad1369731543414f6c2876a3d2544d859d65eb620bff67a40eac28b2,688521.SH,BUY,0,,,,,,"{""desired_quantity"":0,""filled_quantity"":0,""order_id"":""53f8bffceaca6557cfc2"",""reject_reason"":""BELOW_MIN_LOT"",""requested_quantity"":0,""side"":""BUY"",""status"":""REJECTED"",""target_weight"":""0.03333333333333333"",""ts_code"":""688521.SH""}",2790aebe9b8c35254b84563c9c6d71accad8fbee6b06d950f71b1973ebcb59e1,docker-scheduler
f4dab66519643a49f9c1,97c4572ab074ad0129ef,2026-07-22T12:54:00.399175+00:00,model_baseline,20260717,22,ORDER,d233d94ebcd2714134ef,a7af3881ad1369731543414f6c2876a3d2544d859d65eb620bff67a40eac28b2,000032.SZ,BUY,900,,,,,,"{""desired_quantity"":900,""filled_quantity"":900,""order_id"":""d233d94ebcd2714134ef"",""reject_reason"":"""",""requested_quantity"":900,""side"":""BUY"",""status"":""FILLED"",""target_weight"":""0.03333333333333333"",""ts_code"":""000032.SZ""}",59f7ac84ccd04a6e4367b7df8a3005ec5674ad876020b4adec161194b8e650d6,docker-scheduler
8e827f14254c032d35bd,97c4572ab074ad0129ef,2026-07-22T12:54:00.399175+00:00,model_baseline,20260717,23,FILL,13d6c197c875274a96b2,a7af3881ad1369731543414f6c2876a3d2544d859d65eb620bff67a40eac28b2,000032.SZ,BUY,900,17.27,15543.00,5.16,358422.28,900,"{""cash_after"":""358422.28"",""commission"":""5.00"",""fill_id"":""13d6c197c875274a96b2"",""market_batch_id"":""58c827a59bfe"",""notional"":""15543.00"",""open_deviation"":0.004069767441860465,""order_id"":""d233d94ebcd2714134ef"",""position_after"":900,""price"":""17.27"",""quantity"":900,""side"":""BUY"",""stamp_tax"":""0.00"",""total_fee"":""5.16"",""transfer_fee"":""0.16"",""ts_code"":""000032.SZ""}",1ab8d96a59f2ca5d066f4409020199917b346ffb1226de680f1ee84709f6d4c8,docker-scheduler
5daccc50a49c5a459076,97c4572ab074ad0129ef,2026-07-22T12:54:00.399175+00:00,model_baseline,20260717,24,ORDER,f8d425ed977b447f1793,a7af3881ad1369731543414f6c2876a3d2544d859d65eb620bff67a40eac28b2,002008.SZ,BUY,100,,,,,,"{""desired_quantity"":100,""filled_quantity"":100,""order_id"":""f8d425ed977b447f1793"",""reject_reason"":"""",""requested_quantity"":100,""side"":""BUY"",""status"":""FILLED"",""target_weight"":""0.03333333333333333"",""ts_code"":""002008.SZ""}",32f5c0ea970f2c6572a0144d62979f4a7a3d5eb2a3a151c16943369f8b74709e,docker-scheduler
2cdcb99a5eead5673eed,97c4572ab074ad0129ef,2026-07-22T12:54:00.399175+00:00,model_baseline,20260717,25,FILL,1f2336f29b56e7882cc5,a7af3881ad1369731543414f6c2876a3d2544d859d65eb620bff67a40eac28b2,002008.SZ,BUY,100,107.5,10750.00,5.11,347667.17,100,"{""cash_after"":""347667.17"",""commission"":""5.00"",""fill_id"":""1f2336f29b56e7882cc5"",""market_batch_id"":""58c827a59bfe"",""notional"":""10750.00"",""open_deviation"":-0.005550416281221091,""order_id"":""f8d425ed977b447f1793"",""position_after"":100,""price"":""107.5"",""quantity"":100,""side"":""BUY"",""stamp_tax"":""0.00"",""total_fee"":""5.11"",""transfer_fee"":""0.11"",""ts_code"":""002008.SZ""}",73989bc3b383463525f66352e33e337d781e456c272e434f3cf3e6fbf07b78e8,docker-scheduler
5a74c7fb15c2fabdb1e5,97c4572ab074ad0129ef,2026-07-22T12:54:00.399175+00:00,model_baseline,20260717,26,ORDER,2fbaff6ae22cdde5e1e1,a7af3881ad1369731543414f6c2876a3d2544d859d65eb620bff67a40eac28b2,002138.SZ,BUY,300,,,,,,"{""desired_quantity"":300,""filled_quantity"":300,""order_id"":""2fbaff6ae22cdde5e1e1"",""reject_reason"":"""",""requested_quantity"":300,""side"":""BUY"",""status"":""FILLED"",""target_weight"":""0.03333333333333333"",""ts_code"":""002138.SZ""}",379bce8633157c806646a4a48d2bffad87c66ed552b14cdff22ccef89a6b5245,docker-scheduler
b67f0fdf04410e179f60,97c4572ab074ad0129ef,2026-07-22T12:54:00.399175+00:00,model_baseline,20260717,27,FILL,dee3cc662b6f99593626,a7af3881ad1369731543414f6c2876a3d2544d859d65eb620bff67a40eac28b2,002138.SZ,BUY,300,44.88,13464.00,5.13,334198.04,300,"{""cash_after"":""334198.04"",""commission"":""5.00"",""fill_id"":""dee3cc662b6f99593626"",""market_batch_id"":""58c827a59bfe"",""notional"":""13464.00"",""open_deviation"":0.00022286605749944285,""order_id"":""2fbaff6ae22cdde5e1e1"",""position_after"":300,""price"":""44.88"",""quantity"":300,""side"":""BUY"",""stamp_tax"":""0.00"",""total_fee"":""5.13"",""transfer_fee"":""0.13"",""ts_code"":""002138.SZ""}",9bca2932312f6b249edbe3b5a29d179b019091e3819ed1ae6560fe00c4a5e261,docker-scheduler
186bfd3ea345f3daddfb,97c4572ab074ad0129ef,2026-07-22T12:54:00.399175+00:00,model_baseline,20260717,28,ORDER,0d2dde912e4160726b45,a7af3881ad1369731543414f6c2876a3d2544d859d65eb620bff67a40eac28b2,002407.SZ,BUY,500,,,,,,"{""desired_quantity"":500,""filled_quantity"":500,""order_id"":""0d2dde912e4160726b45"",""reject_reason"":"""",""requested_quantity"":500,""side"":""BUY"",""status"":""FILLED"",""target_weight"":""0.03333333333333333"",""ts_code"":""002407.SZ""}",7c385464193c079de635ec2f0d69cf9f08b31c56f1a32f28962b94c13ca5eb57,docker-scheduler
e475f5295f4e76ddbf63,97c4572ab074ad0129ef,2026-07-22T12:54:00.399175+00:00,model_baseline,20260717,29,FILL,2a1d344231558cb2b611,a7af3881ad1369731543414f6c2876a3d2544d859d65eb620bff67a40eac28b2,002407.SZ,BUY,500,31.9,15950.00,5.16,318242.88,500,"{""cash_after"":""318242.88"",""commission"":""5.00"",""fill_id"":""2a1d344231558cb2b611"",""market_batch_id"":""58c827a59bfe"",""notional"":""15950.00"",""open_deviation"":-0.0006265664160401002,""order_id"":""0d2dde912e4160726b45"",""position_after"":500,""price"":""31.9"",""quantity"":500,""side"":""BUY"",""stamp_tax"":""0.00"",""total_fee"":""5.16"",""transfer_fee"":""0.16"",""ts_code"":""002407.SZ""}",2a55b9f58bbd02cd6b2561fc1ae28c35d6ba0f5f83f9de8f3334746229a54258,docker-scheduler
7dc88132d65ff851616e,97c4572ab074ad0129ef,2026-07-22T12:54:00.399175+00:00,model_baseline,20260717,30,ORDER,2843d7351e30d8b457b4,a7af3881ad1369731543414f6c2876a3d2544d859d65eb620bff67a40eac28b2,300054.SZ,BUY,200,,,,,,"{""desired_quantity"":200,""filled_quantity"":200,""order_id"":""2843d7351e30d8b457b4"",""reject_reason"":"""",""requested_quantity"":200,""side"":""BUY"",""status"":""FILLED"",""target_weight"":""0.03333333333333333"",""ts_code"":""300054.SZ""}",27f52818067f658c7f176a17618060cfc3078802edf86f6389642fd07666c342,docker-scheduler
1c1eba129ce3466631aa,97c4572ab074ad0129ef,2026-07-22T12:54:00.399175+00:00,model_baseline,20260717,31,FILL,1c6077c966b81b4f48cc,a7af3881ad1369731543414f6c2876a3d2544d859d65eb620bff67a40eac28b2,300054.SZ,BUY,200,72.88,14576.00,5.15,303661.73,200,"{""cash_after"":""303661.73"",""commission"":""5.00"",""fill_id"":""1c6077c966b81b4f48cc"",""market_batch_id"":""58c827a59bfe"",""notional"":""14576.00"",""open_deviation"":0.005241379310344828,""order_id"":""2843d7351e30d8b457b4"",""position_after"":200,""price"":""72.88"",""quantity"":200,""side"":""BUY"",""stamp_tax"":""0.00"",""total_fee"":""5.15"",""transfer_fee"":""0.15"",""ts_code"":""300054.SZ""}",f62a1dbc19e3cc0feef5324d1d5223e508148d04507e029b61c81ad45581008a,docker-scheduler
4dacbf20b909eeab243d,97c4572ab074ad0129ef,2026-07-22T12:54:00.399175+00:00,model_baseline,20260717,32,ORDER,d94fe2970a0de4aaf5ed,a7af3881ad1369731543414f6c2876a3d2544d859d65eb620bff67a40eac28b2,300136.SZ,BUY,200,,,,,,"{""desired_quantity"":200,""filled_quantity"":200,""order_id"":""d94fe2970a0de4aaf5ed"",""reject_reason"":"""",""requested_quantity"":200,""side"":""BUY"",""status"":""FILLED"",""target_weight"":""0.03333333333333333"",""ts_code"":""300136.SZ""}",3af4d0deacc01ea7e70effd7c8181e0ced677c4199e3c32bb987da787acfcce2,docker-scheduler
4ced9814653c392b747d,97c4572ab074ad0129ef,2026-07-22T12:54:00.399175+00:00,model_baseline,20260717,33,FILL,cc906fc48790cc224c38,a7af3881ad1369731543414f6c2876a3d2544d859d65eb620bff67a40eac28b2,300136.SZ,BUY,200,77.56,15512.00,5.16,288144.57,200,"{""cash_after"":""288144.57"",""commission"":""5.00"",""fill_id"":""cc906fc48790cc224c38"",""market_batch_id"":""58c827a59bfe"",""notional"":""15512.00"",""open_deviation"":-0.018848829854522454,""order_id"":""d94fe2970a0de4aaf5ed"",""position_after"":200,""price"":""77.56"",""quantity"":200,""side"":""BUY"",""stamp_tax"":""0.00"",""total_fee"":""5.16"",""transfer_fee"":""0.16"",""ts_code"":""300136.SZ""}",4d998aa0e2020f5b5ca5460952c7dbc78621e9b337febdef2e4234ee5ecc4c02,docker-scheduler
baa423dba8651f2623f5,97c4572ab074ad0129ef,2026-07-22T12:54:00.399175+00:00,model_baseline,20260717,34,ORDER,fcd3f23bb08d5be84958,a7af3881ad1369731543414f6c2876a3d2544d859d65eb620bff67a40eac28b2,300346.SZ,BUY,200,,,,,,"{""desired_quantity"":200,""filled_quantity"":200,""order_id"":""fcd3f23bb08d5be84958"",""reject_reason"":"""",""requested_quantity"":200,""side"":""BUY"",""status"":""FILLED"",""target_weight"":""0.03333333333333333"",""ts_code"":""300346.SZ""}",4415bc6173889c4350c6ed2150b7d6941000aedf788baee044d1828502ea48c4,docker-scheduler
df518f43eb9f3a821667,97c4572ab074ad0129ef,2026-07-22T12:54:00.399175+00:00,model_baseline,20260717,35,FILL,65d91209a54e092cd755,a7af3881ad1369731543414f6c2876a3d2544d859d65eb620bff67a40eac28b2,300346.SZ,BUY,200,62.37,12474.00,5.12,275665.45,200,"{""cash_after"":""275665.45"",""commission"":""5.00"",""fill_id"":""65d91209a54e092cd755"",""market_batch_id"":""58c827a59bfe"",""notional"":""12474.00"",""open_deviation"":0.015798045602605865,""order_id"":""fcd3f23bb08d5be84958"",""position_after"":200,""price"":""62.37"",""quantity"":200,""side"":""BUY"",""stamp_tax"":""0.00"",""total_fee"":""5.12"",""transfer_fee"":""0.12"",""ts_code"":""300346.SZ""}",075d938cb3ce3da6548016bf8f9d70192a5c125b3a3a94d3e5ba5bbb6e7c9beb,docker-scheduler
cb3a3f31b2eec485c159,97c4572ab074ad0129ef,2026-07-22T12:54:00.399175+00:00,model_baseline,20260717,36,ORDER,c16689043f7a1499802c,a7af3881ad1369731543414f6c2876a3d2544d859d65eb620bff67a40eac28b2,300373.SZ,BUY,100,,,,,,"{""desired_quantity"":100,""filled_quantity"":100,""order_id"":""c16689043f7a1499802c"",""reject_reason"":"""",""requested_quantity"":100,""side"":""BUY"",""status"":""FILLED"",""target_weight"":""0.03333333333333333"",""ts_code"":""300373.SZ""}",56d1c457cc0706f4e90512a3683fab87956ea63eff8e6ff7f1bf3a1c9931f423,docker-scheduler
e5d5af8e2e286aad3462,97c4572ab074ad0129ef,2026-07-22T12:54:00.399175+00:00,model_baseline,20260717,37,FILL,4361ce090b78d73084bc,a7af3881ad1369731543414f6c2876a3d2544d859d65eb620bff67a40eac28b2,300373.SZ,BUY,100,103.0,10300.00,5.10,265360.35,100,"{""cash_after"":""265360.35"",""commission"":""5.00"",""fill_id"":""4361ce090b78d73084bc"",""market_batch_id"":""58c827a59bfe"",""notional"":""10300.00"",""open_deviation"":0.012782694198623401,""order_id"":""c16689043f7a1499802c"",""position_after"":100,""price"":""103.0"",""quantity"":100,""side"":""BUY"",""stamp_tax"":""0.00"",""total_fee"":""5.10"",""transfer_fee"":""0.10"",""ts_code"":""300373.SZ""}",41f58a7b762c662c9ee70acda58cc0212ae2b76721eddba25a08fe275ac7953d,docker-scheduler
adc0eb708c1bb8b99bc9,97c4572ab074ad0129ef,2026-07-22T12:54:00.399175+00:00,model_baseline,20260717,38,ORDER,be14cf52b62ebf4d3612,a7af3881ad1369731543414f6c2876a3d2544d859d65eb620bff67a40eac28b2,300623.SZ,BUY,500,,,,,,"{""desired_quantity"":500,""filled_quantity"":500,""order_id"":""be14cf52b62ebf4d3612"",""reject_reason"":"""",""requested_quantity"":500,""side"":""BUY"",""status"":""FILLED"",""target_weight"":""0.03333333333333333"",""ts_code"":""300623.SZ""}",b4017cb80e61d71d719453b046c63e19c3f9a6b602a80d457f9e2bf449b76150,docker-scheduler
08f30ad78d39f14b563d,97c4572ab074ad0129ef,2026-07-22T12:54:00.399175+00:00,model_baseline,20260717,39,FILL,67e319d206f09c032497,a7af3881ad1369731543414f6c2876a3d2544d859d65eb620bff67a40eac28b2,300623.SZ,BUY,500,29.99,14995.00,5.15,250360.20,500,"{""cash_after"":""250360.20"",""commission"":""5.00"",""fill_id"":""67e319d206f09c032497"",""market_batch_id"":""58c827a59bfe"",""notional"":""14995.00"",""open_deviation"":-0.002660458929165281,""order_id"":""be14cf52b62ebf4d3612"",""position_after"":500,""price"":""29.99"",""quantity"":500,""side"":""BUY"",""stamp_tax"":""0.00"",""total_fee"":""5.15"",""transfer_fee"":""0.15"",""ts_code"":""300623.SZ""}",665c6d976b15e46e7b4c42e7be41708de70a5f0550dcdbce945b54de795247fb,docker-scheduler
6695d58c1751e9b3fd0b,97c4572ab074ad0129ef,2026-07-22T12:54:00.399175+00:00,model_baseline,20260717,40,ORDER,fd5fd3f8b621908d9378,a7af3881ad1369731543414f6c2876a3d2544d859d65eb620bff67a40eac28b2,300857.SZ,BUY,0,,,,,,"{""desired_quantity"":0,""filled_quantity"":0,""order_id"":""fd5fd3f8b621908d9378"",""reject_reason"":""BELOW_MIN_LOT"",""requested_quantity"":0,""side"":""BUY"",""status"":""REJECTED"",""target_weight"":""0.03333333333333333"",""ts_code"":""300857.SZ""}",8846c8c28650002aa79d64164a1f7172b0421b641e1eece4d0b2de0b11ab7e46,docker-scheduler
d8f39269588f27074f38,97c4572ab074ad0129ef,2026-07-22T12:54:00.399175+00:00,model_baseline,20260717,41,ORDER,b0966ec189ed4ec6d336,a7af3881ad1369731543414f6c2876a3d2544d859d65eb620bff67a40eac28b2,301308.SZ,BUY,0,,,,,,"{""desired_quantity"":0,""filled_quantity"":0,""order_id"":""b0966ec189ed4ec6d336"",""reject_reason"":""BELOW_MIN_LOT"",""requested_quantity"":0,""side"":""BUY"",""status"":""REJECTED"",""target_weight"":""0.03333333333333333"",""ts_code"":""301308.SZ""}",dea91d639705fb2ca5ea939e26096c0827602f361952da1ab92e6d606643e0dc,docker-scheduler
8b07b3d7f1a9017a3d0b,97c4572ab074ad0129ef,2026-07-22T12:54:00.399175+00:00,model_baseline,20260717,42,ORDER,8b0afd5c50494435f3e7,a7af3881ad1369731543414f6c2876a3d2544d859d65eb620bff67a40eac28b2,688248.SH,BUY,402,,,,,,"{""desired_quantity"":402,""filled_quantity"":402,""order_id"":""8b0afd5c50494435f3e7"",""reject_reason"":"""",""requested_quantity"":402,""side"":""BUY"",""status"":""FILLED"",""target_weight"":""0.03333333333333333"",""ts_code"":""688248.SH""}",e0b3d6eca1e347888d7b7006eade20a57d23defcb086eac0cb5baeecb04ac0bd,docker-scheduler
e9fe532580556b96a29e,97c4572ab074ad0129ef,2026-07-22T12:54:00.399175+00:00,model_baseline,20260717,43,FILL,7bf1e4e387741ead90df,a7af3881ad1369731543414f6c2876a3d2544d859d65eb620bff67a40eac28b2,688248.SH,BUY,402,41.45,16662.90,5.17,233692.13,402,"{""cash_after"":""233692.13"",""commission"":""5.00"",""fill_id"":""7bf1e4e387741ead90df"",""market_batch_id"":""58c827a59bfe"",""notional"":""16662.90"",""open_deviation"":-0.004323804948354552,""order_id"":""8b0afd5c50494435f3e7"",""position_after"":402,""price"":""41.45"",""quantity"":402,""side"":""BUY"",""stamp_tax"":""0.00"",""total_fee"":""5.17"",""transfer_fee"":""0.17"",""ts_code"":""688248.SH""}",db213c261afb1f9725eccf969aa141a8694aff80fe2e781240a120a926ebe6bd,docker-scheduler
bb87238ba0a035f85f57,97c4572ab074ad0129ef,2026-07-22T12:54:00.399175+00:00,model_baseline,20260717,44,ORDER,268afb0c9c5b84cfc979,a7af3881ad1369731543414f6c2876a3d2544d859d65eb620bff67a40eac28b2,300661.SZ,BUY,100,,,,,,"{""desired_quantity"":100,""filled_quantity"":100,""order_id"":""268afb0c9c5b84cfc979"",""reject_reason"":"""",""requested_quantity"":100,""side"":""BUY"",""status"":""FILLED"",""target_weight"":""0.03333333333333333"",""ts_code"":""300661.SZ""}",49144cfe7a73b72e43153af1bbe03d3a220085e4385e1c050d473cbecee5fd06,docker-scheduler
8f80c5423802f4f2c3eb,97c4572ab074ad0129ef,2026-07-22T12:54:00.399175+00:00,model_baseline,20260717,45,FILL,d88801dcd82b7d2acb1a,a7af3881ad1369731543414f6c2876a3d2544d859d65eb620bff67a40eac28b2,300661.SZ,BUY,100,107.32,10732.00,5.11,222955.02,100,"{""cash_after"":""222955.02"",""commission"":""5.00"",""fill_id"":""d88801dcd82b7d2acb1a"",""market_batch_id"":""58c827a59bfe"",""notional"":""10732.00"",""open_deviation"":0.0,""order_id"":""268afb0c9c5b84cfc979"",""position_after"":100,""price"":""107.32"",""quantity"":100,""side"":""BUY"",""stamp_tax"":""0.00"",""total_fee"":""5.11"",""transfer_fee"":""0.11"",""ts_code"":""300661.SZ""}",bcc0d106b55721b3a49a397c0abd6da16485c92b7af2fb03c6380e5a2d09a26a,docker-scheduler
42cfb27ae531b7fad019,97c4572ab074ad0129ef,2026-07-22T12:54:00.399175+00:00,model_baseline,20260717,46,ORDER,7e1f94ea68ac3c4ba4dc,a7af3881ad1369731543414f6c2876a3d2544d859d65eb620bff67a40eac28b2,001309.SZ,BUY,0,,,,,,"{""desired_quantity"":0,""filled_quantity"":0,""order_id"":""7e1f94ea68ac3c4ba4dc"",""reject_reason"":""BELOW_MIN_LOT"",""requested_quantity"":0,""side"":""BUY"",""status"":""REJECTED"",""target_weight"":""0.03333333333333333"",""ts_code"":""001309.SZ""}",148efffefa69b9a3ce693dde94cc9315f14e325196edda9de0ae14c629f0920d,docker-scheduler
ec3be120199c1da2365c,97c4572ab074ad0129ef,2026-07-22T12:54:00.399175+00:00,model_baseline,20260717,47,ORDER,9533a9bb100a03e47980,a7af3881ad1369731543414f6c2876a3d2544d859d65eb620bff67a40eac28b2,603650.SH,BUY,200,,,,,,"{""desired_quantity"":200,""filled_quantity"":200,""order_id"":""9533a9bb100a03e47980"",""reject_reason"":"""",""requested_quantity"":200,""side"":""BUY"",""status"":""FILLED"",""target_weight"":""0.03333333333333333"",""ts_code"":""603650.SH""}",5bc9080951414c3441a144c91b2c408b7af953109d03172ff164496e73d962b8,docker-scheduler
3bf18eb3c929e6193400,97c4572ab074ad0129ef,2026-07-22T12:54:00.399175+00:00,model_baseline,20260717,48,FILL,72c7d012a121b0ac0edc,a7af3881ad1369731543414f6c2876a3d2544d859d65eb620bff67a40eac28b2,603650.SH,BUY,200,69.26,13852.00,5.14,209097.88,200,"{""cash_after"":""209097.88"",""commission"":""5.00"",""fill_id"":""72c7d012a121b0ac0edc"",""market_batch_id"":""58c827a59bfe"",""notional"":""13852.00"",""open_deviation"":-0.010288653901114605,""order_id"":""9533a9bb100a03e47980"",""position_after"":200,""price"":""69.26"",""quantity"":200,""side"":""BUY"",""stamp_tax"":""0.00"",""total_fee"":""5.14"",""transfer_fee"":""0.14"",""ts_code"":""603650.SH""}",9141de10bdca2fa878fe84e905fcb0282504c969dd312df0155a365b6394a551,docker-scheduler
a8ad31e085fa82319dbb,97c4572ab074ad0129ef,2026-07-22T12:54:00.399175+00:00,model_baseline,20260717,49,ORDER,9baff32540e0c5fb5cca,a7af3881ad1369731543414f6c2876a3d2544d859d65eb620bff67a40eac28b2,688728.SH,BUY,993,,,,,,"{""desired_quantity"":993,""filled_quantity"":993,""order_id"":""9baff32540e0c5fb5cca"",""reject_reason"":"""",""requested_quantity"":993,""side"":""BUY"",""status"":""FILLED"",""target_weight"":""0.03333333333333333"",""ts_code"":""688728.SH""}",187b2624ebc7163c4eeeb58e4b9cc22c2f1284faf016d2341d024fabf8c72a1f,docker-scheduler
3f44cbe7f74ee91e9bf4,97c4572ab074ad0129ef,2026-07-22T12:54:00.399175+00:00,model_baseline,20260717,50,FILL,5aded111b2b2a8c66243,a7af3881ad1369731543414f6c2876a3d2544d859d65eb620bff67a40eac28b2,688728.SH,BUY,993,16.77,16652.61,5.17,192440.10,993,"{""cash_after"":""192440.10"",""commission"":""5.00"",""fill_id"":""5aded111b2b2a8c66243"",""market_batch_id"":""58c827a59bfe"",""notional"":""16652.61"",""open_deviation"":-0.0011911852293031567,""order_id"":""9baff32540e0c5fb5cca"",""position_after"":993,""price"":""16.77"",""quantity"":993,""side"":""BUY"",""stamp_tax"":""0.00"",""total_fee"":""5.17"",""transfer_fee"":""0.17"",""ts_code"":""688728.SH""}",e4f4137eedef65724ef80549227b2edf25aeb096ddef6c889bf477b0a803241a,docker-scheduler
2cbade3636d80f3a2905,97c4572ab074ad0129ef,2026-07-22T12:54:00.399175+00:00,model_baseline,20260717,51,ORDER,83ca5b5a538dc7e2fe25,a7af3881ad1369731543414f6c2876a3d2544d859d65eb620bff67a40eac28b2,300751.SZ,BUY,0,,,,,,"{""desired_quantity"":0,""filled_quantity"":0,""order_id"":""83ca5b5a538dc7e2fe25"",""reject_reason"":""BELOW_MIN_LOT"",""requested_quantity"":0,""side"":""BUY"",""status"":""REJECTED"",""target_weight"":""0.03333333333333333"",""ts_code"":""300751.SZ""}",c8d9cb50c30950b631ff2778893a022e12f34102fd2569291b4e6f3dec4aaaf1,docker-scheduler
bb624c08176d019f0d36,97c4572ab074ad0129ef,2026-07-22T12:54:00.399175+00:00,model_baseline,20260717,52,ORDER,595bc33e934e01543afc,a7af3881ad1369731543414f6c2876a3d2544d859d65eb620bff67a40eac28b2,301611.SZ,BUY,100,,,,,,"{""desired_quantity"":100,""filled_quantity"":100,""order_id"":""595bc33e934e01543afc"",""reject_reason"":"""",""requested_quantity"":100,""side"":""BUY"",""status"":""FILLED"",""target_weight"":""0.03333333333333333"",""ts_code"":""301611.SZ""}",ab6b7fc554da7d6a3911150492982a51bf22ff5c6934e8c873685ba8c2642880,docker-scheduler
987c9067eda9476170c9,97c4572ab074ad0129ef,2026-07-22T12:54:00.399175+00:00,model_baseline,20260717,53,FILL,c33def7647693dbd0cfa,a7af3881ad1369731543414f6c2876a3d2544d859d65eb620bff67a40eac28b2,301611.SZ,BUY,100,119.09,11909.00,5.12,180525.98,100,"{""cash_after"":""180525.98"",""commission"":""5.00"",""fill_id"":""c33def7647693dbd0cfa"",""market_batch_id"":""58c827a59bfe"",""notional"":""11909.00"",""open_deviation"":-0.016679052101395427,""order_id"":""595bc33e934e01543afc"",""position_after"":100,""price"":""119.09"",""quantity"":100,""side"":""BUY"",""stamp_tax"":""0.00"",""total_fee"":""5.12"",""transfer_fee"":""0.12"",""ts_code"":""301611.SZ""}",d1778b88ac6a2d106bfcb82ceb58476d4621ca43ab4b34ae7392e420c2d2368f,docker-scheduler
dae882844b4c18f41fe3,97c4572ab074ad0129ef,2026-07-22T12:54:00.399175+00:00,model_baseline,20260717,54,POSITION,20260717:000032.SZ,a7af3881ad1369731543414f6c2876a3d2544d859d65eb620bff67a40eac28b2,000032.SZ,,900,,,,,900,"{""close"":""15.48"",""cost_basis"":""15548.16"",""market_value"":""13932.00"",""price_date"":""20260717"",""quantity"":900,""realized_pnl"":""0.00"",""stale_trade_days"":0,""ts_code"":""000032.SZ""}",64080b85561b8b76cdbbe9e24fcab5c23411b93e0b4397a20183276ce5275541,docker-scheduler
1b67b1d6e0b796c2f021,97c4572ab074ad0129ef,2026-07-22T12:54:00.399175+00:00,model_baseline,20260717,55,POSITION,20260717:002008.SZ,a7af3881ad1369731543414f6c2876a3d2544d859d65eb620bff67a40eac28b2,002008.SZ,,100,,,,,100,"{""close"":""101.91"",""cost_basis"":""10755.11"",""market_value"":""10191.00"",""price_date"":""20260717"",""quantity"":100,""realized_pnl"":""0.00"",""stale_trade_days"":0,""ts_code"":""002008.SZ""}",f23adfa1c62576ede8aeb814d371fb9020e50bea787f68b74ea09753c8e23533,docker-scheduler
e2f463ffb8eb61750243,97c4572ab074ad0129ef,2026-07-22T12:54:00.399175+00:00,model_baseline,20260717,56,POSITION,20260717:002138.SZ,a7af3881ad1369731543414f6c2876a3d2544d859d65eb620bff67a40eac28b2,002138.SZ,,300,,,,,300,"{""close"":""42.31"",""cost_basis"":""13469.13"",""market_value"":""12693.00"",""price_date"":""20260717"",""quantity"":300,""realized_pnl"":""0.00"",""stale_trade_days"":0,""ts_code"":""002138.SZ""}",76806198717254d2581bdc6ae6feaa65657e10ab9816c2e6ece04e3f568fe8ef,docker-scheduler
9a7ce52f22258c90bc9c,97c4572ab074ad0129ef,2026-07-22T12:54:00.399175+00:00,model_baseline,20260717,57,POSITION,20260717:002407.SZ,a7af3881ad1369731543414f6c2876a3d2544d859d65eb620bff67a40eac28b2,002407.SZ,,500,,,,,500,"{""close"":""31.24"",""cost_basis"":""15955.16"",""market_value"":""15620.00"",""price_date"":""20260717"",""quantity"":500,""realized_pnl"":""0.00"",""stale_trade_days"":0,""ts_code"":""002407.SZ""}",1bac605ab91cc58d1f5ec1e681b641ebc6d98588276ec6b423f3dc959337b1c9,docker-scheduler
a2733bb47d954ee27494,97c4572ab074ad0129ef,2026-07-22T12:54:00.399175+00:00,model_baseline,20260717,58,POSITION,20260717:300054.SZ,a7af3881ad1369731543414f6c2876a3d2544d859d65eb620bff67a40eac28b2,300054.SZ,,200,,,,,200,"{""close"":""69.41"",""cost_basis"":""14581.15"",""market_value"":""13882.00"",""price_date"":""20260717"",""quantity"":200,""realized_pnl"":""0.00"",""stale_trade_days"":0,""ts_code"":""300054.SZ""}",1ec369957a336e9d2e6d504bcf2ae6b16b3bb369c54a2bd871f1752aeed70c8e,docker-scheduler
37b959e6ad283ee0190c,97c4572ab074ad0129ef,2026-07-22T12:54:00.399175+00:00,model_baseline,20260717,59,POSITION,20260717:300136.SZ,a7af3881ad1369731543414f6c2876a3d2544d859d65eb620bff67a40eac28b2,300136.SZ,,200,,,,,200,"{""close"":""69.51"",""cost_basis"":""15517.16"",""market_value"":""13902.00"",""price_date"":""20260717"",""quantity"":200,""realized_pnl"":""0.00"",""stale_trade_days"":0,""ts_code"":""300136.SZ""}",09d4fa63a95e56a422ccc2d5406ba227a9205226fe82718bde8323414d0b5bec,docker-scheduler
5a40c105efeb26ba72ad,97c4572ab074ad0129ef,2026-07-22T12:54:00.399175+00:00,model_baseline,20260717,60,POSITION,20260717:300346.SZ,a7af3881ad1369731543414f6c2876a3d2544d859d65eb620bff67a40eac28b2,300346.SZ,,200,,,,,200,"{""close"":""57.39"",""cost_basis"":""12479.12"",""market_value"":""11478.00"",""price_date"":""20260717"",""quantity"":200,""realized_pnl"":""0.00"",""stale_trade_days"":0,""ts_code"":""300346.SZ""}",3f0e7763b473fcfeec0a22230061b4091faabd29815485077b3866b87e3c666e,docker-scheduler
21357833e5b1fefe7cc2,97c4572ab074ad0129ef,2026-07-22T12:54:00.399175+00:00,model_baseline,20260717,61,POSITION,20260717:300373.SZ,a7af3881ad1369731543414f6c2876a3d2544d859d65eb620bff67a40eac28b2,300373.SZ,,100,,,,,100,"{""close"":""93.07"",""cost_basis"":""10305.10"",""market_value"":""9307.00"",""price_date"":""20260717"",""quantity"":100,""realized_pnl"":""0.00"",""stale_trade_days"":0,""ts_code"":""300373.SZ""}",f098f9887f9567f880502d7b3f0ef8e9d546e292604796bf11028571ce68673d,docker-scheduler
d28ea1f08865d3ff045c,97c4572ab074ad0129ef,2026-07-22T12:54:00.399175+00:00,model_baseline,20260717,62,POSITION,20260717:300623.SZ,a7af3881ad1369731543414f6c2876a3d2544d859d65eb620bff67a40eac28b2,300623.SZ,,500,,,,,500,"{""close"":""27.27"",""cost_basis"":""15000.15"",""market_value"":""13635.00"",""price_date"":""20260717"",""quantity"":500,""realized_pnl"":""0.00"",""stale_trade_days"":0,""ts_code"":""300623.SZ""}",2bb8a50cd017cffb7028de58e2038513455acea21340c787489cab97052e94e1,docker-scheduler
b5b9b6dc3f4668eb32ad,97c4572ab074ad0129ef,2026-07-22T12:54:00.399175+00:00,model_baseline,20260717,63,POSITION,20260717:300661.SZ,a7af3881ad1369731543414f6c2876a3d2544d859d65eb620bff67a40eac28b2,300661.SZ,,100,,,,,100,"{""close"":""101.0"",""cost_basis"":""10737.11"",""market_value"":""10100.00"",""price_date"":""20260717"",""quantity"":100,""realized_pnl"":""0.00"",""stale_trade_days"":0,""ts_code"":""300661.SZ""}",4f2749a5937238683d923046122b6b8cb4987b051bab3f06d925fc546df06165,docker-scheduler
a6514cf17b9ccd822cae,97c4572ab074ad0129ef,2026-07-22T12:54:00.399175+00:00,model_baseline,20260717,64,POSITION,20260717:301611.SZ,a7af3881ad1369731543414f6c2876a3d2544d859d65eb620bff67a40eac28b2,301611.SZ,,100,,,,,100,"{""close"":""106.06"",""cost_basis"":""11914.12"",""market_value"":""10606.00"",""price_date"":""20260717"",""quantity"":100,""realized_pnl"":""0.00"",""stale_trade_days"":0,""ts_code"":""301611.SZ""}",5695743e5e3d549eb61d2287556399a7056d3981fadb3ff085c2a5eb1664c712,docker-scheduler
fb051856d6bcacee99a9,97c4572ab074ad0129ef,2026-07-22T12:54:00.399175+00:00,model_baseline,20260717,65,POSITION,20260717:600460.SH,a7af3881ad1369731543414f6c2876a3d2544d859d65eb620bff67a40eac28b2,600460.SH,,400,,,,,400,"{""close"":""33.19"",""cost_basis"":""14445.14"",""market_value"":""13276.00"",""price_date"":""20260717"",""quantity"":400,""realized_pnl"":""0.00"",""stale_trade_days"":0,""ts_code"":""600460.SH""}",4797e0fe1d00d24cf748fce6f15e4cdd4579f8d9cfddbb508eb9a18d7ca2c452,docker-scheduler
03211b24d75aacbfa4b6,97c4572ab074ad0129ef,2026-07-22T12:54:00.399175+00:00,model_baseline,20260717,66,POSITION,20260717:600707.SH,a7af3881ad1369731543414f6c2876a3d2544d859d65eb620bff67a40eac28b2,600707.SH,,1600,,,,,1600,"{""close"":""9.5"",""cost_basis"":""15813.16"",""market_value"":""15200.00"",""price_date"":""20260717"",""quantity"":1600,""realized_pnl"":""0.00"",""stale_trade_days"":0,""ts_code"":""600707.SH""}",9b40ef6b63565516fc2f01cd3154cdda94e863d3e09d37dddd8b32fea1009eff,docker-scheduler
0c2b13fe8eb65b1cd039,97c4572ab074ad0129ef,2026-07-22T12:54:00.399175+00:00,model_baseline,20260717,67,POSITION,20260717:603308.SH,a7af3881ad1369731543414f6c2876a3d2544d859d65eb620bff67a40eac28b2,603308.SH,,300,,,,,300,"{""close"":""44.34"",""cost_basis"":""14402.14"",""market_value"":""13302.00"",""price_date"":""20260717"",""quantity"":300,""realized_pnl"":""0.00"",""stale_trade_days"":0,""ts_code"":""603308.SH""}",1618621d67777be9d960f60d26d96cc81e8d6fa21728207b74d8126bd5806a8d,docker-scheduler
df0f6703f757e82caa0c,97c4572ab074ad0129ef,2026-07-22T12:54:00.399175+00:00,model_baseline,20260717,68,POSITION,20260717:603650.SH,a7af3881ad1369731543414f6c2876a3d2544d859d65eb620bff67a40eac28b2,603650.SH,,200,,,,,200,"{""close"":""67.5"",""cost_basis"":""13857.14"",""market_value"":""13500.00"",""price_date"":""20260717"",""quantity"":200,""realized_pnl"":""0.00"",""stale_trade_days"":0,""ts_code"":""603650.SH""}",1fe473bc3218f18470ed3f75e0bf097f18bb1130e6c81e6dc2be9a821131e68a,docker-scheduler
641f7648c7f453c9bf3a,97c4572ab074ad0129ef,2026-07-22T12:54:00.399175+00:00,model_baseline,20260717,69,POSITION,20260717:603699.SH,a7af3881ad1369731543414f6c2876a3d2544d859d65eb620bff67a40eac28b2,603699.SH,,400,,,,,400,"{""close"":""39.33"",""cost_basis"":""16505.17"",""market_value"":""15732.00"",""price_date"":""20260717"",""quantity"":400,""realized_pnl"":""0.00"",""stale_trade_days"":0,""ts_code"":""603699.SH""}",dd3e10f7ba97d319a4bb0bf03595a37ae3893d8142b605e90f5798952c94c752,docker-scheduler
380823a2f71aeebd7b77,97c4572ab074ad0129ef,2026-07-22T12:54:00.399175+00:00,model_baseline,20260717,70,POSITION,20260717:605358.SH,a7af3881ad1369731543414f6c2876a3d2544d859d65eb620bff67a40eac28b2,605358.SH,,300,,,,,300,"{""close"":""45.5"",""cost_basis"":""14930.15"",""market_value"":""13650.00"",""price_date"":""20260717"",""quantity"":300,""realized_pnl"":""0.00"",""stale_trade_days"":0,""ts_code"":""605358.SH""}",4aeeb694bd2496337992472395a6796f8bd4c5a9ab1a3c89b54ee2abe3d72ad0,docker-scheduler
4363c5911bc39890ce0b,97c4572ab074ad0129ef,2026-07-22T12:54:00.399175+00:00,model_baseline,20260717,71,POSITION,20260717:688248.SH,a7af3881ad1369731543414f6c2876a3d2544d859d65eb620bff67a40eac28b2,688248.SH,,402,,,,,402,"{""close"":""38.14"",""cost_basis"":""16668.07"",""market_value"":""15332.28"",""price_date"":""20260717"",""quantity"":402,""realized_pnl"":""0.00"",""stale_trade_days"":0,""ts_code"":""688248.SH""}",6d82781e741228758133d1fca5608a25b4f9b5edc346a6d35f8098f7b4407131,docker-scheduler
4bde2ae625a7f6a1479b,97c4572ab074ad0129ef,2026-07-22T12:54:00.399175+00:00,model_baseline,20260717,72,POSITION,20260717:688396.SH,a7af3881ad1369731543414f6c2876a3d2544d859d65eb620bff67a40eac28b2,688396.SH,,256,,,,,256,"{""close"":""62.01"",""cost_basis"":""16617.01"",""market_value"":""15874.56"",""price_date"":""20260717"",""quantity"":256,""realized_pnl"":""0.00"",""stale_trade_days"":0,""ts_code"":""688396.SH""}",52bb29a3e8ae05fba54db58234d329c295cd3a7ea1f62962fcb873d565fbe65e,docker-scheduler
cc99cd2bda77cfd8a09d,97c4572ab074ad0129ef,2026-07-22T12:54:00.399175+00:00,model_baseline,20260717,73,POSITION,20260717:688469.SH,a7af3881ad1369731543414f6c2876a3d2544d859d65eb620bff67a40eac28b2,688469.SH,,2267,,,,,2267,"{""close"":""6.93"",""cost_basis"":""16667.62"",""market_value"":""15710.31"",""price_date"":""20260717"",""quantity"":2267,""realized_pnl"":""0.00"",""stale_trade_days"":0,""ts_code"":""688469.SH""}",818f92e5c3590b7d8a7da97982228d86c17cea818cb21fbdd5a4777d47cc23d2,docker-scheduler
6d11a45b8ca37dc97e9b,97c4572ab074ad0129ef,2026-07-22T12:54:00.399175+00:00,model_baseline,20260717,74,POSITION,20260717:688582.SH,a7af3881ad1369731543414f6c2876a3d2544d859d65eb620bff67a40eac28b2,688582.SH,,380,,,,,380,"{""close"":""38.61"",""cost_basis"":""16649.17"",""market_value"":""14671.80"",""price_date"":""20260717"",""quantity"":380,""realized_pnl"":""0.00"",""stale_trade_days"":0,""ts_code"":""688582.SH""}",a54e65d7cbaf76a260f7c732acf2391db742f3899d161139d53442efe71f8ad6,docker-scheduler
0c83019d9f08342e4b73,97c4572ab074ad0129ef,2026-07-22T12:54:00.399175+00:00,model_baseline,20260717,75,POSITION,20260717:688728.SH,a7af3881ad1369731543414f6c2876a3d2544d859d65eb620bff67a40eac28b2,688728.SH,,993,,,,,993,"{""close"":""15.32"",""cost_basis"":""16657.78"",""market_value"":""15212.76"",""price_date"":""20260717"",""quantity"":993,""realized_pnl"":""0.00"",""stale_trade_days"":0,""ts_code"":""688728.SH""}",ffcdba4f2d4216590968f6e892ee561e1bbaeefd51202aa0afdd1ecf5ecb1dd0,docker-scheduler
5cfea5d14510cacadd4a,97c4572ab074ad0129ef,2026-07-22T12:54:00.399175+00:00,model_baseline,20260717,76,CASH,20260717,a7af3881ad1369731543414f6c2876a3d2544d859d65eb620bff67a40eac28b2,,,,,,,180525.98,,"{""cash"":""180525.98""}",bdc8e97a8b073665ca72f00b0b9f0207192d5ed4b999a97d286c10cf395f54a8,docker-scheduler
c1e326e2558c8f5c71c4,97c4572ab074ad0129ef,2026-07-22T12:54:00.399175+00:00,model_baseline,20260717,77,NAV,20260717,a7af3881ad1369731543414f6c2876a3d2544d859d65eb620bff67a40eac28b2,,,,,,,180525.98,,"{""benchmark_nav"":""0.9660028427300117478134011281"",""cash"":""180525.98"",""cash_ratio"":""0.3781966028838232641823375174"",""cumulative_dividends"":""0.00"",""cumulative_fees"":""113.22"",""daily_fees"":""113.22"",""drawdown"":""-0.04533262"",""equation_difference"":""0.00"",""freshness_status"":""PASS"",""market_value"":""296807.71"",""net_asset"":""477333.69"",""net_excess"":""-0.0113354627300117478134011281"",""normalized_nav"":""0.95466738"",""positions"":[{""close"":""15.48"",""cost_basis"":""15548.16"",""market_value"":""13932.00"",""price_date"":""20260717"",""quantity"":900,""realized_pnl"":""0.00"",""stale_trade_days"":0,""ts_code"":""000032.SZ""},{""close"":""101.91"",""cost_basis"":""10755.11"",""market_value"":""10191.00"",""price_date"":""20260717"",""quantity"":100,""realized_pnl"":""0.00"",""stale_trade_days"":0,""ts_code"":""002008.SZ""},{""close"":""42.31"",""cost_basis"":""13469.13"",""market_value"":""12693.00"",""price_date"":""20260717"",""quantity"":300,""realized_pnl"":""0.00"",""stale_trade_days"":0,""ts_code"":""002138.SZ""},{""close"":""31.24"",""cost_basis"":""15955.16"",""market_value"":""15620.00"",""price_date"":""20260717"",""quantity"":500,""realized_pnl"":""0.00"",""stale_trade_days"":0,""ts_code"":""002407.SZ""},{""close"":""69.41"",""cost_basis"":""14581.15"",""market_value"":""13882.00"",""price_date"":""20260717"",""quantity"":200,""realized_pnl"":""0.00"",""stale_trade_days"":0,""ts_code"":""300054.SZ""},{""close"":""69.51"",""cost_basis"":""15517.16"",""market_value"":""13902.00"",""price_date"":""20260717"",""quantity"":200,""realized_pnl"":""0.00"",""stale_trade_days"":0,""ts_code"":""300136.SZ""},{""close"":""57.39"",""cost_basis"":""12479.12"",""market_value"":""11478.00"",""price_date"":""20260717"",""quantity"":200,""realized_pnl"":""0.00"",""stale_trade_days"":0,""ts_code"":""300346.SZ""},{""close"":""93.07"",""cost_basis"":""10305.10"",""market_value"":""9307.00"",""price_date"":""20260717"",""quantity"":100,""realized_pnl"":""0.00"",""stale_trade_days"":0,""ts_code"":""300373.SZ""},{""close"":""27.27"",""cost_basis"":""15000.15"",""market_value"":""13635.00"",""price_date"":""20260717"",""quantity"":500,""realized_pnl"":""0.00"",""stale_trade_days"":0,""ts_code"":""300623.SZ""},{""close"":""101.0"",""cost_basis"":""10737.11"",""market_value"":""10100.00"",""price_date"":""20260717"",""quantity"":100,""realized_pnl"":""0.00"",""stale_trade_days"":0,""ts_code"":""300661.SZ""},{""close"":""106.06"",""cost_basis"":""11914.12"",""market_value"":""10606.00"",""price_date"":""20260717"",""quantity"":100,""realized_pnl"":""0.00"",""stale_trade_days"":0,""ts_code"":""301611.SZ""},{""close"":""33.19"",""cost_basis"":""14445.14"",""market_value"":""13276.00"",""price_date"":""20260717"",""quantity"":400,""realized_pnl"":""0.00"",""stale_trade_days"":0,""ts_code"":""600460.SH""},{""close"":""9.5"",""cost_basis"":""15813.16"",""market_value"":""15200.00"",""price_date"":""20260717"",""quantity"":1600,""realized_pnl"":""0.00"",""stale_trade_days"":0,""ts_code"":""600707.SH""},{""close"":""44.34"",""cost_basis"":""14402.14"",""market_value"":""13302.00"",""price_date"":""20260717"",""quantity"":300,""realized_pnl"":""0.00"",""stale_trade_days"":0,""ts_code"":""603308.SH""},{""close"":""67.5"",""cost_basis"":""13857.14"",""market_value"":""13500.00"",""price_date"":""20260717"",""quantity"":200,""realized_pnl"":""0.00"",""stale_trade_days"":0,""ts_code"":""603650.SH""},{""close"":""39.33"",""cost_basis"":""16505.17"",""market_value"":""15732.00"",""price_date"":""20260717"",""quantity"":400,""realized_pnl"":""0.00"",""stale_trade_days"":0,""ts_code"":""603699.SH""},{""close"":""45.5"",""cost_basis"":""14930.15"",""market_value"":""13650.00"",""price_date"":""20260717"",""quantity"":300,""realized_pnl"":""0.00"",""stale_trade_days"":0,""ts_code"":""605358.SH""},{""close"":""38.14"",""cost_basis"":""16668.07"",""market_value"":""15332.28"",""price_date"":""20260717"",""quantity"":402,""realized_pnl"":""0.00"",""stale_trade_days"":0,""ts_code"":""688248.SH""},{""close"":""62.01"",""cost_basis"":""16617.01"",""market_value"":""15874.56"",""price_date"":""20260717"",""quantity"":256,""realized_pnl"":""0.00"",""stale_trade_days"":0,""ts_code"":""688396.SH""},{""close"":""6.93"",""cost_basis"":""16667.62"",""market_value"":""15710.31"",""price_date"":""20260717"",""quantity"":2267,""realized_pnl"":""0.00"",""stale_trade_days"":0,""ts_code"":""688469.SH""},{""close"":""38.61"",""cost_basis"":""16649.17"",""market_value"":""14671.80"",""price_date"":""20260717"",""quantity"":380,""realized_pnl"":""0.00"",""stale_trade_days"":0,""ts_code"":""688582.SH""},{""close"":""15.32"",""cost_basis"":""16657.78"",""market_value"":""15212.76"",""price_date"":""20260717"",""quantity"":993,""realized_pnl"":""0.00"",""stale_trade_days"":0,""ts_code"":""688728.SH""}],""trade_date"":""20260717"",""turnover"":""0.6387216""}",17ba62931a30b71f0486c0c9b0c9899084200d360260627ca48aa1e4fe1581fa,docker-scheduler
2e52f72aa2694f607c53,177733b92ad6f8d40866,2026-07-22T12:54:02.498014+00:00,model_baseline,20260720,1,CORPORATE_ACTION,b78cd0185c0c0be6b3ea,5fc1e7915d2cb81a960df9db446b108f9d7d7852109a5e18c308d28bebf23eed,600460.SH,,400,,32.00,,180557.98,400,"{""action_id"":""b78cd0185c0c0be6b3ea"",""amount"":""32.00"",""cash_after"":""180557.98"",""event"":""CASH_DIVIDEND"",""position_after"":400,""quantity"":400,""ts_code"":""600460.SH""}",fbf029b9924da1afdd2d56c845ce087100505c99071920b8474b142b4d0ca653,docker-scheduler
e653fd870a22b65deb0f,177733b92ad6f8d40866,2026-07-22T12:54:02.498014+00:00,model_baseline,20260720,2,POSITION,20260720:000032.SZ,5fc1e7915d2cb81a960df9db446b108f9d7d7852109a5e18c308d28bebf23eed,000032.SZ,,900,,,,,900,"{""close"":""14.84"",""cost_basis"":""15548.16"",""market_value"":""13356.00"",""price_date"":""20260720"",""quantity"":900,""realized_pnl"":""0.00"",""stale_trade_days"":0,""ts_code"":""000032.SZ""}",f3a3a9f3971256df0ab77d41eb54c19301b0023f4c60f0e5e51da068263663d0,docker-scheduler
85ee68a788d7f99f8139,177733b92ad6f8d40866,2026-07-22T12:54:02.498014+00:00,model_baseline,20260720,3,POSITION,20260720:002008.SZ,5fc1e7915d2cb81a960df9db446b108f9d7d7852109a5e18c308d28bebf23eed,002008.SZ,,100,,,,,100,"{""close"":""91.72"",""cost_basis"":""10755.11"",""market_value"":""9172.00"",""price_date"":""20260720"",""quantity"":100,""realized_pnl"":""0.00"",""stale_trade_days"":0,""ts_code"":""002008.SZ""}",3546bf50de905d16e44b47c06a90dd6e9a011018ab802b6a0914efc4f053f182,docker-scheduler
34e9e25830c73a7622fc,177733b92ad6f8d40866,2026-07-22T12:54:02.498014+00:00,model_baseline,20260720,4,POSITION,20260720:002138.SZ,5fc1e7915d2cb81a960df9db446b108f9d7d7852109a5e18c308d28bebf23eed,002138.SZ,,300,,,,,300,"{""close"":""38.08"",""cost_basis"":""13469.13"",""market_value"":""11424.00"",""price_date"":""20260720"",""quantity"":300,""realized_pnl"":""0.00"",""stale_trade_days"":0,""ts_code"":""002138.SZ""}",30c510ee433c95d214ae2f2ab95a7e8d31640ad7ed11f5ab408ec85f4128c6dd,docker-scheduler
5aff2c456c7a2d6f90a2,177733b92ad6f8d40866,2026-07-22T12:54:02.498014+00:00,model_baseline,20260720,5,POSITION,20260720:002407.SZ,5fc1e7915d2cb81a960df9db446b108f9d7d7852109a5e18c308d28bebf23eed,002407.SZ,,500,,,,,500,"{""close"":""28.12"",""cost_basis"":""15955.16"",""market_value"":""14060.00"",""price_date"":""20260720"",""quantity"":500,""realized_pnl"":""0.00"",""stale_trade_days"":0,""ts_code"":""002407.SZ""}",724325ce363da89fc121a6f2b08f64ef8195a54c16919a3aa82c6110f635d419,docker-scheduler
6c94b1e7e15fd6eb2357,177733b92ad6f8d40866,2026-07-22T12:54:02.498014+00:00,model_baseline,20260720,6,POSITION,20260720:300054.SZ,5fc1e7915d2cb81a960df9db446b108f9d7d7852109a5e18c308d28bebf23eed,300054.SZ,,200,,,,,200,"{""close"":""65.88"",""cost_basis"":""14581.15"",""market_value"":""13176.00"",""price_date"":""20260720"",""quantity"":200,""realized_pnl"":""0.00"",""stale_trade_days"":0,""ts_code"":""300054.SZ""}",6060896f9e81c1e0651e33ad80ebe32e980158b8e9fe89b73305e38d002f3e74,docker-scheduler
126e954f1201296add5b,177733b92ad6f8d40866,2026-07-22T12:54:02.498014+00:00,model_baseline,20260720,7,POSITION,20260720:300136.SZ,5fc1e7915d2cb81a960df9db446b108f9d7d7852109a5e18c308d28bebf23eed,300136.SZ,,200,,,,,200,"{""close"":""63.18"",""cost_basis"":""15517.16"",""market_value"":""12636.00"",""price_date"":""20260720"",""quantity"":200,""realized_pnl"":""0.00"",""stale_trade_days"":0,""ts_code"":""300136.SZ""}",c6550ef3fa478c288c74e16c0c7899fcbc2fd9b2d4301724b207bb928c84a16e,docker-scheduler
ab5f63873e1a483835d6,177733b92ad6f8d40866,2026-07-22T12:54:02.498014+00:00,model_baseline,20260720,8,POSITION,20260720:300346.SZ,5fc1e7915d2cb81a960df9db446b108f9d7d7852109a5e18c308d28bebf23eed,300346.SZ,,200,,,,,200,"{""close"":""50.9"",""cost_basis"":""12479.12"",""market_value"":""10180.00"",""price_date"":""20260720"",""quantity"":200,""realized_pnl"":""0.00"",""stale_trade_days"":0,""ts_code"":""300346.SZ""}",f06584c23b67c43c7b4c9b3c90be5be2c4cfb23f2dea9804d3a7acd08d6c29fd,docker-scheduler
5871de156e87132cee3f,177733b92ad6f8d40866,2026-07-22T12:54:02.498014+00:00,model_baseline,20260720,9,POSITION,20260720:300373.SZ,5fc1e7915d2cb81a960df9db446b108f9d7d7852109a5e18c308d28bebf23eed,300373.SZ,,100,,,,,100,"{""close"":""86.9"",""cost_basis"":""10305.10"",""market_value"":""8690.00"",""price_date"":""20260720"",""quantity"":100,""realized_pnl"":""0.00"",""stale_trade_days"":0,""ts_code"":""300373.SZ""}",8bb47cf1481137f43491c2fec3e42b72f81db1f8da8ae13f361035f575f63ef6,docker-scheduler
1b909c48f7a462cb52a9,177733b92ad6f8d40866,2026-07-22T12:54:02.498014+00:00,model_baseline,20260720,10,POSITION,20260720:300623.SZ,5fc1e7915d2cb81a960df9db446b108f9d7d7852109a5e18c308d28bebf23eed,300623.SZ,,500,,,,,500,"{""close"":""24.78"",""cost_basis"":""15000.15"",""market_value"":""12390.00"",""price_date"":""20260720"",""quantity"":500,""realized_pnl"":""0.00"",""stale_trade_days"":0,""ts_code"":""300623.SZ""}",e9d068036c7abe49587f649fe179a98262378f1ca803cbdab6d4b97a40e9a5e3,docker-scheduler
51743d711b8ce03512dc,177733b92ad6f8d40866,2026-07-22T12:54:02.498014+00:00,model_baseline,20260720,11,POSITION,20260720:300661.SZ,5fc1e7915d2cb81a960df9db446b108f9d7d7852109a5e18c308d28bebf23eed,300661.SZ,,100,,,,,100,"{""close"":""98.01"",""cost_basis"":""10737.11"",""market_value"":""9801.00"",""price_date"":""20260720"",""quantity"":100,""realized_pnl"":""0.00"",""stale_trade_days"":0,""ts_code"":""300661.SZ""}",4d859bb3d270a23c87e01cb6e5813733002a6cffefaedce58c27e8d0b4a4868f,docker-scheduler
59f48c356513d43bed86,177733b92ad6f8d40866,2026-07-22T12:54:02.498014+00:00,model_baseline,20260720,12,POSITION,20260720:301611.SZ,5fc1e7915d2cb81a960df9db446b108f9d7d7852109a5e18c308d28bebf23eed,301611.SZ,,100,,,,,100,"{""close"":""92.35"",""cost_basis"":""11914.12"",""market_value"":""9235.00"",""price_date"":""20260720"",""quantity"":100,""realized_pnl"":""0.00"",""stale_trade_days"":0,""ts_code"":""301611.SZ""}",fac522423a3f1b861882246b962992d9db7bff7ca59d1262a5ab4e3040d5a871,docker-scheduler
274eb1912a783b510969,177733b92ad6f8d40866,2026-07-22T12:54:02.498014+00:00,model_baseline,20260720,13,POSITION,20260720:600460.SH,5fc1e7915d2cb81a960df9db446b108f9d7d7852109a5e18c308d28bebf23eed,600460.SH,,400,,,,,400,"{""close"":""29.88"",""cost_basis"":""14445.14"",""market_value"":""11952.00"",""price_date"":""20260720"",""quantity"":400,""realized_pnl"":""0.00"",""stale_trade_days"":0,""ts_code"":""600460.SH""}",510c579a7d5860f9532182bdfee0aa59a038df366ef072988a5e4fafeea298cc,docker-scheduler
1ee52d11c4dade58ce22,177733b92ad6f8d40866,2026-07-22T12:54:02.498014+00:00,model_baseline,20260720,14,POSITION,20260720:600707.SH,5fc1e7915d2cb81a960df9db446b108f9d7d7852109a5e18c308d28bebf23eed,600707.SH,,1600,,,,,1600,"{""close"":""8.55"",""cost_basis"":""15813.16"",""market_value"":""13680.00"",""price_date"":""20260720"",""quantity"":1600,""realized_pnl"":""0.00"",""stale_trade_days"":0,""ts_code"":""600707.SH""}",29dfcc35db4b9b9c30a16ab0a46977538746217d86c6d8c6f30c27980540950b,docker-scheduler
c7c8f640a36b7a6202e0,177733b92ad6f8d40866,2026-07-22T12:54:02.498014+00:00,model_baseline,20260720,15,POSITION,20260720:603308.SH,5fc1e7915d2cb81a960df9db446b108f9d7d7852109a5e18c308d28bebf23eed,603308.SH,,300,,,,,300,"{""close"":""43.9"",""cost_basis"":""14402.14"",""market_value"":""13170.00"",""price_date"":""20260720"",""quantity"":300,""realized_pnl"":""0.00"",""stale_trade_days"":0,""ts_code"":""603308.SH""}",9fa963887eeb502758f95fb13cfc1db795989a5026da6a1eb8a4e531ecc2f006,docker-scheduler
3e2fddef3c3eaf32a5a3,177733b92ad6f8d40866,2026-07-22T12:54:02.498014+00:00,model_baseline,20260720,16,POSITION,20260720:603650.SH,5fc1e7915d2cb81a960df9db446b108f9d7d7852109a5e18c308d28bebf23eed,603650.SH,,200,,,,,200,"{""close"":""60.75"",""cost_basis"":""13857.14"",""market_value"":""12150.00"",""price_date"":""20260720"",""quantity"":200,""realized_pnl"":""0.00"",""stale_trade_days"":0,""ts_code"":""603650.SH""}",ec71e51a5505040f0d2e528a8a10816841d755375b1500179d500ed8ce0bc836,docker-scheduler
5effd38ccb44d64cda9f,177733b92ad6f8d40866,2026-07-22T12:54:02.498014+00:00,model_baseline,20260720,17,POSITION,20260720:603699.SH,5fc1e7915d2cb81a960df9db446b108f9d7d7852109a5e18c308d28bebf23eed,603699.SH,,400,,,,,400,"{""close"":""40.35"",""cost_basis"":""16505.17"",""market_value"":""16140.00"",""price_date"":""20260720"",""quantity"":400,""realized_pnl"":""0.00"",""stale_trade_days"":0,""ts_code"":""603699.SH""}",84bd5c6d8eddd665fb719c0527e5c75878845c150a8aae39fc7188cae284e6a1,docker-scheduler
bc4b74fc2f5b5d074b6b,177733b92ad6f8d40866,2026-07-22T12:54:02.498014+00:00,model_baseline,20260720,18,POSITION,20260720:605358.SH,5fc1e7915d2cb81a960df9db446b108f9d7d7852109a5e18c308d28bebf23eed,605358.SH,,300,,,,,300,"{""close"":""40.95"",""cost_basis"":""14930.15"",""market_value"":""12285.00"",""price_date"":""20260720"",""quantity"":300,""realized_pnl"":""0.00"",""stale_trade_days"":0,""ts_code"":""605358.SH""}",55a635ef1e6452e436dfb8ccefb32dbe5cd48f40768e927e830a019a3e8660a3,docker-scheduler
da17aee0a2e8399ddff6,177733b92ad6f8d40866,2026-07-22T12:54:02.498014+00:00,model_baseline,20260720,19,POSITION,20260720:688248.SH,5fc1e7915d2cb81a960df9db446b108f9d7d7852109a5e18c308d28bebf23eed,688248.SH,,402,,,,,402,"{""close"":""42.99"",""cost_basis"":""16668.07"",""market_value"":""17281.98"",""price_date"":""20260720"",""quantity"":402,""realized_pnl"":""0.00"",""stale_trade_days"":0,""ts_code"":""688248.SH""}",98ddcb8ed6809a30bc66386b9692c107726c5ac7f8f765f5a56f635f3fea5b7f,docker-scheduler
6e83cbd24394226cf146,177733b92ad6f8d40866,2026-07-22T12:54:02.498014+00:00,model_baseline,20260720,20,POSITION,20260720:688396.SH,5fc1e7915d2cb81a960df9db446b108f9d7d7852109a5e18c308d28bebf23eed,688396.SH,,256,,,,,256,"{""close"":""59.53"",""cost_basis"":""16617.01"",""market_value"":""15239.68"",""price_date"":""20260720"",""quantity"":256,""realized_pnl"":""0.00"",""stale_trade_days"":0,""ts_code"":""688396.SH""}",184abf83ee2aa21e27c26189b0bf2e6f2730ce9f2de57123ff6a8345fd312ebc,docker-scheduler
ceb7919863f7a63a6eb2,177733b92ad6f8d40866,2026-07-22T12:54:02.498014+00:00,model_baseline,20260720,21,POSITION,20260720:688469.SH,5fc1e7915d2cb81a960df9db446b108f9d7d7852109a5e18c308d28bebf23eed,688469.SH,,2267,,,,,2267,"{""close"":""7.16"",""cost_basis"":""16667.62"",""market_value"":""16231.72"",""price_date"":""20260720"",""quantity"":2267,""realized_pnl"":""0.00"",""stale_trade_days"":0,""ts_code"":""688469.SH""}",7dc4d4908f72eaaccf9fcea277a265744caf1c5fb392aa08714a9f3afb590b22,docker-scheduler
5d276fcd4cec93778dd3,177733b92ad6f8d40866,2026-07-22T12:54:02.498014+00:00,model_baseline,20260720,22,POSITION,20260720:688582.SH,5fc1e7915d2cb81a960df9db446b108f9d7d7852109a5e18c308d28bebf23eed,688582.SH,,380,,,,,380,"{""close"":""36.95"",""cost_basis"":""16649.17"",""market_value"":""14041.00"",""price_date"":""20260720"",""quantity"":380,""realized_pnl"":""0.00"",""stale_trade_days"":0,""ts_code"":""688582.SH""}",e297cc95f2f8b327b29bbfa931b533e964cec241710ee2e870d73f6d94aee67c,docker-scheduler
3e7a04be16f4191ab3cd,177733b92ad6f8d40866,2026-07-22T12:54:02.498014+00:00,model_baseline,20260720,23,POSITION,20260720:688728.SH,5fc1e7915d2cb81a960df9db446b108f9d7d7852109a5e18c308d28bebf23eed,688728.SH,,993,,,,,993,"{""close"":""14.08"",""cost_basis"":""16657.78"",""market_value"":""13981.44"",""price_date"":""20260720"",""quantity"":993,""realized_pnl"":""0.00"",""stale_trade_days"":0,""ts_code"":""688728.SH""}",4334527956e0c9a150a1e7e5d3abe52229a4bd1284e2d4dd8f2cd09e4569aa98,docker-scheduler
69e3a7d5bcb5ed97e00b,177733b92ad6f8d40866,2026-07-22T12:54:02.498014+00:00,model_baseline,20260720,24,CASH,20260720,5fc1e7915d2cb81a960df9db446b108f9d7d7852109a5e18c308d28bebf23eed,,,,,,,180557.98,,"{""cash"":""180557.98""}",65cf7b0081832e25c50d1ae0655983ab8b3baa0c4f32624db3fdd33d80bff525,docker-scheduler
339b8e8df9e2a33489bd,177733b92ad6f8d40866,2026-07-22T12:54:02.498014+00:00,model_baseline,20260720,25,NAV,20260720,5fc1e7915d2cb81a960df9db446b108f9d7d7852109a5e18c308d28bebf23eed,,,,,,,180557.98,,"{""benchmark_nav"":""0.9732875109553326152878344670"",""cash"":""180557.98"",""cash_ratio"":""0.3918097054276754071125454288"",""cumulative_dividends"":""32.00"",""cumulative_fees"":""113.22"",""daily_fees"":""0.00"",""drawdown"":""-0.0783384"",""equation_difference"":""0.00"",""freshness_status"":""PASS"",""market_value"":""280272.82"",""net_asset"":""460830.80"",""net_excess"":""-0.0516259109553326152878344670"",""normalized_nav"":""0.9216616"",""positions"":[{""close"":""14.84"",""cost_basis"":""15548.16"",""market_value"":""13356.00"",""price_date"":""20260720"",""quantity"":900,""realized_pnl"":""0.00"",""stale_trade_days"":0,""ts_code"":""000032.SZ""},{""close"":""91.72"",""cost_basis"":""10755.11"",""market_value"":""9172.00"",""price_date"":""20260720"",""quantity"":100,""realized_pnl"":""0.00"",""stale_trade_days"":0,""ts_code"":""002008.SZ""},{""close"":""38.08"",""cost_basis"":""13469.13"",""market_value"":""11424.00"",""price_date"":""20260720"",""quantity"":300,""realized_pnl"":""0.00"",""stale_trade_days"":0,""ts_code"":""002138.SZ""},{""close"":""28.12"",""cost_basis"":""15955.16"",""market_value"":""14060.00"",""price_date"":""20260720"",""quantity"":500,""realized_pnl"":""0.00"",""stale_trade_days"":0,""ts_code"":""002407.SZ""},{""close"":""65.88"",""cost_basis"":""14581.15"",""market_value"":""13176.00"",""price_date"":""20260720"",""quantity"":200,""realized_pnl"":""0.00"",""stale_trade_days"":0,""ts_code"":""300054.SZ""},{""close"":""63.18"",""cost_basis"":""15517.16"",""market_value"":""12636.00"",""price_date"":""20260720"",""quantity"":200,""realized_pnl"":""0.00"",""stale_trade_days"":0,""ts_code"":""300136.SZ""},{""close"":""50.9"",""cost_basis"":""12479.12"",""market_value"":""10180.00"",""price_date"":""20260720"",""quantity"":200,""realized_pnl"":""0.00"",""stale_trade_days"":0,""ts_code"":""300346.SZ""},{""close"":""86.9"",""cost_basis"":""10305.10"",""market_value"":""8690.00"",""price_date"":""20260720"",""quantity"":100,""realized_pnl"":""0.00"",""stale_trade_days"":0,""ts_code"":""300373.SZ""},{""close"":""24.78"",""cost_basis"":""15000.15"",""market_value"":""12390.00"",""price_date"":""20260720"",""quantity"":500,""realized_pnl"":""0.00"",""stale_trade_days"":0,""ts_code"":""300623.SZ""},{""close"":""98.01"",""cost_basis"":""10737.11"",""market_value"":""9801.00"",""price_date"":""20260720"",""quantity"":100,""realized_pnl"":""0.00"",""stale_trade_days"":0,""ts_code"":""300661.SZ""},{""close"":""92.35"",""cost_basis"":""11914.12"",""market_value"":""9235.00"",""price_date"":""20260720"",""quantity"":100,""realized_pnl"":""0.00"",""stale_trade_days"":0,""ts_code"":""301611.SZ""},{""close"":""29.88"",""cost_basis"":""14445.14"",""market_value"":""11952.00"",""price_date"":""20260720"",""quantity"":400,""realized_pnl"":""0.00"",""stale_trade_days"":0,""ts_code"":""600460.SH""},{""close"":""8.55"",""cost_basis"":""15813.16"",""market_value"":""13680.00"",""price_date"":""20260720"",""quantity"":1600,""realized_pnl"":""0.00"",""stale_trade_days"":0,""ts_code"":""600707.SH""},{""close"":""43.9"",""cost_basis"":""14402.14"",""market_value"":""13170.00"",""price_date"":""20260720"",""quantity"":300,""realized_pnl"":""0.00"",""stale_trade_days"":0,""ts_code"":""603308.SH""},{""close"":""60.75"",""cost_basis"":""13857.14"",""market_value"":""12150.00"",""price_date"":""20260720"",""quantity"":200,""realized_pnl"":""0.00"",""stale_trade_days"":0,""ts_code"":""603650.SH""},{""close"":""40.35"",""cost_basis"":""16505.17"",""market_value"":""16140.00"",""price_date"":""20260720"",""quantity"":400,""realized_pnl"":""0.00"",""stale_trade_days"":0,""ts_code"":""603699.SH""},{""close"":""40.95"",""cost_basis"":""14930.15"",""market_value"":""12285.00"",""price_date"":""20260720"",""quantity"":300,""realized_pnl"":""0.00"",""stale_trade_days"":0,""ts_code"":""605358.SH""},{""close"":""42.99"",""cost_basis"":""16668.07"",""market_value"":""17281.98"",""price_date"":""20260720"",""quantity"":402,""realized_pnl"":""0.00"",""stale_trade_days"":0,""ts_code"":""688248.SH""},{""close"":""59.53"",""cost_basis"":""16617.01"",""market_value"":""15239.68"",""price_date"":""20260720"",""quantity"":256,""realized_pnl"":""0.00"",""stale_trade_days"":0,""ts_code"":""688396.SH""},{""close"":""7.16"",""cost_basis"":""16667.62"",""market_value"":""16231.72"",""price_date"":""20260720"",""quantity"":2267,""realized_pnl"":""0.00"",""stale_trade_days"":0,""ts_code"":""688469.SH""},{""close"":""36.95"",""cost_basis"":""16649.17"",""market_value"":""14041.00"",""price_date"":""20260720"",""quantity"":380,""realized_pnl"":""0.00"",""stale_trade_days"":0,""ts_code"":""688582.SH""},{""close"":""14.08"",""cost_basis"":""16657.78"",""market_value"":""13981.44"",""price_date"":""20260720"",""quantity"":993,""realized_pnl"":""0.00"",""stale_trade_days"":0,""ts_code"":""688728.SH""}],""trade_date"":""20260720"",""turnover"":""0""}",f09a268b2a018525d768659a187c22c0c146749308f038c90c04691f8c6ec0d1,docker-scheduler
50b2a5aecc49f00c09ce,04306039a53d0742cf34,2026-07-22T12:54:04.544170+00:00,model_baseline,20260721,1,POSITION,20260721:000032.SZ,e0edbf0ac4458e680955000f3c10ec685eeb3d1954425b0ecf55d5f2172e4bb8,000032.SZ,,900,,,,,900,"{""close"":""16.06"",""cost_basis"":""15548.16"",""market_value"":""14454.00"",""price_date"":""20260721"",""quantity"":900,""realized_pnl"":""0.00"",""stale_trade_days"":0,""ts_code"":""000032.SZ""}",c19b9a882111c3d37a29d9eaa351cd643681989f3f54baf62e5bd71e00f6d797,docker-scheduler
d543da1e23c97abdf3a2,04306039a53d0742cf34,2026-07-22T12:54:04.544170+00:00,model_baseline,20260721,2,POSITION,20260721:002008.SZ,e0edbf0ac4458e680955000f3c10ec685eeb3d1954425b0ecf55d5f2172e4bb8,002008.SZ,,100,,,,,100,"{""close"":""100.89"",""cost_basis"":""10755.11"",""market_value"":""10089.00"",""price_date"":""20260721"",""quantity"":100,""realized_pnl"":""0.00"",""stale_trade_days"":0,""ts_code"":""002008.SZ""}",1b01a0232711a62b85e3fc3c7fe6f0b18f8ce1823bc65b766891c5976d03aa78,docker-scheduler
8409c0921443a5c4a80f,04306039a53d0742cf34,2026-07-22T12:54:04.544170+00:00,model_baseline,20260721,3,POSITION,20260721:002138.SZ,e0edbf0ac4458e680955000f3c10ec685eeb3d1954425b0ecf55d5f2172e4bb8,002138.SZ,,300,,,,,300,"{""close"":""41.89"",""cost_basis"":""13469.13"",""market_value"":""12567.00"",""price_date"":""20260721"",""quantity"":300,""realized_pnl"":""0.00"",""stale_trade_days"":0,""ts_code"":""002138.SZ""}",dffdfb28631d48257d6596d6d54ac092745820eaf79b9383d745b8fa40f0a43a,docker-scheduler
c7ce0a0fd13b5fb9ca5d,04306039a53d0742cf34,2026-07-22T12:54:04.544170+00:00,model_baseline,20260721,4,POSITION,20260721:002407.SZ,e0edbf0ac4458e680955000f3c10ec685eeb3d1954425b0ecf55d5f2172e4bb8,002407.SZ,,500,,,,,500,"{""close"":""30.13"",""cost_basis"":""15955.16"",""market_value"":""15065.00"",""price_date"":""20260721"",""quantity"":500,""realized_pnl"":""0.00"",""stale_trade_days"":0,""ts_code"":""002407.SZ""}",95aefe240360c7001a52890d149c3d67cc4f9665a8b1de0f41bf676c7b27c187,docker-scheduler
766f8a1a2b2b18a9c0fd,04306039a53d0742cf34,2026-07-22T12:54:04.544170+00:00,model_baseline,20260721,5,POSITION,20260721:300054.SZ,e0edbf0ac4458e680955000f3c10ec685eeb3d1954425b0ecf55d5f2172e4bb8,300054.SZ,,200,,,,,200,"{""close"":""77.32"",""cost_basis"":""14581.15"",""market_value"":""15464.00"",""price_date"":""20260721"",""quantity"":200,""realized_pnl"":""0.00"",""stale_trade_days"":0,""ts_code"":""300054.SZ""}",18402c2ed7ca7bcdf302082c5d5b58ab66da034d0cd4e5698a90fcfd93e27f7d,docker-scheduler
ad1c270fdfdb174cc951,04306039a53d0742cf34,2026-07-22T12:54:04.544170+00:00,model_baseline,20260721,6,POSITION,20260721:300136.SZ,e0edbf0ac4458e680955000f3c10ec685eeb3d1954425b0ecf55d5f2172e4bb8,300136.SZ,,200,,,,,200,"{""close"":""68.51"",""cost_basis"":""15517.16"",""market_value"":""13702.00"",""price_date"":""20260721"",""quantity"":200,""realized_pnl"":""0.00"",""stale_trade_days"":0,""ts_code"":""300136.SZ""}",dbfac1230f37002af484f80da673665134e07f5ba381c9af3efd3f0e1536a350,docker-scheduler
745f2be492e1b4cf5408,04306039a53d0742cf34,2026-07-22T12:54:04.544170+00:00,model_baseline,20260721,7,POSITION,20260721:300346.SZ,e0edbf0ac4458e680955000f3c10ec685eeb3d1954425b0ecf55d5f2172e4bb8,300346.SZ,,200,,,,,200,"{""close"":""56.72"",""cost_basis"":""12479.12"",""market_value"":""11344.00"",""price_date"":""20260721"",""quantity"":200,""realized_pnl"":""0.00"",""stale_trade_days"":0,""ts_code"":""300346.SZ""}",71f06818cfdce9bd722febca7b7079f601b065e374240d845502ce81c42628ce,docker-scheduler
8bece2b4b93e55107e5e,04306039a53d0742cf34,2026-07-22T12:54:04.544170+00:00,model_baseline,20260721,8,POSITION,20260721:300373.SZ,e0edbf0ac4458e680955000f3c10ec685eeb3d1954425b0ecf55d5f2172e4bb8,300373.SZ,,100,,,,,100,"{""close"":""98.51"",""cost_basis"":""10305.10"",""market_value"":""9851.00"",""price_date"":""20260721"",""quantity"":100,""realized_pnl"":""0.00"",""stale_trade_days"":0,""ts_code"":""300373.SZ""}",272552b79f3bfbba5e793b70a3014db7b76739329f64a292a72b2a4793691209,docker-scheduler
269cbf9ef5b0fb844d2e,04306039a53d0742cf34,2026-07-22T12:54:04.544170+00:00,model_baseline,20260721,9,POSITION,20260721:300623.SZ,e0edbf0ac4458e680955000f3c10ec685eeb3d1954425b0ecf55d5f2172e4bb8,300623.SZ,,500,,,,,500,"{""close"":""27.33"",""cost_basis"":""15000.15"",""market_value"":""13665.00"",""price_date"":""20260721"",""quantity"":500,""realized_pnl"":""0.00"",""stale_trade_days"":0,""ts_code"":""300623.SZ""}",958e017a234f918df8c6052c7a0dfa1cc128e5c6caf430a7f9647f4e4a87ca3a,docker-scheduler
4d208636a0a790fc94dd,04306039a53d0742cf34,2026-07-22T12:54:04.544170+00:00,model_baseline,20260721,10,POSITION,20260721:300661.SZ,e0edbf0ac4458e680955000f3c10ec685eeb3d1954425b0ecf55d5f2172e4bb8,300661.SZ,,100,,,,,100,"{""close"":""110.05"",""cost_basis"":""10737.11"",""market_value"":""11005.00"",""price_date"":""20260721"",""quantity"":100,""realized_pnl"":""0.00"",""stale_trade_days"":0,""ts_code"":""300661.SZ""}",635c9bcf7945dfe067a9a3a842d0fc3f1d8315d6d318280af7511fa848996344,docker-scheduler
2aff4182a85ff5b38f86,04306039a53d0742cf34,2026-07-22T12:54:04.544170+00:00,model_baseline,20260721,11,POSITION,20260721:301611.SZ,e0edbf0ac4458e680955000f3c10ec685eeb3d1954425b0ecf55d5f2172e4bb8,301611.SZ,,100,,,,,100,"{""close"":""107.17"",""cost_basis"":""11914.12"",""market_value"":""10717.00"",""price_date"":""20260721"",""quantity"":100,""realized_pnl"":""0.00"",""stale_trade_days"":0,""ts_code"":""301611.SZ""}",285a15b045f8804f6111ac07a9a20df316f372b697fefdd228a42cf8b376177d,docker-scheduler
7e7f0ca93cee806c1de8,04306039a53d0742cf34,2026-07-22T12:54:04.544170+00:00,model_baseline,20260721,12,POSITION,20260721:600460.SH,e0edbf0ac4458e680955000f3c10ec685eeb3d1954425b0ecf55d5f2172e4bb8,600460.SH,,400,,,,,400,"{""close"":""32.87"",""cost_basis"":""14445.14"",""market_value"":""13148.00"",""price_date"":""20260721"",""quantity"":400,""realized_pnl"":""0.00"",""stale_trade_days"":0,""ts_code"":""600460.SH""}",50de4eea0c50bfbcd48e444366cc927eff5ee4f3abd51988413166b1e599e9a2,docker-scheduler
3ce75264484b03c7fb2c,04306039a53d0742cf34,2026-07-22T12:54:04.544170+00:00,model_baseline,20260721,13,POSITION,20260721:600707.SH,e0edbf0ac4458e680955000f3c10ec685eeb3d1954425b0ecf55d5f2172e4bb8,600707.SH,,1600,,,,,1600,"{""close"":""9.25"",""cost_basis"":""15813.16"",""market_value"":""14800.00"",""price_date"":""20260721"",""quantity"":1600,""realized_pnl"":""0.00"",""stale_trade_days"":0,""ts_code"":""600707.SH""}",c54de5c37bbd48b6f6dc2387cb3c945d15b17ae58df670159d1ba20968a34f0d,docker-scheduler
8b321c5a31a7e7054a5e,04306039a53d0742cf34,2026-07-22T12:54:04.544170+00:00,model_baseline,20260721,14,POSITION,20260721:603308.SH,e0edbf0ac4458e680955000f3c10ec685eeb3d1954425b0ecf55d5f2172e4bb8,603308.SH,,300,,,,,300,"{""close"":""46.61"",""cost_basis"":""14402.14"",""market_value"":""13983.00"",""price_date"":""20260721"",""quantity"":300,""realized_pnl"":""0.00"",""stale_trade_days"":0,""ts_code"":""603308.SH""}",475d31f8a056b70705e77b7bfd3f90ef68ef72003d4f89a93f4cc1386ce4a4be,docker-scheduler
991747a97eb68f41365e,04306039a53d0742cf34,2026-07-22T12:54:04.544170+00:00,model_baseline,20260721,15,POSITION,20260721:603650.SH,e0edbf0ac4458e680955000f3c10ec685eeb3d1954425b0ecf55d5f2172e4bb8,603650.SH,,200,,,,,200,"{""close"":""66.5"",""cost_basis"":""13857.14"",""market_value"":""13300.00"",""price_date"":""20260721"",""quantity"":200,""realized_pnl"":""0.00"",""stale_trade_days"":0,""ts_code"":""603650.SH""}",28dd74d91182e1e13066962d362321ab08af0db9782f409879d400c3fcbb255e,docker-scheduler
a4108154e3eecc1e188b,04306039a53d0742cf34,2026-07-22T12:54:04.544170+00:00,model_baseline,20260721,16,POSITION,20260721:603699.SH,e0edbf0ac4458e680955000f3c10ec685eeb3d1954425b0ecf55d5f2172e4bb8,603699.SH,,400,,,,,400,"{""close"":""41.62"",""cost_basis"":""16505.17"",""market_value"":""16648.00"",""price_date"":""20260721"",""quantity"":400,""realized_pnl"":""0.00"",""stale_trade_days"":0,""ts_code"":""603699.SH""}",ed6ee9d03adcd2ed36bcf47f1340aadcad78006f13b4d6bd54d61db122a8e6c5,docker-scheduler
a9e790bed4ce75dd3464,04306039a53d0742cf34,2026-07-22T12:54:04.544170+00:00,model_baseline,20260721,17,POSITION,20260721:605358.SH,e0edbf0ac4458e680955000f3c10ec685eeb3d1954425b0ecf55d5f2172e4bb8,605358.SH,,300,,,,,300,"{""close"":""43.83"",""cost_basis"":""14930.15"",""market_value"":""13149.00"",""price_date"":""20260721"",""quantity"":300,""realized_pnl"":""0.00"",""stale_trade_days"":0,""ts_code"":""605358.SH""}",8a14f7b5e6fed178197c70ac7432f3ccea86e5236edca81b5dcfb064657d2886,docker-scheduler
62b8b116744d44f1d9f5,04306039a53d0742cf34,2026-07-22T12:54:04.544170+00:00,model_baseline,20260721,18,POSITION,20260721:688248.SH,e0edbf0ac4458e680955000f3c10ec685eeb3d1954425b0ecf55d5f2172e4bb8,688248.SH,,402,,,,,402,"{""close"":""43.35"",""cost_basis"":""16668.07"",""market_value"":""17426.70"",""price_date"":""20260721"",""quantity"":402,""realized_pnl"":""0.00"",""stale_trade_days"":0,""ts_code"":""688248.SH""}",4ad39900d11d6aaa19dcd2b9bc70a4b471569df45631d5773892702d7e841e1d,docker-scheduler
b5d894b5d6fce5245fa1,04306039a53d0742cf34,2026-07-22T12:54:04.544170+00:00,model_baseline,20260721,19,POSITION,20260721:688396.SH,e0edbf0ac4458e680955000f3c10ec685eeb3d1954425b0ecf55d5f2172e4bb8,688396.SH,,256,,,,,256,"{""close"":""65.28"",""cost_basis"":""16617.01"",""market_value"":""16711.68"",""price_date"":""20260721"",""quantity"":256,""realized_pnl"":""0.00"",""stale_trade_days"":0,""ts_code"":""688396.SH""}",9daf9ee4f6268483a3900d4a5bf066f2423590eccac5356abd3cce514159b4ac,docker-scheduler
64850a76af8e4c503e1d,04306039a53d0742cf34,2026-07-22T12:54:04.544170+00:00,model_baseline,20260721,20,POSITION,20260721:688469.SH,e0edbf0ac4458e680955000f3c10ec685eeb3d1954425b0ecf55d5f2172e4bb8,688469.SH,,2267,,,,,2267,"{""close"":""7.86"",""cost_basis"":""16667.62"",""market_value"":""17818.62"",""price_date"":""20260721"",""quantity"":2267,""realized_pnl"":""0.00"",""stale_trade_days"":0,""ts_code"":""688469.SH""}",6d018b26f9a0ae31dc3893023d1ae0fd83beff10fed7dc59149f948ca2dc9d13,docker-scheduler
75f92bda7b28844fdc13,04306039a53d0742cf34,2026-07-22T12:54:04.544170+00:00,model_baseline,20260721,21,POSITION,20260721:688582.SH,e0edbf0ac4458e680955000f3c10ec685eeb3d1954425b0ecf55d5f2172e4bb8,688582.SH,,380,,,,,380,"{""close"":""39.61"",""cost_basis"":""16649.17"",""market_value"":""15051.80"",""price_date"":""20260721"",""quantity"":380,""realized_pnl"":""0.00"",""stale_trade_days"":0,""ts_code"":""688582.SH""}",590da51db1a72c2f373a44f6a8277c45a69b126947c44ffa310a56cab9c79028,docker-scheduler
50fbdd49a9a41cac72f0,04306039a53d0742cf34,2026-07-22T12:54:04.544170+00:00,model_baseline,20260721,22,POSITION,20260721:688728.SH,e0edbf0ac4458e680955000f3c10ec685eeb3d1954425b0ecf55d5f2172e4bb8,688728.SH,,993,,,,,993,"{""close"":""16.9"",""cost_basis"":""16657.78"",""market_value"":""16781.70"",""price_date"":""20260721"",""quantity"":993,""realized_pnl"":""0.00"",""stale_trade_days"":0,""ts_code"":""688728.SH""}",8061340a9da73ec186b9e9909deaa45e39fd183f82cc23ca29150a55ac415eff,docker-scheduler
1a4df81ad5c206318190,04306039a53d0742cf34,2026-07-22T12:54:04.544170+00:00,model_baseline,20260721,23,CASH,20260721,e0edbf0ac4458e680955000f3c10ec685eeb3d1954425b0ecf55d5f2172e4bb8,,,,,,,180557.98,,"{""cash"":""180557.98""}",65cf7b0081832e25c50d1ae0655983ab8b3baa0c4f32624db3fdd33d80bff525,docker-scheduler
aa3860622fbedb3408f6,04306039a53d0742cf34,2026-07-22T12:54:04.544170+00:00,model_baseline,20260721,24,NAV,20260721,e0edbf0ac4458e680955000f3c10ec685eeb3d1954425b0ecf55d5f2172e4bb8,,,,,,,180557.98,,"{""benchmark_nav"":""1.008695563971357639043083574"",""cash"":""180557.98"",""cash_ratio"":""0.3705277502040429019132136156"",""cumulative_dividends"":""32.00"",""cumulative_fees"":""113.22"",""daily_fees"":""0.00"",""drawdown"":""-0.02540104"",""equation_difference"":""0.00"",""freshness_status"":""PASS"",""market_value"":""306741.50"",""net_asset"":""487299.48"",""net_excess"":""-0.034096603971357639043083574"",""normalized_nav"":""0.97459896"",""positions"":[{""close"":""16.06"",""cost_basis"":""15548.16"",""market_value"":""14454.00"",""price_date"":""20260721"",""quantity"":900,""realized_pnl"":""0.00"",""stale_trade_days"":0,""ts_code"":""000032.SZ""},{""close"":""100.89"",""cost_basis"":""10755.11"",""market_value"":""10089.00"",""price_date"":""20260721"",""quantity"":100,""realized_pnl"":""0.00"",""stale_trade_days"":0,""ts_code"":""002008.SZ""},{""close"":""41.89"",""cost_basis"":""13469.13"",""market_value"":""12567.00"",""price_date"":""20260721"",""quantity"":300,""realized_pnl"":""0.00"",""stale_trade_days"":0,""ts_code"":""002138.SZ""},{""close"":""30.13"",""cost_basis"":""15955.16"",""market_value"":""15065.00"",""price_date"":""20260721"",""quantity"":500,""realized_pnl"":""0.00"",""stale_trade_days"":0,""ts_code"":""002407.SZ""},{""close"":""77.32"",""cost_basis"":""14581.15"",""market_value"":""15464.00"",""price_date"":""20260721"",""quantity"":200,""realized_pnl"":""0.00"",""stale_trade_days"":0,""ts_code"":""300054.SZ""},{""close"":""68.51"",""cost_basis"":""15517.16"",""market_value"":""13702.00"",""price_date"":""20260721"",""quantity"":200,""realized_pnl"":""0.00"",""stale_trade_days"":0,""ts_code"":""300136.SZ""},{""close"":""56.72"",""cost_basis"":""12479.12"",""market_value"":""11344.00"",""price_date"":""20260721"",""quantity"":200,""realized_pnl"":""0.00"",""stale_trade_days"":0,""ts_code"":""300346.SZ""},{""close"":""98.51"",""cost_basis"":""10305.10"",""market_value"":""9851.00"",""price_date"":""20260721"",""quantity"":100,""realized_pnl"":""0.00"",""stale_trade_days"":0,""ts_code"":""300373.SZ""},{""close"":""27.33"",""cost_basis"":""15000.15"",""market_value"":""13665.00"",""price_date"":""20260721"",""quantity"":500,""realized_pnl"":""0.00"",""stale_trade_days"":0,""ts_code"":""300623.SZ""},{""close"":""110.05"",""cost_basis"":""10737.11"",""market_value"":""11005.00"",""price_date"":""20260721"",""quantity"":100,""realized_pnl"":""0.00"",""stale_trade_days"":0,""ts_code"":""300661.SZ""},{""close"":""107.17"",""cost_basis"":""11914.12"",""market_value"":""10717.00"",""price_date"":""20260721"",""quantity"":100,""realized_pnl"":""0.00"",""stale_trade_days"":0,""ts_code"":""301611.SZ""},{""close"":""32.87"",""cost_basis"":""14445.14"",""market_value"":""13148.00"",""price_date"":""20260721"",""quantity"":400,""realized_pnl"":""0.00"",""stale_trade_days"":0,""ts_code"":""600460.SH""},{""close"":""9.25"",""cost_basis"":""15813.16"",""market_value"":""14800.00"",""price_date"":""20260721"",""quantity"":1600,""realized_pnl"":""0.00"",""stale_trade_days"":0,""ts_code"":""600707.SH""},{""close"":""46.61"",""cost_basis"":""14402.14"",""market_value"":""13983.00"",""price_date"":""20260721"",""quantity"":300,""realized_pnl"":""0.00"",""stale_trade_days"":0,""ts_code"":""603308.SH""},{""close"":""66.5"",""cost_basis"":""13857.14"",""market_value"":""13300.00"",""price_date"":""20260721"",""quantity"":200,""realized_pnl"":""0.00"",""stale_trade_days"":0,""ts_code"":""603650.SH""},{""close"":""41.62"",""cost_basis"":""16505.17"",""market_value"":""16648.00"",""price_date"":""20260721"",""quantity"":400,""realized_pnl"":""0.00"",""stale_trade_days"":0,""ts_code"":""603699.SH""},{""close"":""43.83"",""cost_basis"":""14930.15"",""market_value"":""13149.00"",""price_date"":""20260721"",""quantity"":300,""realized_pnl"":""0.00"",""stale_trade_days"":0,""ts_code"":""605358.SH""},{""close"":""43.35"",""cost_basis"":""16668.07"",""market_value"":""17426.70"",""price_date"":""20260721"",""quantity"":402,""realized_pnl"":""0.00"",""stale_trade_days"":0,""ts_code"":""688248.SH""},{""close"":""65.28"",""cost_basis"":""16617.01"",""market_value"":""16711.68"",""price_date"":""20260721"",""quantity"":256,""realized_pnl"":""0.00"",""stale_trade_days"":0,""ts_code"":""688396.SH""},{""close"":""7.86"",""cost_basis"":""16667.62"",""market_value"":""17818.62"",""price_date"":""20260721"",""quantity"":2267,""realized_pnl"":""0.00"",""stale_trade_days"":0,""ts_code"":""688469.SH""},{""close"":""39.61"",""cost_basis"":""16649.17"",""market_value"":""15051.80"",""price_date"":""20260721"",""quantity"":380,""realized_pnl"":""0.00"",""stale_trade_days"":0,""ts_code"":""688582.SH""},{""close"":""16.9"",""cost_basis"":""16657.78"",""market_value"":""16781.70"",""price_date"":""20260721"",""quantity"":993,""realized_pnl"":""0.00"",""stale_trade_days"":0,""ts_code"":""688728.SH""}],""trade_date"":""20260721"",""turnover"":""0""}",65a59af90c066d29235ea9f6def097a32fd30b288c1723f975e89a1934532c69,docker-scheduler
80c1e63835882513b6ee,2ef6d0f7b2b5d6f421ce,2026-07-22T12:54:06.619293+00:00,model_baseline,20260722,1,POSITION,20260722:000032.SZ,c84a80351f1e7b22a5f5f7f6a56b3429edf191b5d541b5f874bbd7fffeddc064,000032.SZ,,900,,,,,900,"{""close"":""15.6"",""cost_basis"":""15548.16"",""market_value"":""14040.00"",""price_date"":""20260722"",""quantity"":900,""realized_pnl"":""0.00"",""stale_trade_days"":0,""ts_code"":""000032.SZ""}",8f30cba2f803d74f031b093310675cb2c482d784059c98be4dde7b7f2382fc7c,docker-scheduler
506cd0bddff63112b2ea,2ef6d0f7b2b5d6f421ce,2026-07-22T12:54:06.619293+00:00,model_baseline,20260722,2,POSITION,20260722:002008.SZ,c84a80351f1e7b22a5f5f7f6a56b3429edf191b5d541b5f874bbd7fffeddc064,002008.SZ,,100,,,,,100,"{""close"":""104.93"",""cost_basis"":""10755.11"",""market_value"":""10493.00"",""price_date"":""20260722"",""quantity"":100,""realized_pnl"":""0.00"",""stale_trade_days"":0,""ts_code"":""002008.SZ""}",d22ed8aede00c6385005e47a490c0e1cb730035d206a4551cb4ca37b49a23ad2,docker-scheduler
6031984915709064bdc3,2ef6d0f7b2b5d6f421ce,2026-07-22T12:54:06.619293+00:00,model_baseline,20260722,3,POSITION,20260722:002138.SZ,c84a80351f1e7b22a5f5f7f6a56b3429edf191b5d541b5f874bbd7fffeddc064,002138.SZ,,300,,,,,300,"{""close"":""43.84"",""cost_basis"":""13469.13"",""market_value"":""13152.00"",""price_date"":""20260722"",""quantity"":300,""realized_pnl"":""0.00"",""stale_trade_days"":0,""ts_code"":""002138.SZ""}",ef20fdf4c934689bfc7ea7c47dca32c52339eb817555cde6d5edefb3a1cc3275,docker-scheduler
a4b1f074e04f0cbf43c1,2ef6d0f7b2b5d6f421ce,2026-07-22T12:54:06.619293+00:00,model_baseline,20260722,4,POSITION,20260722:002407.SZ,c84a80351f1e7b22a5f5f7f6a56b3429edf191b5d541b5f874bbd7fffeddc064,002407.SZ,,500,,,,,500,"{""close"":""29.78"",""cost_basis"":""15955.16"",""market_value"":""14890.00"",""price_date"":""20260722"",""quantity"":500,""realized_pnl"":""0.00"",""stale_trade_days"":0,""ts_code"":""002407.SZ""}",7e0da0109201517da53091f7efac5e6acf382b9a545338284c3017ced0ae339a,docker-scheduler
b93289afdaf7a32bfb18,2ef6d0f7b2b5d6f421ce,2026-07-22T12:54:06.619293+00:00,model_baseline,20260722,5,POSITION,20260722:300054.SZ,c84a80351f1e7b22a5f5f7f6a56b3429edf191b5d541b5f874bbd7fffeddc064,300054.SZ,,200,,,,,200,"{""close"":""75.55"",""cost_basis"":""14581.15"",""market_value"":""15110.00"",""price_date"":""20260722"",""quantity"":200,""realized_pnl"":""0.00"",""stale_trade_days"":0,""ts_code"":""300054.SZ""}",46333f0b7131aaa961d7c2ff1f9b28c1d8439d1d9e4752434bf636847970507c,docker-scheduler
de8fef5ffc0a72780b1f,2ef6d0f7b2b5d6f421ce,2026-07-22T12:54:06.619293+00:00,model_baseline,20260722,6,POSITION,20260722:300136.SZ,c84a80351f1e7b22a5f5f7f6a56b3429edf191b5d541b5f874bbd7fffeddc064,300136.SZ,,200,,,,,200,"{""close"":""64.38"",""cost_basis"":""15517.16"",""market_value"":""12876.00"",""price_date"":""20260722"",""quantity"":200,""realized_pnl"":""0.00"",""stale_trade_days"":0,""ts_code"":""300136.SZ""}",b8e04fae86e7f5bbcf5a391fd00c18c522dc13ce3d1fe6bbea2a6be8e4adcd69,docker-scheduler
7290ff182a796719039c,2ef6d0f7b2b5d6f421ce,2026-07-22T12:54:06.619293+00:00,model_baseline,20260722,7,POSITION,20260722:300346.SZ,c84a80351f1e7b22a5f5f7f6a56b3429edf191b5d541b5f874bbd7fffeddc064,300346.SZ,,200,,,,,200,"{""close"":""55.36"",""cost_basis"":""12479.12"",""market_value"":""11072.00"",""price_date"":""20260722"",""quantity"":200,""realized_pnl"":""0.00"",""stale_trade_days"":0,""ts_code"":""300346.SZ""}",3e2606a6d2aa4d0749794ef4ed28339b8d5690ab33306fbbd597feafc563af65,docker-scheduler
926c13956bc6cacb9d41,2ef6d0f7b2b5d6f421ce,2026-07-22T12:54:06.619293+00:00,model_baseline,20260722,8,POSITION,20260722:300373.SZ,c84a80351f1e7b22a5f5f7f6a56b3429edf191b5d541b5f874bbd7fffeddc064,300373.SZ,,100,,,,,100,"{""close"":""96.3"",""cost_basis"":""10305.10"",""market_value"":""9630.00"",""price_date"":""20260722"",""quantity"":100,""realized_pnl"":""0.00"",""stale_trade_days"":0,""ts_code"":""300373.SZ""}",f7435e40defb61156dddeba6aa2c2e535a8cf00b82bfa420a069154c7f2ee9f5,docker-scheduler
d174d9e4d7d8c73b68ad,2ef6d0f7b2b5d6f421ce,2026-07-22T12:54:06.619293+00:00,model_baseline,20260722,9,POSITION,20260722:300623.SZ,c84a80351f1e7b22a5f5f7f6a56b3429edf191b5d541b5f874bbd7fffeddc064,300623.SZ,,500,,,,,500,"{""close"":""27.27"",""cost_basis"":""15000.15"",""market_value"":""13635.00"",""price_date"":""20260722"",""quantity"":500,""realized_pnl"":""0.00"",""stale_trade_days"":0,""ts_code"":""300623.SZ""}",6b65ab230064537d2221e15e59e0a1641486d061bfe637337156d7bb63e1a775,docker-scheduler
06c3cd5e0ec84c24a9ad,2ef6d0f7b2b5d6f421ce,2026-07-22T12:54:06.619293+00:00,model_baseline,20260722,10,POSITION,20260722:300661.SZ,c84a80351f1e7b22a5f5f7f6a56b3429edf191b5d541b5f874bbd7fffeddc064,300661.SZ,,100,,,,,100,"{""close"":""106.11"",""cost_basis"":""10737.11"",""market_value"":""10611.00"",""price_date"":""20260722"",""quantity"":100,""realized_pnl"":""0.00"",""stale_trade_days"":0,""ts_code"":""300661.SZ""}",fdbeabe65c9ee992b5c6081fd37fdac46e9eff7db33cb06408caf3c5cd1c291a,docker-scheduler
dcb71c04f7854d4727b0,2ef6d0f7b2b5d6f421ce,2026-07-22T12:54:06.619293+00:00,model_baseline,20260722,11,POSITION,20260722:301611.SZ,c84a80351f1e7b22a5f5f7f6a56b3429edf191b5d541b5f874bbd7fffeddc064,301611.SZ,,100,,,,,100,"{""close"":""100.9"",""cost_basis"":""11914.12"",""market_value"":""10090.00"",""price_date"":""20260722"",""quantity"":100,""realized_pnl"":""0.00"",""stale_trade_days"":0,""ts_code"":""301611.SZ""}",cc736afd1936f41f9dac446164055dcb1b21b3117624052cac8e4123d080336d,docker-scheduler
88c40503ff93d41f54eb,2ef6d0f7b2b5d6f421ce,2026-07-22T12:54:06.619293+00:00,model_baseline,20260722,12,POSITION,20260722:600460.SH,c84a80351f1e7b22a5f5f7f6a56b3429edf191b5d541b5f874bbd7fffeddc064,600460.SH,,400,,,,,400,"{""close"":""33.19"",""cost_basis"":""14445.14"",""market_value"":""13276.00"",""price_date"":""20260722"",""quantity"":400,""realized_pnl"":""0.00"",""stale_trade_days"":0,""ts_code"":""600460.SH""}",95546e40ed4280e022631de2073a23b2679bcd214d46c08fafcc21d4ba0c0369,docker-scheduler
dd27f144cd996cd8a4a2,2ef6d0f7b2b5d6f421ce,2026-07-22T12:54:06.619293+00:00,model_baseline,20260722,13,POSITION,20260722:600707.SH,c84a80351f1e7b22a5f5f7f6a56b3429edf191b5d541b5f874bbd7fffeddc064,600707.SH,,1600,,,,,1600,"{""close"":""9.07"",""cost_basis"":""15813.16"",""market_value"":""14512.00"",""price_date"":""20260722"",""quantity"":1600,""realized_pnl"":""0.00"",""stale_trade_days"":0,""ts_code"":""600707.SH""}",1adc057f88d6abaa9f24a84f8e8a9061672ec1ff230379c51b9d131990ea2466,docker-scheduler
696b8e0afbbf7c7b51db,2ef6d0f7b2b5d6f421ce,2026-07-22T12:54:06.619293+00:00,model_baseline,20260722,14,POSITION,20260722:603308.SH,c84a80351f1e7b22a5f5f7f6a56b3429edf191b5d541b5f874bbd7fffeddc064,603308.SH,,300,,,,,300,"{""close"":""43.57"",""cost_basis"":""14402.14"",""market_value"":""13071.00"",""price_date"":""20260722"",""quantity"":300,""realized_pnl"":""0.00"",""stale_trade_days"":0,""ts_code"":""603308.SH""}",ee8672a30f8614957c6b44aabbe7523c9d4af8362b119eeabe9696dc3e56e295,docker-scheduler
7262a859082f6ccfb198,2ef6d0f7b2b5d6f421ce,2026-07-22T12:54:06.619293+00:00,model_baseline,20260722,15,POSITION,20260722:603650.SH,c84a80351f1e7b22a5f5f7f6a56b3429edf191b5d541b5f874bbd7fffeddc064,603650.SH,,200,,,,,200,"{""close"":""66.17"",""cost_basis"":""13857.14"",""market_value"":""13234.00"",""price_date"":""20260722"",""quantity"":200,""realized_pnl"":""0.00"",""stale_trade_days"":0,""ts_code"":""603650.SH""}",0592698ba364b2df31a73b745e7c437f680bf07899cfb88eaf3244df8a647a80,docker-scheduler
a6be597e40a2cbe459f5,2ef6d0f7b2b5d6f421ce,2026-07-22T12:54:06.619293+00:00,model_baseline,20260722,16,POSITION,20260722:603699.SH,c84a80351f1e7b22a5f5f7f6a56b3429edf191b5d541b5f874bbd7fffeddc064,603699.SH,,400,,,,,400,"{""close"":""41.53"",""cost_basis"":""16505.17"",""market_value"":""16612.00"",""price_date"":""20260722"",""quantity"":400,""realized_pnl"":""0.00"",""stale_trade_days"":0,""ts_code"":""603699.SH""}",9e5e5e9a529ddfa6426601947af48cdb8d3dae31971a60ce3aa874da8b638f10,docker-scheduler
5908f6ebb6a4cdc14a99,2ef6d0f7b2b5d6f421ce,2026-07-22T12:54:06.619293+00:00,model_baseline,20260722,17,POSITION,20260722:605358.SH,c84a80351f1e7b22a5f5f7f6a56b3429edf191b5d541b5f874bbd7fffeddc064,605358.SH,,300,,,,,300,"{""close"":""43.28"",""cost_basis"":""14930.15"",""market_value"":""12984.00"",""price_date"":""20260722"",""quantity"":300,""realized_pnl"":""0.00"",""stale_trade_days"":0,""ts_code"":""605358.SH""}",0940269457f8712b8bd31b9f91a55df52524e70885876ea61ff81ceda38a748a,docker-scheduler
fd573324b01bed543935,2ef6d0f7b2b5d6f421ce,2026-07-22T12:54:06.619293+00:00,model_baseline,20260722,18,POSITION,20260722:688248.SH,c84a80351f1e7b22a5f5f7f6a56b3429edf191b5d541b5f874bbd7fffeddc064,688248.SH,,402,,,,,402,"{""close"":""42.8"",""cost_basis"":""16668.07"",""market_value"":""17205.60"",""price_date"":""20260722"",""quantity"":402,""realized_pnl"":""0.00"",""stale_trade_days"":0,""ts_code"":""688248.SH""}",29d4238c8a1a6c8f3760d6b7ae3d89c3191bc5a4819c4e94c1e13535ccd1848a,docker-scheduler
870422423b5835f86b15,2ef6d0f7b2b5d6f421ce,2026-07-22T12:54:06.619293+00:00,model_baseline,20260722,19,POSITION,20260722:688396.SH,c84a80351f1e7b22a5f5f7f6a56b3429edf191b5d541b5f874bbd7fffeddc064,688396.SH,,256,,,,,256,"{""close"":""63.1"",""cost_basis"":""16617.01"",""market_value"":""16153.60"",""price_date"":""20260722"",""quantity"":256,""realized_pnl"":""0.00"",""stale_trade_days"":0,""ts_code"":""688396.SH""}",6679d9127453e11f42b29973271814ff45f6aa0b45f0030fb54ff268e950e89c,docker-scheduler
9044317c1079e4664679,2ef6d0f7b2b5d6f421ce,2026-07-22T12:54:06.619293+00:00,model_baseline,20260722,20,POSITION,20260722:688469.SH,c84a80351f1e7b22a5f5f7f6a56b3429edf191b5d541b5f874bbd7fffeddc064,688469.SH,,2267,,,,,2267,"{""close"":""7.84"",""cost_basis"":""16667.62"",""market_value"":""17773.28"",""price_date"":""20260722"",""quantity"":2267,""realized_pnl"":""0.00"",""stale_trade_days"":0,""ts_code"":""688469.SH""}",34012a1a8deb76fd91cb69f288e156d890d2d4acdfae5e7ae43008af73019c94,docker-scheduler
22f77991761c189ba383,2ef6d0f7b2b5d6f421ce,2026-07-22T12:54:06.619293+00:00,model_baseline,20260722,21,POSITION,20260722:688582.SH,c84a80351f1e7b22a5f5f7f6a56b3429edf191b5d541b5f874bbd7fffeddc064,688582.SH,,380,,,,,380,"{""close"":""39.0"",""cost_basis"":""16649.17"",""market_value"":""14820.00"",""price_date"":""20260722"",""quantity"":380,""realized_pnl"":""0.00"",""stale_trade_days"":0,""ts_code"":""688582.SH""}",ecfe26fb019c8389246f09c4dbe51551dbf48f7973df1fb92242ca52f6e3d862,docker-scheduler
c76e19efea0915d37aa3,2ef6d0f7b2b5d6f421ce,2026-07-22T12:54:06.619293+00:00,model_baseline,20260722,22,POSITION,20260722:688728.SH,c84a80351f1e7b22a5f5f7f6a56b3429edf191b5d541b5f874bbd7fffeddc064,688728.SH,,993,,,,,993,"{""close"":""17.55"",""cost_basis"":""16657.78"",""market_value"":""17427.15"",""price_date"":""20260722"",""quantity"":993,""realized_pnl"":""0.00"",""stale_trade_days"":0,""ts_code"":""688728.SH""}",40bd56450e40555f3bef14bc31c9fa6df5359b160336c783b0efd3a8c96d0fb9,docker-scheduler
57e78c113ba42631e587,2ef6d0f7b2b5d6f421ce,2026-07-22T12:54:06.619293+00:00,model_baseline,20260722,23,CASH,20260722,c84a80351f1e7b22a5f5f7f6a56b3429edf191b5d541b5f874bbd7fffeddc064,,,,,,,180557.98,,"{""cash"":""180557.98""}",65cf7b0081832e25c50d1ae0655983ab8b3baa0c4f32624db3fdd33d80bff525,docker-scheduler
01bdfb674e5435e9158b,2ef6d0f7b2b5d6f421ce,2026-07-22T12:54:06.619293+00:00,model_baseline,20260722,24,NAV,20260722,c84a80351f1e7b22a5f5f7f6a56b3429edf191b5d541b5f874bbd7fffeddc064,,,,,,,180557.98,,"{""benchmark_nav"":""1.003577112157832567159918366"",""cash"":""180557.98"",""cash_ratio"":""0.3736515123856949551990839227"",""cumulative_dividends"":""32.00"",""cumulative_fees"":""113.22"",""daily_fees"":""0.00"",""drawdown"":""-0.03354878"",""equation_difference"":""0.00"",""freshness_status"":""PASS"",""market_value"":""302667.63"",""net_asset"":""483225.61"",""net_excess"":""-0.037125892157832567159918366"",""normalized_nav"":""0.96645122"",""positions"":[{""close"":""15.6"",""cost_basis"":""15548.16"",""market_value"":""14040.00"",""price_date"":""20260722"",""quantity"":900,""realized_pnl"":""0.00"",""stale_trade_days"":0,""ts_code"":""000032.SZ""},{""close"":""104.93"",""cost_basis"":""10755.11"",""market_value"":""10493.00"",""price_date"":""20260722"",""quantity"":100,""realized_pnl"":""0.00"",""stale_trade_days"":0,""ts_code"":""002008.SZ""},{""close"":""43.84"",""cost_basis"":""13469.13"",""market_value"":""13152.00"",""price_date"":""20260722"",""quantity"":300,""realized_pnl"":""0.00"",""stale_trade_days"":0,""ts_code"":""002138.SZ""},{""close"":""29.78"",""cost_basis"":""15955.16"",""market_value"":""14890.00"",""price_date"":""20260722"",""quantity"":500,""realized_pnl"":""0.00"",""stale_trade_days"":0,""ts_code"":""002407.SZ""},{""close"":""75.55"",""cost_basis"":""14581.15"",""market_value"":""15110.00"",""price_date"":""20260722"",""quantity"":200,""realized_pnl"":""0.00"",""stale_trade_days"":0,""ts_code"":""300054.SZ""},{""close"":""64.38"",""cost_basis"":""15517.16"",""market_value"":""12876.00"",""price_date"":""20260722"",""quantity"":200,""realized_pnl"":""0.00"",""stale_trade_days"":0,""ts_code"":""300136.SZ""},{""close"":""55.36"",""cost_basis"":""12479.12"",""market_value"":""11072.00"",""price_date"":""20260722"",""quantity"":200,""realized_pnl"":""0.00"",""stale_trade_days"":0,""ts_code"":""300346.SZ""},{""close"":""96.3"",""cost_basis"":""10305.10"",""market_value"":""9630.00"",""price_date"":""20260722"",""quantity"":100,""realized_pnl"":""0.00"",""stale_trade_days"":0,""ts_code"":""300373.SZ""},{""close"":""27.27"",""cost_basis"":""15000.15"",""market_value"":""13635.00"",""price_date"":""20260722"",""quantity"":500,""realized_pnl"":""0.00"",""stale_trade_days"":0,""ts_code"":""300623.SZ""},{""close"":""106.11"",""cost_basis"":""10737.11"",""market_value"":""10611.00"",""price_date"":""20260722"",""quantity"":100,""realized_pnl"":""0.00"",""stale_trade_days"":0,""ts_code"":""300661.SZ""},{""close"":""100.9"",""cost_basis"":""11914.12"",""market_value"":""10090.00"",""price_date"":""20260722"",""quantity"":100,""realized_pnl"":""0.00"",""stale_trade_days"":0,""ts_code"":""301611.SZ""},{""close"":""33.19"",""cost_basis"":""14445.14"",""market_value"":""13276.00"",""price_date"":""20260722"",""quantity"":400,""realized_pnl"":""0.00"",""stale_trade_days"":0,""ts_code"":""600460.SH""},{""close"":""9.07"",""cost_basis"":""15813.16"",""market_value"":""14512.00"",""price_date"":""20260722"",""quantity"":1600,""realized_pnl"":""0.00"",""stale_trade_days"":0,""ts_code"":""600707.SH""},{""close"":""43.57"",""cost_basis"":""14402.14"",""market_value"":""13071.00"",""price_date"":""20260722"",""quantity"":300,""realized_pnl"":""0.00"",""stale_trade_days"":0,""ts_code"":""603308.SH""},{""close"":""66.17"",""cost_basis"":""13857.14"",""market_value"":""13234.00"",""price_date"":""20260722"",""quantity"":200,""realized_pnl"":""0.00"",""stale_trade_days"":0,""ts_code"":""603650.SH""},{""close"":""41.53"",""cost_basis"":""16505.17"",""market_value"":""16612.00"",""price_date"":""20260722"",""quantity"":400,""realized_pnl"":""0.00"",""stale_trade_days"":0,""ts_code"":""603699.SH""},{""close"":""43.28"",""cost_basis"":""14930.15"",""market_value"":""12984.00"",""price_date"":""20260722"",""quantity"":300,""realized_pnl"":""0.00"",""stale_trade_days"":0,""ts_code"":""605358.SH""},{""close"":""42.8"",""cost_basis"":""16668.07"",""market_value"":""17205.60"",""price_date"":""20260722"",""quantity"":402,""realized_pnl"":""0.00"",""stale_trade_days"":0,""ts_code"":""688248.SH""},{""close"":""63.1"",""cost_basis"":""16617.01"",""market_value"":""16153.60"",""price_date"":""20260722"",""quantity"":256,""realized_pnl"":""0.00"",""stale_trade_days"":0,""ts_code"":""688396.SH""},{""close"":""7.84"",""cost_basis"":""16667.62"",""market_value"":""17773.28"",""price_date"":""20260722"",""quantity"":2267,""realized_pnl"":""0.00"",""stale_trade_days"":0,""ts_code"":""688469.SH""},{""close"":""39.0"",""cost_basis"":""16649.17"",""market_value"":""14820.00"",""price_date"":""20260722"",""quantity"":380,""realized_pnl"":""0.00"",""stale_trade_days"":0,""ts_code"":""688582.SH""},{""close"":""17.55"",""cost_basis"":""16657.78"",""market_value"":""17427.15"",""price_date"":""20260722"",""quantity"":993,""realized_pnl"":""0.00"",""stale_trade_days"":0,""ts_code"":""688728.SH""}],""trade_date"":""20260722"",""turnover"":""0""}",f4090379bf04d6aa847fa4549f3d2782c96bcda489360683550527b7f0406170,docker-scheduler
8b57170d0cc306f9456c,a2d9e565973a4569e06c,2026-07-23T11:54:22.172235+00:00,model_baseline,20260723,1,POSITION,20260723:000032.SZ,3eef24f0d52ce08a220ea2be20ec37df9d8b0f2a577f322c607660851f7fd512,000032.SZ,,900,,,,,900,"{""close"":""14.92"",""cost_basis"":""15548.16"",""market_value"":""13428.00"",""price_date"":""20260723"",""quantity"":900,""realized_pnl"":""0.00"",""stale_trade_days"":0,""ts_code"":""000032.SZ""}",b1363f3c179adb189815f840f9792d18b0d8eefed0a2f0688a5899a2be925158,docker-scheduler
8553104155924517f5c6,a2d9e565973a4569e06c,2026-07-23T11:54:22.172235+00:00,model_baseline,20260723,2,POSITION,20260723:002008.SZ,3eef24f0d52ce08a220ea2be20ec37df9d8b0f2a577f322c607660851f7fd512,002008.SZ,,100,,,,,100,"{""close"":""105.3"",""cost_basis"":""10755.11"",""market_value"":""10530.00"",""price_date"":""20260723"",""quantity"":100,""realized_pnl"":""0.00"",""stale_trade_days"":0,""ts_code"":""002008.SZ""}",f86ef86034e2873a064ad8a3063233929ed3e894fd2c97f60a632586f3fa1a93,docker-scheduler
0a7fb77688e53aa3b3a8,a2d9e565973a4569e06c,2026-07-23T11:54:22.172235+00:00,model_baseline,20260723,3,POSITION,20260723:002138.SZ,3eef24f0d52ce08a220ea2be20ec37df9d8b0f2a577f322c607660851f7fd512,002138.SZ,,300,,,,,300,"{""close"":""43.44"",""cost_basis"":""13469.13"",""market_value"":""13032.00"",""price_date"":""20260723"",""quantity"":300,""realized_pnl"":""0.00"",""stale_trade_days"":0,""ts_code"":""002138.SZ""}",6165355dbdacff438aaae0d41535429378ced7c2288a08b5dd2b08fe947dad5f,docker-scheduler
99f9eab1f5d18d834cc7,a2d9e565973a4569e06c,2026-07-23T11:54:22.172235+00:00,model_baseline,20260723,4,POSITION,20260723:002407.SZ,3eef24f0d52ce08a220ea2be20ec37df9d8b0f2a577f322c607660851f7fd512,002407.SZ,,500,,,,,500,"{""close"":""30.48"",""cost_basis"":""15955.16"",""market_value"":""15240.00"",""price_date"":""20260723"",""quantity"":500,""realized_pnl"":""0.00"",""stale_trade_days"":0,""ts_code"":""002407.SZ""}",8b3de585beaba9c09629cab5d6bf24fcb494c50cc39d00876de065d58ea3a78e,docker-scheduler
220105368072e2ce886e,a2d9e565973a4569e06c,2026-07-23T11:54:22.172235+00:00,model_baseline,20260723,5,POSITION,20260723:300054.SZ,3eef24f0d52ce08a220ea2be20ec37df9d8b0f2a577f322c607660851f7fd512,300054.SZ,,200,,,,,200,"{""close"":""72.42"",""cost_basis"":""14581.15"",""market_value"":""14484.00"",""price_date"":""20260723"",""quantity"":200,""realized_pnl"":""0.00"",""stale_trade_days"":0,""ts_code"":""300054.SZ""}",2d670c4c87d3238e1c4d69ef1f428ee260870bf32b6b97aa6f67557cea843c3c,docker-scheduler
fca45814718175b47f88,a2d9e565973a4569e06c,2026-07-23T11:54:22.172235+00:00,model_baseline,20260723,6,POSITION,20260723:300136.SZ,3eef24f0d52ce08a220ea2be20ec37df9d8b0f2a577f322c607660851f7fd512,300136.SZ,,200,,,,,200,"{""close"":""66.48"",""cost_basis"":""15517.16"",""market_value"":""13296.00"",""price_date"":""20260723"",""quantity"":200,""realized_pnl"":""0.00"",""stale_trade_days"":0,""ts_code"":""300136.SZ""}",d50ef40cda83777a073ad32c869302f1e2d1233343acdf3fe6b0ba02d9e16f72,docker-scheduler
877b8a7b8cd53432de20,a2d9e565973a4569e06c,2026-07-23T11:54:22.172235+00:00,model_baseline,20260723,7,POSITION,20260723:300346.SZ,3eef24f0d52ce08a220ea2be20ec37df9d8b0f2a577f322c607660851f7fd512,300346.SZ,,200,,,,,200,"{""close"":""53.86"",""cost_basis"":""12479.12"",""market_value"":""10772.00"",""price_date"":""20260723"",""quantity"":200,""realized_pnl"":""0.00"",""stale_trade_days"":0,""ts_code"":""300346.SZ""}",bec97ac9cb40a4f8da0957977ddcb5bf0fe503bb49952ae996323a40a58fe282,docker-scheduler
a909798ae215a76855ee,a2d9e565973a4569e06c,2026-07-23T11:54:22.172235+00:00,model_baseline,20260723,8,POSITION,20260723:300373.SZ,3eef24f0d52ce08a220ea2be20ec37df9d8b0f2a577f322c607660851f7fd512,300373.SZ,,100,,,,,100,"{""close"":""93.14"",""cost_basis"":""10305.10"",""market_value"":""9314.00"",""price_date"":""20260723"",""quantity"":100,""realized_pnl"":""0.00"",""stale_trade_days"":0,""ts_code"":""300373.SZ""}",ff2647efae17f75f5bb4853116668fe672ff56381b3407916d11a3260f256f1d,docker-scheduler
3194c8a878c532a44914,a2d9e565973a4569e06c,2026-07-23T11:54:22.172235+00:00,model_baseline,20260723,9,POSITION,20260723:300623.SZ,3eef24f0d52ce08a220ea2be20ec37df9d8b0f2a577f322c607660851f7fd512,300623.SZ,,500,,,,,500,"{""close"":""26.5"",""cost_basis"":""15000.15"",""market_value"":""13250.00"",""price_date"":""20260723"",""quantity"":500,""realized_pnl"":""0.00"",""stale_trade_days"":0,""ts_code"":""300623.SZ""}",52fed54a79572dcd0eea550bb604c33f9c6457eaa0b6abc49a6e1fa167488869,docker-scheduler
23e43224eb8ba30ede81,a2d9e565973a4569e06c,2026-07-23T11:54:22.172235+00:00,model_baseline,20260723,10,POSITION,20260723:300661.SZ,3eef24f0d52ce08a220ea2be20ec37df9d8b0f2a577f322c607660851f7fd512,300661.SZ,,100,,,,,100,"{""close"":""103.86"",""cost_basis"":""10737.11"",""market_value"":""10386.00"",""price_date"":""20260723"",""quantity"":100,""realized_pnl"":""0.00"",""stale_trade_days"":0,""ts_code"":""300661.SZ""}",943b24c333cb1bae36435906a965150edcde4c6718232ec5cfefbf598fa6b4a0,docker-scheduler
1a6ecbc23333b611715c,a2d9e565973a4569e06c,2026-07-23T11:54:22.172235+00:00,model_baseline,20260723,11,POSITION,20260723:301611.SZ,3eef24f0d52ce08a220ea2be20ec37df9d8b0f2a577f322c607660851f7fd512,301611.SZ,,100,,,,,100,"{""close"":""95.15"",""cost_basis"":""11914.12"",""market_value"":""9515.00"",""price_date"":""20260723"",""quantity"":100,""realized_pnl"":""0.00"",""stale_trade_days"":0,""ts_code"":""301611.SZ""}",3148185073c7877930c591b2e465e154d6af767dce50bf0553ea7162d8f7e458,docker-scheduler
79ad19ea9e149aab702c,a2d9e565973a4569e06c,2026-07-23T11:54:22.172235+00:00,model_baseline,20260723,12,POSITION,20260723:600460.SH,3eef24f0d52ce08a220ea2be20ec37df9d8b0f2a577f322c607660851f7fd512,600460.SH,,400,,,,,400,"{""close"":""32.22"",""cost_basis"":""14445.14"",""market_value"":""12888.00"",""price_date"":""20260723"",""quantity"":400,""realized_pnl"":""0.00"",""stale_trade_days"":0,""ts_code"":""600460.SH""}",dd0ba93f9db1cd11688d73a8e5aa9491c35ca45c64253224cdd286b16a28056e,docker-scheduler
3843195ae4c8c3c54f1c,a2d9e565973a4569e06c,2026-07-23T11:54:22.172235+00:00,model_baseline,20260723,13,POSITION,20260723:600707.SH,3eef24f0d52ce08a220ea2be20ec37df9d8b0f2a577f322c607660851f7fd512,600707.SH,,1600,,,,,1600,"{""close"":""9.02"",""cost_basis"":""15813.16"",""market_value"":""14432.00"",""price_date"":""20260723"",""quantity"":1600,""realized_pnl"":""0.00"",""stale_trade_days"":0,""ts_code"":""600707.SH""}",52a3bf6f8f0abe68283234a4b187aeef89dfe32a3f756cb058038092141c761e,docker-scheduler
6b19840e73e0e030cc5a,a2d9e565973a4569e06c,2026-07-23T11:54:22.172235+00:00,model_baseline,20260723,14,POSITION,20260723:603308.SH,3eef24f0d52ce08a220ea2be20ec37df9d8b0f2a577f322c607660851f7fd512,603308.SH,,300,,,,,300,"{""close"":""45.31"",""cost_basis"":""14402.14"",""market_value"":""13593.00"",""price_date"":""20260723"",""quantity"":300,""realized_pnl"":""0.00"",""stale_trade_days"":0,""ts_code"":""603308.SH""}",5c4c5988e99c6cd9b71194e5fbf790622dfb12c69429dc8e955573fb91b3275e,docker-scheduler
5e8cc270130bd3766ba1,a2d9e565973a4569e06c,2026-07-23T11:54:22.172235+00:00,model_baseline,20260723,15,POSITION,20260723:603650.SH,3eef24f0d52ce08a220ea2be20ec37df9d8b0f2a577f322c607660851f7fd512,603650.SH,,200,,,,,200,"{""close"":""64.11"",""cost_basis"":""13857.14"",""market_value"":""12822.00"",""price_date"":""20260723"",""quantity"":200,""realized_pnl"":""0.00"",""stale_trade_days"":0,""ts_code"":""603650.SH""}",a3296c7da78ecda01ef23a3dad8cbb137af73edd2fc3d466b168ff1bf690b1f7,docker-scheduler
a54a0b41b8eed8bdeace,a2d9e565973a4569e06c,2026-07-23T11:54:22.172235+00:00,model_baseline,20260723,16,POSITION,20260723:603699.SH,3eef24f0d52ce08a220ea2be20ec37df9d8b0f2a577f322c607660851f7fd512,603699.SH,,400,,,,,400,"{""close"":""43.19"",""cost_basis"":""16505.17"",""market_value"":""17276.00"",""price_date"":""20260723"",""quantity"":400,""realized_pnl"":""0.00"",""stale_trade_days"":0,""ts_code"":""603699.SH""}",64e80c5314d3ed214190cd2c0618ebea9965e146a6e9aabbd441ae2e3fa26f08,docker-scheduler
76d1f4a3fb2a4dae6f6d,a2d9e565973a4569e06c,2026-07-23T11:54:22.172235+00:00,model_baseline,20260723,17,POSITION,20260723:605358.SH,3eef24f0d52ce08a220ea2be20ec37df9d8b0f2a577f322c607660851f7fd512,605358.SH,,300,,,,,300,"{""close"":""42.89"",""cost_basis"":""14930.15"",""market_value"":""12867.00"",""price_date"":""20260723"",""quantity"":300,""realized_pnl"":""0.00"",""stale_trade_days"":0,""ts_code"":""605358.SH""}",449c04971ce55c14078e32b8ee20cfb6ad3f47a10ab7dcb7c774b9447db22bbe,docker-scheduler
6ef8cd169f1171312afd,a2d9e565973a4569e06c,2026-07-23T11:54:22.172235+00:00,model_baseline,20260723,18,POSITION,20260723:688248.SH,3eef24f0d52ce08a220ea2be20ec37df9d8b0f2a577f322c607660851f7fd512,688248.SH,,402,,,,,402,"{""close"":""42.99"",""cost_basis"":""16668.07"",""market_value"":""17281.98"",""price_date"":""20260723"",""quantity"":402,""realized_pnl"":""0.00"",""stale_trade_days"":0,""ts_code"":""688248.SH""}",f51739f6c4011a631c878614f26584dde6c0964259db02d20f2ec38639b7b0ef,docker-scheduler
631683f69991b84c5d02,a2d9e565973a4569e06c,2026-07-23T11:54:22.172235+00:00,model_baseline,20260723,19,POSITION,20260723:688396.SH,3eef24f0d52ce08a220ea2be20ec37df9d8b0f2a577f322c607660851f7fd512,688396.SH,,256,,,,,256,"{""close"":""61.12"",""cost_basis"":""16617.01"",""market_value"":""15646.72"",""price_date"":""20260723"",""quantity"":256,""realized_pnl"":""0.00"",""stale_trade_days"":0,""ts_code"":""688396.SH""}",cc884f47812aeff01dd1441ca7138c3dd8f58d52cd83b926b6468a7932bdebc2,docker-scheduler
6776b41934e0ec7d90ae,a2d9e565973a4569e06c,2026-07-23T11:54:22.172235+00:00,model_baseline,20260723,20,POSITION,20260723:688469.SH,3eef24f0d52ce08a220ea2be20ec37df9d8b0f2a577f322c607660851f7fd512,688469.SH,,2267,,,,,2267,"{""close"":""7.65"",""cost_basis"":""16667.62"",""market_value"":""17342.55"",""price_date"":""20260723"",""quantity"":2267,""realized_pnl"":""0.00"",""stale_trade_days"":0,""ts_code"":""688469.SH""}",1531b80d07971881b3808921d9a4cf860dcc9445a76a79d459fb70e6eb9e4a4f,docker-scheduler
30e7cc4191a9d1816a70,a2d9e565973a4569e06c,2026-07-23T11:54:22.172235+00:00,model_baseline,20260723,21,POSITION,20260723:688582.SH,3eef24f0d52ce08a220ea2be20ec37df9d8b0f2a577f322c607660851f7fd512,688582.SH,,380,,,,,380,"{""close"":""37.62"",""cost_basis"":""16649.17"",""market_value"":""14295.60"",""price_date"":""20260723"",""quantity"":380,""realized_pnl"":""0.00"",""stale_trade_days"":0,""ts_code"":""688582.SH""}",19ca99880d5f0b45e3a69cc394540949accc1cb2d1e8a2b1c1b366d245ebb0dc,docker-scheduler
3df877b2ef7fb289c249,a2d9e565973a4569e06c,2026-07-23T11:54:22.172235+00:00,model_baseline,20260723,22,POSITION,20260723:688728.SH,3eef24f0d52ce08a220ea2be20ec37df9d8b0f2a577f322c607660851f7fd512,688728.SH,,993,,,,,993,"{""close"":""16.65"",""cost_basis"":""16657.78"",""market_value"":""16533.45"",""price_date"":""20260723"",""quantity"":993,""realized_pnl"":""0.00"",""stale_trade_days"":0,""ts_code"":""688728.SH""}",69a3f3615d8bbb70d5718ea5c154cd62050abe0ca9dbdde79d05286a26a54dec,docker-scheduler
ce38b8f38cae11c542ec,a2d9e565973a4569e06c,2026-07-23T11:54:22.172235+00:00,model_baseline,20260723,23,CASH,20260723,3eef24f0d52ce08a220ea2be20ec37df9d8b0f2a577f322c607660851f7fd512,,,,,,,180557.98,,"{""cash"":""180557.98""}",65cf7b0081832e25c50d1ae0655983ab8b3baa0c4f32624db3fdd33d80bff525,docker-scheduler
6e9bc60b8994570705e7,a2d9e565973a4569e06c,2026-07-23T11:54:22.172235+00:00,model_baseline,20260723,24,NAV,20260723,3eef24f0d52ce08a220ea2be20ec37df9d8b0f2a577f322c607660851f7fd512,,,,,,,180557.98,,"{""benchmark_nav"":""1.004659875223296273687467360"",""cash"":""180557.98"",""cash_ratio"":""0.3771183906004403495460409562"",""cumulative_dividends"":""32.00"",""cumulative_fees"":""113.22"",""daily_fees"":""0.00"",""drawdown"":""-0.04243344"",""equation_difference"":""0.00"",""freshness_status"":""PASS"",""market_value"":""298225.30"",""net_asset"":""478783.28"",""net_excess"":""-0.047093315223296273687467360"",""normalized_nav"":""0.95756656"",""positions"":[{""close"":""14.92"",""cost_basis"":""15548.16"",""market_value"":""13428.00"",""price_date"":""20260723"",""quantity"":900,""realized_pnl"":""0.00"",""stale_trade_days"":0,""ts_code"":""000032.SZ""},{""close"":""105.3"",""cost_basis"":""10755.11"",""market_value"":""10530.00"",""price_date"":""20260723"",""quantity"":100,""realized_pnl"":""0.00"",""stale_trade_days"":0,""ts_code"":""002008.SZ""},{""close"":""43.44"",""cost_basis"":""13469.13"",""market_value"":""13032.00"",""price_date"":""20260723"",""quantity"":300,""realized_pnl"":""0.00"",""stale_trade_days"":0,""ts_code"":""002138.SZ""},{""close"":""30.48"",""cost_basis"":""15955.16"",""market_value"":""15240.00"",""price_date"":""20260723"",""quantity"":500,""realized_pnl"":""0.00"",""stale_trade_days"":0,""ts_code"":""002407.SZ""},{""close"":""72.42"",""cost_basis"":""14581.15"",""market_value"":""14484.00"",""price_date"":""20260723"",""quantity"":200,""realized_pnl"":""0.00"",""stale_trade_days"":0,""ts_code"":""300054.SZ""},{""close"":""66.48"",""cost_basis"":""15517.16"",""market_value"":""13296.00"",""price_date"":""20260723"",""quantity"":200,""realized_pnl"":""0.00"",""stale_trade_days"":0,""ts_code"":""300136.SZ""},{""close"":""53.86"",""cost_basis"":""12479.12"",""market_value"":""10772.00"",""price_date"":""20260723"",""quantity"":200,""realized_pnl"":""0.00"",""stale_trade_days"":0,""ts_code"":""300346.SZ""},{""close"":""93.14"",""cost_basis"":""10305.10"",""market_value"":""9314.00"",""price_date"":""20260723"",""quantity"":100,""realized_pnl"":""0.00"",""stale_trade_days"":0,""ts_code"":""300373.SZ""},{""close"":""26.5"",""cost_basis"":""15000.15"",""market_value"":""13250.00"",""price_date"":""20260723"",""quantity"":500,""realized_pnl"":""0.00"",""stale_trade_days"":0,""ts_code"":""300623.SZ""},{""close"":""103.86"",""cost_basis"":""10737.11"",""market_value"":""10386.00"",""price_date"":""20260723"",""quantity"":100,""realized_pnl"":""0.00"",""stale_trade_days"":0,""ts_code"":""300661.SZ""},{""close"":""95.15"",""cost_basis"":""11914.12"",""market_value"":""9515.00"",""price_date"":""20260723"",""quantity"":100,""realized_pnl"":""0.00"",""stale_trade_days"":0,""ts_code"":""301611.SZ""},{""close"":""32.22"",""cost_basis"":""14445.14"",""market_value"":""12888.00"",""price_date"":""20260723"",""quantity"":400,""realized_pnl"":""0.00"",""stale_trade_days"":0,""ts_code"":""600460.SH""},{""close"":""9.02"",""cost_basis"":""15813.16"",""market_value"":""14432.00"",""price_date"":""20260723"",""quantity"":1600,""realized_pnl"":""0.00"",""stale_trade_days"":0,""ts_code"":""600707.SH""},{""close"":""45.31"",""cost_basis"":""14402.14"",""market_value"":""13593.00"",""price_date"":""20260723"",""quantity"":300,""realized_pnl"":""0.00"",""stale_trade_days"":0,""ts_code"":""603308.SH""},{""close"":""64.11"",""cost_basis"":""13857.14"",""market_value"":""12822.00"",""price_date"":""20260723"",""quantity"":200,""realized_pnl"":""0.00"",""stale_trade_days"":0,""ts_code"":""603650.SH""},{""close"":""43.19"",""cost_basis"":""16505.17"",""market_value"":""17276.00"",""price_date"":""20260723"",""quantity"":400,""realized_pnl"":""0.00"",""stale_trade_days"":0,""ts_code"":""603699.SH""},{""close"":""42.89"",""cost_basis"":""14930.15"",""market_value"":""12867.00"",""price_date"":""20260723"",""quantity"":300,""realized_pnl"":""0.00"",""stale_trade_days"":0,""ts_code"":""605358.SH""},{""close"":""42.99"",""cost_basis"":""16668.07"",""market_value"":""17281.98"",""price_date"":""20260723"",""quantity"":402,""realized_pnl"":""0.00"",""stale_trade_days"":0,""ts_code"":""688248.SH""},{""close"":""61.12"",""cost_basis"":""16617.01"",""market_value"":""15646.72"",""price_date"":""20260723"",""quantity"":256,""realized_pnl"":""0.00"",""stale_trade_days"":0,""ts_code"":""688396.SH""},{""close"":""7.65"",""cost_basis"":""16667.62"",""market_value"":""17342.55"",""price_date"":""20260723"",""quantity"":2267,""realized_pnl"":""0.00"",""stale_trade_days"":0,""ts_code"":""688469.SH""},{""close"":""37.62"",""cost_basis"":""16649.17"",""market_value"":""14295.60"",""price_date"":""20260723"",""quantity"":380,""realized_pnl"":""0.00"",""stale_trade_days"":0,""ts_code"":""688582.SH""},{""close"":""16.65"",""cost_basis"":""16657.78"",""market_value"":""16533.45"",""price_date"":""20260723"",""quantity"":993,""realized_pnl"":""0.00"",""stale_trade_days"":0,""ts_code"":""688728.SH""}],""trade_date"":""20260723"",""turnover"":""0""}",437059702800095f30d8693964619a109892452f9e3ed27dafa09a12dda200b2,docker-scheduler
891004db06064888feda,1d3d80f800b382261d25,2026-07-24T12:33:43.236777+00:00,model_baseline,20260724,1,POSITION,20260724:000032.SZ,cb092b2143335da11463b34c5b75c3a5b1d2e99142272d69b6c05bb88ae79b1e,000032.SZ,,900,,,,,900,"{""close"":""14.15"",""cost_basis"":""15548.16"",""market_value"":""12735.00"",""price_date"":""20260724"",""quantity"":900,""realized_pnl"":""0.00"",""stale_trade_days"":0,""ts_code"":""000032.SZ""}",06173da65f3ccd125a9808da26dc78b8c21c029b369032501b591d61178a10a6,docker-scheduler
4214c9e5728b23de373c,1d3d80f800b382261d25,2026-07-24T12:33:43.236777+00:00,model_baseline,20260724,2,POSITION,20260724:002008.SZ,cb092b2143335da11463b34c5b75c3a5b1d2e99142272d69b6c05bb88ae79b1e,002008.SZ,,100,,,,,100,"{""close"":""101.76"",""cost_basis"":""10755.11"",""market_value"":""10176.00"",""price_date"":""20260724"",""quantity"":100,""realized_pnl"":""0.00"",""stale_trade_days"":0,""ts_code"":""002008.SZ""}",53ddd5457212fed5575cadbe6e282a83e9b86302de35b6f35aa6706d4c63205e,docker-scheduler
4a099b870aba5cd7a792,1d3d80f800b382261d25,2026-07-24T12:33:43.236777+00:00,model_baseline,20260724,3,POSITION,20260724:002138.SZ,cb092b2143335da11463b34c5b75c3a5b1d2e99142272d69b6c05bb88ae79b1e,002138.SZ,,300,,,,,300,"{""close"":""42.11"",""cost_basis"":""13469.13"",""market_value"":""12633.00"",""price_date"":""20260724"",""quantity"":300,""realized_pnl"":""0.00"",""stale_trade_days"":0,""ts_code"":""002138.SZ""}",b1ad41879a451339a7f1531972aa02b2d408ea02d10146ebc7fe29656e7af44b,docker-scheduler
b63202165e0974195db0,1d3d80f800b382261d25,2026-07-24T12:33:43.236777+00:00,model_baseline,20260724,4,POSITION,20260724:002407.SZ,cb092b2143335da11463b34c5b75c3a5b1d2e99142272d69b6c05bb88ae79b1e,002407.SZ,,500,,,,,500,"{""close"":""30.52"",""cost_basis"":""15955.16"",""market_value"":""15260.00"",""price_date"":""20260724"",""quantity"":500,""realized_pnl"":""0.00"",""stale_trade_days"":0,""ts_code"":""002407.SZ""}",deb9eb8a7a5923a3eb93c0c73c6b88cdea42db65c8b85cc43b0ad4533edb0eca,docker-scheduler
93c7a3d69b3bb1bcffc6,1d3d80f800b382261d25,2026-07-24T12:33:43.236777+00:00,model_baseline,20260724,5,POSITION,20260724:300054.SZ,cb092b2143335da11463b34c5b75c3a5b1d2e99142272d69b6c05bb88ae79b1e,300054.SZ,,200,,,,,200,"{""close"":""73.79"",""cost_basis"":""14581.15"",""market_value"":""14758.00"",""price_date"":""20260724"",""quantity"":200,""realized_pnl"":""0.00"",""stale_trade_days"":0,""ts_code"":""300054.SZ""}",146aeee36c0ec663afe9c045da2c6263d5cfb682418864ad56f7477eb2812806,docker-scheduler
9f3b1d5df2be5197c5a8,1d3d80f800b382261d25,2026-07-24T12:33:43.236777+00:00,model_baseline,20260724,6,POSITION,20260724:300136.SZ,cb092b2143335da11463b34c5b75c3a5b1d2e99142272d69b6c05bb88ae79b1e,300136.SZ,,200,,,,,200,"{""close"":""62.57"",""cost_basis"":""15517.16"",""market_value"":""12514.00"",""price_date"":""20260724"",""quantity"":200,""realized_pnl"":""0.00"",""stale_trade_days"":0,""ts_code"":""300136.SZ""}",03163e3110dff55eb75feb9bbf6e642e05907cdff576bf753a639b0b182cb1b8,docker-scheduler
59a7c4355b51000cf28f,1d3d80f800b382261d25,2026-07-24T12:33:43.236777+00:00,model_baseline,20260724,7,POSITION,20260724:300346.SZ,cb092b2143335da11463b34c5b75c3a5b1d2e99142272d69b6c05bb88ae79b1e,300346.SZ,,200,,,,,200,"{""close"":""53.6"",""cost_basis"":""12479.12"",""market_value"":""10720.00"",""price_date"":""20260724"",""quantity"":200,""realized_pnl"":""0.00"",""stale_trade_days"":0,""ts_code"":""300346.SZ""}",c0dca43e43b5299e3d28556ec638927877675bcc311dc0645e827ff012daf2fa,docker-scheduler
a9e7969443f9e03d376a,1d3d80f800b382261d25,2026-07-24T12:33:43.236777+00:00,model_baseline,20260724,8,POSITION,20260724:300373.SZ,cb092b2143335da11463b34c5b75c3a5b1d2e99142272d69b6c05bb88ae79b1e,300373.SZ,,100,,,,,100,"{""close"":""90.6"",""cost_basis"":""10305.10"",""market_value"":""9060.00"",""price_date"":""20260724"",""quantity"":100,""realized_pnl"":""0.00"",""stale_trade_days"":0,""ts_code"":""300373.SZ""}",00d4dc9ebcedf960233e14be4361202eb1782fc19cfafb4754069429d6db6665,docker-scheduler
d5c507da2090903be4c2,1d3d80f800b382261d25,2026-07-24T12:33:43.236777+00:00,model_baseline,20260724,9,POSITION,20260724:300623.SZ,cb092b2143335da11463b34c5b75c3a5b1d2e99142272d69b6c05bb88ae79b1e,300623.SZ,,500,,,,,500,"{""close"":""26.02"",""cost_basis"":""15000.15"",""market_value"":""13010.00"",""price_date"":""20260724"",""quantity"":500,""realized_pnl"":""0.00"",""stale_trade_days"":0,""ts_code"":""300623.SZ""}",788bbef1454cdb1598bd55dfac08d6e344c015dcbb1d3d9ec55ff8a163ec413b,docker-scheduler
ad5a2f91357a534a9749,1d3d80f800b382261d25,2026-07-24T12:33:43.236777+00:00,model_baseline,20260724,10,POSITION,20260724:300661.SZ,cb092b2143335da11463b34c5b75c3a5b1d2e99142272d69b6c05bb88ae79b1e,300661.SZ,,100,,,,,100,"{""close"":""100.41"",""cost_basis"":""10737.11"",""market_value"":""10041.00"",""price_date"":""20260724"",""quantity"":100,""realized_pnl"":""0.00"",""stale_trade_days"":0,""ts_code"":""300661.SZ""}",2aef72418ec0c5142ec990d98f63a2500dbc4e8a817dae196fc2354c80acce06,docker-scheduler
6936a2829237199f0f3f,1d3d80f800b382261d25,2026-07-24T12:33:43.236777+00:00,model_baseline,20260724,11,POSITION,20260724:301611.SZ,cb092b2143335da11463b34c5b75c3a5b1d2e99142272d69b6c05bb88ae79b1e,301611.SZ,,100,,,,,100,"{""close"":""94.6"",""cost_basis"":""11914.12"",""market_value"":""9460.00"",""price_date"":""20260724"",""quantity"":100,""realized_pnl"":""0.00"",""stale_trade_days"":0,""ts_code"":""301611.SZ""}",029a7822630933d45859393b294452f49329332aca23b437f6530420967bf600,docker-scheduler
4f046b861fc3ffc44b71,1d3d80f800b382261d25,2026-07-24T12:33:43.236777+00:00,model_baseline,20260724,12,POSITION,20260724:600460.SH,cb092b2143335da11463b34c5b75c3a5b1d2e99142272d69b6c05bb88ae79b1e,600460.SH,,400,,,,,400,"{""close"":""31.57"",""cost_basis"":""14445.14"",""market_value"":""12628.00"",""price_date"":""20260724"",""quantity"":400,""realized_pnl"":""0.00"",""stale_trade_days"":0,""ts_code"":""600460.SH""}",ea72491c7f560d60bbfc53d50f02dfe0a62ec49514cb5bcc72356f69889e8113,docker-scheduler
088e41cdec5c8515f7cc,1d3d80f800b382261d25,2026-07-24T12:33:43.236777+00:00,model_baseline,20260724,13,POSITION,20260724:600707.SH,cb092b2143335da11463b34c5b75c3a5b1d2e99142272d69b6c05bb88ae79b1e,600707.SH,,1600,,,,,1600,"{""close"":""8.68"",""cost_basis"":""15813.16"",""market_value"":""13888.00"",""price_date"":""20260724"",""quantity"":1600,""realized_pnl"":""0.00"",""stale_trade_days"":0,""ts_code"":""600707.SH""}",9edfd2be1513845a9b46df594f5f0679ccea7e00646cf2d166c0fbec99043dba,docker-scheduler
2ec520ab50cb75289da3,1d3d80f800b382261d25,2026-07-24T12:33:43.236777+00:00,model_baseline,20260724,14,POSITION,20260724:603308.SH,cb092b2143335da11463b34c5b75c3a5b1d2e99142272d69b6c05bb88ae79b1e,603308.SH,,300,,,,,300,"{""close"":""44.1"",""cost_basis"":""14402.14"",""market_value"":""13230.00"",""price_date"":""20260724"",""quantity"":300,""realized_pnl"":""0.00"",""stale_trade_days"":0,""ts_code"":""603308.SH""}",431fd689740dee47dc556be122fe5cf9017eeb405917a0968e3e730884e754f7,docker-scheduler
07c44a14e6926e98248c,1d3d80f800b382261d25,2026-07-24T12:33:43.236777+00:00,model_baseline,20260724,15,POSITION,20260724:603650.SH,cb092b2143335da11463b34c5b75c3a5b1d2e99142272d69b6c05bb88ae79b1e,603650.SH,,200,,,,,200,"{""close"":""63.44"",""cost_basis"":""13857.14"",""market_value"":""12688.00"",""price_date"":""20260724"",""quantity"":200,""realized_pnl"":""0.00"",""stale_trade_days"":0,""ts_code"":""603650.SH""}",b3f11004f01ca78a70a1d1720144eed6c0f8f285f72445b3b7da2240f25851ae,docker-scheduler
a4b66fe7465d27188408,1d3d80f800b382261d25,2026-07-24T12:33:43.236777+00:00,model_baseline,20260724,16,POSITION,20260724:603699.SH,cb092b2143335da11463b34c5b75c3a5b1d2e99142272d69b6c05bb88ae79b1e,603699.SH,,400,,,,,400,"{""close"":""41.81"",""cost_basis"":""16505.17"",""market_value"":""16724.00"",""price_date"":""20260724"",""quantity"":400,""realized_pnl"":""0.00"",""stale_trade_days"":0,""ts_code"":""603699.SH""}",de3483bbad1fb8b584c8149c949a7d990f02a0ed10a7a8f24555b7b4fac232d4,docker-scheduler
a234538dc7a422a4c100,1d3d80f800b382261d25,2026-07-24T12:33:43.236777+00:00,model_baseline,20260724,17,POSITION,20260724:605358.SH,cb092b2143335da11463b34c5b75c3a5b1d2e99142272d69b6c05bb88ae79b1e,605358.SH,,300,,,,,300,"{""close"":""41.75"",""cost_basis"":""14930.15"",""market_value"":""12525.00"",""price_date"":""20260724"",""quantity"":300,""realized_pnl"":""0.00"",""stale_trade_days"":0,""ts_code"":""605358.SH""}",d86b9980c3c8b93b7384e1e0b4c05face9dc29e99d9e7e1f204020c75006568e,docker-scheduler
8dca8fdf052cd9c61787,1d3d80f800b382261d25,2026-07-24T12:33:43.236777+00:00,model_baseline,20260724,18,POSITION,20260724:688248.SH,cb092b2143335da11463b34c5b75c3a5b1d2e99142272d69b6c05bb88ae79b1e,688248.SH,,402,,,,,402,"{""close"":""41.52"",""cost_basis"":""16668.07"",""market_value"":""16691.04"",""price_date"":""20260724"",""quantity"":402,""realized_pnl"":""0.00"",""stale_trade_days"":0,""ts_code"":""688248.SH""}",40b64d6086013591fb40ffaca4257c491edfca4cd6971445e61ce24ac1f4cd6e,docker-scheduler
9e5e5f2ed2c801ebc569,1d3d80f800b382261d25,2026-07-24T12:33:43.236777+00:00,model_baseline,20260724,19,POSITION,20260724:688396.SH,cb092b2143335da11463b34c5b75c3a5b1d2e99142272d69b6c05bb88ae79b1e,688396.SH,,256,,,,,256,"{""close"":""60.4"",""cost_basis"":""16617.01"",""market_value"":""15462.40"",""price_date"":""20260724"",""quantity"":256,""realized_pnl"":""0.00"",""stale_trade_days"":0,""ts_code"":""688396.SH""}",189157d5a300e7b8524b68610284d6df9b5dd20a672c81bdec0a695cc286f621,docker-scheduler
1bb1742b48a9a15e71a1,1d3d80f800b382261d25,2026-07-24T12:33:43.236777+00:00,model_baseline,20260724,20,POSITION,20260724:688469.SH,cb092b2143335da11463b34c5b75c3a5b1d2e99142272d69b6c05bb88ae79b1e,688469.SH,,2267,,,,,2267,"{""close"":""7.44"",""cost_basis"":""16667.62"",""market_value"":""16866.48"",""price_date"":""20260724"",""quantity"":2267,""realized_pnl"":""0.00"",""stale_trade_days"":0,""ts_code"":""688469.SH""}",97ee95c14a5837fc6ed0660fb8e3a11bea48a12a299bda9e35e894217b935772,docker-scheduler
b96dbbf607af5a1835c0,1d3d80f800b382261d25,2026-07-24T12:33:43.236777+00:00,model_baseline,20260724,21,POSITION,20260724:688582.SH,cb092b2143335da11463b34c5b75c3a5b1d2e99142272d69b6c05bb88ae79b1e,688582.SH,,380,,,,,380,"{""close"":""36.61"",""cost_basis"":""16649.17"",""market_value"":""13911.80"",""price_date"":""20260724"",""quantity"":380,""realized_pnl"":""0.00"",""stale_trade_days"":0,""ts_code"":""688582.SH""}",1e2d823d00b6d8917d2143b02d61d214d2212a9d4d561415d45f4db0badf09d7,docker-scheduler
9558a0b0954c5b9b0e7d,1d3d80f800b382261d25,2026-07-24T12:33:43.236777+00:00,model_baseline,20260724,22,POSITION,20260724:688728.SH,cb092b2143335da11463b34c5b75c3a5b1d2e99142272d69b6c05bb88ae79b1e,688728.SH,,993,,,,,993,"{""close"":""16.4"",""cost_basis"":""16657.78"",""market_value"":""16285.20"",""price_date"":""20260724"",""quantity"":993,""realized_pnl"":""0.00"",""stale_trade_days"":0,""ts_code"":""688728.SH""}",8311f9282f71ef352c8a2b8e41569aca7c1d9446180e510916062cf252b69b2f,docker-scheduler
bdbd664436df2b33ba6c,1d3d80f800b382261d25,2026-07-24T12:33:43.236777+00:00,model_baseline,20260724,23,CASH,20260724,cb092b2143335da11463b34c5b75c3a5b1d2e99142272d69b6c05bb88ae79b1e,,,,,,,180557.98,,"{""cash"":""180557.98""}",65cf7b0081832e25c50d1ae0655983ab8b3baa0c4f32624db3fdd33d80bff525,docker-scheduler
8e3959c4be73fa788d67,1d3d80f800b382261d25,2026-07-24T12:33:43.236777+00:00,model_baseline,20260724,24,NAV,20260724,cb092b2143335da11463b34c5b75c3a5b1d2e99142272d69b6c05bb88ae79b1e,,,,,,,180557.98,,"{""benchmark_nav"":""0.9854111247658893260412062397"",""cash"":""180557.98"",""cash_ratio"":""0.3826800577926260356331342411"",""cumulative_dividends"":""32.00"",""cumulative_fees"":""113.22"",""daily_fees"":""0.00"",""drawdown"":""-0.0563502"",""equation_difference"":""0.00"",""freshness_status"":""PASS"",""market_value"":""291266.92"",""net_asset"":""471824.90"",""net_excess"":""-0.0417613247658893260412062397"",""normalized_nav"":""0.9436498"",""positions"":[{""close"":""14.15"",""cost_basis"":""15548.16"",""market_value"":""12735.00"",""price_date"":""20260724"",""quantity"":900,""realized_pnl"":""0.00"",""stale_trade_days"":0,""ts_code"":""000032.SZ""},{""close"":""101.76"",""cost_basis"":""10755.11"",""market_value"":""10176.00"",""price_date"":""20260724"",""quantity"":100,""realized_pnl"":""0.00"",""stale_trade_days"":0,""ts_code"":""002008.SZ""},{""close"":""42.11"",""cost_basis"":""13469.13"",""market_value"":""12633.00"",""price_date"":""20260724"",""quantity"":300,""realized_pnl"":""0.00"",""stale_trade_days"":0,""ts_code"":""002138.SZ""},{""close"":""30.52"",""cost_basis"":""15955.16"",""market_value"":""15260.00"",""price_date"":""20260724"",""quantity"":500,""realized_pnl"":""0.00"",""stale_trade_days"":0,""ts_code"":""002407.SZ""},{""close"":""73.79"",""cost_basis"":""14581.15"",""market_value"":""14758.00"",""price_date"":""20260724"",""quantity"":200,""realized_pnl"":""0.00"",""stale_trade_days"":0,""ts_code"":""300054.SZ""},{""close"":""62.57"",""cost_basis"":""15517.16"",""market_value"":""12514.00"",""price_date"":""20260724"",""quantity"":200,""realized_pnl"":""0.00"",""stale_trade_days"":0,""ts_code"":""300136.SZ""},{""close"":""53.6"",""cost_basis"":""12479.12"",""market_value"":""10720.00"",""price_date"":""20260724"",""quantity"":200,""realized_pnl"":""0.00"",""stale_trade_days"":0,""ts_code"":""300346.SZ""},{""close"":""90.6"",""cost_basis"":""10305.10"",""market_value"":""9060.00"",""price_date"":""20260724"",""quantity"":100,""realized_pnl"":""0.00"",""stale_trade_days"":0,""ts_code"":""300373.SZ""},{""close"":""26.02"",""cost_basis"":""15000.15"",""market_value"":""13010.00"",""price_date"":""20260724"",""quantity"":500,""realized_pnl"":""0.00"",""stale_trade_days"":0,""ts_code"":""300623.SZ""},{""close"":""100.41"",""cost_basis"":""10737.11"",""market_value"":""10041.00"",""price_date"":""20260724"",""quantity"":100,""realized_pnl"":""0.00"",""stale_trade_days"":0,""ts_code"":""300661.SZ""},{""close"":""94.6"",""cost_basis"":""11914.12"",""market_value"":""9460.00"",""price_date"":""20260724"",""quantity"":100,""realized_pnl"":""0.00"",""stale_trade_days"":0,""ts_code"":""301611.SZ""},{""close"":""31.57"",""cost_basis"":""14445.14"",""market_value"":""12628.00"",""price_date"":""20260724"",""quantity"":400,""realized_pnl"":""0.00"",""stale_trade_days"":0,""ts_code"":""600460.SH""},{""close"":""8.68"",""cost_basis"":""15813.16"",""market_value"":""13888.00"",""price_date"":""20260724"",""quantity"":1600,""realized_pnl"":""0.00"",""stale_trade_days"":0,""ts_code"":""600707.SH""},{""close"":""44.1"",""cost_basis"":""14402.14"",""market_value"":""13230.00"",""price_date"":""20260724"",""quantity"":300,""realized_pnl"":""0.00"",""stale_trade_days"":0,""ts_code"":""603308.SH""},{""close"":""63.44"",""cost_basis"":""13857.14"",""market_value"":""12688.00"",""price_date"":""20260724"",""quantity"":200,""realized_pnl"":""0.00"",""stale_trade_days"":0,""ts_code"":""603650.SH""},{""close"":""41.81"",""cost_basis"":""16505.17"",""market_value"":""16724.00"",""price_date"":""20260724"",""quantity"":400,""realized_pnl"":""0.00"",""stale_trade_days"":0,""ts_code"":""603699.SH""},{""close"":""41.75"",""cost_basis"":""14930.15"",""market_value"":""12525.00"",""price_date"":""20260724"",""quantity"":300,""realized_pnl"":""0.00"",""stale_trade_days"":0,""ts_code"":""605358.SH""},{""close"":""41.52"",""cost_basis"":""16668.07"",""market_value"":""16691.04"",""price_date"":""20260724"",""quantity"":402,""realized_pnl"":""0.00"",""stale_trade_days"":0,""ts_code"":""688248.SH""},{""close"":""60.4"",""cost_basis"":""16617.01"",""market_value"":""15462.40"",""price_date"":""20260724"",""quantity"":256,""realized_pnl"":""0.00"",""stale_trade_days"":0,""ts_code"":""688396.SH""},{""close"":""7.44"",""cost_basis"":""16667.62"",""market_value"":""16866.48"",""price_date"":""20260724"",""quantity"":2267,""realized_pnl"":""0.00"",""stale_trade_days"":0,""ts_code"":""688469.SH""},{""close"":""36.61"",""cost_basis"":""16649.17"",""market_value"":""13911.80"",""price_date"":""20260724"",""quantity"":380,""realized_pnl"":""0.00"",""stale_trade_days"":0,""ts_code"":""688582.SH""},{""close"":""16.4"",""cost_basis"":""16657.78"",""market_value"":""16285.20"",""price_date"":""20260724"",""quantity"":993,""realized_pnl"":""0.00"",""stale_trade_days"":0,""ts_code"":""688728.SH""}],""trade_date"":""20260724"",""turnover"":""0""}",7cb715af073f1999b199b4cd0375eb5020f4d1f0406c887a58782c6d8baef827,docker-scheduler
e5d053438a75ba244604,6aa9eb3a9e6f8d5b9c6d,2026-07-26T15:56:28.328919+00:00,model_top20,20260717,1,CORPORATE_ACTION,b78cd0185c0c0be6b3ea,a7af3881ad1369731543414f6c2876a3d2544d859d65eb620bff67a40eac28b2,600460.SH,,600,,0.00,,78795.07,600,"{""action_id"":""b78cd0185c0c0be6b3ea"",""amount"":""0.00"",""cash_after"":""78795.07"",""cash_per_share"":""0.08"",""div_listdate"":"""",""event"":""ENTITLEMENT"",""pay_date"":""20260720"",""position_after"":600,""quantity"":600,""record_date"":""20260717"",""stock_per_share"":""0.0"",""ts_code"":""600460.SH""}",2b067748693875e099ff07d578caafbaf1a8b605c41e56de9e2cbc81fc3127fc,docker-top20-backfill
0344ac30aa9d1a123366,6aa9eb3a9e6f8d5b9c6d,2026-07-26T15:56:28.328919+00:00,model_top20,20260717,2,ORDER,028affe9a4ddda8d49de,a7af3881ad1369731543414f6c2876a3d2544d859d65eb620bff67a40eac28b2,688008.SH,BUY,0,,,,,,"{""desired_quantity"":0,""filled_quantity"":0,""order_id"":""028affe9a4ddda8d49de"",""reject_reason"":""BELOW_MIN_LOT"",""requested_quantity"":0,""side"":""BUY"",""status"":""REJECTED"",""target_weight"":""0.05"",""ts_code"":""688008.SH""}",170e62f702a3221b2b319d918e3401eb3d8c72e95a62bfd7e7a86045e090af1d,docker-top20-backfill
0671a9cfb58cb5f5c8db,6aa9eb3a9e6f8d5b9c6d,2026-07-26T15:56:28.328919+00:00,model_top20,20260717,3,ORDER,3458c87b55a88019da07,a7af3881ad1369731543414f6c2876a3d2544d859d65eb620bff67a40eac28b2,300475.SZ,BUY,100,,,,,,"{""desired_quantity"":100,""filled_quantity"":100,""order_id"":""3458c87b55a88019da07"",""reject_reason"":"""",""requested_quantity"":100,""side"":""BUY"",""status"":""FILLED"",""target_weight"":""0.05"",""ts_code"":""300475.SZ""}",688289fcecdca661b890464504bb21dbd599559a949b9190480475815357cc06,docker-top20-backfill
3d0d4b597370707457d6,6aa9eb3a9e6f8d5b9c6d,2026-07-26T15:56:28.328919+00:00,model_top20,20260717,4,FILL,8b8dec62a66850b3afca,a7af3881ad1369731543414f6c2876a3d2544d859d65eb620bff67a40eac28b2,300475.SZ,BUY,100,201.39,20139.00,6.24,479854.76,100,"{""cash_after"":""479854.76"",""commission"":""6.04"",""fill_id"":""8b8dec62a66850b3afca"",""market_batch_id"":""58c827a59bfe"",""notional"":""20139.00"",""open_deviation"":-0.02237864077669903,""order_id"":""3458c87b55a88019da07"",""position_after"":100,""price"":""201.39"",""quantity"":100,""side"":""BUY"",""stamp_tax"":""0.00"",""total_fee"":""6.24"",""transfer_fee"":""0.20"",""ts_code"":""300475.SZ""}",c93943f9e34ceb4053e3638330e202528b6d41f947f280856f954e0b557c5917,docker-top20-backfill
171983f3657edf765c58,6aa9eb3a9e6f8d5b9c6d,2026-07-26T15:56:28.328919+00:00,model_top20,20260717,5,ORDER,d4ba0768378877c5e649,a7af3881ad1369731543414f6c2876a3d2544d859d65eb620bff67a40eac28b2,603308.SH,BUY,500,,,,,,"{""desired_quantity"":500,""filled_quantity"":500,""order_id"":""d4ba0768378877c5e649"",""reject_reason"":"""",""requested_quantity"":500,""side"":""BUY"",""status"":""FILLED"",""target_weight"":""0.05"",""ts_code"":""603308.SH""}",f3f1ab1064d9e2bd8db99af308f7de597f9478dcad4589ae291ce02df27abdbe,docker-top20-backfill
e871495d221d172ec590,6aa9eb3a9e6f8d5b9c6d,2026-07-26T15:56:28.328919+00:00,model_top20,20260717,6,FILL,30449964d6eeb5a454b7,a7af3881ad1369731543414f6c2876a3d2544d859d65eb620bff67a40eac28b2,603308.SH,BUY,500,47.99,23995.00,7.44,455852.32,500,"{""cash_after"":""455852.32"",""commission"":""7.20"",""fill_id"":""30449964d6eeb5a454b7"",""market_batch_id"":""58c827a59bfe"",""notional"":""23995.00"",""open_deviation"":0.010954286918053507,""order_id"":""d4ba0768378877c5e649"",""position_after"":500,""price"":""47.99"",""quantity"":500,""side"":""BUY"",""stamp_tax"":""0.00"",""total_fee"":""7.44"",""transfer_fee"":""0.24"",""ts_code"":""603308.SH""}",b42e0f3039e23658bf092921ea45161463847941df44bc2366251bbe1f32326a,docker-top20-backfill
ec2bd6cfa55ac81f34da,6aa9eb3a9e6f8d5b9c6d,2026-07-26T15:56:28.328919+00:00,model_top20,20260717,7,ORDER,b012bab4064ef4dcfa56,a7af3881ad1369731543414f6c2876a3d2544d859d65eb620bff67a40eac28b2,688396.SH,BUY,385,,,,,,"{""desired_quantity"":385,""filled_quantity"":385,""order_id"":""b012bab4064ef4dcfa56"",""reject_reason"":"""",""requested_quantity"":385,""side"":""BUY"",""status"":""FILLED"",""target_weight"":""0.05"",""ts_code"":""688396.SH""}",b5053a03e54e199eb3b90807f1b070c6820c5058c37cb00af640146f904f2646,docker-top20-backfill
681f527d596f8da3f9fa,6aa9eb3a9e6f8d5b9c6d,2026-07-26T15:56:28.328919+00:00,model_top20,20260717,8,FILL,15a499742e74999411f9,a7af3881ad1369731543414f6c2876a3d2544d859d65eb620bff67a40eac28b2,688396.SH,BUY,385,64.89,24982.65,7.74,430861.93,385,"{""cash_after"":""430861.93"",""commission"":""7.49"",""fill_id"":""15a499742e74999411f9"",""market_batch_id"":""58c827a59bfe"",""notional"":""24982.65"",""open_deviation"":-0.009312977099236642,""order_id"":""b012bab4064ef4dcfa56"",""position_after"":385,""price"":""64.89"",""quantity"":385,""side"":""BUY"",""stamp_tax"":""0.00"",""total_fee"":""7.74"",""transfer_fee"":""0.25"",""ts_code"":""688396.SH""}",0654477a665e681534e0928a20f7542bd4a295efca11ad308c0b29fcab454c51,docker-top20-backfill
2bdb429ad753a465c669,6aa9eb3a9e6f8d5b9c6d,2026-07-26T15:56:28.328919+00:00,model_top20,20260717,9,ORDER,86375aa2215d79a51423,a7af3881ad1369731543414f6c2876a3d2544d859d65eb620bff67a40eac28b2,688582.SH,BUY,570,,,,,,"{""desired_quantity"":570,""filled_quantity"":570,""order_id"":""86375aa2215d79a51423"",""reject_reason"":"""",""requested_quantity"":570,""side"":""BUY"",""status"":""FILLED"",""target_weight"":""0.05"",""ts_code"":""688582.SH""}",21e211ab3a98026b143000eaf43c7b4264028793d1f00fdcd73efcc6adf1c457,docker-top20-backfill
02004e1ef0f4fa81e2d3,6aa9eb3a9e6f8d5b9c6d,2026-07-26T15:56:28.328919+00:00,model_top20,20260717,10,FILL,8ab47e3dd218bc9c6c7c,a7af3881ad1369731543414f6c2876a3d2544d859d65eb620bff67a40eac28b2,688582.SH,BUY,570,43.8,24966.00,7.74,405888.19,570,"{""cash_after"":""405888.19"",""commission"":""7.49"",""fill_id"":""8ab47e3dd218bc9c6c7c"",""market_batch_id"":""58c827a59bfe"",""notional"":""24966.00"",""open_deviation"":0.005509641873278237,""order_id"":""86375aa2215d79a51423"",""position_after"":570,""price"":""43.8"",""quantity"":570,""side"":""BUY"",""stamp_tax"":""0.00"",""total_fee"":""7.74"",""transfer_fee"":""0.25"",""ts_code"":""688582.SH""}",f1513fd050e4a4975da6281cc229d1f8e75a787e8a7d913b353f99f3d02562f8,docker-top20-backfill
7755a07d26cd74596961,6aa9eb3a9e6f8d5b9c6d,2026-07-26T15:56:28.328919+00:00,model_top20,20260717,11,ORDER,815ca2aefdef89070e59,a7af3881ad1369731543414f6c2876a3d2544d859d65eb620bff67a40eac28b2,600460.SH,BUY,600,,,,,,"{""desired_quantity"":600,""filled_quantity"":600,""order_id"":""815ca2aefdef89070e59"",""reject_reason"":"""",""requested_quantity"":600,""side"":""BUY"",""status"":""FILLED"",""target_weight"":""0.05"",""ts_code"":""600460.SH""}",ff51a585fcea587f97a2fc1680e3d3595b42696b1e34edfcaae2e5856ea1aa8b,docker-top20-backfill
a91f78468263e90d3ad9,6aa9eb3a9e6f8d5b9c6d,2026-07-26T15:56:28.328919+00:00,model_top20,20260717,12,FILL,0f35fbae6e6b2ccd068f,a7af3881ad1369731543414f6c2876a3d2544d859d65eb620bff67a40eac28b2,600460.SH,BUY,600,36.1,21660.00,6.72,384221.47,600,"{""cash_after"":""384221.47"",""commission"":""6.50"",""fill_id"":""0f35fbae6e6b2ccd068f"",""market_batch_id"":""58c827a59bfe"",""notional"":""21660.00"",""open_deviation"":-0.0033130866924351186,""order_id"":""815ca2aefdef89070e59"",""position_after"":600,""price"":""36.1"",""quantity"":600,""side"":""BUY"",""stamp_tax"":""0.00"",""total_fee"":""6.72"",""transfer_fee"":""0.22"",""ts_code"":""600460.SH""}",5d1bc4f00d33e57e14994d351c6bb333deadc0763a3f0eba4e1e9c70e0f01f22,docker-top20-backfill
7c7d9555a0bd05795898,6aa9eb3a9e6f8d5b9c6d,2026-07-26T15:56:28.328919+00:00,model_top20,20260717,13,ORDER,37ec029737578066e088,a7af3881ad1369731543414f6c2876a3d2544d859d65eb620bff67a40eac28b2,600707.SH,BUY,2500,,,,,,"{""desired_quantity"":2500,""filled_quantity"":2500,""order_id"":""37ec029737578066e088"",""reject_reason"":"""",""requested_quantity"":2500,""side"":""BUY"",""status"":""FILLED"",""target_weight"":""0.05"",""ts_code"":""600707.SH""}",c59dcf5bc0110d2fb24ef72773b5590794a82ba4c8de1ad66a3f6c73764952f3,docker-top20-backfill
a959638f389d61e07c43,6aa9eb3a9e6f8d5b9c6d,2026-07-26T15:56:28.328919+00:00,model_top20,20260717,14,FILL,a199e380e2c3bc02c7c9,a7af3881ad1369731543414f6c2876a3d2544d859d65eb620bff67a40eac28b2,600707.SH,BUY,2500,9.88,24700.00,7.66,359513.81,2500,"{""cash_after"":""359513.81"",""commission"":""7.41"",""fill_id"":""a199e380e2c3bc02c7c9"",""market_batch_id"":""58c827a59bfe"",""notional"":""24700.00"",""open_deviation"":-0.01002004008016032,""order_id"":""37ec029737578066e088"",""position_after"":2500,""price"":""9.88"",""quantity"":2500,""side"":""BUY"",""stamp_tax"":""0.00"",""total_fee"":""7.66"",""transfer_fee"":""0.25"",""ts_code"":""600707.SH""}",9753057b4027e2da5b8db662868b752528fa5acfce2a5ab548228c1f41ceaf66,docker-top20-backfill
c61db1dd7605b0e35b2a,6aa9eb3a9e6f8d5b9c6d,2026-07-26T15:56:28.328919+00:00,model_top20,20260717,15,ORDER,deadefcaed133cbfb00e,a7af3881ad1369731543414f6c2876a3d2544d859d65eb620bff67a40eac28b2,603699.SH,BUY,600,,,,,,"{""desired_quantity"":600,""filled_quantity"":600,""order_id"":""deadefcaed133cbfb00e"",""reject_reason"":"""",""requested_quantity"":600,""side"":""BUY"",""status"":""FILLED"",""target_weight"":""0.05"",""ts_code"":""603699.SH""}",83f39a3ee6ab5ad241b97e54c8f5e7d7c5821d81ce1a17bf390960e19eab9390,docker-top20-backfill
44e92a2fd2d91a3dcab5,6aa9eb3a9e6f8d5b9c6d,2026-07-26T15:56:28.328919+00:00,model_top20,20260717,16,FILL,15d2bd8cff2375af5f52,a7af3881ad1369731543414f6c2876a3d2544d859d65eb620bff67a40eac28b2,603699.SH,BUY,600,41.25,24750.00,7.68,334756.13,600,"{""cash_after"":""334756.13"",""commission"":""7.43"",""fill_id"":""15d2bd8cff2375af5f52"",""market_batch_id"":""58c827a59bfe"",""notional"":""24750.00"",""open_deviation"":0.000970638194612958,""order_id"":""deadefcaed133cbfb00e"",""position_after"":600,""price"":""41.25"",""quantity"":600,""side"":""BUY"",""stamp_tax"":""0.00"",""total_fee"":""7.68"",""transfer_fee"":""0.25"",""ts_code"":""603699.SH""}",0daae41c63ff29413810166f44e2fb76fb825d07228f708ee8674a5945ce2c27,docker-top20-backfill
34be8ec83ab71b94a0a9,6aa9eb3a9e6f8d5b9c6d,2026-07-26T15:56:28.328919+00:00,model_top20,20260717,17,ORDER,445b159786d35cb85171,a7af3881ad1369731543414f6c2876a3d2544d859d65eb620bff67a40eac28b2,605358.SH,BUY,500,,,,,,"{""desired_quantity"":500,""filled_quantity"":500,""order_id"":""445b159786d35cb85171"",""reject_reason"":"""",""requested_quantity"":500,""side"":""BUY"",""status"":""FILLED"",""target_weight"":""0.05"",""ts_code"":""605358.SH""}",e19331658eba53a792e0baaad4e6042c2c04a3d94872a867415e291587a1d6f1,docker-top20-backfill
7c7af92253bde57fbf62,6aa9eb3a9e6f8d5b9c6d,2026-07-26T15:56:28.328919+00:00,model_top20,20260717,18,FILL,a491b32ce38595b5c620,a7af3881ad1369731543414f6c2876a3d2544d859d65eb620bff67a40eac28b2,605358.SH,BUY,500,49.75,24875.00,7.71,309873.42,500,"{""cash_after"":""309873.42"",""commission"":""7.46"",""fill_id"":""a491b32ce38595b5c620"",""market_batch_id"":""58c827a59bfe"",""notional"":""24875.00"",""open_deviation"":0.017798690671031098,""order_id"":""445b159786d35cb85171"",""position_after"":500,""price"":""49.75"",""quantity"":500,""side"":""BUY"",""stamp_tax"":""0.00"",""total_fee"":""7.71"",""transfer_fee"":""0.25"",""ts_code"":""605358.SH""}",a90800e80b385d1c3822848461204798ddc29741acdd3e592931ec2f00bdc8fd,docker-top20-backfill
95e83e1f1f366ba3ab29,6aa9eb3a9e6f8d5b9c6d,2026-07-26T15:56:28.328919+00:00,model_top20,20260717,19,ORDER,27bd02413b50683b652f,a7af3881ad1369731543414f6c2876a3d2544d859d65eb620bff67a40eac28b2,688234.SH,BUY,207,,,,,,"{""desired_quantity"":207,""filled_quantity"":207,""order_id"":""27bd02413b50683b652f"",""reject_reason"":"""",""requested_quantity"":207,""side"":""BUY"",""status"":""FILLED"",""target_weight"":""0.05"",""ts_code"":""688234.SH""}",15ebd5fa47ad5bb2a536bf92e211c382923d9d5372425c8a21ed2dbf91fa8467,docker-top20-backfill
ed80b7622b0203bfa179,6aa9eb3a9e6f8d5b9c6d,2026-07-26T15:56:28.328919+00:00,model_top20,20260717,20,FILL,37901bffab089c8b915a,a7af3881ad1369731543414f6c2876a3d2544d859d65eb620bff67a40eac28b2,688234.SH,BUY,207,120.2,24881.40,7.71,284984.31,207,"{""cash_after"":""284984.31"",""commission"":""7.46"",""fill_id"":""37901bffab089c8b915a"",""market_batch_id"":""58c827a59bfe"",""notional"":""24881.40"",""open_deviation"":-0.00033266799733865603,""order_id"":""27bd02413b50683b652f"",""position_after"":207,""price"":""120.2"",""quantity"":207,""side"":""BUY"",""stamp_tax"":""0.00"",""total_fee"":""7.71"",""transfer_fee"":""0.25"",""ts_code"":""688234.SH""}",844b5892542bd7034eccd4dbd7cac8c21c5de00ec5fe01614b5a5258ae37ad40,docker-top20-backfill
6a8cca4bd2d02048dddc,6aa9eb3a9e6f8d5b9c6d,2026-07-26T15:56:28.328919+00:00,model_top20,20260717,21,ORDER,f5ad86b7b2a732fb234a,a7af3881ad1369731543414f6c2876a3d2544d859d65eb620bff67a40eac28b2,688469.SH,BUY,3401,,,,,,"{""desired_quantity"":3401,""filled_quantity"":3401,""order_id"":""f5ad86b7b2a732fb234a"",""reject_reason"":"""",""requested_quantity"":3401,""side"":""BUY"",""status"":""FILLED"",""target_weight"":""0.05"",""ts_code"":""688469.SH""}",d7ba3d4a7e87c94fef382f80ca111e637a60ccd082acbc55231fa951871e52c1,docker-top20-backfill
55325c7bd5502c5fd292,6aa9eb3a9e6f8d5b9c6d,2026-07-26T15:56:28.328919+00:00,model_top20,20260717,22,FILL,65bddd83dceafbe25d3e,a7af3881ad1369731543414f6c2876a3d2544d859d65eb620bff67a40eac28b2,688469.SH,BUY,3401,7.35,24997.35,7.75,259979.21,3401,"{""cash_after"":""259979.21"",""commission"":""7.50"",""fill_id"":""65bddd83dceafbe25d3e"",""market_batch_id"":""58c827a59bfe"",""notional"":""24997.35"",""open_deviation"":-0.009433962264150943,""order_id"":""f5ad86b7b2a732fb234a"",""position_after"":3401,""price"":""7.35"",""quantity"":3401,""side"":""BUY"",""stamp_tax"":""0.00"",""total_fee"":""7.75"",""transfer_fee"":""0.25"",""ts_code"":""688469.SH""}",38f44b647fa84a1b45c4f668995814d7d75ce6fe3b8e6a08c891707a507323c2,docker-top20-backfill
618594692149122cbf18,6aa9eb3a9e6f8d5b9c6d,2026-07-26T15:56:28.328919+00:00,model_top20,20260717,23,ORDER,377582405bfec12e3414,a7af3881ad1369731543414f6c2876a3d2544d859d65eb620bff67a40eac28b2,688521.SH,BUY,0,,,,,,"{""desired_quantity"":0,""filled_quantity"":0,""order_id"":""377582405bfec12e3414"",""reject_reason"":""BELOW_MIN_LOT"",""requested_quantity"":0,""side"":""BUY"",""status"":""REJECTED"",""target_weight"":""0.05"",""ts_code"":""688521.SH""}",790df6e7f87ced1503414e28201a0c6f4ae0127d6101aa48a3521ed7da829ac3,docker-top20-backfill
798afc3c42fc5dad225c,6aa9eb3a9e6f8d5b9c6d,2026-07-26T15:56:28.328919+00:00,model_top20,20260717,24,ORDER,2d831750db2d21b6d08c,a7af3881ad1369731543414f6c2876a3d2544d859d65eb620bff67a40eac28b2,000032.SZ,BUY,1400,,,,,,"{""desired_quantity"":1400,""filled_quantity"":1400,""order_id"":""2d831750db2d21b6d08c"",""reject_reason"":"""",""requested_quantity"":1400,""side"":""BUY"",""status"":""FILLED"",""target_weight"":""0.05"",""ts_code"":""000032.SZ""}",e366b4fabdbda37994567a470ee91817ab8193abe62792e14093039c521f86a6,docker-top20-backfill
6391398a25282568451d,6aa9eb3a9e6f8d5b9c6d,2026-07-26T15:56:28.328919+00:00,model_top20,20260717,25,FILL,ada71f6fe873de227f5a,a7af3881ad1369731543414f6c2876a3d2544d859d65eb620bff67a40eac28b2,000032.SZ,BUY,1400,17.27,24178.00,7.49,235793.72,1400,"{""cash_after"":""235793.72"",""commission"":""7.25"",""fill_id"":""ada71f6fe873de227f5a"",""market_batch_id"":""58c827a59bfe"",""notional"":""24178.00"",""open_deviation"":0.004069767441860465,""order_id"":""2d831750db2d21b6d08c"",""position_after"":1400,""price"":""17.27"",""quantity"":1400,""side"":""BUY"",""stamp_tax"":""0.00"",""total_fee"":""7.49"",""transfer_fee"":""0.24"",""ts_code"":""000032.SZ""}",e7bdc3d24eabefcd6092047aaa78f0d2acdbe538cd17b9e73de5ad44e6f97f80,docker-top20-backfill
0fad337c8c381f64e50d,6aa9eb3a9e6f8d5b9c6d,2026-07-26T15:56:28.328919+00:00,model_top20,20260717,26,ORDER,2574d0917633401b45ae,a7af3881ad1369731543414f6c2876a3d2544d859d65eb620bff67a40eac28b2,002008.SZ,BUY,200,,,,,,"{""desired_quantity"":200,""filled_quantity"":200,""order_id"":""2574d0917633401b45ae"",""reject_reason"":"""",""requested_quantity"":200,""side"":""BUY"",""status"":""FILLED"",""target_weight"":""0.05"",""ts_code"":""002008.SZ""}",f850a13eb4b35a160fd80c5d60426178657b3425805ac732317a4bda9204c94f,docker-top20-backfill
15e7d61179b29079ed84,6aa9eb3a9e6f8d5b9c6d,2026-07-26T15:56:28.328919+00:00,model_top20,20260717,27,FILL,3aa11a13299482152a23,a7af3881ad1369731543414f6c2876a3d2544d859d65eb620bff67a40eac28b2,002008.SZ,BUY,200,107.5,21500.00,6.67,214287.05,200,"{""cash_after"":""214287.05"",""commission"":""6.45"",""fill_id"":""3aa11a13299482152a23"",""market_batch_id"":""58c827a59bfe"",""notional"":""21500.00"",""open_deviation"":-0.005550416281221091,""order_id"":""2574d0917633401b45ae"",""position_after"":200,""price"":""107.5"",""quantity"":200,""side"":""BUY"",""stamp_tax"":""0.00"",""total_fee"":""6.67"",""transfer_fee"":""0.22"",""ts_code"":""002008.SZ""}",b1e36a987101d983c5bbe389a7c2745466eb1b6d4036aa4bb505c53d408953ab,docker-top20-backfill
40bfa4d4bd1e021fb7f5,6aa9eb3a9e6f8d5b9c6d,2026-07-26T15:56:28.328919+00:00,model_top20,20260717,28,ORDER,c00956803393748a91bd,a7af3881ad1369731543414f6c2876a3d2544d859d65eb620bff67a40eac28b2,002138.SZ,BUY,500,,,,,,"{""desired_quantity"":500,""filled_quantity"":500,""order_id"":""c00956803393748a91bd"",""reject_reason"":"""",""requested_quantity"":500,""side"":""BUY"",""status"":""FILLED"",""target_weight"":""0.05"",""ts_code"":""002138.SZ""}",739c719ad5fd15cf91644f5363e1fd211b96eb47a45e4061abce1790fc46002c,docker-top20-backfill
bf0e9da7e83c4e2a6f6b,6aa9eb3a9e6f8d5b9c6d,2026-07-26T15:56:28.328919+00:00,model_top20,20260717,29,FILL,abdbe00882910e559f51,a7af3881ad1369731543414f6c2876a3d2544d859d65eb620bff67a40eac28b2,002138.SZ,BUY,500,44.88,22440.00,6.95,191840.10,500,"{""cash_after"":""191840.10"",""commission"":""6.73"",""fill_id"":""abdbe00882910e559f51"",""market_batch_id"":""58c827a59bfe"",""notional"":""22440.00"",""open_deviation"":0.00022286605749944285,""order_id"":""c00956803393748a91bd"",""position_after"":500,""price"":""44.88"",""quantity"":500,""side"":""BUY"",""stamp_tax"":""0.00"",""total_fee"":""6.95"",""transfer_fee"":""0.22"",""ts_code"":""002138.SZ""}",7a840d4b2bfdbc4ea429fa9352bf226f62f1b08bf593051f6cad7668c9ed0bcd,docker-top20-backfill
3b8d569678e2c612cf55,6aa9eb3a9e6f8d5b9c6d,2026-07-26T15:56:28.328919+00:00,model_top20,20260717,30,ORDER,5a373c14efdcb2fdc8e8,a7af3881ad1369731543414f6c2876a3d2544d859d65eb620bff67a40eac28b2,002407.SZ,BUY,700,,,,,,"{""desired_quantity"":700,""filled_quantity"":700,""order_id"":""5a373c14efdcb2fdc8e8"",""reject_reason"":"""",""requested_quantity"":700,""side"":""BUY"",""status"":""FILLED"",""target_weight"":""0.05"",""ts_code"":""002407.SZ""}",c40b2236844821b4bb286a0b8be35728c6dd1a3f5e5bfabdcb896ceb1d5e8d59,docker-top20-backfill
75c1c958ff2b27360de1,6aa9eb3a9e6f8d5b9c6d,2026-07-26T15:56:28.328919+00:00,model_top20,20260717,31,FILL,6a3a2fc59a37fd2bbacd,a7af3881ad1369731543414f6c2876a3d2544d859d65eb620bff67a40eac28b2,002407.SZ,BUY,700,31.9,22330.00,6.92,169503.18,700,"{""cash_after"":""169503.18"",""commission"":""6.70"",""fill_id"":""6a3a2fc59a37fd2bbacd"",""market_batch_id"":""58c827a59bfe"",""notional"":""22330.00"",""open_deviation"":-0.0006265664160401002,""order_id"":""5a373c14efdcb2fdc8e8"",""position_after"":700,""price"":""31.9"",""quantity"":700,""side"":""BUY"",""stamp_tax"":""0.00"",""total_fee"":""6.92"",""transfer_fee"":""0.22"",""ts_code"":""002407.SZ""}",d85939eac3af34f35ef0ff4f96e92fe647f816e40a6624d1e702e4947a445482,docker-top20-backfill
bb48b859313381e41a5f,6aa9eb3a9e6f8d5b9c6d,2026-07-26T15:56:28.328919+00:00,model_top20,20260717,32,ORDER,2afe381a8581bafbe343,a7af3881ad1369731543414f6c2876a3d2544d859d65eb620bff67a40eac28b2,300054.SZ,BUY,300,,,,,,"{""desired_quantity"":300,""filled_quantity"":300,""order_id"":""2afe381a8581bafbe343"",""reject_reason"":"""",""requested_quantity"":300,""side"":""BUY"",""status"":""FILLED"",""target_weight"":""0.05"",""ts_code"":""300054.SZ""}",332f2e5aa7fc5fd23e03d25f89eb6aa30eab0efb52147ef532e5b0d8f2456975,docker-top20-backfill
5c38c697bad2c6fd06ca,6aa9eb3a9e6f8d5b9c6d,2026-07-26T15:56:28.328919+00:00,model_top20,20260717,33,FILL,8b9146613b8f49e3b41a,a7af3881ad1369731543414f6c2876a3d2544d859d65eb620bff67a40eac28b2,300054.SZ,BUY,300,72.88,21864.00,6.78,147632.40,300,"{""cash_after"":""147632.40"",""commission"":""6.56"",""fill_id"":""8b9146613b8f49e3b41a"",""market_batch_id"":""58c827a59bfe"",""notional"":""21864.00"",""open_deviation"":0.005241379310344828,""order_id"":""2afe381a8581bafbe343"",""position_after"":300,""price"":""72.88"",""quantity"":300,""side"":""BUY"",""stamp_tax"":""0.00"",""total_fee"":""6.78"",""transfer_fee"":""0.22"",""ts_code"":""300054.SZ""}",878b3c7f62fbc6158b86dab988c285bf0fb2ff25b16f76af18a9ca92a31ff17f,docker-top20-backfill
ccd2420831f24a38f76d,6aa9eb3a9e6f8d5b9c6d,2026-07-26T15:56:28.328919+00:00,model_top20,20260717,34,ORDER,96316afb1bcbfe0292df,a7af3881ad1369731543414f6c2876a3d2544d859d65eb620bff67a40eac28b2,300136.SZ,BUY,300,,,,,,"{""desired_quantity"":300,""filled_quantity"":300,""order_id"":""96316afb1bcbfe0292df"",""reject_reason"":"""",""requested_quantity"":300,""side"":""BUY"",""status"":""FILLED"",""target_weight"":""0.05"",""ts_code"":""300136.SZ""}",1ac8476f376eafd973a6a7ff953e2dbff6e89c2bf189789b0351a53844691a9f,docker-top20-backfill
9adb70884de3d8378bed,6aa9eb3a9e6f8d5b9c6d,2026-07-26T15:56:28.328919+00:00,model_top20,20260717,35,FILL,cc72b351994634f4e62e,a7af3881ad1369731543414f6c2876a3d2544d859d65eb620bff67a40eac28b2,300136.SZ,BUY,300,77.56,23268.00,7.21,124357.19,300,"{""cash_after"":""124357.19"",""commission"":""6.98"",""fill_id"":""cc72b351994634f4e62e"",""market_batch_id"":""58c827a59bfe"",""notional"":""23268.00"",""open_deviation"":-0.018848829854522454,""order_id"":""96316afb1bcbfe0292df"",""position_after"":300,""price"":""77.56"",""quantity"":300,""side"":""BUY"",""stamp_tax"":""0.00"",""total_fee"":""7.21"",""transfer_fee"":""0.23"",""ts_code"":""300136.SZ""}",4df97ce4f2f3672e29e32538508afb105d93361cf38c29cad5bdc092c6f209b3,docker-top20-backfill
b642dee3b157e6573370,6aa9eb3a9e6f8d5b9c6d,2026-07-26T15:56:28.328919+00:00,model_top20,20260717,36,ORDER,1f5ad22ff20169446e3a,a7af3881ad1369731543414f6c2876a3d2544d859d65eb620bff67a40eac28b2,300346.SZ,BUY,400,,,,,,"{""desired_quantity"":400,""filled_quantity"":400,""order_id"":""1f5ad22ff20169446e3a"",""reject_reason"":"""",""requested_quantity"":400,""side"":""BUY"",""status"":""FILLED"",""target_weight"":""0.05"",""ts_code"":""300346.SZ""}",87e9ff720f07e2ce99ad989d3f91727b165a3c7287248270f3d9404afe5fcdff,docker-top20-backfill
a2abdf31e6e8cc16617d,6aa9eb3a9e6f8d5b9c6d,2026-07-26T15:56:28.328919+00:00,model_top20,20260717,37,FILL,67d15cb1d293b27cc8d9,a7af3881ad1369731543414f6c2876a3d2544d859d65eb620bff67a40eac28b2,300346.SZ,BUY,400,62.37,24948.00,7.73,99401.46,400,"{""cash_after"":""99401.46"",""commission"":""7.48"",""fill_id"":""67d15cb1d293b27cc8d9"",""market_batch_id"":""58c827a59bfe"",""notional"":""24948.00"",""open_deviation"":0.015798045602605865,""order_id"":""1f5ad22ff20169446e3a"",""position_after"":400,""price"":""62.37"",""quantity"":400,""side"":""BUY"",""stamp_tax"":""0.00"",""total_fee"":""7.73"",""transfer_fee"":""0.25"",""ts_code"":""300346.SZ""}",be88f13859884143ba673ec35113c8665594bc1639e9f076e5f31d50e4fcf8a9,docker-top20-backfill
9af30d1a33cafa6f5913,6aa9eb3a9e6f8d5b9c6d,2026-07-26T15:56:28.328919+00:00,model_top20,20260717,38,ORDER,f600dc2231a2d7e4445c,a7af3881ad1369731543414f6c2876a3d2544d859d65eb620bff67a40eac28b2,300373.SZ,BUY,200,,,,,,"{""desired_quantity"":200,""filled_quantity"":200,""order_id"":""f600dc2231a2d7e4445c"",""reject_reason"":"""",""requested_quantity"":200,""side"":""BUY"",""status"":""FILLED"",""target_weight"":""0.05"",""ts_code"":""300373.SZ""}",d261d090a19f5e3a66762855792f42676995a1719b777707ce8b3ee8b44c3425,docker-top20-backfill
d13909c22cd6181225f0,6aa9eb3a9e6f8d5b9c6d,2026-07-26T15:56:28.328919+00:00,model_top20,20260717,39,FILL,f1780ef7cd9683d57b0d,a7af3881ad1369731543414f6c2876a3d2544d859d65eb620bff67a40eac28b2,300373.SZ,BUY,200,103.0,20600.00,6.39,78795.07,200,"{""cash_after"":""78795.07"",""commission"":""6.18"",""fill_id"":""f1780ef7cd9683d57b0d"",""market_batch_id"":""58c827a59bfe"",""notional"":""20600.00"",""open_deviation"":0.012782694198623401,""order_id"":""f600dc2231a2d7e4445c"",""position_after"":200,""price"":""103.0"",""quantity"":200,""side"":""BUY"",""stamp_tax"":""0.00"",""total_fee"":""6.39"",""transfer_fee"":""0.21"",""ts_code"":""300373.SZ""}",a846fa58df68a3918ce6c1b9b4c9f183be2ec2bc278307162aae40d1f9db4668,docker-top20-backfill
c8a26d984f6edca6f2fb,6aa9eb3a9e6f8d5b9c6d,2026-07-26T15:56:28.328919+00:00,model_top20,20260717,40,POSITION,20260717:000032.SZ,a7af3881ad1369731543414f6c2876a3d2544d859d65eb620bff67a40eac28b2,000032.SZ,,1400,,,,,1400,"{""close"":""15.48"",""cost_basis"":""24185.49"",""market_value"":""21672.00"",""price_date"":""20260717"",""quantity"":1400,""realized_pnl"":""0.00"",""stale_trade_days"":0,""ts_code"":""000032.SZ""}",e993d91d8f93f65524f19c64346b4be0f880a36aa535b462bcfa4638cc7fe448,docker-top20-backfill
a4d775f4def40f5082c7,6aa9eb3a9e6f8d5b9c6d,2026-07-26T15:56:28.328919+00:00,model_top20,20260717,41,POSITION,20260717:002008.SZ,a7af3881ad1369731543414f6c2876a3d2544d859d65eb620bff67a40eac28b2,002008.SZ,,200,,,,,200,"{""close"":""101.91"",""cost_basis"":""21506.67"",""market_value"":""20382.00"",""price_date"":""20260717"",""quantity"":200,""realized_pnl"":""0.00"",""stale_trade_days"":0,""ts_code"":""002008.SZ""}",136fb4851f42a51221dfcf0867e3b4c35943cb025eab48173089f280491742a1,docker-top20-backfill
136941798a7e47d4e6a8,6aa9eb3a9e6f8d5b9c6d,2026-07-26T15:56:28.328919+00:00,model_top20,20260717,42,POSITION,20260717:002138.SZ,a7af3881ad1369731543414f6c2876a3d2544d859d65eb620bff67a40eac28b2,002138.SZ,,500,,,,,500,"{""close"":""42.31"",""cost_basis"":""22446.95"",""market_value"":""21155.00"",""price_date"":""20260717"",""quantity"":500,""realized_pnl"":""0.00"",""stale_trade_days"":0,""ts_code"":""002138.SZ""}",08a3f59d41f65acb7fdf5f583465f044ffe4d2e69272b9e97dab3fcdc4eb4315,docker-top20-backfill
2a497a82cef3e245c081,6aa9eb3a9e6f8d5b9c6d,2026-07-26T15:56:28.328919+00:00,model_top20,20260717,43,POSITION,20260717:002407.SZ,a7af3881ad1369731543414f6c2876a3d2544d859d65eb620bff67a40eac28b2,002407.SZ,,700,,,,,700,"{""close"":""31.24"",""cost_basis"":""22336.92"",""market_value"":""21868.00"",""price_date"":""20260717"",""quantity"":700,""realized_pnl"":""0.00"",""stale_trade_days"":0,""ts_code"":""002407.SZ""}",cfd9e3da04f51d31df036ec5be4ef9622528e17b266214e3ac035035abf6f189,docker-top20-backfill
57b69410327d58c4c647,6aa9eb3a9e6f8d5b9c6d,2026-07-26T15:56:28.328919+00:00,model_top20,20260717,44,POSITION,20260717:300054.SZ,a7af3881ad1369731543414f6c2876a3d2544d859d65eb620bff67a40eac28b2,300054.SZ,,300,,,,,300,"{""close"":""69.41"",""cost_basis"":""21870.78"",""market_value"":""20823.00"",""price_date"":""20260717"",""quantity"":300,""realized_pnl"":""0.00"",""stale_trade_days"":0,""ts_code"":""300054.SZ""}",6d7487cc33470cd4398654d0b94213d5e5a68d877ebe04176993d9875739ea01,docker-top20-backfill
ecaf3b60a401e35294c5,6aa9eb3a9e6f8d5b9c6d,2026-07-26T15:56:28.328919+00:00,model_top20,20260717,45,POSITION,20260717:300136.SZ,a7af3881ad1369731543414f6c2876a3d2544d859d65eb620bff67a40eac28b2,300136.SZ,,300,,,,,300,"{""close"":""69.51"",""cost_basis"":""23275.21"",""market_value"":""20853.00"",""price_date"":""20260717"",""quantity"":300,""realized_pnl"":""0.00"",""stale_trade_days"":0,""ts_code"":""300136.SZ""}",1ffa0d7ca2a03190a6a57a65c27f89ec52d50548fe706e194625a270115c4be6,docker-top20-backfill
cf8f450bfcae3514e9ac,6aa9eb3a9e6f8d5b9c6d,2026-07-26T15:56:28.328919+00:00,model_top20,20260717,46,POSITION,20260717:300346.SZ,a7af3881ad1369731543414f6c2876a3d2544d859d65eb620bff67a40eac28b2,300346.SZ,,400,,,,,400,"{""close"":""57.39"",""cost_basis"":""24955.73"",""market_value"":""22956.00"",""price_date"":""20260717"",""quantity"":400,""realized_pnl"":""0.00"",""stale_trade_days"":0,""ts_code"":""300346.SZ""}",c2e120b382d57110516295f76cefe599e2d07b9c1e98e91589c9cb0c83c7585f,docker-top20-backfill
ce10d6f8c98eb03d96e3,6aa9eb3a9e6f8d5b9c6d,2026-07-26T15:56:28.328919+00:00,model_top20,20260717,47,POSITION,20260717:300373.SZ,a7af3881ad1369731543414f6c2876a3d2544d859d65eb620bff67a40eac28b2,300373.SZ,,200,,,,,200,"{""close"":""93.07"",""cost_basis"":""20606.39"",""market_value"":""18614.00"",""price_date"":""20260717"",""quantity"":200,""realized_pnl"":""0.00"",""stale_trade_days"":0,""ts_code"":""300373.SZ""}",1f502bf7d7309bfcfbdac0a68b2e7e40f7a4014d4001a71ed5a930fc00f27a9b,docker-top20-backfill
9214cd627a0e5044a3ea,6aa9eb3a9e6f8d5b9c6d,2026-07-26T15:56:28.328919+00:00,model_top20,20260717,48,POSITION,20260717:300475.SZ,a7af3881ad1369731543414f6c2876a3d2544d859d65eb620bff67a40eac28b2,300475.SZ,,100,,,,,100,"{""close"":""174.1"",""cost_basis"":""20145.24"",""market_value"":""17410.00"",""price_date"":""20260717"",""quantity"":100,""realized_pnl"":""0.00"",""stale_trade_days"":0,""ts_code"":""300475.SZ""}",3137f71724943e8b6baeeeb986431d25af0c084b713733b75291488adaecfc04,docker-top20-backfill
92cbff94d45f819b3807,6aa9eb3a9e6f8d5b9c6d,2026-07-26T15:56:28.328919+00:00,model_top20,20260717,49,POSITION,20260717:600460.SH,a7af3881ad1369731543414f6c2876a3d2544d859d65eb620bff67a40eac28b2,600460.SH,,600,,,,,600,"{""close"":""33.19"",""cost_basis"":""21666.72"",""market_value"":""19914.00"",""price_date"":""20260717"",""quantity"":600,""realized_pnl"":""0.00"",""stale_trade_days"":0,""ts_code"":""600460.SH""}",549f2936e3661cf8b087250959127c86cd809688a00c9418e4ae225dc5d8f8fc,docker-top20-backfill
78ca6b1817cdb0a7bd4a,6aa9eb3a9e6f8d5b9c6d,2026-07-26T15:56:28.328919+00:00,model_top20,20260717,50,POSITION,20260717:600707.SH,a7af3881ad1369731543414f6c2876a3d2544d859d65eb620bff67a40eac28b2,600707.SH,,2500,,,,,2500,"{""close"":""9.5"",""cost_basis"":""24707.66"",""market_value"":""23750.00"",""price_date"":""20260717"",""quantity"":2500,""realized_pnl"":""0.00"",""stale_trade_days"":0,""ts_code"":""600707.SH""}",81aafde576a070f8baef6f106c6fc63ca1de59983c8e91b0468ec57fc55a4e32,docker-top20-backfill
a399a2f1f811fc28d80e,6aa9eb3a9e6f8d5b9c6d,2026-07-26T15:56:28.328919+00:00,model_top20,20260717,51,POSITION,20260717:603308.SH,a7af3881ad1369731543414f6c2876a3d2544d859d65eb620bff67a40eac28b2,603308.SH,,500,,,,,500,"{""close"":""44.34"",""cost_basis"":""24002.44"",""market_value"":""22170.00"",""price_date"":""20260717"",""quantity"":500,""realized_pnl"":""0.00"",""stale_trade_days"":0,""ts_code"":""603308.SH""}",bac4a8d86ca8425497da1d7b0bf24036550227b93aab40717eb6034672709b71,docker-top20-backfill
09e3baeccad30cea0df2,6aa9eb3a9e6f8d5b9c6d,2026-07-26T15:56:28.328919+00:00,model_top20,20260717,52,POSITION,20260717:603699.SH,a7af3881ad1369731543414f6c2876a3d2544d859d65eb620bff67a40eac28b2,603699.SH,,600,,,,,600,"{""close"":""39.33"",""cost_basis"":""24757.68"",""market_value"":""23598.00"",""price_date"":""20260717"",""quantity"":600,""realized_pnl"":""0.00"",""stale_trade_days"":0,""ts_code"":""603699.SH""}",469e16c037179cfdd0e697dc70cba70878bcfe754ec7ea5720af040859511741,docker-top20-backfill
e506472db3989a3ff5db,6aa9eb3a9e6f8d5b9c6d,2026-07-26T15:56:28.328919+00:00,model_top20,20260717,53,POSITION,20260717:605358.SH,a7af3881ad1369731543414f6c2876a3d2544d859d65eb620bff67a40eac28b2,605358.SH,,500,,,,,500,"{""close"":""45.5"",""cost_basis"":""24882.71"",""market_value"":""22750.00"",""price_date"":""20260717"",""quantity"":500,""realized_pnl"":""0.00"",""stale_trade_days"":0,""ts_code"":""605358.SH""}",9a7f4cef0aa181e1a5efbb6ab39f549f2a4f14b77ba6574ea6139bd1c80a87be,docker-top20-backfill
84eea804897a26c9fe2d,6aa9eb3a9e6f8d5b9c6d,2026-07-26T15:56:28.328919+00:00,model_top20,20260717,54,POSITION,20260717:688234.SH,a7af3881ad1369731543414f6c2876a3d2544d859d65eb620bff67a40eac28b2,688234.SH,,207,,,,,207,"{""close"":""104.5"",""cost_basis"":""24889.11"",""market_value"":""21631.50"",""price_date"":""20260717"",""quantity"":207,""realized_pnl"":""0.00"",""stale_trade_days"":0,""ts_code"":""688234.SH""}",b2728babed972ce382dffcc69301e895b000baeef9f31ed26d10105fc3836b62,docker-top20-backfill
7a451426a532b26086d0,6aa9eb3a9e6f8d5b9c6d,2026-07-26T15:56:28.328919+00:00,model_top20,20260717,55,POSITION,20260717:688396.SH,a7af3881ad1369731543414f6c2876a3d2544d859d65eb620bff67a40eac28b2,688396.SH,,385,,,,,385,"{""close"":""62.01"",""cost_basis"":""24990.39"",""market_value"":""23873.85"",""price_date"":""20260717"",""quantity"":385,""realized_pnl"":""0.00"",""stale_trade_days"":0,""ts_code"":""688396.SH""}",7ed35e788d3e31e788a6081c4d1aa0c6680a2a108cad0f14d10e2bb4674637fe,docker-top20-backfill
3de7755629fda4a04e32,6aa9eb3a9e6f8d5b9c6d,2026-07-26T15:56:28.328919+00:00,model_top20,20260717,56,POSITION,20260717:688469.SH,a7af3881ad1369731543414f6c2876a3d2544d859d65eb620bff67a40eac28b2,688469.SH,,3401,,,,,3401,"{""close"":""6.93"",""cost_basis"":""25005.10"",""market_value"":""23568.93"",""price_date"":""20260717"",""quantity"":3401,""realized_pnl"":""0.00"",""stale_trade_days"":0,""ts_code"":""688469.SH""}",dda838a401dc622986a96d24dcaed8b4444311e4667c4a057a0b1ee8578b560d,docker-top20-backfill
1210456c22f7861144d1,6aa9eb3a9e6f8d5b9c6d,2026-07-26T15:56:28.328919+00:00,model_top20,20260717,57,POSITION,20260717:688582.SH,a7af3881ad1369731543414f6c2876a3d2544d859d65eb620bff67a40eac28b2,688582.SH,,570,,,,,570,"{""close"":""38.61"",""cost_basis"":""24973.74"",""market_value"":""22007.70"",""price_date"":""20260717"",""quantity"":570,""realized_pnl"":""0.00"",""stale_trade_days"":0,""ts_code"":""688582.SH""}",13a6c78fd29ad5c9304e308c98c52867cb1633d99fb8444f4fe74e179b0c5544,docker-top20-backfill
793d0fd20853739a75ba,6aa9eb3a9e6f8d5b9c6d,2026-07-26T15:56:28.328919+00:00,model_top20,20260717,58,CASH,20260717,a7af3881ad1369731543414f6c2876a3d2544d859d65eb620bff67a40eac28b2,,,,,,,78795.07,,"{""cash"":""78795.07""}",ad2531d93dffa2791a811987f8ceccdc665975fb0ca45bb985e0a884c36f4ada,docker-top20-backfill
9ec378f9f9a857e44db6,6aa9eb3a9e6f8d5b9c6d,2026-07-26T15:56:28.328919+00:00,model_top20,20260717,59,NAV,20260717,a7af3881ad1369731543414f6c2876a3d2544d859d65eb620bff67a40eac28b2,,,,,,,78795.07,,"{""benchmark_nav"":""0.9660028427300117478134011281"",""cash"":""78795.07"",""cash_ratio"":""0.1684403785827484669737333074"",""cumulative_dividends"":""0.00"",""cumulative_fees"":""130.53"",""daily_fees"":""130.53"",""drawdown"":""-0.0644159"",""equation_difference"":""0.00"",""freshness_status"":""PASS"",""market_value"":""388996.98"",""net_asset"":""467792.05"",""net_excess"":""-0.0304187427300117478134011281"",""normalized_nav"":""0.9355841"",""positions"":[{""close"":""15.48"",""cost_basis"":""24185.49"",""market_value"":""21672.00"",""price_date"":""20260717"",""quantity"":1400,""realized_pnl"":""0.00"",""stale_trade_days"":0,""ts_code"":""000032.SZ""},{""close"":""101.91"",""cost_basis"":""21506.67"",""market_value"":""20382.00"",""price_date"":""20260717"",""quantity"":200,""realized_pnl"":""0.00"",""stale_trade_days"":0,""ts_code"":""002008.SZ""},{""close"":""42.31"",""cost_basis"":""22446.95"",""market_value"":""21155.00"",""price_date"":""20260717"",""quantity"":500,""realized_pnl"":""0.00"",""stale_trade_days"":0,""ts_code"":""002138.SZ""},{""close"":""31.24"",""cost_basis"":""22336.92"",""market_value"":""21868.00"",""price_date"":""20260717"",""quantity"":700,""realized_pnl"":""0.00"",""stale_trade_days"":0,""ts_code"":""002407.SZ""},{""close"":""69.41"",""cost_basis"":""21870.78"",""market_value"":""20823.00"",""price_date"":""20260717"",""quantity"":300,""realized_pnl"":""0.00"",""stale_trade_days"":0,""ts_code"":""300054.SZ""},{""close"":""69.51"",""cost_basis"":""23275.21"",""market_value"":""20853.00"",""price_date"":""20260717"",""quantity"":300,""realized_pnl"":""0.00"",""stale_trade_days"":0,""ts_code"":""300136.SZ""},{""close"":""57.39"",""cost_basis"":""24955.73"",""market_value"":""22956.00"",""price_date"":""20260717"",""quantity"":400,""realized_pnl"":""0.00"",""stale_trade_days"":0,""ts_code"":""300346.SZ""},{""close"":""93.07"",""cost_basis"":""20606.39"",""market_value"":""18614.00"",""price_date"":""20260717"",""quantity"":200,""realized_pnl"":""0.00"",""stale_trade_days"":0,""ts_code"":""300373.SZ""},{""close"":""174.1"",""cost_basis"":""20145.24"",""market_value"":""17410.00"",""price_date"":""20260717"",""quantity"":100,""realized_pnl"":""0.00"",""stale_trade_days"":0,""ts_code"":""300475.SZ""},{""close"":""33.19"",""cost_basis"":""21666.72"",""market_value"":""19914.00"",""price_date"":""20260717"",""quantity"":600,""realized_pnl"":""0.00"",""stale_trade_days"":0,""ts_code"":""600460.SH""},{""close"":""9.5"",""cost_basis"":""24707.66"",""market_value"":""23750.00"",""price_date"":""20260717"",""quantity"":2500,""realized_pnl"":""0.00"",""stale_trade_days"":0,""ts_code"":""600707.SH""},{""close"":""44.34"",""cost_basis"":""24002.44"",""market_value"":""22170.00"",""price_date"":""20260717"",""quantity"":500,""realized_pnl"":""0.00"",""stale_trade_days"":0,""ts_code"":""603308.SH""},{""close"":""39.33"",""cost_basis"":""24757.68"",""market_value"":""23598.00"",""price_date"":""20260717"",""quantity"":600,""realized_pnl"":""0.00"",""stale_trade_days"":0,""ts_code"":""603699.SH""},{""close"":""45.5"",""cost_basis"":""24882.71"",""market_value"":""22750.00"",""price_date"":""20260717"",""quantity"":500,""realized_pnl"":""0.00"",""stale_trade_days"":0,""ts_code"":""605358.SH""},{""close"":""104.5"",""cost_basis"":""24889.11"",""market_value"":""21631.50"",""price_date"":""20260717"",""quantity"":207,""realized_pnl"":""0.00"",""stale_trade_days"":0,""ts_code"":""688234.SH""},{""close"":""62.01"",""cost_basis"":""24990.39"",""market_value"":""23873.85"",""price_date"":""20260717"",""quantity"":385,""realized_pnl"":""0.00"",""stale_trade_days"":0,""ts_code"":""688396.SH""},{""close"":""6.93"",""cost_basis"":""25005.10"",""market_value"":""23568.93"",""price_date"":""20260717"",""quantity"":3401,""realized_pnl"":""0.00"",""stale_trade_days"":0,""ts_code"":""688469.SH""},{""close"":""38.61"",""cost_basis"":""24973.74"",""market_value"":""22007.70"",""price_date"":""20260717"",""quantity"":570,""realized_pnl"":""0.00"",""stale_trade_days"":0,""ts_code"":""688582.SH""}],""trade_date"":""20260717"",""turnover"":""0.8421488""}",c199e17af9707ad9167c0eda8a28540fffe8da591515888a5d88ee05def7679c,docker-top20-backfill
31fc87ee4cb230d4a74e,ab2d272224c6de7f81f3,2026-07-26T15:56:30.381034+00:00,model_top20,20260720,1,CORPORATE_ACTION,b78cd0185c0c0be6b3ea,5fc1e7915d2cb81a960df9db446b108f9d7d7852109a5e18c308d28bebf23eed,600460.SH,,600,,48.00,,78843.07,600,"{""action_id"":""b78cd0185c0c0be6b3ea"",""amount"":""48.00"",""cash_after"":""78843.07"",""cash_per_share"":""0.08"",""div_listdate"":"""",""event"":""CASH_DIVIDEND"",""pay_date"":""20260720"",""position_after"":600,""quantity"":600,""record_date"":""20260717"",""stock_per_share"":""0.0"",""ts_code"":""600460.SH""}",f7e1b5f3d2f020332099ae39451911cd2135049ebbd943ff8743d7c8e9ce8e2f,docker-top20-backfill
297079cf6241b2e2605c,ab2d272224c6de7f81f3,2026-07-26T15:56:30.381034+00:00,model_top20,20260720,2,POSITION,20260720:000032.SZ,5fc1e7915d2cb81a960df9db446b108f9d7d7852109a5e18c308d28bebf23eed,000032.SZ,,1400,,,,,1400,"{""close"":""14.84"",""cost_basis"":""24185.49"",""market_value"":""20776.00"",""price_date"":""20260720"",""quantity"":1400,""realized_pnl"":""0.00"",""stale_trade_days"":0,""ts_code"":""000032.SZ""}",8d932650108d771d2fda37efb0c2650e26d6ed98ed5a8223c6098e30b98cd6e7,docker-top20-backfill
edba1e1825300f7dc4e4,ab2d272224c6de7f81f3,2026-07-26T15:56:30.381034+00:00,model_top20,20260720,3,POSITION,20260720:002008.SZ,5fc1e7915d2cb81a960df9db446b108f9d7d7852109a5e18c308d28bebf23eed,002008.SZ,,200,,,,,200,"{""close"":""91.72"",""cost_basis"":""21506.67"",""market_value"":""18344.00"",""price_date"":""20260720"",""quantity"":200,""realized_pnl"":""0.00"",""stale_trade_days"":0,""ts_code"":""002008.SZ""}",37c8d298cf776c9ef6163529baa44d7b1a603c66013be77ab5f225a782562bec,docker-top20-backfill
1fa780624df3f612d46b,ab2d272224c6de7f81f3,2026-07-26T15:56:30.381034+00:00,model_top20,20260720,4,POSITION,20260720:002138.SZ,5fc1e7915d2cb81a960df9db446b108f9d7d7852109a5e18c308d28bebf23eed,002138.SZ,,500,,,,,500,"{""close"":""38.08"",""cost_basis"":""22446.95"",""market_value"":""19040.00"",""price_date"":""20260720"",""quantity"":500,""realized_pnl"":""0.00"",""stale_trade_days"":0,""ts_code"":""002138.SZ""}",6d73dffae5acc81f9f70d431726e9c600f9b9477c0709018e91bb6550742f17a,docker-top20-backfill
c275749ab148f28e389b,ab2d272224c6de7f81f3,2026-07-26T15:56:30.381034+00:00,model_top20,20260720,5,POSITION,20260720:002407.SZ,5fc1e7915d2cb81a960df9db446b108f9d7d7852109a5e18c308d28bebf23eed,002407.SZ,,700,,,,,700,"{""close"":""28.12"",""cost_basis"":""22336.92"",""market_value"":""19684.00"",""price_date"":""20260720"",""quantity"":700,""realized_pnl"":""0.00"",""stale_trade_days"":0,""ts_code"":""002407.SZ""}",3fe78db69320abda7d65e64ec859ccaa3c1c7992da8d8e03eae65994ef39e6ff,docker-top20-backfill
a549279b6fca70b05675,ab2d272224c6de7f81f3,2026-07-26T15:56:30.381034+00:00,model_top20,20260720,6,POSITION,20260720:300054.SZ,5fc1e7915d2cb81a960df9db446b108f9d7d7852109a5e18c308d28bebf23eed,300054.SZ,,300,,,,,300,"{""close"":""65.88"",""cost_basis"":""21870.78"",""market_value"":""19764.00"",""price_date"":""20260720"",""quantity"":300,""realized_pnl"":""0.00"",""stale_trade_days"":0,""ts_code"":""300054.SZ""}",62a5973d732bbe11bd6f61b8dc7f82035a50fe84a2f5ec1a94aeb39cb650f0f2,docker-top20-backfill
e7adf7c14b8970b1e153,ab2d272224c6de7f81f3,2026-07-26T15:56:30.381034+00:00,model_top20,20260720,7,POSITION,20260720:300136.SZ,5fc1e7915d2cb81a960df9db446b108f9d7d7852109a5e18c308d28bebf23eed,300136.SZ,,300,,,,,300,"{""close"":""63.18"",""cost_basis"":""23275.21"",""market_value"":""18954.00"",""price_date"":""20260720"",""quantity"":300,""realized_pnl"":""0.00"",""stale_trade_days"":0,""ts_code"":""300136.SZ""}",dd6d542aebacf213ffbdbb390423941f829c7b78063ebe2c37bfece8fde279a5,docker-top20-backfill
1a67ceb7f6c691328f51,ab2d272224c6de7f81f3,2026-07-26T15:56:30.381034+00:00,model_top20,20260720,8,POSITION,20260720:300346.SZ,5fc1e7915d2cb81a960df9db446b108f9d7d7852109a5e18c308d28bebf23eed,300346.SZ,,400,,,,,400,"{""close"":""50.9"",""cost_basis"":""24955.73"",""market_value"":""20360.00"",""price_date"":""20260720"",""quantity"":400,""realized_pnl"":""0.00"",""stale_trade_days"":0,""ts_code"":""300346.SZ""}",93f75f1e9eba4dbcdf512f8690eff7cce00f4c2ddd6dfcf9a8354b5f1e06cbf5,docker-top20-backfill
ad18801d528c99790e8c,ab2d272224c6de7f81f3,2026-07-26T15:56:30.381034+00:00,model_top20,20260720,9,POSITION,20260720:300373.SZ,5fc1e7915d2cb81a960df9db446b108f9d7d7852109a5e18c308d28bebf23eed,300373.SZ,,200,,,,,200,"{""close"":""86.9"",""cost_basis"":""20606.39"",""market_value"":""17380.00"",""price_date"":""20260720"",""quantity"":200,""realized_pnl"":""0.00"",""stale_trade_days"":0,""ts_code"":""300373.SZ""}",99a08660598e46f7fd1fdc053e58eeb35cc20435da950963394015d46a2b9a4b,docker-top20-backfill
09a24c1ade7e301a1d74,ab2d272224c6de7f81f3,2026-07-26T15:56:30.381034+00:00,model_top20,20260720,10,POSITION,20260720:300475.SZ,5fc1e7915d2cb81a960df9db446b108f9d7d7852109a5e18c308d28bebf23eed,300475.SZ,,100,,,,,100,"{""close"":""153.68"",""cost_basis"":""20145.24"",""market_value"":""15368.00"",""price_date"":""20260720"",""quantity"":100,""realized_pnl"":""0.00"",""stale_trade_days"":0,""ts_code"":""300475.SZ""}",f15435318ef0af266772be844760889c27502206138ab1e03b32937aac01e3ad,docker-top20-backfill
114eab717fc39c9c568c,ab2d272224c6de7f81f3,2026-07-26T15:56:30.381034+00:00,model_top20,20260720,11,POSITION,20260720:600460.SH,5fc1e7915d2cb81a960df9db446b108f9d7d7852109a5e18c308d28bebf23eed,600460.SH,,600,,,,,600,"{""close"":""29.88"",""cost_basis"":""21666.72"",""market_value"":""17928.00"",""price_date"":""20260720"",""quantity"":600,""realized_pnl"":""0.00"",""stale_trade_days"":0,""ts_code"":""600460.SH""}",1c6b48d807ef48daa8b06bdb09f1131a3d30d9f24302306d6ca28547adcbe0dd,docker-top20-backfill
c6499ac72088e85b6210,ab2d272224c6de7f81f3,2026-07-26T15:56:30.381034+00:00,model_top20,20260720,12,POSITION,20260720:600707.SH,5fc1e7915d2cb81a960df9db446b108f9d7d7852109a5e18c308d28bebf23eed,600707.SH,,2500,,,,,2500,"{""close"":""8.55"",""cost_basis"":""24707.66"",""market_value"":""21375.00"",""price_date"":""20260720"",""quantity"":2500,""realized_pnl"":""0.00"",""stale_trade_days"":0,""ts_code"":""600707.SH""}",62f0f1a937d97fe83b985de2e53e91c896d4d35e323ae874e27d182bc558da33,docker-top20-backfill
867fbd6b5c2001dc278c,ab2d272224c6de7f81f3,2026-07-26T15:56:30.381034+00:00,model_top20,20260720,13,POSITION,20260720:603308.SH,5fc1e7915d2cb81a960df9db446b108f9d7d7852109a5e18c308d28bebf23eed,603308.SH,,500,,,,,500,"{""close"":""43.9"",""cost_basis"":""24002.44"",""market_value"":""21950.00"",""price_date"":""20260720"",""quantity"":500,""realized_pnl"":""0.00"",""stale_trade_days"":0,""ts_code"":""603308.SH""}",b271b169b18a98e1f0f882ea0346e251efbd5332471aeb3c4931ce561f5b2244,docker-top20-backfill
b5484a6a6f783ddf9660,ab2d272224c6de7f81f3,2026-07-26T15:56:30.381034+00:00,model_top20,20260720,14,POSITION,20260720:603699.SH,5fc1e7915d2cb81a960df9db446b108f9d7d7852109a5e18c308d28bebf23eed,603699.SH,,600,,,,,600,"{""close"":""40.35"",""cost_basis"":""24757.68"",""market_value"":""24210.00"",""price_date"":""20260720"",""quantity"":600,""realized_pnl"":""0.00"",""stale_trade_days"":0,""ts_code"":""603699.SH""}",9dfc6e8c2ac12d301202aee5d1a262e42fdfc9bc146f57a65283501efdb2b844,docker-top20-backfill
cc6e9ca6523edad299d1,ab2d272224c6de7f81f3,2026-07-26T15:56:30.381034+00:00,model_top20,20260720,15,POSITION,20260720:605358.SH,5fc1e7915d2cb81a960df9db446b108f9d7d7852109a5e18c308d28bebf23eed,605358.SH,,500,,,,,500,"{""close"":""40.95"",""cost_basis"":""24882.71"",""market_value"":""20475.00"",""price_date"":""20260720"",""quantity"":500,""realized_pnl"":""0.00"",""stale_trade_days"":0,""ts_code"":""605358.SH""}",0f3e1335a4172e1ef7065335ba0ce3338fed854eb18cc4db315ec718619a3e24,docker-top20-backfill
aed892f5131dc17860ed,ab2d272224c6de7f81f3,2026-07-26T15:56:30.381034+00:00,model_top20,20260720,16,POSITION,20260720:688234.SH,5fc1e7915d2cb81a960df9db446b108f9d7d7852109a5e18c308d28bebf23eed,688234.SH,,207,,,,,207,"{""close"":""93.0"",""cost_basis"":""24889.11"",""market_value"":""19251.00"",""price_date"":""20260720"",""quantity"":207,""realized_pnl"":""0.00"",""stale_trade_days"":0,""ts_code"":""688234.SH""}",cd4363300c5193f7ebe61da36d596d23e192d4f2d83b4f3b02242af69bc0019f,docker-top20-backfill
862a1a3a2d88f67bb51b,ab2d272224c6de7f81f3,2026-07-26T15:56:30.381034+00:00,model_top20,20260720,17,POSITION,20260720:688396.SH,5fc1e7915d2cb81a960df9db446b108f9d7d7852109a5e18c308d28bebf23eed,688396.SH,,385,,,,,385,"{""close"":""59.53"",""cost_basis"":""24990.39"",""market_value"":""22919.05"",""price_date"":""20260720"",""quantity"":385,""realized_pnl"":""0.00"",""stale_trade_days"":0,""ts_code"":""688396.SH""}",a49fd786046dcb0b891d87c1b47c267d862481c2d7435446ac1d319a6b33bada,docker-top20-backfill
903caaee4aef38d53845,ab2d272224c6de7f81f3,2026-07-26T15:56:30.381034+00:00,model_top20,20260720,18,POSITION,20260720:688469.SH,5fc1e7915d2cb81a960df9db446b108f9d7d7852109a5e18c308d28bebf23eed,688469.SH,,3401,,,,,3401,"{""close"":""7.16"",""cost_basis"":""25005.10"",""market_value"":""24351.16"",""price_date"":""20260720"",""quantity"":3401,""realized_pnl"":""0.00"",""stale_trade_days"":0,""ts_code"":""688469.SH""}",772eb7022a592bf0111ce4275ca118e4fb375b49468d40a61e3a54edb8c669f6,docker-top20-backfill
80e071b2b58303a3a2bb,ab2d272224c6de7f81f3,2026-07-26T15:56:30.381034+00:00,model_top20,20260720,19,POSITION,20260720:688582.SH,5fc1e7915d2cb81a960df9db446b108f9d7d7852109a5e18c308d28bebf23eed,688582.SH,,570,,,,,570,"{""close"":""36.95"",""cost_basis"":""24973.74"",""market_value"":""21061.50"",""price_date"":""20260720"",""quantity"":570,""realized_pnl"":""0.00"",""stale_trade_days"":0,""ts_code"":""688582.SH""}",8e8b9bdd2e2eacdb57de49644086f8e743a1bfa6ebd2d54ecee07b9840f0dd56,docker-top20-backfill
5cb0c2a16cd7f31f81ec,ab2d272224c6de7f81f3,2026-07-26T15:56:30.381034+00:00,model_top20,20260720,20,CASH,20260720,5fc1e7915d2cb81a960df9db446b108f9d7d7852109a5e18c308d28bebf23eed,,,,,,,78843.07,,"{""cash"":""78843.07""}",3e30b4a29dd24fb4cfecb43e3b44f93274ad543e4da62b48008787e110946908,docker-top20-backfill
5daee15432897f371569,ab2d272224c6de7f81f3,2026-07-26T15:56:30.381034+00:00,model_top20,20260720,21,NAV,20260720,5fc1e7915d2cb81a960df9db446b108f9d7d7852109a5e18c308d28bebf23eed,,,,,,,78843.07,,"{""benchmark_nav"":""0.9732875109553326152878344670"",""cash"":""78843.07"",""cash_ratio"":""0.1783643548689876144759796412"",""cumulative_dividends"":""48.00"",""cumulative_fees"":""130.53"",""daily_fees"":""0.00"",""drawdown"":""-0.11593244"",""equation_difference"":""0.00"",""freshness_status"":""PASS"",""market_value"":""363190.71"",""net_asset"":""442033.78"",""net_excess"":""-0.0892199509553326152878344670"",""normalized_nav"":""0.88406756"",""positions"":[{""close"":""14.84"",""cost_basis"":""24185.49"",""market_value"":""20776.00"",""price_date"":""20260720"",""quantity"":1400,""realized_pnl"":""0.00"",""stale_trade_days"":0,""ts_code"":""000032.SZ""},{""close"":""91.72"",""cost_basis"":""21506.67"",""market_value"":""18344.00"",""price_date"":""20260720"",""quantity"":200,""realized_pnl"":""0.00"",""stale_trade_days"":0,""ts_code"":""002008.SZ""},{""close"":""38.08"",""cost_basis"":""22446.95"",""market_value"":""19040.00"",""price_date"":""20260720"",""quantity"":500,""realized_pnl"":""0.00"",""stale_trade_days"":0,""ts_code"":""002138.SZ""},{""close"":""28.12"",""cost_basis"":""22336.92"",""market_value"":""19684.00"",""price_date"":""20260720"",""quantity"":700,""realized_pnl"":""0.00"",""stale_trade_days"":0,""ts_code"":""002407.SZ""},{""close"":""65.88"",""cost_basis"":""21870.78"",""market_value"":""19764.00"",""price_date"":""20260720"",""quantity"":300,""realized_pnl"":""0.00"",""stale_trade_days"":0,""ts_code"":""300054.SZ""},{""close"":""63.18"",""cost_basis"":""23275.21"",""market_value"":""18954.00"",""price_date"":""20260720"",""quantity"":300,""realized_pnl"":""0.00"",""stale_trade_days"":0,""ts_code"":""300136.SZ""},{""close"":""50.9"",""cost_basis"":""24955.73"",""market_value"":""20360.00"",""price_date"":""20260720"",""quantity"":400,""realized_pnl"":""0.00"",""stale_trade_days"":0,""ts_code"":""300346.SZ""},{""close"":""86.9"",""cost_basis"":""20606.39"",""market_value"":""17380.00"",""price_date"":""20260720"",""quantity"":200,""realized_pnl"":""0.00"",""stale_trade_days"":0,""ts_code"":""300373.SZ""},{""close"":""153.68"",""cost_basis"":""20145.24"",""market_value"":""15368.00"",""price_date"":""20260720"",""quantity"":100,""realized_pnl"":""0.00"",""stale_trade_days"":0,""ts_code"":""300475.SZ""},{""close"":""29.88"",""cost_basis"":""21666.72"",""market_value"":""17928.00"",""price_date"":""20260720"",""quantity"":600,""realized_pnl"":""0.00"",""stale_trade_days"":0,""ts_code"":""600460.SH""},{""close"":""8.55"",""cost_basis"":""24707.66"",""market_value"":""21375.00"",""price_date"":""20260720"",""quantity"":2500,""realized_pnl"":""0.00"",""stale_trade_days"":0,""ts_code"":""600707.SH""},{""close"":""43.9"",""cost_basis"":""24002.44"",""market_value"":""21950.00"",""price_date"":""20260720"",""quantity"":500,""realized_pnl"":""0.00"",""stale_trade_days"":0,""ts_code"":""603308.SH""},{""close"":""40.35"",""cost_basis"":""24757.68"",""market_value"":""24210.00"",""price_date"":""20260720"",""quantity"":600,""realized_pnl"":""0.00"",""stale_trade_days"":0,""ts_code"":""603699.SH""},{""close"":""40.95"",""cost_basis"":""24882.71"",""market_value"":""20475.00"",""price_date"":""20260720"",""quantity"":500,""realized_pnl"":""0.00"",""stale_trade_days"":0,""ts_code"":""605358.SH""},{""close"":""93.0"",""cost_basis"":""24889.11"",""market_value"":""19251.00"",""price_date"":""20260720"",""quantity"":207,""realized_pnl"":""0.00"",""stale_trade_days"":0,""ts_code"":""688234.SH""},{""close"":""59.53"",""cost_basis"":""24990.39"",""market_value"":""22919.05"",""price_date"":""20260720"",""quantity"":385,""realized_pnl"":""0.00"",""stale_trade_days"":0,""ts_code"":""688396.SH""},{""close"":""7.16"",""cost_basis"":""25005.10"",""market_value"":""24351.16"",""price_date"":""20260720"",""quantity"":3401,""realized_pnl"":""0.00"",""stale_trade_days"":0,""ts_code"":""688469.SH""},{""close"":""36.95"",""cost_basis"":""24973.74"",""market_value"":""21061.50"",""price_date"":""20260720"",""quantity"":570,""realized_pnl"":""0.00"",""stale_trade_days"":0,""ts_code"":""688582.SH""}],""trade_date"":""20260720"",""turnover"":""0""}",c55672fa9f36d711263290414b6046491dc5d8fa4a497a7084fb6a0d6f6dfd8d,docker-top20-backfill
e444ca01c3caaf8d3c1c,76377bdd51e978cf2156,2026-07-26T15:56:32.464429+00:00,model_top20,20260721,1,POSITION,20260721:000032.SZ,e0edbf0ac4458e680955000f3c10ec685eeb3d1954425b0ecf55d5f2172e4bb8,000032.SZ,,1400,,,,,1400,"{""close"":""16.06"",""cost_basis"":""24185.49"",""market_value"":""22484.00"",""price_date"":""20260721"",""quantity"":1400,""realized_pnl"":""0.00"",""stale_trade_days"":0,""ts_code"":""000032.SZ""}",658d3b15daf2537b790cd5a49981dde0d9ed3054a6bd4a00b8f8f97b71c13733,docker-top20-backfill
631add6470a05686c765,76377bdd51e978cf2156,2026-07-26T15:56:32.464429+00:00,model_top20,20260721,2,POSITION,20260721:002008.SZ,e0edbf0ac4458e680955000f3c10ec685eeb3d1954425b0ecf55d5f2172e4bb8,002008.SZ,,200,,,,,200,"{""close"":""100.89"",""cost_basis"":""21506.67"",""market_value"":""20178.00"",""price_date"":""20260721"",""quantity"":200,""realized_pnl"":""0.00"",""stale_trade_days"":0,""ts_code"":""002008.SZ""}",9a0da4bdd14087946b3232c9d14cb436bc49fd0d013cbbbc2d7d1457dbe2bfd8,docker-top20-backfill
d576e43d87f5e296037f,76377bdd51e978cf2156,2026-07-26T15:56:32.464429+00:00,model_top20,20260721,3,POSITION,20260721:002138.SZ,e0edbf0ac4458e680955000f3c10ec685eeb3d1954425b0ecf55d5f2172e4bb8,002138.SZ,,500,,,,,500,"{""close"":""41.89"",""cost_basis"":""22446.95"",""market_value"":""20945.00"",""price_date"":""20260721"",""quantity"":500,""realized_pnl"":""0.00"",""stale_trade_days"":0,""ts_code"":""002138.SZ""}",fafa47b3dd14144baa72785f42c5ee4f1f63728b0af040ceb1b6ce9f6a6124a7,docker-top20-backfill
8a77a0bfbe1f981c7eb9,76377bdd51e978cf2156,2026-07-26T15:56:32.464429+00:00,model_top20,20260721,4,POSITION,20260721:002407.SZ,e0edbf0ac4458e680955000f3c10ec685eeb3d1954425b0ecf55d5f2172e4bb8,002407.SZ,,700,,,,,700,"{""close"":""30.13"",""cost_basis"":""22336.92"",""market_value"":""21091.00"",""price_date"":""20260721"",""quantity"":700,""realized_pnl"":""0.00"",""stale_trade_days"":0,""ts_code"":""002407.SZ""}",7a5369cd35848b80bd43f3cbf906f7670237f7edc8d8674b740c1728e62d6325,docker-top20-backfill
aab9b94b6c96b2402f72,76377bdd51e978cf2156,2026-07-26T15:56:32.464429+00:00,model_top20,20260721,5,POSITION,20260721:300054.SZ,e0edbf0ac4458e680955000f3c10ec685eeb3d1954425b0ecf55d5f2172e4bb8,300054.SZ,,300,,,,,300,"{""close"":""77.32"",""cost_basis"":""21870.78"",""market_value"":""23196.00"",""price_date"":""20260721"",""quantity"":300,""realized_pnl"":""0.00"",""stale_trade_days"":0,""ts_code"":""300054.SZ""}",56b4c4940107d9e763ccb6b583de3ffed6fd9b28d6247a60c90caaf610bd4e9e,docker-top20-backfill
9505375d7ca0800b2431,76377bdd51e978cf2156,2026-07-26T15:56:32.464429+00:00,model_top20,20260721,6,POSITION,20260721:300136.SZ,e0edbf0ac4458e680955000f3c10ec685eeb3d1954425b0ecf55d5f2172e4bb8,300136.SZ,,300,,,,,300,"{""close"":""68.51"",""cost_basis"":""23275.21"",""market_value"":""20553.00"",""price_date"":""20260721"",""quantity"":300,""realized_pnl"":""0.00"",""stale_trade_days"":0,""ts_code"":""300136.SZ""}",dcfae83f751dddef9102adf2d09b07b7d1946330dec3e8a328de4a13804d6200,docker-top20-backfill
263d2e1a0ad2f5e84516,76377bdd51e978cf2156,2026-07-26T15:56:32.464429+00:00,model_top20,20260721,7,POSITION,20260721:300346.SZ,e0edbf0ac4458e680955000f3c10ec685eeb3d1954425b0ecf55d5f2172e4bb8,300346.SZ,,400,,,,,400,"{""close"":""56.72"",""cost_basis"":""24955.73"",""market_value"":""22688.00"",""price_date"":""20260721"",""quantity"":400,""realized_pnl"":""0.00"",""stale_trade_days"":0,""ts_code"":""300346.SZ""}",9bb7d9659582a5b360147d3f7b041985800e4667da634327885d5cd1886cdba5,docker-top20-backfill
270ea736ed6dab55e97e,76377bdd51e978cf2156,2026-07-26T15:56:32.464429+00:00,model_top20,20260721,8,POSITION,20260721:300373.SZ,e0edbf0ac4458e680955000f3c10ec685eeb3d1954425b0ecf55d5f2172e4bb8,300373.SZ,,200,,,,,200,"{""close"":""98.51"",""cost_basis"":""20606.39"",""market_value"":""19702.00"",""price_date"":""20260721"",""quantity"":200,""realized_pnl"":""0.00"",""stale_trade_days"":0,""ts_code"":""300373.SZ""}",423ae516653bd4386578b82fd25836dd42053d7980119deddacf9d68033fb6eb,docker-top20-backfill
a5a592873fb5e45a00d1,76377bdd51e978cf2156,2026-07-26T15:56:32.464429+00:00,model_top20,20260721,9,POSITION,20260721:300475.SZ,e0edbf0ac4458e680955000f3c10ec685eeb3d1954425b0ecf55d5f2172e4bb8,300475.SZ,,100,,,,,100,"{""close"":""176.98"",""cost_basis"":""20145.24"",""market_value"":""17698.00"",""price_date"":""20260721"",""quantity"":100,""realized_pnl"":""0.00"",""stale_trade_days"":0,""ts_code"":""300475.SZ""}",3ec759e54d89c6c70404026cfde448f8ea7fffb02bec6d0f451fc8efce944b5d,docker-top20-backfill
581e8eb63cb5ab6d4e42,76377bdd51e978cf2156,2026-07-26T15:56:32.464429+00:00,model_top20,20260721,10,POSITION,20260721:600460.SH,e0edbf0ac4458e680955000f3c10ec685eeb3d1954425b0ecf55d5f2172e4bb8,600460.SH,,600,,,,,600,"{""close"":""32.87"",""cost_basis"":""21666.72"",""market_value"":""19722.00"",""price_date"":""20260721"",""quantity"":600,""realized_pnl"":""0.00"",""stale_trade_days"":0,""ts_code"":""600460.SH""}",738885dee8696fcfbcce758563f2f209a98a2c33ac6265e2e472015172ac459e,docker-top20-backfill
ec389dac91a9bb6bbc1a,76377bdd51e978cf2156,2026-07-26T15:56:32.464429+00:00,model_top20,20260721,11,POSITION,20260721:600707.SH,e0edbf0ac4458e680955000f3c10ec685eeb3d1954425b0ecf55d5f2172e4bb8,600707.SH,,2500,,,,,2500,"{""close"":""9.25"",""cost_basis"":""24707.66"",""market_value"":""23125.00"",""price_date"":""20260721"",""quantity"":2500,""realized_pnl"":""0.00"",""stale_trade_days"":0,""ts_code"":""600707.SH""}",23263182aa04b5edd01f981ed92178ea17c546d3650e99124f2b927e6ef1998c,docker-top20-backfill
ec068096f5e8b3f8d27d,76377bdd51e978cf2156,2026-07-26T15:56:32.464429+00:00,model_top20,20260721,12,POSITION,20260721:603308.SH,e0edbf0ac4458e680955000f3c10ec685eeb3d1954425b0ecf55d5f2172e4bb8,603308.SH,,500,,,,,500,"{""close"":""46.61"",""cost_basis"":""24002.44"",""market_value"":""23305.00"",""price_date"":""20260721"",""quantity"":500,""realized_pnl"":""0.00"",""stale_trade_days"":0,""ts_code"":""603308.SH""}",4122c761195d24673679dfeec3537b5fbd3000a00430fcfc2adaa1ce33c5056b,docker-top20-backfill
734962af3d1aa2e938ba,76377bdd51e978cf2156,2026-07-26T15:56:32.464429+00:00,model_top20,20260721,13,POSITION,20260721:603699.SH,e0edbf0ac4458e680955000f3c10ec685eeb3d1954425b0ecf55d5f2172e4bb8,603699.SH,,600,,,,,600,"{""close"":""41.62"",""cost_basis"":""24757.68"",""market_value"":""24972.00"",""price_date"":""20260721"",""quantity"":600,""realized_pnl"":""0.00"",""stale_trade_days"":0,""ts_code"":""603699.SH""}",88106f3e2c5ca4d0cced48347c6631c95f813bad65fd3cd7a550f868429c024d,docker-top20-backfill
96fb499488507e897fe2,76377bdd51e978cf2156,2026-07-26T15:56:32.464429+00:00,model_top20,20260721,14,POSITION,20260721:605358.SH,e0edbf0ac4458e680955000f3c10ec685eeb3d1954425b0ecf55d5f2172e4bb8,605358.SH,,500,,,,,500,"{""close"":""43.83"",""cost_basis"":""24882.71"",""market_value"":""21915.00"",""price_date"":""20260721"",""quantity"":500,""realized_pnl"":""0.00"",""stale_trade_days"":0,""ts_code"":""605358.SH""}",9fc69ec1f26255936020bedfa8469621397daaa7071c7fb280d9dba842e4da95,docker-top20-backfill
e97c55364cb3567cfb59,76377bdd51e978cf2156,2026-07-26T15:56:32.464429+00:00,model_top20,20260721,15,POSITION,20260721:688234.SH,e0edbf0ac4458e680955000f3c10ec685eeb3d1954425b0ecf55d5f2172e4bb8,688234.SH,,207,,,,,207,"{""close"":""101.12"",""cost_basis"":""24889.11"",""market_value"":""20931.84"",""price_date"":""20260721"",""quantity"":207,""realized_pnl"":""0.00"",""stale_trade_days"":0,""ts_code"":""688234.SH""}",07215ca56d36263ddd48f77d58d324946a468abb8ed9f91d3bd82f599b23f434,docker-top20-backfill
63b0fcdadbc165bd3875,76377bdd51e978cf2156,2026-07-26T15:56:32.464429+00:00,model_top20,20260721,16,POSITION,20260721:688396.SH,e0edbf0ac4458e680955000f3c10ec685eeb3d1954425b0ecf55d5f2172e4bb8,688396.SH,,385,,,,,385,"{""close"":""65.28"",""cost_basis"":""24990.39"",""market_value"":""25132.80"",""price_date"":""20260721"",""quantity"":385,""realized_pnl"":""0.00"",""stale_trade_days"":0,""ts_code"":""688396.SH""}",0d9a5ed557893ca471061ee045e445e392bf6a41ea8876a035eeb5fdbd5dd3df,docker-top20-backfill
a074e993d11a83624a18,76377bdd51e978cf2156,2026-07-26T15:56:32.464429+00:00,model_top20,20260721,17,POSITION,20260721:688469.SH,e0edbf0ac4458e680955000f3c10ec685eeb3d1954425b0ecf55d5f2172e4bb8,688469.SH,,3401,,,,,3401,"{""close"":""7.86"",""cost_basis"":""25005.10"",""market_value"":""26731.86"",""price_date"":""20260721"",""quantity"":3401,""realized_pnl"":""0.00"",""stale_trade_days"":0,""ts_code"":""688469.SH""}",548ab016bc01879c9d50d62d413c4ddbbb8409f753e132ea9a2737da131d754e,docker-top20-backfill
a6efaca5faccbc4ae416,76377bdd51e978cf2156,2026-07-26T15:56:32.464429+00:00,model_top20,20260721,18,POSITION,20260721:688582.SH,e0edbf0ac4458e680955000f3c10ec685eeb3d1954425b0ecf55d5f2172e4bb8,688582.SH,,570,,,,,570,"{""close"":""39.61"",""cost_basis"":""24973.74"",""market_value"":""22577.70"",""price_date"":""20260721"",""quantity"":570,""realized_pnl"":""0.00"",""stale_trade_days"":0,""ts_code"":""688582.SH""}",a72e14b839628133e9f95457067cf71625efcc33c8c6e13dcfa054ba56eaf584,docker-top20-backfill
b3d3912fb6bebb5e2ab8,76377bdd51e978cf2156,2026-07-26T15:56:32.464429+00:00,model_top20,20260721,19,CASH,20260721,e0edbf0ac4458e680955000f3c10ec685eeb3d1954425b0ecf55d5f2172e4bb8,,,,,,,78843.07,,"{""cash"":""78843.07""}",3e30b4a29dd24fb4cfecb43e3b44f93274ad543e4da62b48008787e110946908,docker-top20-backfill
68507ade096ad567b1aa,76377bdd51e978cf2156,2026-07-26T15:56:32.464429+00:00,model_top20,20260721,20,NAV,20260721,e0edbf0ac4458e680955000f3c10ec685eeb3d1954425b0ecf55d5f2172e4bb8,,,,,,,78843.07,,"{""benchmark_nav"":""1.008695563971357639043083574"",""cash"":""78843.07"",""cash_ratio"":""0.1657093666304554095748751338"",""cumulative_dividends"":""48.00"",""cumulative_fees"":""130.53"",""daily_fees"":""0.00"",""drawdown"":""-0.04841746"",""equation_difference"":""0.00"",""freshness_status"":""PASS"",""market_value"":""396948.20"",""net_asset"":""475791.27"",""net_excess"":""-0.057113023971357639043083574"",""normalized_nav"":""0.95158254"",""positions"":[{""close"":""16.06"",""cost_basis"":""24185.49"",""market_value"":""22484.00"",""price_date"":""20260721"",""quantity"":1400,""realized_pnl"":""0.00"",""stale_trade_days"":0,""ts_code"":""000032.SZ""},{""close"":""100.89"",""cost_basis"":""21506.67"",""market_value"":""20178.00"",""price_date"":""20260721"",""quantity"":200,""realized_pnl"":""0.00"",""stale_trade_days"":0,""ts_code"":""002008.SZ""},{""close"":""41.89"",""cost_basis"":""22446.95"",""market_value"":""20945.00"",""price_date"":""20260721"",""quantity"":500,""realized_pnl"":""0.00"",""stale_trade_days"":0,""ts_code"":""002138.SZ""},{""close"":""30.13"",""cost_basis"":""22336.92"",""market_value"":""21091.00"",""price_date"":""20260721"",""quantity"":700,""realized_pnl"":""0.00"",""stale_trade_days"":0,""ts_code"":""002407.SZ""},{""close"":""77.32"",""cost_basis"":""21870.78"",""market_value"":""23196.00"",""price_date"":""20260721"",""quantity"":300,""realized_pnl"":""0.00"",""stale_trade_days"":0,""ts_code"":""300054.SZ""},{""close"":""68.51"",""cost_basis"":""23275.21"",""market_value"":""20553.00"",""price_date"":""20260721"",""quantity"":300,""realized_pnl"":""0.00"",""stale_trade_days"":0,""ts_code"":""300136.SZ""},{""close"":""56.72"",""cost_basis"":""24955.73"",""market_value"":""22688.00"",""price_date"":""20260721"",""quantity"":400,""realized_pnl"":""0.00"",""stale_trade_days"":0,""ts_code"":""300346.SZ""},{""close"":""98.51"",""cost_basis"":""20606.39"",""market_value"":""19702.00"",""price_date"":""20260721"",""quantity"":200,""realized_pnl"":""0.00"",""stale_trade_days"":0,""ts_code"":""300373.SZ""},{""close"":""176.98"",""cost_basis"":""20145.24"",""market_value"":""17698.00"",""price_date"":""20260721"",""quantity"":100,""realized_pnl"":""0.00"",""stale_trade_days"":0,""ts_code"":""300475.SZ""},{""close"":""32.87"",""cost_basis"":""21666.72"",""market_value"":""19722.00"",""price_date"":""20260721"",""quantity"":600,""realized_pnl"":""0.00"",""stale_trade_days"":0,""ts_code"":""600460.SH""},{""close"":""9.25"",""cost_basis"":""24707.66"",""market_value"":""23125.00"",""price_date"":""20260721"",""quantity"":2500,""realized_pnl"":""0.00"",""stale_trade_days"":0,""ts_code"":""600707.SH""},{""close"":""46.61"",""cost_basis"":""24002.44"",""market_value"":""23305.00"",""price_date"":""20260721"",""quantity"":500,""realized_pnl"":""0.00"",""stale_trade_days"":0,""ts_code"":""603308.SH""},{""close"":""41.62"",""cost_basis"":""24757.68"",""market_value"":""24972.00"",""price_date"":""20260721"",""quantity"":600,""realized_pnl"":""0.00"",""stale_trade_days"":0,""ts_code"":""603699.SH""},{""close"":""43.83"",""cost_basis"":""24882.71"",""market_value"":""21915.00"",""price_date"":""20260721"",""quantity"":500,""realized_pnl"":""0.00"",""stale_trade_days"":0,""ts_code"":""605358.SH""},{""close"":""101.12"",""cost_basis"":""24889.11"",""market_value"":""20931.84"",""price_date"":""20260721"",""quantity"":207,""realized_pnl"":""0.00"",""stale_trade_days"":0,""ts_code"":""688234.SH""},{""close"":""65.28"",""cost_basis"":""24990.39"",""market_value"":""25132.80"",""price_date"":""20260721"",""quantity"":385,""realized_pnl"":""0.00"",""stale_trade_days"":0,""ts_code"":""688396.SH""},{""close"":""7.86"",""cost_basis"":""25005.10"",""market_value"":""26731.86"",""price_date"":""20260721"",""quantity"":3401,""realized_pnl"":""0.00"",""stale_trade_days"":0,""ts_code"":""688469.SH""},{""close"":""39.61"",""cost_basis"":""24973.74"",""market_value"":""22577.70"",""price_date"":""20260721"",""quantity"":570,""realized_pnl"":""0.00"",""stale_trade_days"":0,""ts_code"":""688582.SH""}],""trade_date"":""20260721"",""turnover"":""0""}",8c664f658221fc2cfa2ed60fe08afbfc796e94936acb8e3260b3ce53c53fa984,docker-top20-backfill
40c50306214a54011495,104b44ee787ab62438b0,2026-07-26T15:56:34.507108+00:00,model_top20,20260722,1,POSITION,20260722:000032.SZ,c84a80351f1e7b22a5f5f7f6a56b3429edf191b5d541b5f874bbd7fffeddc064,000032.SZ,,1400,,,,,1400,"{""close"":""15.6"",""cost_basis"":""24185.49"",""market_value"":""21840.00"",""price_date"":""20260722"",""quantity"":1400,""realized_pnl"":""0.00"",""stale_trade_days"":0,""ts_code"":""000032.SZ""}",869820ae06fb53d8165d9c3ab45d51e7bc896c87b10f0dbad34eb74321572f4a,docker-top20-backfill
a2bb3b4edff68991aa57,104b44ee787ab62438b0,2026-07-26T15:56:34.507108+00:00,model_top20,20260722,2,POSITION,20260722:002008.SZ,c84a80351f1e7b22a5f5f7f6a56b3429edf191b5d541b5f874bbd7fffeddc064,002008.SZ,,200,,,,,200,"{""close"":""104.93"",""cost_basis"":""21506.67"",""market_value"":""20986.00"",""price_date"":""20260722"",""quantity"":200,""realized_pnl"":""0.00"",""stale_trade_days"":0,""ts_code"":""002008.SZ""}",ef1fb8ead4cb1b686f00213ca77d6920b613c2bd752bdc94c40a1b7ab297bd65,docker-top20-backfill
98f41edb355e5e411373,104b44ee787ab62438b0,2026-07-26T15:56:34.507108+00:00,model_top20,20260722,3,POSITION,20260722:002138.SZ,c84a80351f1e7b22a5f5f7f6a56b3429edf191b5d541b5f874bbd7fffeddc064,002138.SZ,,500,,,,,500,"{""close"":""43.84"",""cost_basis"":""22446.95"",""market_value"":""21920.00"",""price_date"":""20260722"",""quantity"":500,""realized_pnl"":""0.00"",""stale_trade_days"":0,""ts_code"":""002138.SZ""}",7ab822a783c66ce96e74b935e199a8c6904b5cc97331b4c03255f5e0afd01690,docker-top20-backfill
33250ef8aeb7fdfa850a,104b44ee787ab62438b0,2026-07-26T15:56:34.507108+00:00,model_top20,20260722,4,POSITION,20260722:002407.SZ,c84a80351f1e7b22a5f5f7f6a56b3429edf191b5d541b5f874bbd7fffeddc064,002407.SZ,,700,,,,,700,"{""close"":""29.78"",""cost_basis"":""22336.92"",""market_value"":""20846.00"",""price_date"":""20260722"",""quantity"":700,""realized_pnl"":""0.00"",""stale_trade_days"":0,""ts_code"":""002407.SZ""}",484add56e69a59bc1856e55f5747229f6ded3db1f61fc237405acd1bed44ae04,docker-top20-backfill
46d8839f5ff869c0fe0b,104b44ee787ab62438b0,2026-07-26T15:56:34.507108+00:00,model_top20,20260722,5,POSITION,20260722:300054.SZ,c84a80351f1e7b22a5f5f7f6a56b3429edf191b5d541b5f874bbd7fffeddc064,300054.SZ,,300,,,,,300,"{""close"":""75.55"",""cost_basis"":""21870.78"",""market_value"":""22665.00"",""price_date"":""20260722"",""quantity"":300,""realized_pnl"":""0.00"",""stale_trade_days"":0,""ts_code"":""300054.SZ""}",6e8ae5936a59b577bcf98d8202f75cdf4b7264491a4ea5c7a1b184488427c795,docker-top20-backfill
c2778a3227da37caa030,104b44ee787ab62438b0,2026-07-26T15:56:34.507108+00:00,model_top20,20260722,6,POSITION,20260722:300136.SZ,c84a80351f1e7b22a5f5f7f6a56b3429edf191b5d541b5f874bbd7fffeddc064,300136.SZ,,300,,,,,300,"{""close"":""64.38"",""cost_basis"":""23275.21"",""market_value"":""19314.00"",""price_date"":""20260722"",""quantity"":300,""realized_pnl"":""0.00"",""stale_trade_days"":0,""ts_code"":""300136.SZ""}",8ffd2caef3565a59d4a4ba538b6bf60b315f1bb4f6232d2e32e19f8169ec5a27,docker-top20-backfill
5c10cdc3aec7b0e06073,104b44ee787ab62438b0,2026-07-26T15:56:34.507108+00:00,model_top20,20260722,7,POSITION,20260722:300346.SZ,c84a80351f1e7b22a5f5f7f6a56b3429edf191b5d541b5f874bbd7fffeddc064,300346.SZ,,400,,,,,400,"{""close"":""55.36"",""cost_basis"":""24955.73"",""market_value"":""22144.00"",""price_date"":""20260722"",""quantity"":400,""realized_pnl"":""0.00"",""stale_trade_days"":0,""ts_code"":""300346.SZ""}",aed49bd3d26f0f077b609c54bc2b2f2b31480d8fa9c4ea56f9fe7a9c91cb527f,docker-top20-backfill
9cdb1a8a97799319188d,104b44ee787ab62438b0,2026-07-26T15:56:34.507108+00:00,model_top20,20260722,8,POSITION,20260722:300373.SZ,c84a80351f1e7b22a5f5f7f6a56b3429edf191b5d541b5f874bbd7fffeddc064,300373.SZ,,200,,,,,200,"{""close"":""96.3"",""cost_basis"":""20606.39"",""market_value"":""19260.00"",""price_date"":""20260722"",""quantity"":200,""realized_pnl"":""0.00"",""stale_trade_days"":0,""ts_code"":""300373.SZ""}",bb11ecdd15f4377019438f38c06469740a4c0f1a323cd24bc0f6a540f56fe9e9,docker-top20-backfill
62bfc2f2085adbf4bb6d,104b44ee787ab62438b0,2026-07-26T15:56:34.507108+00:00,model_top20,20260722,9,POSITION,20260722:300475.SZ,c84a80351f1e7b22a5f5f7f6a56b3429edf191b5d541b5f874bbd7fffeddc064,300475.SZ,,100,,,,,100,"{""close"":""166.6"",""cost_basis"":""20145.24"",""market_value"":""16660.00"",""price_date"":""20260722"",""quantity"":100,""realized_pnl"":""0.00"",""stale_trade_days"":0,""ts_code"":""300475.SZ""}",5b648449fd44abd3d59ee62bc447e83ea1f1523af97a0b241f19a28aa82c217f,docker-top20-backfill
8dc2ba7fe840983fed44,104b44ee787ab62438b0,2026-07-26T15:56:34.507108+00:00,model_top20,20260722,10,POSITION,20260722:600460.SH,c84a80351f1e7b22a5f5f7f6a56b3429edf191b5d541b5f874bbd7fffeddc064,600460.SH,,600,,,,,600,"{""close"":""33.19"",""cost_basis"":""21666.72"",""market_value"":""19914.00"",""price_date"":""20260722"",""quantity"":600,""realized_pnl"":""0.00"",""stale_trade_days"":0,""ts_code"":""600460.SH""}",49545bdec9e941b67b7f434129210621d96f7669a88054c8721bb27734e04704,docker-top20-backfill
fdd2e8da84b6670816e1,104b44ee787ab62438b0,2026-07-26T15:56:34.507108+00:00,model_top20,20260722,11,POSITION,20260722:600707.SH,c84a80351f1e7b22a5f5f7f6a56b3429edf191b5d541b5f874bbd7fffeddc064,600707.SH,,2500,,,,,2500,"{""close"":""9.07"",""cost_basis"":""24707.66"",""market_value"":""22675.00"",""price_date"":""20260722"",""quantity"":2500,""realized_pnl"":""0.00"",""stale_trade_days"":0,""ts_code"":""600707.SH""}",44ebda35a703b52e787bb1e7874fbbcbef0386c569b07cc30209db600ea9a008,docker-top20-backfill
2db619f012dc5523bb56,104b44ee787ab62438b0,2026-07-26T15:56:34.507108+00:00,model_top20,20260722,12,POSITION,20260722:603308.SH,c84a80351f1e7b22a5f5f7f6a56b3429edf191b5d541b5f874bbd7fffeddc064,603308.SH,,500,,,,,500,"{""close"":""43.57"",""cost_basis"":""24002.44"",""market_value"":""21785.00"",""price_date"":""20260722"",""quantity"":500,""realized_pnl"":""0.00"",""stale_trade_days"":0,""ts_code"":""603308.SH""}",e05d98ede4f0a35a482315ac8338dd6a8ad7906b08613820180f5b9515df63bb,docker-top20-backfill
fdfe0620ffa136878cc1,104b44ee787ab62438b0,2026-07-26T15:56:34.507108+00:00,model_top20,20260722,13,POSITION,20260722:603699.SH,c84a80351f1e7b22a5f5f7f6a56b3429edf191b5d541b5f874bbd7fffeddc064,603699.SH,,600,,,,,600,"{""close"":""41.53"",""cost_basis"":""24757.68"",""market_value"":""24918.00"",""price_date"":""20260722"",""quantity"":600,""realized_pnl"":""0.00"",""stale_trade_days"":0,""ts_code"":""603699.SH""}",6920ad3c3616a7d9bdc7e1311477bc2c3386065d6e6fc42a7ac340ead0f00b5c,docker-top20-backfill
609f5d6b3610949ff941,104b44ee787ab62438b0,2026-07-26T15:56:34.507108+00:00,model_top20,20260722,14,POSITION,20260722:605358.SH,c84a80351f1e7b22a5f5f7f6a56b3429edf191b5d541b5f874bbd7fffeddc064,605358.SH,,500,,,,,500,"{""close"":""43.28"",""cost_basis"":""24882.71"",""market_value"":""21640.00"",""price_date"":""20260722"",""quantity"":500,""realized_pnl"":""0.00"",""stale_trade_days"":0,""ts_code"":""605358.SH""}",1f89ef68449f48a0c5426e5d5a87157a1fe696e92529433ad41af330da44d7f1,docker-top20-backfill
ca57433352769f59cb15,104b44ee787ab62438b0,2026-07-26T15:56:34.507108+00:00,model_top20,20260722,15,POSITION,20260722:688234.SH,c84a80351f1e7b22a5f5f7f6a56b3429edf191b5d541b5f874bbd7fffeddc064,688234.SH,,207,,,,,207,"{""close"":""99.47"",""cost_basis"":""24889.11"",""market_value"":""20590.29"",""price_date"":""20260722"",""quantity"":207,""realized_pnl"":""0.00"",""stale_trade_days"":0,""ts_code"":""688234.SH""}",9321ee6029a109ea53f97d6ca740646429e083c9ceaedfe966e3aefacae985d2,docker-top20-backfill
0a503312aa496cacfa7a,104b44ee787ab62438b0,2026-07-26T15:56:34.507108+00:00,model_top20,20260722,16,POSITION,20260722:688396.SH,c84a80351f1e7b22a5f5f7f6a56b3429edf191b5d541b5f874bbd7fffeddc064,688396.SH,,385,,,,,385,"{""close"":""63.1"",""cost_basis"":""24990.39"",""market_value"":""24293.50"",""price_date"":""20260722"",""quantity"":385,""realized_pnl"":""0.00"",""stale_trade_days"":0,""ts_code"":""688396.SH""}",80b1be74cb93221e0c87ea6ef0cf31d03de2c4969110deb2b151f3ec38635cfe,docker-top20-backfill
500ee78fb4077ac34a4c,104b44ee787ab62438b0,2026-07-26T15:56:34.507108+00:00,model_top20,20260722,17,POSITION,20260722:688469.SH,c84a80351f1e7b22a5f5f7f6a56b3429edf191b5d541b5f874bbd7fffeddc064,688469.SH,,3401,,,,,3401,"{""close"":""7.84"",""cost_basis"":""25005.10"",""market_value"":""26663.84"",""price_date"":""20260722"",""quantity"":3401,""realized_pnl"":""0.00"",""stale_trade_days"":0,""ts_code"":""688469.SH""}",19476e039f806a2c4b89a79ff732395fb8f403c0085b585723f56b92d8130e88,docker-top20-backfill
689651a2376cb819194a,104b44ee787ab62438b0,2026-07-26T15:56:34.507108+00:00,model_top20,20260722,18,POSITION,20260722:688582.SH,c84a80351f1e7b22a5f5f7f6a56b3429edf191b5d541b5f874bbd7fffeddc064,688582.SH,,570,,,,,570,"{""close"":""39.0"",""cost_basis"":""24973.74"",""market_value"":""22230.00"",""price_date"":""20260722"",""quantity"":570,""realized_pnl"":""0.00"",""stale_trade_days"":0,""ts_code"":""688582.SH""}",9a220d1741c6f1c5e27d4526e36cbf313bc1a2e8de46d5629a4fcb7d49489dcb,docker-top20-backfill
c24933a51fa2619d9112,104b44ee787ab62438b0,2026-07-26T15:56:34.507108+00:00,model_top20,20260722,19,CASH,20260722,c84a80351f1e7b22a5f5f7f6a56b3429edf191b5d541b5f874bbd7fffeddc064,,,,,,,78843.07,,"{""cash"":""78843.07""}",3e30b4a29dd24fb4cfecb43e3b44f93274ad543e4da62b48008787e110946908,docker-top20-backfill
08cd80c8c95f8e5eb8ca,104b44ee787ab62438b0,2026-07-26T15:56:34.507108+00:00,model_top20,20260722,20,NAV,20260722,c84a80351f1e7b22a5f5f7f6a56b3429edf191b5d541b5f874bbd7fffeddc064,,,,,,,78843.07,,"{""benchmark_nav"":""1.003577112157832567159918366"",""cash"":""78843.07"",""cash_ratio"":""0.1680416387727129249125669748"",""cumulative_dividends"":""48.00"",""cumulative_fees"":""130.53"",""daily_fees"":""0.00"",""drawdown"":""-0.0616246"",""equation_difference"":""0.00"",""freshness_status"":""PASS"",""market_value"":""390344.63"",""net_asset"":""469187.70"",""net_excess"":""-0.065201712157832567159918366"",""normalized_nav"":""0.9383754"",""positions"":[{""close"":""15.6"",""cost_basis"":""24185.49"",""market_value"":""21840.00"",""price_date"":""20260722"",""quantity"":1400,""realized_pnl"":""0.00"",""stale_trade_days"":0,""ts_code"":""000032.SZ""},{""close"":""104.93"",""cost_basis"":""21506.67"",""market_value"":""20986.00"",""price_date"":""20260722"",""quantity"":200,""realized_pnl"":""0.00"",""stale_trade_days"":0,""ts_code"":""002008.SZ""},{""close"":""43.84"",""cost_basis"":""22446.95"",""market_value"":""21920.00"",""price_date"":""20260722"",""quantity"":500,""realized_pnl"":""0.00"",""stale_trade_days"":0,""ts_code"":""002138.SZ""},{""close"":""29.78"",""cost_basis"":""22336.92"",""market_value"":""20846.00"",""price_date"":""20260722"",""quantity"":700,""realized_pnl"":""0.00"",""stale_trade_days"":0,""ts_code"":""002407.SZ""},{""close"":""75.55"",""cost_basis"":""21870.78"",""market_value"":""22665.00"",""price_date"":""20260722"",""quantity"":300,""realized_pnl"":""0.00"",""stale_trade_days"":0,""ts_code"":""300054.SZ""},{""close"":""64.38"",""cost_basis"":""23275.21"",""market_value"":""19314.00"",""price_date"":""20260722"",""quantity"":300,""realized_pnl"":""0.00"",""stale_trade_days"":0,""ts_code"":""300136.SZ""},{""close"":""55.36"",""cost_basis"":""24955.73"",""market_value"":""22144.00"",""price_date"":""20260722"",""quantity"":400,""realized_pnl"":""0.00"",""stale_trade_days"":0,""ts_code"":""300346.SZ""},{""close"":""96.3"",""cost_basis"":""20606.39"",""market_value"":""19260.00"",""price_date"":""20260722"",""quantity"":200,""realized_pnl"":""0.00"",""stale_trade_days"":0,""ts_code"":""300373.SZ""},{""close"":""166.6"",""cost_basis"":""20145.24"",""market_value"":""16660.00"",""price_date"":""20260722"",""quantity"":100,""realized_pnl"":""0.00"",""stale_trade_days"":0,""ts_code"":""300475.SZ""},{""close"":""33.19"",""cost_basis"":""21666.72"",""market_value"":""19914.00"",""price_date"":""20260722"",""quantity"":600,""realized_pnl"":""0.00"",""stale_trade_days"":0,""ts_code"":""600460.SH""},{""close"":""9.07"",""cost_basis"":""24707.66"",""market_value"":""22675.00"",""price_date"":""20260722"",""quantity"":2500,""realized_pnl"":""0.00"",""stale_trade_days"":0,""ts_code"":""600707.SH""},{""close"":""43.57"",""cost_basis"":""24002.44"",""market_value"":""21785.00"",""price_date"":""20260722"",""quantity"":500,""realized_pnl"":""0.00"",""stale_trade_days"":0,""ts_code"":""603308.SH""},{""close"":""41.53"",""cost_basis"":""24757.68"",""market_value"":""24918.00"",""price_date"":""20260722"",""quantity"":600,""realized_pnl"":""0.00"",""stale_trade_days"":0,""ts_code"":""603699.SH""},{""close"":""43.28"",""cost_basis"":""24882.71"",""market_value"":""21640.00"",""price_date"":""20260722"",""quantity"":500,""realized_pnl"":""0.00"",""stale_trade_days"":0,""ts_code"":""605358.SH""},{""close"":""99.47"",""cost_basis"":""24889.11"",""market_value"":""20590.29"",""price_date"":""20260722"",""quantity"":207,""realized_pnl"":""0.00"",""stale_trade_days"":0,""ts_code"":""688234.SH""},{""close"":""63.1"",""cost_basis"":""24990.39"",""market_value"":""24293.50"",""price_date"":""20260722"",""quantity"":385,""realized_pnl"":""0.00"",""stale_trade_days"":0,""ts_code"":""688396.SH""},{""close"":""7.84"",""cost_basis"":""25005.10"",""market_value"":""26663.84"",""price_date"":""20260722"",""quantity"":3401,""realized_pnl"":""0.00"",""stale_trade_days"":0,""ts_code"":""688469.SH""},{""close"":""39.0"",""cost_basis"":""24973.74"",""market_value"":""22230.00"",""price_date"":""20260722"",""quantity"":570,""realized_pnl"":""0.00"",""stale_trade_days"":0,""ts_code"":""688582.SH""}],""trade_date"":""20260722"",""turnover"":""0""}",091e961c981f6ec65fc50cba9a3af041a3120d3de4b9e227dc141fa4226a1b87,docker-top20-backfill
daad86c59500d5640c92,051e2343e60bccf9d9d8,2026-07-26T15:56:36.895931+00:00,model_top20,20260723,1,POSITION,20260723:000032.SZ,3eef24f0d52ce08a220ea2be20ec37df9d8b0f2a577f322c607660851f7fd512,000032.SZ,,1400,,,,,1400,"{""close"":""14.92"",""cost_basis"":""24185.49"",""market_value"":""20888.00"",""price_date"":""20260723"",""quantity"":1400,""realized_pnl"":""0.00"",""stale_trade_days"":0,""ts_code"":""000032.SZ""}",3fe2cb94acdaa689135b288d1cdd02493c49462c570b93d7e9bd37cda7df2106,docker-top20-backfill
5ded692a5aadaa397ee5,051e2343e60bccf9d9d8,2026-07-26T15:56:36.895931+00:00,model_top20,20260723,2,POSITION,20260723:002008.SZ,3eef24f0d52ce08a220ea2be20ec37df9d8b0f2a577f322c607660851f7fd512,002008.SZ,,200,,,,,200,"{""close"":""105.3"",""cost_basis"":""21506.67"",""market_value"":""21060.00"",""price_date"":""20260723"",""quantity"":200,""realized_pnl"":""0.00"",""stale_trade_days"":0,""ts_code"":""002008.SZ""}",9891ca91a05ab1696f9896a78f3b390ed715d1d646711b69e04f731fdb507a24,docker-top20-backfill
7c05e14fbe947bea55f4,051e2343e60bccf9d9d8,2026-07-26T15:56:36.895931+00:00,model_top20,20260723,3,POSITION,20260723:002138.SZ,3eef24f0d52ce08a220ea2be20ec37df9d8b0f2a577f322c607660851f7fd512,002138.SZ,,500,,,,,500,"{""close"":""43.44"",""cost_basis"":""22446.95"",""market_value"":""21720.00"",""price_date"":""20260723"",""quantity"":500,""realized_pnl"":""0.00"",""stale_trade_days"":0,""ts_code"":""002138.SZ""}",00a969fd7cad2acefe47f43f5394e875d6fa975a46fd4439364873bfa137c12f,docker-top20-backfill
2e019b9dc33743edb166,051e2343e60bccf9d9d8,2026-07-26T15:56:36.895931+00:00,model_top20,20260723,4,POSITION,20260723:002407.SZ,3eef24f0d52ce08a220ea2be20ec37df9d8b0f2a577f322c607660851f7fd512,002407.SZ,,700,,,,,700,"{""close"":""30.48"",""cost_basis"":""22336.92"",""market_value"":""21336.00"",""price_date"":""20260723"",""quantity"":700,""realized_pnl"":""0.00"",""stale_trade_days"":0,""ts_code"":""002407.SZ""}",8074cac9d37ef380d56771f9e6c23e599d8d8a04d87db0fb5ed8068fadf0361f,docker-top20-backfill
bd5a1aedfe42ddc3b77f,051e2343e60bccf9d9d8,2026-07-26T15:56:36.895931+00:00,model_top20,20260723,5,POSITION,20260723:300054.SZ,3eef24f0d52ce08a220ea2be20ec37df9d8b0f2a577f322c607660851f7fd512,300054.SZ,,300,,,,,300,"{""close"":""72.42"",""cost_basis"":""21870.78"",""market_value"":""21726.00"",""price_date"":""20260723"",""quantity"":300,""realized_pnl"":""0.00"",""stale_trade_days"":0,""ts_code"":""300054.SZ""}",1fbc472d282deafc49d30864a98fe727296313122d151d78cef8d793f4582fbe,docker-top20-backfill
8e5ee2dda010a661e666,051e2343e60bccf9d9d8,2026-07-26T15:56:36.895931+00:00,model_top20,20260723,6,POSITION,20260723:300136.SZ,3eef24f0d52ce08a220ea2be20ec37df9d8b0f2a577f322c607660851f7fd512,300136.SZ,,300,,,,,300,"{""close"":""66.48"",""cost_basis"":""23275.21"",""market_value"":""19944.00"",""price_date"":""20260723"",""quantity"":300,""realized_pnl"":""0.00"",""stale_trade_days"":0,""ts_code"":""300136.SZ""}",d8504cb9fb428dfc485efc7b79aa0c22bb7a5bc951aaf297c23b52bbf980adb1,docker-top20-backfill
5fe3bfd3c0d74e8359c5,051e2343e60bccf9d9d8,2026-07-26T15:56:36.895931+00:00,model_top20,20260723,7,POSITION,20260723:300346.SZ,3eef24f0d52ce08a220ea2be20ec37df9d8b0f2a577f322c607660851f7fd512,300346.SZ,,400,,,,,400,"{""close"":""53.86"",""cost_basis"":""24955.73"",""market_value"":""21544.00"",""price_date"":""20260723"",""quantity"":400,""realized_pnl"":""0.00"",""stale_trade_days"":0,""ts_code"":""300346.SZ""}",509bffada28072d6af22133c6fe0c4a8fcbb6c77f6eeb321838c68fdb6ea6380,docker-top20-backfill
7fba07e5b53f3a839d0c,051e2343e60bccf9d9d8,2026-07-26T15:56:36.895931+00:00,model_top20,20260723,8,POSITION,20260723:300373.SZ,3eef24f0d52ce08a220ea2be20ec37df9d8b0f2a577f322c607660851f7fd512,300373.SZ,,200,,,,,200,"{""close"":""93.14"",""cost_basis"":""20606.39"",""market_value"":""18628.00"",""price_date"":""20260723"",""quantity"":200,""realized_pnl"":""0.00"",""stale_trade_days"":0,""ts_code"":""300373.SZ""}",dcc6a89caf710cab252453abfd5be80e386bd76f930715c4fb4fef8fe4938c28,docker-top20-backfill
55c9ccfcf4f44ab331ca,051e2343e60bccf9d9d8,2026-07-26T15:56:36.895931+00:00,model_top20,20260723,9,POSITION,20260723:300475.SZ,3eef24f0d52ce08a220ea2be20ec37df9d8b0f2a577f322c607660851f7fd512,300475.SZ,,100,,,,,100,"{""close"":""163.02"",""cost_basis"":""20145.24"",""market_value"":""16302.00"",""price_date"":""20260723"",""quantity"":100,""realized_pnl"":""0.00"",""stale_trade_days"":0,""ts_code"":""300475.SZ""}",e2c6e0caa4b2341382992719fa48321932ba2d6f5229aa9cc4ae35bc43f8e24c,docker-top20-backfill
beb9bbe099c4e5be1fbc,051e2343e60bccf9d9d8,2026-07-26T15:56:36.895931+00:00,model_top20,20260723,10,POSITION,20260723:600460.SH,3eef24f0d52ce08a220ea2be20ec37df9d8b0f2a577f322c607660851f7fd512,600460.SH,,600,,,,,600,"{""close"":""32.22"",""cost_basis"":""21666.72"",""market_value"":""19332.00"",""price_date"":""20260723"",""quantity"":600,""realized_pnl"":""0.00"",""stale_trade_days"":0,""ts_code"":""600460.SH""}",918241852127197043f8a5facffd9b264c9f4b6cc24c8b80998a4ec2fc04220e,docker-top20-backfill
dbaf32f1e07de27e6c69,051e2343e60bccf9d9d8,2026-07-26T15:56:36.895931+00:00,model_top20,20260723,11,POSITION,20260723:600707.SH,3eef24f0d52ce08a220ea2be20ec37df9d8b0f2a577f322c607660851f7fd512,600707.SH,,2500,,,,,2500,"{""close"":""9.02"",""cost_basis"":""24707.66"",""market_value"":""22550.00"",""price_date"":""20260723"",""quantity"":2500,""realized_pnl"":""0.00"",""stale_trade_days"":0,""ts_code"":""600707.SH""}",09d8f2bf6ab294137dfe6df1214b0beb72256227e25fa7f956dedc93ca79bf56,docker-top20-backfill
8db4a3246f9a75dd16fc,051e2343e60bccf9d9d8,2026-07-26T15:56:36.895931+00:00,model_top20,20260723,12,POSITION,20260723:603308.SH,3eef24f0d52ce08a220ea2be20ec37df9d8b0f2a577f322c607660851f7fd512,603308.SH,,500,,,,,500,"{""close"":""45.31"",""cost_basis"":""24002.44"",""market_value"":""22655.00"",""price_date"":""20260723"",""quantity"":500,""realized_pnl"":""0.00"",""stale_trade_days"":0,""ts_code"":""603308.SH""}",1b33ff35a80a2286cdbe4f2803d5b26634aec42e6ecd171a08de3dbacc727f4c,docker-top20-backfill
d449f4f69adb03c8c4d7,051e2343e60bccf9d9d8,2026-07-26T15:56:36.895931+00:00,model_top20,20260723,13,POSITION,20260723:603699.SH,3eef24f0d52ce08a220ea2be20ec37df9d8b0f2a577f322c607660851f7fd512,603699.SH,,600,,,,,600,"{""close"":""43.19"",""cost_basis"":""24757.68"",""market_value"":""25914.00"",""price_date"":""20260723"",""quantity"":600,""realized_pnl"":""0.00"",""stale_trade_days"":0,""ts_code"":""603699.SH""}",47859c78ca1dced2fe5921addb46e7290f45234d2f090112f11be99861bafe77,docker-top20-backfill
ce3ee22f37b435e53f00,051e2343e60bccf9d9d8,2026-07-26T15:56:36.895931+00:00,model_top20,20260723,14,POSITION,20260723:605358.SH,3eef24f0d52ce08a220ea2be20ec37df9d8b0f2a577f322c607660851f7fd512,605358.SH,,500,,,,,500,"{""close"":""42.89"",""cost_basis"":""24882.71"",""market_value"":""21445.00"",""price_date"":""20260723"",""quantity"":500,""realized_pnl"":""0.00"",""stale_trade_days"":0,""ts_code"":""605358.SH""}",be21a69ed312d15fb3ca1a94b9b50ab6834f5b2aed076118672cf62442983e46,docker-top20-backfill
639872255361b79a7712,051e2343e60bccf9d9d8,2026-07-26T15:56:36.895931+00:00,model_top20,20260723,15,POSITION,20260723:688234.SH,3eef24f0d52ce08a220ea2be20ec37df9d8b0f2a577f322c607660851f7fd512,688234.SH,,207,,,,,207,"{""close"":""97.32"",""cost_basis"":""24889.11"",""market_value"":""20145.24"",""price_date"":""20260723"",""quantity"":207,""realized_pnl"":""0.00"",""stale_trade_days"":0,""ts_code"":""688234.SH""}",9f26291edba97c821f494d709b6fb8d3a82e996cad2a4b19d498f21c59e613f0,docker-top20-backfill
3506ec414af902871e2f,051e2343e60bccf9d9d8,2026-07-26T15:56:36.895931+00:00,model_top20,20260723,16,POSITION,20260723:688396.SH,3eef24f0d52ce08a220ea2be20ec37df9d8b0f2a577f322c607660851f7fd512,688396.SH,,385,,,,,385,"{""close"":""61.12"",""cost_basis"":""24990.39"",""market_value"":""23531.20"",""price_date"":""20260723"",""quantity"":385,""realized_pnl"":""0.00"",""stale_trade_days"":0,""ts_code"":""688396.SH""}",e582f7f585e541718aa03f6f5bb0075cce81bc039167fe76273887d45cc66cd2,docker-top20-backfill
8cc17f180f56317bdc89,051e2343e60bccf9d9d8,2026-07-26T15:56:36.895931+00:00,model_top20,20260723,17,POSITION,20260723:688469.SH,3eef24f0d52ce08a220ea2be20ec37df9d8b0f2a577f322c607660851f7fd512,688469.SH,,3401,,,,,3401,"{""close"":""7.65"",""cost_basis"":""25005.10"",""market_value"":""26017.65"",""price_date"":""20260723"",""quantity"":3401,""realized_pnl"":""0.00"",""stale_trade_days"":0,""ts_code"":""688469.SH""}",e6bce6eddeded3cb4e32bd3f164107f5b4bdedb2330bc3d5636007b97bc6efde,docker-top20-backfill
7309526feba90577c031,051e2343e60bccf9d9d8,2026-07-26T15:56:36.895931+00:00,model_top20,20260723,18,POSITION,20260723:688582.SH,3eef24f0d52ce08a220ea2be20ec37df9d8b0f2a577f322c607660851f7fd512,688582.SH,,570,,,,,570,"{""close"":""37.62"",""cost_basis"":""24973.74"",""market_value"":""21443.40"",""price_date"":""20260723"",""quantity"":570,""realized_pnl"":""0.00"",""stale_trade_days"":0,""ts_code"":""688582.SH""}",3bedeba2e8191e45d878a78c5f4ceaa93d551109cc7099cebde070e6b38233cc,docker-top20-backfill
7672e4283eb146121c87,051e2343e60bccf9d9d8,2026-07-26T15:56:36.895931+00:00,model_top20,20260723,19,CASH,20260723,3eef24f0d52ce08a220ea2be20ec37df9d8b0f2a577f322c607660851f7fd512,,,,,,,78843.07,,"{""cash"":""78843.07""}",3e30b4a29dd24fb4cfecb43e3b44f93274ad543e4da62b48008787e110946908,docker-top20-backfill
a5a211e5445a10596611,051e2343e60bccf9d9d8,2026-07-26T15:56:36.895931+00:00,model_top20,20260723,20,NAV,20260723,3eef24f0d52ce08a220ea2be20ec37df9d8b0f2a577f322c607660851f7fd512,,,,,,,78843.07,,"{""benchmark_nav"":""1.004659875223296273687467360"",""cash"":""78843.07"",""cash_ratio"":""0.1695460342997797793733733117"",""cumulative_dividends"":""48.00"",""cumulative_fees"":""130.53"",""daily_fees"":""0.00"",""drawdown"":""-0.06995088"",""equation_difference"":""0.00"",""freshness_status"":""PASS"",""market_value"":""386181.49"",""net_asset"":""465024.56"",""net_excess"":""-0.074610755223296273687467360"",""normalized_nav"":""0.93004912"",""positions"":[{""close"":""14.92"",""cost_basis"":""24185.49"",""market_value"":""20888.00"",""price_date"":""20260723"",""quantity"":1400,""realized_pnl"":""0.00"",""stale_trade_days"":0,""ts_code"":""000032.SZ""},{""close"":""105.3"",""cost_basis"":""21506.67"",""market_value"":""21060.00"",""price_date"":""20260723"",""quantity"":200,""realized_pnl"":""0.00"",""stale_trade_days"":0,""ts_code"":""002008.SZ""},{""close"":""43.44"",""cost_basis"":""22446.95"",""market_value"":""21720.00"",""price_date"":""20260723"",""quantity"":500,""realized_pnl"":""0.00"",""stale_trade_days"":0,""ts_code"":""002138.SZ""},{""close"":""30.48"",""cost_basis"":""22336.92"",""market_value"":""21336.00"",""price_date"":""20260723"",""quantity"":700,""realized_pnl"":""0.00"",""stale_trade_days"":0,""ts_code"":""002407.SZ""},{""close"":""72.42"",""cost_basis"":""21870.78"",""market_value"":""21726.00"",""price_date"":""20260723"",""quantity"":300,""realized_pnl"":""0.00"",""stale_trade_days"":0,""ts_code"":""300054.SZ""},{""close"":""66.48"",""cost_basis"":""23275.21"",""market_value"":""19944.00"",""price_date"":""20260723"",""quantity"":300,""realized_pnl"":""0.00"",""stale_trade_days"":0,""ts_code"":""300136.SZ""},{""close"":""53.86"",""cost_basis"":""24955.73"",""market_value"":""21544.00"",""price_date"":""20260723"",""quantity"":400,""realized_pnl"":""0.00"",""stale_trade_days"":0,""ts_code"":""300346.SZ""},{""close"":""93.14"",""cost_basis"":""20606.39"",""market_value"":""18628.00"",""price_date"":""20260723"",""quantity"":200,""realized_pnl"":""0.00"",""stale_trade_days"":0,""ts_code"":""300373.SZ""},{""close"":""163.02"",""cost_basis"":""20145.24"",""market_value"":""16302.00"",""price_date"":""20260723"",""quantity"":100,""realized_pnl"":""0.00"",""stale_trade_days"":0,""ts_code"":""300475.SZ""},{""close"":""32.22"",""cost_basis"":""21666.72"",""market_value"":""19332.00"",""price_date"":""20260723"",""quantity"":600,""realized_pnl"":""0.00"",""stale_trade_days"":0,""ts_code"":""600460.SH""},{""close"":""9.02"",""cost_basis"":""24707.66"",""market_value"":""22550.00"",""price_date"":""20260723"",""quantity"":2500,""realized_pnl"":""0.00"",""stale_trade_days"":0,""ts_code"":""600707.SH""},{""close"":""45.31"",""cost_basis"":""24002.44"",""market_value"":""22655.00"",""price_date"":""20260723"",""quantity"":500,""realized_pnl"":""0.00"",""stale_trade_days"":0,""ts_code"":""603308.SH""},{""close"":""43.19"",""cost_basis"":""24757.68"",""market_value"":""25914.00"",""price_date"":""20260723"",""quantity"":600,""realized_pnl"":""0.00"",""stale_trade_days"":0,""ts_code"":""603699.SH""},{""close"":""42.89"",""cost_basis"":""24882.71"",""market_value"":""21445.00"",""price_date"":""20260723"",""quantity"":500,""realized_pnl"":""0.00"",""stale_trade_days"":0,""ts_code"":""605358.SH""},{""close"":""97.32"",""cost_basis"":""24889.11"",""market_value"":""20145.24"",""price_date"":""20260723"",""quantity"":207,""realized_pnl"":""0.00"",""stale_trade_days"":0,""ts_code"":""688234.SH""},{""close"":""61.12"",""cost_basis"":""24990.39"",""market_value"":""23531.20"",""price_date"":""20260723"",""quantity"":385,""realized_pnl"":""0.00"",""stale_trade_days"":0,""ts_code"":""688396.SH""},{""close"":""7.65"",""cost_basis"":""25005.10"",""market_value"":""26017.65"",""price_date"":""20260723"",""quantity"":3401,""realized_pnl"":""0.00"",""stale_trade_days"":0,""ts_code"":""688469.SH""},{""close"":""37.62"",""cost_basis"":""24973.74"",""market_value"":""21443.40"",""price_date"":""20260723"",""quantity"":570,""realized_pnl"":""0.00"",""stale_trade_days"":0,""ts_code"":""688582.SH""}],""trade_date"":""20260723"",""turnover"":""0""}",6e0cd5c08bce777397eae3f28de1c5e1a5c1950f7ec1349b0a4e0e96878ee9ee,docker-top20-backfill
ff4b2af2effc0e3ffaf8,f821e3b574496cb5fcae,2026-07-26T15:56:39.181723+00:00,model_top20,20260724,1,POSITION,20260724:000032.SZ,cb092b2143335da11463b34c5b75c3a5b1d2e99142272d69b6c05bb88ae79b1e,000032.SZ,,1400,,,,,1400,"{""close"":""14.15"",""cost_basis"":""24185.49"",""market_value"":""19810.00"",""price_date"":""20260724"",""quantity"":1400,""realized_pnl"":""0.00"",""stale_trade_days"":0,""ts_code"":""000032.SZ""}",93b14d473abb2a00cf97666aee05f70bc14178943a11674d2a56d63aa6cba355,docker-top20-backfill
bfd76c994412d2857895,f821e3b574496cb5fcae,2026-07-26T15:56:39.181723+00:00,model_top20,20260724,2,POSITION,20260724:002008.SZ,cb092b2143335da11463b34c5b75c3a5b1d2e99142272d69b6c05bb88ae79b1e,002008.SZ,,200,,,,,200,"{""close"":""101.76"",""cost_basis"":""21506.67"",""market_value"":""20352.00"",""price_date"":""20260724"",""quantity"":200,""realized_pnl"":""0.00"",""stale_trade_days"":0,""ts_code"":""002008.SZ""}",f20fce31e53526f39fd355ce83c4bbed5288c6aafd7c61df64eb480145cde67c,docker-top20-backfill
65303403cbe647ac227b,f821e3b574496cb5fcae,2026-07-26T15:56:39.181723+00:00,model_top20,20260724,3,POSITION,20260724:002138.SZ,cb092b2143335da11463b34c5b75c3a5b1d2e99142272d69b6c05bb88ae79b1e,002138.SZ,,500,,,,,500,"{""close"":""42.11"",""cost_basis"":""22446.95"",""market_value"":""21055.00"",""price_date"":""20260724"",""quantity"":500,""realized_pnl"":""0.00"",""stale_trade_days"":0,""ts_code"":""002138.SZ""}",814f90347e21194537ed934c85cf547b0935bf72b927f38bcaea2e853c1c6f9d,docker-top20-backfill
44f7fea94a90b3237304,f821e3b574496cb5fcae,2026-07-26T15:56:39.181723+00:00,model_top20,20260724,4,POSITION,20260724:002407.SZ,cb092b2143335da11463b34c5b75c3a5b1d2e99142272d69b6c05bb88ae79b1e,002407.SZ,,700,,,,,700,"{""close"":""30.52"",""cost_basis"":""22336.92"",""market_value"":""21364.00"",""price_date"":""20260724"",""quantity"":700,""realized_pnl"":""0.00"",""stale_trade_days"":0,""ts_code"":""002407.SZ""}",cd30cbf26e2fe0a073d42e3ad1cfa983460a6b8b2f09ccd7d960bb5ed6c25550,docker-top20-backfill
b80b6c98825ef11e506f,f821e3b574496cb5fcae,2026-07-26T15:56:39.181723+00:00,model_top20,20260724,5,POSITION,20260724:300054.SZ,cb092b2143335da11463b34c5b75c3a5b1d2e99142272d69b6c05bb88ae79b1e,300054.SZ,,300,,,,,300,"{""close"":""73.79"",""cost_basis"":""21870.78"",""market_value"":""22137.00"",""price_date"":""20260724"",""quantity"":300,""realized_pnl"":""0.00"",""stale_trade_days"":0,""ts_code"":""300054.SZ""}",04d3c659d35d3ec6a9563584181ec16fb098cd32681d89be8221781a36a5e703,docker-top20-backfill
a4be63c8fac6c5e6913f,f821e3b574496cb5fcae,2026-07-26T15:56:39.181723+00:00,model_top20,20260724,6,POSITION,20260724:300136.SZ,cb092b2143335da11463b34c5b75c3a5b1d2e99142272d69b6c05bb88ae79b1e,300136.SZ,,300,,,,,300,"{""close"":""62.57"",""cost_basis"":""23275.21"",""market_value"":""18771.00"",""price_date"":""20260724"",""quantity"":300,""realized_pnl"":""0.00"",""stale_trade_days"":0,""ts_code"":""300136.SZ""}",9c7d6638c722a66e44cd6d183b9cffcdf0337743808a72b570a1b730f785d8c6,docker-top20-backfill
980b3d0f4e33d9d812d4,f821e3b574496cb5fcae,2026-07-26T15:56:39.181723+00:00,model_top20,20260724,7,POSITION,20260724:300346.SZ,cb092b2143335da11463b34c5b75c3a5b1d2e99142272d69b6c05bb88ae79b1e,300346.SZ,,400,,,,,400,"{""close"":""53.6"",""cost_basis"":""24955.73"",""market_value"":""21440.00"",""price_date"":""20260724"",""quantity"":400,""realized_pnl"":""0.00"",""stale_trade_days"":0,""ts_code"":""300346.SZ""}",108cf199339ae30b63b847b0deff473fe458e0fe98234c1131a280ec284085c4,docker-top20-backfill
eb1692cd94d169bce3bc,f821e3b574496cb5fcae,2026-07-26T15:56:39.181723+00:00,model_top20,20260724,8,POSITION,20260724:300373.SZ,cb092b2143335da11463b34c5b75c3a5b1d2e99142272d69b6c05bb88ae79b1e,300373.SZ,,200,,,,,200,"{""close"":""90.6"",""cost_basis"":""20606.39"",""market_value"":""18120.00"",""price_date"":""20260724"",""quantity"":200,""realized_pnl"":""0.00"",""stale_trade_days"":0,""ts_code"":""300373.SZ""}",7f4308246fcd30fe95a4d438bde8bad79eda660ee329cefbc7bf87c6f3e4cfea,docker-top20-backfill
1d675c3c9672de4f9221,f821e3b574496cb5fcae,2026-07-26T15:56:39.181723+00:00,model_top20,20260724,9,POSITION,20260724:300475.SZ,cb092b2143335da11463b34c5b75c3a5b1d2e99142272d69b6c05bb88ae79b1e,300475.SZ,,100,,,,,100,"{""close"":""161.59"",""cost_basis"":""20145.24"",""market_value"":""16159.00"",""price_date"":""20260724"",""quantity"":100,""realized_pnl"":""0.00"",""stale_trade_days"":0,""ts_code"":""300475.SZ""}",45c85178d83a0bd52b0089aa37c0c0b01060f67b1fb9106fed3bfb69d12ad295,docker-top20-backfill
49a61571e2a112de0721,f821e3b574496cb5fcae,2026-07-26T15:56:39.181723+00:00,model_top20,20260724,10,POSITION,20260724:600460.SH,cb092b2143335da11463b34c5b75c3a5b1d2e99142272d69b6c05bb88ae79b1e,600460.SH,,600,,,,,600,"{""close"":""31.57"",""cost_basis"":""21666.72"",""market_value"":""18942.00"",""price_date"":""20260724"",""quantity"":600,""realized_pnl"":""0.00"",""stale_trade_days"":0,""ts_code"":""600460.SH""}",3bae20acf501c5696cb73320fcabeb3f25c93dbccf6b3ae74a9dae6fc114c7da,docker-top20-backfill
b559976ac701cbad2383,f821e3b574496cb5fcae,2026-07-26T15:56:39.181723+00:00,model_top20,20260724,11,POSITION,20260724:600707.SH,cb092b2143335da11463b34c5b75c3a5b1d2e99142272d69b6c05bb88ae79b1e,600707.SH,,2500,,,,,2500,"{""close"":""8.68"",""cost_basis"":""24707.66"",""market_value"":""21700.00"",""price_date"":""20260724"",""quantity"":2500,""realized_pnl"":""0.00"",""stale_trade_days"":0,""ts_code"":""600707.SH""}",62b8e842ce5e1a1707bcfc609b1a8b8ded51813aa833ffcb8c442d643dad97af,docker-top20-backfill
661f6f02691e7cf3782c,f821e3b574496cb5fcae,2026-07-26T15:56:39.181723+00:00,model_top20,20260724,12,POSITION,20260724:603308.SH,cb092b2143335da11463b34c5b75c3a5b1d2e99142272d69b6c05bb88ae79b1e,603308.SH,,500,,,,,500,"{""close"":""44.1"",""cost_basis"":""24002.44"",""market_value"":""22050.00"",""price_date"":""20260724"",""quantity"":500,""realized_pnl"":""0.00"",""stale_trade_days"":0,""ts_code"":""603308.SH""}",2ab71ebab4a747e9172f51e1cdf2a1dba7d5a733d4d98732d7c00a43813fc43b,docker-top20-backfill
1b3e30385ab5a3312f8e,f821e3b574496cb5fcae,2026-07-26T15:56:39.181723+00:00,model_top20,20260724,13,POSITION,20260724:603699.SH,cb092b2143335da11463b34c5b75c3a5b1d2e99142272d69b6c05bb88ae79b1e,603699.SH,,600,,,,,600,"{""close"":""41.81"",""cost_basis"":""24757.68"",""market_value"":""25086.00"",""price_date"":""20260724"",""quantity"":600,""realized_pnl"":""0.00"",""stale_trade_days"":0,""ts_code"":""603699.SH""}",43c5089dd6d979cd1c64cc0c32d87980546033375e2ac2baacbab2fbc06a4266,docker-top20-backfill
2dbd6adf4529bc3fc55f,f821e3b574496cb5fcae,2026-07-26T15:56:39.181723+00:00,model_top20,20260724,14,POSITION,20260724:605358.SH,cb092b2143335da11463b34c5b75c3a5b1d2e99142272d69b6c05bb88ae79b1e,605358.SH,,500,,,,,500,"{""close"":""41.75"",""cost_basis"":""24882.71"",""market_value"":""20875.00"",""price_date"":""20260724"",""quantity"":500,""realized_pnl"":""0.00"",""stale_trade_days"":0,""ts_code"":""605358.SH""}",f3d179c54fd2d869eaca1e331ac9c7e46052258ee88500c66881a0646cf465be,docker-top20-backfill
207222e510dd4d5d1d1b,f821e3b574496cb5fcae,2026-07-26T15:56:39.181723+00:00,model_top20,20260724,15,POSITION,20260724:688234.SH,cb092b2143335da11463b34c5b75c3a5b1d2e99142272d69b6c05bb88ae79b1e,688234.SH,,207,,,,,207,"{""close"":""95.81"",""cost_basis"":""24889.11"",""market_value"":""19832.67"",""price_date"":""20260724"",""quantity"":207,""realized_pnl"":""0.00"",""stale_trade_days"":0,""ts_code"":""688234.SH""}",e030b2d883a3041aff3858bfab486125b3d746bb77ba2ed7da5ac43c9076e4d8,docker-top20-backfill
115e1b06de960c699100,f821e3b574496cb5fcae,2026-07-26T15:56:39.181723+00:00,model_top20,20260724,16,POSITION,20260724:688396.SH,cb092b2143335da11463b34c5b75c3a5b1d2e99142272d69b6c05bb88ae79b1e,688396.SH,,385,,,,,385,"{""close"":""60.4"",""cost_basis"":""24990.39"",""market_value"":""23254.00"",""price_date"":""20260724"",""quantity"":385,""realized_pnl"":""0.00"",""stale_trade_days"":0,""ts_code"":""688396.SH""}",3e5b36a8339addb588b71da7922f1758ebaf2ed18d011b1fe3ec90576e9f2e45,docker-top20-backfill
1cebf4102d8a983f2ee4,f821e3b574496cb5fcae,2026-07-26T15:56:39.181723+00:00,model_top20,20260724,17,POSITION,20260724:688469.SH,cb092b2143335da11463b34c5b75c3a5b1d2e99142272d69b6c05bb88ae79b1e,688469.SH,,3401,,,,,3401,"{""close"":""7.44"",""cost_basis"":""25005.10"",""market_value"":""25303.44"",""price_date"":""20260724"",""quantity"":3401,""realized_pnl"":""0.00"",""stale_trade_days"":0,""ts_code"":""688469.SH""}",748f5a4aa5b909112e532b1420e2e8c323a0e857e4d7b09ce2e1d7cfddb62e40,docker-top20-backfill
c7e46a9009d68189bbb3,f821e3b574496cb5fcae,2026-07-26T15:56:39.181723+00:00,model_top20,20260724,18,POSITION,20260724:688582.SH,cb092b2143335da11463b34c5b75c3a5b1d2e99142272d69b6c05bb88ae79b1e,688582.SH,,570,,,,,570,"{""close"":""36.61"",""cost_basis"":""24973.74"",""market_value"":""20867.70"",""price_date"":""20260724"",""quantity"":570,""realized_pnl"":""0.00"",""stale_trade_days"":0,""ts_code"":""688582.SH""}",77dc31d1da58fcbc61cb716e12407c47855efb4d232ab6a9b7a8169928ddb926,docker-top20-backfill
2895df00eae35a07d915,f821e3b574496cb5fcae,2026-07-26T15:56:39.181723+00:00,model_top20,20260724,19,CASH,20260724,cb092b2143335da11463b34c5b75c3a5b1d2e99142272d69b6c05bb88ae79b1e,,,,,,,78843.07,,"{""cash"":""78843.07""}",3e30b4a29dd24fb4cfecb43e3b44f93274ad543e4da62b48008787e110946908,docker-top20-backfill
cc8814406de4c01b43bd,f821e3b574496cb5fcae,2026-07-26T15:56:39.181723+00:00,model_top20,20260724,20,NAV,20260724,cb092b2143335da11463b34c5b75c3a5b1d2e99142272d69b6c05bb88ae79b1e,,,,,,,78843.07,,"{""benchmark_nav"":""0.9854111247658893260412062397"",""cash"":""78843.07"",""cash_ratio"":""0.1729159244628081628227342163"",""cumulative_dividends"":""48.00"",""cumulative_fees"":""130.53"",""daily_fees"":""0.00"",""drawdown"":""-0.08807624"",""equation_difference"":""0.00"",""freshness_status"":""PASS"",""market_value"":""377118.81"",""net_asset"":""455961.88"",""net_excess"":""-0.0734873647658893260412062397"",""normalized_nav"":""0.91192376"",""positions"":[{""close"":""14.15"",""cost_basis"":""24185.49"",""market_value"":""19810.00"",""price_date"":""20260724"",""quantity"":1400,""realized_pnl"":""0.00"",""stale_trade_days"":0,""ts_code"":""000032.SZ""},{""close"":""101.76"",""cost_basis"":""21506.67"",""market_value"":""20352.00"",""price_date"":""20260724"",""quantity"":200,""realized_pnl"":""0.00"",""stale_trade_days"":0,""ts_code"":""002008.SZ""},{""close"":""42.11"",""cost_basis"":""22446.95"",""market_value"":""21055.00"",""price_date"":""20260724"",""quantity"":500,""realized_pnl"":""0.00"",""stale_trade_days"":0,""ts_code"":""002138.SZ""},{""close"":""30.52"",""cost_basis"":""22336.92"",""market_value"":""21364.00"",""price_date"":""20260724"",""quantity"":700,""realized_pnl"":""0.00"",""stale_trade_days"":0,""ts_code"":""002407.SZ""},{""close"":""73.79"",""cost_basis"":""21870.78"",""market_value"":""22137.00"",""price_date"":""20260724"",""quantity"":300,""realized_pnl"":""0.00"",""stale_trade_days"":0,""ts_code"":""300054.SZ""},{""close"":""62.57"",""cost_basis"":""23275.21"",""market_value"":""18771.00"",""price_date"":""20260724"",""quantity"":300,""realized_pnl"":""0.00"",""stale_trade_days"":0,""ts_code"":""300136.SZ""},{""close"":""53.6"",""cost_basis"":""24955.73"",""market_value"":""21440.00"",""price_date"":""20260724"",""quantity"":400,""realized_pnl"":""0.00"",""stale_trade_days"":0,""ts_code"":""300346.SZ""},{""close"":""90.6"",""cost_basis"":""20606.39"",""market_value"":""18120.00"",""price_date"":""20260724"",""quantity"":200,""realized_pnl"":""0.00"",""stale_trade_days"":0,""ts_code"":""300373.SZ""},{""close"":""161.59"",""cost_basis"":""20145.24"",""market_value"":""16159.00"",""price_date"":""20260724"",""quantity"":100,""realized_pnl"":""0.00"",""stale_trade_days"":0,""ts_code"":""300475.SZ""},{""close"":""31.57"",""cost_basis"":""21666.72"",""market_value"":""18942.00"",""price_date"":""20260724"",""quantity"":600,""realized_pnl"":""0.00"",""stale_trade_days"":0,""ts_code"":""600460.SH""},{""close"":""8.68"",""cost_basis"":""24707.66"",""market_value"":""21700.00"",""price_date"":""20260724"",""quantity"":2500,""realized_pnl"":""0.00"",""stale_trade_days"":0,""ts_code"":""600707.SH""},{""close"":""44.1"",""cost_basis"":""24002.44"",""market_value"":""22050.00"",""price_date"":""20260724"",""quantity"":500,""realized_pnl"":""0.00"",""stale_trade_days"":0,""ts_code"":""603308.SH""},{""close"":""41.81"",""cost_basis"":""24757.68"",""market_value"":""25086.00"",""price_date"":""20260724"",""quantity"":600,""realized_pnl"":""0.00"",""stale_trade_days"":0,""ts_code"":""603699.SH""},{""close"":""41.75"",""cost_basis"":""24882.71"",""market_value"":""20875.00"",""price_date"":""20260724"",""quantity"":500,""realized_pnl"":""0.00"",""stale_trade_days"":0,""ts_code"":""605358.SH""},{""close"":""95.81"",""cost_basis"":""24889.11"",""market_value"":""19832.67"",""price_date"":""20260724"",""quantity"":207,""realized_pnl"":""0.00"",""stale_trade_days"":0,""ts_code"":""688234.SH""},{""close"":""60.4"",""cost_basis"":""24990.39"",""market_value"":""23254.00"",""price_date"":""20260724"",""quantity"":385,""realized_pnl"":""0.00"",""stale_trade_days"":0,""ts_code"":""688396.SH""},{""close"":""7.44"",""cost_basis"":""25005.10"",""market_value"":""25303.44"",""price_date"":""20260724"",""quantity"":3401,""realized_pnl"":""0.00"",""stale_trade_days"":0,""ts_code"":""688469.SH""},{""close"":""36.61"",""cost_basis"":""24973.74"",""market_value"":""20867.70"",""price_date"":""20260724"",""quantity"":570,""realized_pnl"":""0.00"",""stale_trade_days"":0,""ts_code"":""688582.SH""}],""trade_date"":""20260724"",""turnover"":""0""}",84c4b7b011d0132fbb95ad6a84eafca4b0d26a55d07b81beef464222f978433d,docker-top20-backfill
ccc46c43713c25b75fef,b992c4a997b314dcde1e,2026-07-27T11:53:29.635275+00:00,model_baseline,20260727,1,POSITION,20260727:000032.SZ,8521ca67d8177aa34215ee811456154d56f9d2791f4de418cc3f46290acd6406,000032.SZ,,900,,,,,900,"{""close"":""15.04"",""cost_basis"":""15548.16"",""market_value"":""13536.00"",""price_date"":""20260727"",""quantity"":900,""realized_pnl"":""0.00"",""stale_trade_days"":0,""ts_code"":""000032.SZ""}",07019bb879ba14c0f50c0407d0b506fb8e5601c6f728ab4ab8f5818e61de988b,docker-scheduler
7eaa03cc70474be0205c,b992c4a997b314dcde1e,2026-07-27T11:53:29.635275+00:00,model_baseline,20260727,2,POSITION,20260727:002008.SZ,8521ca67d8177aa34215ee811456154d56f9d2791f4de418cc3f46290acd6406,002008.SZ,,100,,,,,100,"{""close"":""103.32"",""cost_basis"":""10755.11"",""market_value"":""10332.00"",""price_date"":""20260727"",""quantity"":100,""realized_pnl"":""0.00"",""stale_trade_days"":0,""ts_code"":""002008.SZ""}",745205e5c29670a1fa08d933deeb6d8d10b047757936f5b4c05108768e6bfa51,docker-scheduler
9df05b7374bd94def924,b992c4a997b314dcde1e,2026-07-27T11:53:29.635275+00:00,model_baseline,20260727,3,POSITION,20260727:002138.SZ,8521ca67d8177aa34215ee811456154d56f9d2791f4de418cc3f46290acd6406,002138.SZ,,300,,,,,300,"{""close"":""45.19"",""cost_basis"":""13469.13"",""market_value"":""13557.00"",""price_date"":""20260727"",""quantity"":300,""realized_pnl"":""0.00"",""stale_trade_days"":0,""ts_code"":""002138.SZ""}",80f25e3d0edf08871a9aa38547650ab560c6ba86057188d5035992f405e09485,docker-scheduler
540559e585defa7024ff,b992c4a997b314dcde1e,2026-07-27T11:53:29.635275+00:00,model_baseline,20260727,4,POSITION,20260727:002407.SZ,8521ca67d8177aa34215ee811456154d56f9d2791f4de418cc3f46290acd6406,002407.SZ,,500,,,,,500,"{""close"":""33.57"",""cost_basis"":""15955.16"",""market_value"":""16785.00"",""price_date"":""20260727"",""quantity"":500,""realized_pnl"":""0.00"",""stale_trade_days"":0,""ts_code"":""002407.SZ""}",19ae023d7b09b341e63dbc34b5044084429607e6b137da9e026cff57cdd20ceb,docker-scheduler
99350d9e29f7bd8cfb13,b992c4a997b314dcde1e,2026-07-27T11:53:29.635275+00:00,model_baseline,20260727,5,POSITION,20260727:300054.SZ,8521ca67d8177aa34215ee811456154d56f9d2791f4de418cc3f46290acd6406,300054.SZ,,200,,,,,200,"{""close"":""74.17"",""cost_basis"":""14581.15"",""market_value"":""14834.00"",""price_date"":""20260727"",""quantity"":200,""realized_pnl"":""0.00"",""stale_trade_days"":0,""ts_code"":""300054.SZ""}",a8b24c8b99090c97b2cce2a845608404b3b9caf71173ffc7d5f31d19589b7f3c,docker-scheduler
400558c6f95fa110cf38,b992c4a997b314dcde1e,2026-07-27T11:53:29.635275+00:00,model_baseline,20260727,6,POSITION,20260727:300136.SZ,8521ca67d8177aa34215ee811456154d56f9d2791f4de418cc3f46290acd6406,300136.SZ,,200,,,,,200,"{""close"":""66.66"",""cost_basis"":""15517.16"",""market_value"":""13332.00"",""price_date"":""20260727"",""quantity"":200,""realized_pnl"":""0.00"",""stale_trade_days"":0,""ts_code"":""300136.SZ""}",d9dbb927c8714f4b4116a1949099e96f372446c662a395c08c57311d31254874,docker-scheduler
3a318d25d19fbf23baa3,b992c4a997b314dcde1e,2026-07-27T11:53:29.635275+00:00,model_baseline,20260727,7,POSITION,20260727:300346.SZ,8521ca67d8177aa34215ee811456154d56f9d2791f4de418cc3f46290acd6406,300346.SZ,,200,,,,,200,"{""close"":""55.75"",""cost_basis"":""12479.12"",""market_value"":""11150.00"",""price_date"":""20260727"",""quantity"":200,""realized_pnl"":""0.00"",""stale_trade_days"":0,""ts_code"":""300346.SZ""}",bca3b789eaf61f5295a1f3b0292e05bdddb021e1ae43f1982561d554f739cab3,docker-scheduler
86f1eb6cf641f617a23e,b992c4a997b314dcde1e,2026-07-27T11:53:29.635275+00:00,model_baseline,20260727,8,POSITION,20260727:300373.SZ,8521ca67d8177aa34215ee811456154d56f9d2791f4de418cc3f46290acd6406,300373.SZ,,100,,,,,100,"{""close"":""93.22"",""cost_basis"":""10305.10"",""market_value"":""9322.00"",""price_date"":""20260727"",""quantity"":100,""realized_pnl"":""0.00"",""stale_trade_days"":0,""ts_code"":""300373.SZ""}",b72bfc8b64881189c9ee4b05b892f0aea65cae4c82c28cec97b8b444625df566,docker-scheduler
c7daa088b55193a9ed49,b992c4a997b314dcde1e,2026-07-27T11:53:29.635275+00:00,model_baseline,20260727,9,POSITION,20260727:300623.SZ,8521ca67d8177aa34215ee811456154d56f9d2791f4de418cc3f46290acd6406,300623.SZ,,500,,,,,500,"{""close"":""26.21"",""cost_basis"":""15000.15"",""market_value"":""13105.00"",""price_date"":""20260727"",""quantity"":500,""realized_pnl"":""0.00"",""stale_trade_days"":0,""ts_code"":""300623.SZ""}",93a18f616056be537b7c138ef28ca3ad31ad5e7a86cc2fd1c91a61c69fa1c106,docker-scheduler
8482751c67ab85b72092,b992c4a997b314dcde1e,2026-07-27T11:53:29.635275+00:00,model_baseline,20260727,10,POSITION,20260727:300661.SZ,8521ca67d8177aa34215ee811456154d56f9d2791f4de418cc3f46290acd6406,300661.SZ,,100,,,,,100,"{""close"":""98.89"",""cost_basis"":""10737.11"",""market_value"":""9889.00"",""price_date"":""20260727"",""quantity"":100,""realized_pnl"":""0.00"",""stale_trade_days"":0,""ts_code"":""300661.SZ""}",79b3a4906991bc2bb85a31b4594d1fe7aeccbc5384bbdb9f4ca34104639de4b5,docker-scheduler
43fbc64fd447cf935cec,b992c4a997b314dcde1e,2026-07-27T11:53:29.635275+00:00,model_baseline,20260727,11,POSITION,20260727:301611.SZ,8521ca67d8177aa34215ee811456154d56f9d2791f4de418cc3f46290acd6406,301611.SZ,,100,,,,,100,"{""close"":""100.1"",""cost_basis"":""11914.12"",""market_value"":""10010.00"",""price_date"":""20260727"",""quantity"":100,""realized_pnl"":""0.00"",""stale_trade_days"":0,""ts_code"":""301611.SZ""}",068077f99edd8530e21e5177317c840aa9ef2bda7e0c5a40cecf99c98cf8f1de,docker-scheduler
4d94cf0ee9ed7c4b6637,b992c4a997b314dcde1e,2026-07-27T11:53:29.635275+00:00,model_baseline,20260727,12,POSITION,20260727:600460.SH,8521ca67d8177aa34215ee811456154d56f9d2791f4de418cc3f46290acd6406,600460.SH,,400,,,,,400,"{""close"":""32.33"",""cost_basis"":""14445.14"",""market_value"":""12932.00"",""price_date"":""20260727"",""quantity"":400,""realized_pnl"":""0.00"",""stale_trade_days"":0,""ts_code"":""600460.SH""}",cfc62058cfe04d5766e965d544b4f5aaa48941f04973986c9daeff49e61f59a4,docker-scheduler
f9294cc00ee038625fc0,b992c4a997b314dcde1e,2026-07-27T11:53:29.635275+00:00,model_baseline,20260727,13,POSITION,20260727:600707.SH,8521ca67d8177aa34215ee811456154d56f9d2791f4de418cc3f46290acd6406,600707.SH,,1600,,,,,1600,"{""close"":""9.11"",""cost_basis"":""15813.16"",""market_value"":""14576.00"",""price_date"":""20260727"",""quantity"":1600,""realized_pnl"":""0.00"",""stale_trade_days"":0,""ts_code"":""600707.SH""}",beca3b5a5b8a0bff210b4a1991b2f19cba6fda01e8dfd95ff9b239f8168418fe,docker-scheduler
c10dfd68a7bbb04e46e7,b992c4a997b314dcde1e,2026-07-27T11:53:29.635275+00:00,model_baseline,20260727,14,POSITION,20260727:603308.SH,8521ca67d8177aa34215ee811456154d56f9d2791f4de418cc3f46290acd6406,603308.SH,,300,,,,,300,"{""close"":""47.02"",""cost_basis"":""14402.14"",""market_value"":""14106.00"",""price_date"":""20260727"",""quantity"":300,""realized_pnl"":""0.00"",""stale_trade_days"":0,""ts_code"":""603308.SH""}",415d84fcfad5f47236d6b22eb0249000a7e14b1cd83265e8ee4309f711233925,docker-scheduler
b9f8023da99caf838d1f,b992c4a997b314dcde1e,2026-07-27T11:53:29.635275+00:00,model_baseline,20260727,15,POSITION,20260727:603650.SH,8521ca67d8177aa34215ee811456154d56f9d2791f4de418cc3f46290acd6406,603650.SH,,200,,,,,200,"{""close"":""65.26"",""cost_basis"":""13857.14"",""market_value"":""13052.00"",""price_date"":""20260727"",""quantity"":200,""realized_pnl"":""0.00"",""stale_trade_days"":0,""ts_code"":""603650.SH""}",35ab8d981bb1149c9bbf269f98d434af18d2ad34e86abbfaf4a4db0f6e88af4f,docker-scheduler
acc4a2eb0e28a9b34e8f,b992c4a997b314dcde1e,2026-07-27T11:53:29.635275+00:00,model_baseline,20260727,16,POSITION,20260727:603699.SH,8521ca67d8177aa34215ee811456154d56f9d2791f4de418cc3f46290acd6406,603699.SH,,400,,,,,400,"{""close"":""41.9"",""cost_basis"":""16505.17"",""market_value"":""16760.00"",""price_date"":""20260727"",""quantity"":400,""realized_pnl"":""0.00"",""stale_trade_days"":0,""ts_code"":""603699.SH""}",5699521b6ab97df09ca62d830cf07ab59d9df6429f443e74de568b43fcda7f34,docker-scheduler
c1df9260bf0e4fc0e325,b992c4a997b314dcde1e,2026-07-27T11:53:29.635275+00:00,model_baseline,20260727,17,POSITION,20260727:605358.SH,8521ca67d8177aa34215ee811456154d56f9d2791f4de418cc3f46290acd6406,605358.SH,,300,,,,,300,"{""close"":""43.31"",""cost_basis"":""14930.15"",""market_value"":""12993.00"",""price_date"":""20260727"",""quantity"":300,""realized_pnl"":""0.00"",""stale_trade_days"":0,""ts_code"":""605358.SH""}",8bdcec8e8d1cf36eaf7db5aa1d73fbaf7a36622306133d82419f7074c7f5da91,docker-scheduler
afef5dd75123e3e1594f,b992c4a997b314dcde1e,2026-07-27T11:53:29.635275+00:00,model_baseline,20260727,18,POSITION,20260727:688248.SH,8521ca67d8177aa34215ee811456154d56f9d2791f4de418cc3f46290acd6406,688248.SH,,402,,,,,402,"{""close"":""44.5"",""cost_basis"":""16668.07"",""market_value"":""17889.00"",""price_date"":""20260727"",""quantity"":402,""realized_pnl"":""0.00"",""stale_trade_days"":0,""ts_code"":""688248.SH""}",3e1e0cccd7352fcd3450fc31d44e4d612bd729e08f718cc6cae82420ef64fd7b,docker-scheduler
3ec9e47385a8473d9504,b992c4a997b314dcde1e,2026-07-27T11:53:29.635275+00:00,model_baseline,20260727,19,POSITION,20260727:688396.SH,8521ca67d8177aa34215ee811456154d56f9d2791f4de418cc3f46290acd6406,688396.SH,,256,,,,,256,"{""close"":""60.74"",""cost_basis"":""16617.01"",""market_value"":""15549.44"",""price_date"":""20260727"",""quantity"":256,""realized_pnl"":""0.00"",""stale_trade_days"":0,""ts_code"":""688396.SH""}",a23f44d38c605fd01b2afc2ba5485f5376ca484aa86a55ada86a095096d48c3e,docker-scheduler
9a9c752cc5113797f360,b992c4a997b314dcde1e,2026-07-27T11:53:29.635275+00:00,model_baseline,20260727,20,POSITION,20260727:688469.SH,8521ca67d8177aa34215ee811456154d56f9d2791f4de418cc3f46290acd6406,688469.SH,,2267,,,,,2267,"{""close"":""7.57"",""cost_basis"":""16667.62"",""market_value"":""17161.19"",""price_date"":""20260727"",""quantity"":2267,""realized_pnl"":""0.00"",""stale_trade_days"":0,""ts_code"":""688469.SH""}",45fc6cff2648e33f0709e656346e3ee6c09b5ef1b5d91bef6483ccc1ba3dee8f,docker-scheduler
4b88b38c5f968e379706,b992c4a997b314dcde1e,2026-07-27T11:53:29.635275+00:00,model_baseline,20260727,21,POSITION,20260727:688582.SH,8521ca67d8177aa34215ee811456154d56f9d2791f4de418cc3f46290acd6406,688582.SH,,380,,,,,380,"{""close"":""37.68"",""cost_basis"":""16649.17"",""market_value"":""14318.40"",""price_date"":""20260727"",""quantity"":380,""realized_pnl"":""0.00"",""stale_trade_days"":0,""ts_code"":""688582.SH""}",152b94eead3e1a8ed4e61a67f67f265929a0a24e0fa2bb9558d31e9a6b254dac,docker-scheduler
071cf4fd03f6190f7d15,b992c4a997b314dcde1e,2026-07-27T11:53:29.635275+00:00,model_baseline,20260727,22,POSITION,20260727:688728.SH,8521ca67d8177aa34215ee811456154d56f9d2791f4de418cc3f46290acd6406,688728.SH,,993,,,,,993,"{""close"":""16.55"",""cost_basis"":""16657.78"",""market_value"":""16434.15"",""price_date"":""20260727"",""quantity"":993,""realized_pnl"":""0.00"",""stale_trade_days"":0,""ts_code"":""688728.SH""}",b218241032466d8bb8c1ab344d71810e73e29714d6f4141a0a187a2d2f235324,docker-scheduler
6bae29ad02bd942e7e52,b992c4a997b314dcde1e,2026-07-27T11:53:29.635275+00:00,model_baseline,20260727,23,CASH,20260727,8521ca67d8177aa34215ee811456154d56f9d2791f4de418cc3f46290acd6406,,,,,,,180557.98,,"{""cash"":""180557.98""}",65cf7b0081832e25c50d1ae0655983ab8b3baa0c4f32624db3fdd33d80bff525,docker-scheduler
3c790283f1ae7d922840,b992c4a997b314dcde1e,2026-07-27T11:53:29.635275+00:00,model_baseline,20260727,24,NAV,20260727,8521ca67d8177aa34215ee811456154d56f9d2791f4de418cc3f46290acd6406,,,,,,,180557.98,,"{""benchmark_nav"":""1.000193642958049867577285188"",""cash"":""180557.98"",""cash_ratio"":""0.3744608769036102530426530974"",""cumulative_dividends"":""32.00"",""cumulative_fees"":""113.22"",""daily_fees"":""0.00"",""drawdown"":""-0.03563768"",""equation_difference"":""0.00"",""freshness_status"":""PASS"",""market_value"":""301623.18"",""net_asset"":""482181.16"",""net_excess"":""-0.035831322958049867577285188"",""normalized_nav"":""0.96436232"",""positions"":[{""close"":""15.04"",""cost_basis"":""15548.16"",""market_value"":""13536.00"",""price_date"":""20260727"",""quantity"":900,""realized_pnl"":""0.00"",""stale_trade_days"":0,""ts_code"":""000032.SZ""},{""close"":""103.32"",""cost_basis"":""10755.11"",""market_value"":""10332.00"",""price_date"":""20260727"",""quantity"":100,""realized_pnl"":""0.00"",""stale_trade_days"":0,""ts_code"":""002008.SZ""},{""close"":""45.19"",""cost_basis"":""13469.13"",""market_value"":""13557.00"",""price_date"":""20260727"",""quantity"":300,""realized_pnl"":""0.00"",""stale_trade_days"":0,""ts_code"":""002138.SZ""},{""close"":""33.57"",""cost_basis"":""15955.16"",""market_value"":""16785.00"",""price_date"":""20260727"",""quantity"":500,""realized_pnl"":""0.00"",""stale_trade_days"":0,""ts_code"":""002407.SZ""},{""close"":""74.17"",""cost_basis"":""14581.15"",""market_value"":""14834.00"",""price_date"":""20260727"",""quantity"":200,""realized_pnl"":""0.00"",""stale_trade_days"":0,""ts_code"":""300054.SZ""},{""close"":""66.66"",""cost_basis"":""15517.16"",""market_value"":""13332.00"",""price_date"":""20260727"",""quantity"":200,""realized_pnl"":""0.00"",""stale_trade_days"":0,""ts_code"":""300136.SZ""},{""close"":""55.75"",""cost_basis"":""12479.12"",""market_value"":""11150.00"",""price_date"":""20260727"",""quantity"":200,""realized_pnl"":""0.00"",""stale_trade_days"":0,""ts_code"":""300346.SZ""},{""close"":""93.22"",""cost_basis"":""10305.10"",""market_value"":""9322.00"",""price_date"":""20260727"",""quantity"":100,""realized_pnl"":""0.00"",""stale_trade_days"":0,""ts_code"":""300373.SZ""},{""close"":""26.21"",""cost_basis"":""15000.15"",""market_value"":""13105.00"",""price_date"":""20260727"",""quantity"":500,""realized_pnl"":""0.00"",""stale_trade_days"":0,""ts_code"":""300623.SZ""},{""close"":""98.89"",""cost_basis"":""10737.11"",""market_value"":""9889.00"",""price_date"":""20260727"",""quantity"":100,""realized_pnl"":""0.00"",""stale_trade_days"":0,""ts_code"":""300661.SZ""},{""close"":""100.1"",""cost_basis"":""11914.12"",""market_value"":""10010.00"",""price_date"":""20260727"",""quantity"":100,""realized_pnl"":""0.00"",""stale_trade_days"":0,""ts_code"":""301611.SZ""},{""close"":""32.33"",""cost_basis"":""14445.14"",""market_value"":""12932.00"",""price_date"":""20260727"",""quantity"":400,""realized_pnl"":""0.00"",""stale_trade_days"":0,""ts_code"":""600460.SH""},{""close"":""9.11"",""cost_basis"":""15813.16"",""market_value"":""14576.00"",""price_date"":""20260727"",""quantity"":1600,""realized_pnl"":""0.00"",""stale_trade_days"":0,""ts_code"":""600707.SH""},{""close"":""47.02"",""cost_basis"":""14402.14"",""market_value"":""14106.00"",""price_date"":""20260727"",""quantity"":300,""realized_pnl"":""0.00"",""stale_trade_days"":0,""ts_code"":""603308.SH""},{""close"":""65.26"",""cost_basis"":""13857.14"",""market_value"":""13052.00"",""price_date"":""20260727"",""quantity"":200,""realized_pnl"":""0.00"",""stale_trade_days"":0,""ts_code"":""603650.SH""},{""close"":""41.9"",""cost_basis"":""16505.17"",""market_value"":""16760.00"",""price_date"":""20260727"",""quantity"":400,""realized_pnl"":""0.00"",""stale_trade_days"":0,""ts_code"":""603699.SH""},{""close"":""43.31"",""cost_basis"":""14930.15"",""market_value"":""12993.00"",""price_date"":""20260727"",""quantity"":300,""realized_pnl"":""0.00"",""stale_trade_days"":0,""ts_code"":""605358.SH""},{""close"":""44.5"",""cost_basis"":""16668.07"",""market_value"":""17889.00"",""price_date"":""20260727"",""quantity"":402,""realized_pnl"":""0.00"",""stale_trade_days"":0,""ts_code"":""688248.SH""},{""close"":""60.74"",""cost_basis"":""16617.01"",""market_value"":""15549.44"",""price_date"":""20260727"",""quantity"":256,""realized_pnl"":""0.00"",""stale_trade_days"":0,""ts_code"":""688396.SH""},{""close"":""7.57"",""cost_basis"":""16667.62"",""market_value"":""17161.19"",""price_date"":""20260727"",""quantity"":2267,""realized_pnl"":""0.00"",""stale_trade_days"":0,""ts_code"":""688469.SH""},{""close"":""37.68"",""cost_basis"":""16649.17"",""market_value"":""14318.40"",""price_date"":""20260727"",""quantity"":380,""realized_pnl"":""0.00"",""stale_trade_days"":0,""ts_code"":""688582.SH""},{""close"":""16.55"",""cost_basis"":""16657.78"",""market_value"":""16434.15"",""price_date"":""20260727"",""quantity"":993,""realized_pnl"":""0.00"",""stale_trade_days"":0,""ts_code"":""688728.SH""}],""trade_date"":""20260727"",""turnover"":""0""}",065ad573c73ad6e6b9eb7999e1d8c21525891e15ee2a2844fc7f44f7629895c0,docker-scheduler
6e97f57aec73292a692b,d6b39c640e3c079954a6,2026-07-28T11:50:48.228922+00:00,model_baseline,20260728,1,POSITION,20260728:000032.SZ,f875abbfb7426dd1e6d643f2ee098d86f9e7f6b8457fd91de33966431bbf4b4f,000032.SZ,,900,,,,,900,"{""close"":""14.15"",""cost_basis"":""15548.16"",""market_value"":""12735.00"",""price_date"":""20260728"",""quantity"":900,""realized_pnl"":""0.00"",""stale_trade_days"":0,""ts_code"":""000032.SZ""}",d5036bf28b0db01415e631f6bf9323b2947dd785542d4048f216ec21f97d7f4e,docker-scheduler
ed298a2e67ab6d24c689,d6b39c640e3c079954a6,2026-07-28T11:50:48.228922+00:00,model_baseline,20260728,2,POSITION,20260728:002008.SZ,f875abbfb7426dd1e6d643f2ee098d86f9e7f6b8457fd91de33966431bbf4b4f,002008.SZ,,100,,,,,100,"{""close"":""94.17"",""cost_basis"":""10755.11"",""market_value"":""9417.00"",""price_date"":""20260728"",""quantity"":100,""realized_pnl"":""0.00"",""stale_trade_days"":0,""ts_code"":""002008.SZ""}",6b57c746a8fa5373c7b035bb421fd378f27e2592a9562fb9cef20e70d6de739f,docker-scheduler
b61f87b0b61f411c9210,d6b39c640e3c079954a6,2026-07-28T11:50:48.228922+00:00,model_baseline,20260728,3,POSITION,20260728:002138.SZ,f875abbfb7426dd1e6d643f2ee098d86f9e7f6b8457fd91de33966431bbf4b4f,002138.SZ,,300,,,,,300,"{""close"":""41.68"",""cost_basis"":""13469.13"",""market_value"":""12504.00"",""price_date"":""20260728"",""quantity"":300,""realized_pnl"":""0.00"",""stale_trade_days"":0,""ts_code"":""002138.SZ""}",ca6c18040f5ad91d3cdd482cf281bf6a209372d11997c51e041f80591d21b434,docker-scheduler
f165db2f6805e2d90686,d6b39c640e3c079954a6,2026-07-28T11:50:48.228922+00:00,model_baseline,20260728,4,POSITION,20260728:002407.SZ,f875abbfb7426dd1e6d643f2ee098d86f9e7f6b8457fd91de33966431bbf4b4f,002407.SZ,,500,,,,,500,"{""close"":""34.2"",""cost_basis"":""15955.16"",""market_value"":""17100.00"",""price_date"":""20260728"",""quantity"":500,""realized_pnl"":""0.00"",""stale_trade_days"":0,""ts_code"":""002407.SZ""}",058358dbf7c06f0081bbee2419c26eefa3a2a1fe684a4e9b6a92ffff96baac18,docker-scheduler
88f5bae62d42e3accbc4,d6b39c640e3c079954a6,2026-07-28T11:50:48.228922+00:00,model_baseline,20260728,5,POSITION,20260728:300054.SZ,f875abbfb7426dd1e6d643f2ee098d86f9e7f6b8457fd91de33966431bbf4b4f,300054.SZ,,200,,,,,200,"{""close"":""71.31"",""cost_basis"":""14581.15"",""market_value"":""14262.00"",""price_date"":""20260728"",""quantity"":200,""realized_pnl"":""0.00"",""stale_trade_days"":0,""ts_code"":""300054.SZ""}",9fff3e973d2f3fcb9be31d1a2b3f2877ff5ecc9390b59f644be76e495c9811b1,docker-scheduler
25097927c5bbc55c200f,d6b39c640e3c079954a6,2026-07-28T11:50:48.228922+00:00,model_baseline,20260728,6,POSITION,20260728:300136.SZ,f875abbfb7426dd1e6d643f2ee098d86f9e7f6b8457fd91de33966431bbf4b4f,300136.SZ,,200,,,,,200,"{""close"":""62.4"",""cost_basis"":""15517.16"",""market_value"":""12480.00"",""price_date"":""20260728"",""quantity"":200,""realized_pnl"":""0.00"",""stale_trade_days"":0,""ts_code"":""300136.SZ""}",e7875f68d8392ddf34c0ee264d494431d384b4dbc61874c4681dd3eda46cfd95,docker-scheduler
19163a00052745459b0c,d6b39c640e3c079954a6,2026-07-28T11:50:48.228922+00:00,model_baseline,20260728,7,POSITION,20260728:300346.SZ,f875abbfb7426dd1e6d643f2ee098d86f9e7f6b8457fd91de33966431bbf4b4f,300346.SZ,,200,,,,,200,"{""close"":""54.21"",""cost_basis"":""12479.12"",""market_value"":""10842.00"",""price_date"":""20260728"",""quantity"":200,""realized_pnl"":""0.00"",""stale_trade_days"":0,""ts_code"":""300346.SZ""}",91cad9740b07bf54811f6bb66f6ae76b401667a5f056d0973d117279257a7fdf,docker-scheduler
5bfb49aae3cfae15dadb,d6b39c640e3c079954a6,2026-07-28T11:50:48.228922+00:00,model_baseline,20260728,8,POSITION,20260728:300373.SZ,f875abbfb7426dd1e6d643f2ee098d86f9e7f6b8457fd91de33966431bbf4b4f,300373.SZ,,100,,,,,100,"{""close"":""84.8"",""cost_basis"":""10305.10"",""market_value"":""8480.00"",""price_date"":""20260728"",""quantity"":100,""realized_pnl"":""0.00"",""stale_trade_days"":0,""ts_code"":""300373.SZ""}",9a02794d4c97786f7dea3d470cb6a35615f366cb8c9d93bf01d35ce2a1b79b6c,docker-scheduler
06a547c17b7a7c249f49,d6b39c640e3c079954a6,2026-07-28T11:50:48.228922+00:00,model_baseline,20260728,9,POSITION,20260728:300623.SZ,f875abbfb7426dd1e6d643f2ee098d86f9e7f6b8457fd91de33966431bbf4b4f,300623.SZ,,500,,,,,500,"{""close"":""24.63"",""cost_basis"":""15000.15"",""market_value"":""12315.00"",""price_date"":""20260728"",""quantity"":500,""realized_pnl"":""0.00"",""stale_trade_days"":0,""ts_code"":""300623.SZ""}",d4cfe53ba138b2441cf77a09328d3d4a94f58541b832c44f0176bcec16dbeb80,docker-scheduler
8b7d7e0e5dd276470f4a,d6b39c640e3c079954a6,2026-07-28T11:50:48.228922+00:00,model_baseline,20260728,10,POSITION,20260728:300661.SZ,f875abbfb7426dd1e6d643f2ee098d86f9e7f6b8457fd91de33966431bbf4b4f,300661.SZ,,100,,,,,100,"{""close"":""94.99"",""cost_basis"":""10737.11"",""market_value"":""9499.00"",""price_date"":""20260728"",""quantity"":100,""realized_pnl"":""0.00"",""stale_trade_days"":0,""ts_code"":""300661.SZ""}",0cc3fb4a4dec716bb599d8a7a21f404cb9867832882255389712b207824cd8b7,docker-scheduler
907556b67b7cf945f634,d6b39c640e3c079954a6,2026-07-28T11:50:48.228922+00:00,model_baseline,20260728,11,POSITION,20260728:301611.SZ,f875abbfb7426dd1e6d643f2ee098d86f9e7f6b8457fd91de33966431bbf4b4f,301611.SZ,,100,,,,,100,"{""close"":""93.01"",""cost_basis"":""11914.12"",""market_value"":""9301.00"",""price_date"":""20260728"",""quantity"":100,""realized_pnl"":""0.00"",""stale_trade_days"":0,""ts_code"":""301611.SZ""}",dac9773f64749da54d9f0c460d062ae88fa8e3910e2e081eae27c377dd6c9ffb,docker-scheduler
6898f8049f1d0bd0b13d,d6b39c640e3c079954a6,2026-07-28T11:50:48.228922+00:00,model_baseline,20260728,12,POSITION,20260728:600460.SH,f875abbfb7426dd1e6d643f2ee098d86f9e7f6b8457fd91de33966431bbf4b4f,600460.SH,,400,,,,,400,"{""close"":""30.17"",""cost_basis"":""14445.14"",""market_value"":""12068.00"",""price_date"":""20260728"",""quantity"":400,""realized_pnl"":""0.00"",""stale_trade_days"":0,""ts_code"":""600460.SH""}",8a31c19032c73ffbff9af313ac24119fff14dd0b0ecb39e28ee6f7d7233e0322,docker-scheduler
502917e3ded8e1389074,d6b39c640e3c079954a6,2026-07-28T11:50:48.228922+00:00,model_baseline,20260728,13,POSITION,20260728:600707.SH,f875abbfb7426dd1e6d643f2ee098d86f9e7f6b8457fd91de33966431bbf4b4f,600707.SH,,1600,,,,,1600,"{""close"":""8.6"",""cost_basis"":""15813.16"",""market_value"":""13760.00"",""price_date"":""20260728"",""quantity"":1600,""realized_pnl"":""0.00"",""stale_trade_days"":0,""ts_code"":""600707.SH""}",a45ecdd071d1d58ddc5c357b5692f2345e9a5b0c946494251c47f9d29e5d10fb,docker-scheduler
422378fc0d7ccb9a296b,d6b39c640e3c079954a6,2026-07-28T11:50:48.228922+00:00,model_baseline,20260728,14,POSITION,20260728:603308.SH,f875abbfb7426dd1e6d643f2ee098d86f9e7f6b8457fd91de33966431bbf4b4f,603308.SH,,300,,,,,300,"{""close"":""43.0"",""cost_basis"":""14402.14"",""market_value"":""12900.00"",""price_date"":""20260728"",""quantity"":300,""realized_pnl"":""0.00"",""stale_trade_days"":0,""ts_code"":""603308.SH""}",a20cf361e880a096e173f434f5bf9e3c08e7a3fd0dd25fc1cde15ee7ffeb2c59,docker-scheduler
cab080025fd4ccde1e4d,d6b39c640e3c079954a6,2026-07-28T11:50:48.228922+00:00,model_baseline,20260728,15,POSITION,20260728:603650.SH,f875abbfb7426dd1e6d643f2ee098d86f9e7f6b8457fd91de33966431bbf4b4f,603650.SH,,200,,,,,200,"{""close"":""64.72"",""cost_basis"":""13857.14"",""market_value"":""12944.00"",""price_date"":""20260728"",""quantity"":200,""realized_pnl"":""0.00"",""stale_trade_days"":0,""ts_code"":""603650.SH""}",e42e14f8d0b6b07ea0fa5d2e575a57349e06defce16df3998a45a5904ce45864,docker-scheduler
7ce95dc8e8efbc5a48e8,d6b39c640e3c079954a6,2026-07-28T11:50:48.228922+00:00,model_baseline,20260728,16,POSITION,20260728:603699.SH,f875abbfb7426dd1e6d643f2ee098d86f9e7f6b8457fd91de33966431bbf4b4f,603699.SH,,400,,,,,400,"{""close"":""40.7"",""cost_basis"":""16505.17"",""market_value"":""16280.00"",""price_date"":""20260728"",""quantity"":400,""realized_pnl"":""0.00"",""stale_trade_days"":0,""ts_code"":""603699.SH""}",1643d3f9971e45e879e21132ec123e837d7501b8e60b69fc342b34e66ccc0f8c,docker-scheduler
b1d245f8db4e2a6e1579,d6b39c640e3c079954a6,2026-07-28T11:50:48.228922+00:00,model_baseline,20260728,17,POSITION,20260728:605358.SH,f875abbfb7426dd1e6d643f2ee098d86f9e7f6b8457fd91de33966431bbf4b4f,605358.SH,,300,,,,,300,"{""close"":""40.15"",""cost_basis"":""14930.15"",""market_value"":""12045.00"",""price_date"":""20260728"",""quantity"":300,""realized_pnl"":""0.00"",""stale_trade_days"":0,""ts_code"":""605358.SH""}",1116fb767e12eaccfd7b5111b7ae182bd9da332da06a36da34e752f874eaf674,docker-scheduler
aefa7d0e2e767af3f3f2,d6b39c640e3c079954a6,2026-07-28T11:50:48.228922+00:00,model_baseline,20260728,18,POSITION,20260728:688248.SH,f875abbfb7426dd1e6d643f2ee098d86f9e7f6b8457fd91de33966431bbf4b4f,688248.SH,,402,,,,,402,"{""close"":""41.67"",""cost_basis"":""16668.07"",""market_value"":""16751.34"",""price_date"":""20260728"",""quantity"":402,""realized_pnl"":""0.00"",""stale_trade_days"":0,""ts_code"":""688248.SH""}",464e8c2c4834d749116ff93800b403a015d2615985cdda0192811756041e92e2,docker-scheduler
fb2224fa0eee94b1dd90,d6b39c640e3c079954a6,2026-07-28T11:50:48.228922+00:00,model_baseline,20260728,19,POSITION,20260728:688396.SH,f875abbfb7426dd1e6d643f2ee098d86f9e7f6b8457fd91de33966431bbf4b4f,688396.SH,,256,,,,,256,"{""close"":""56.07"",""cost_basis"":""16617.01"",""market_value"":""14353.92"",""price_date"":""20260728"",""quantity"":256,""realized_pnl"":""0.00"",""stale_trade_days"":0,""ts_code"":""688396.SH""}",6ec965d89443e950ce037ceeaf7e207cb1b5a67bc6efdb6ed9766a83f5a83a20,docker-scheduler
b6c01716dade37090fcf,d6b39c640e3c079954a6,2026-07-28T11:50:48.228922+00:00,model_baseline,20260728,20,POSITION,20260728:688469.SH,f875abbfb7426dd1e6d643f2ee098d86f9e7f6b8457fd91de33966431bbf4b4f,688469.SH,,2267,,,,,2267,"{""close"":""7.34"",""cost_basis"":""16667.62"",""market_value"":""16639.78"",""price_date"":""20260728"",""quantity"":2267,""realized_pnl"":""0.00"",""stale_trade_days"":0,""ts_code"":""688469.SH""}",0c8a2113825d86918ce63f24cbe26dfeb9af092d59da8210752a751ba633509a,docker-scheduler
d064649664fa75ada7c2,d6b39c640e3c079954a6,2026-07-28T11:50:48.228922+00:00,model_baseline,20260728,21,POSITION,20260728:688582.SH,f875abbfb7426dd1e6d643f2ee098d86f9e7f6b8457fd91de33966431bbf4b4f,688582.SH,,380,,,,,380,"{""close"":""35.92"",""cost_basis"":""16649.17"",""market_value"":""13649.60"",""price_date"":""20260728"",""quantity"":380,""realized_pnl"":""0.00"",""stale_trade_days"":0,""ts_code"":""688582.SH""}",629079c371352bdb01283bc119738341b5535e3ee3f829593ca1b8dfe74e382a,docker-scheduler
ad2cc642c5f3ff47b28c,d6b39c640e3c079954a6,2026-07-28T11:50:48.228922+00:00,model_baseline,20260728,22,POSITION,20260728:688728.SH,f875abbfb7426dd1e6d643f2ee098d86f9e7f6b8457fd91de33966431bbf4b4f,688728.SH,,993,,,,,993,"{""close"":""15.44"",""cost_basis"":""16657.78"",""market_value"":""15331.92"",""price_date"":""20260728"",""quantity"":993,""realized_pnl"":""0.00"",""stale_trade_days"":0,""ts_code"":""688728.SH""}",f177004d411b594b66ae5e56855aa12ffadd45ea9aabaa80d2df6e432e6d04c9,docker-scheduler
620a542fe08563512327,d6b39c640e3c079954a6,2026-07-28T11:50:48.228922+00:00,model_baseline,20260728,23,CASH,20260728,f875abbfb7426dd1e6d643f2ee098d86f9e7f6b8457fd91de33966431bbf4b4f,,,,,,,180557.98,,"{""cash"":""180557.98""}",65cf7b0081832e25c50d1ae0655983ab8b3baa0c4f32624db3fdd33d80bff525,docker-scheduler
853ca0f3082c8e2fb72d,d6b39c640e3c079954a6,2026-07-28T11:50:48.228922+00:00,model_baseline,20260728,24,NAV,20260728,f875abbfb7426dd1e6d643f2ee098d86f9e7f6b8457fd91de33966431bbf4b4f,,,,,,,180557.98,,"{""benchmark_nav"":""0.9698957392106607590895993004"",""cash"":""180557.98"",""cash_ratio"":""0.3872835142228115716357896698"",""cumulative_dividends"":""32.00"",""cumulative_fees"":""113.22"",""daily_fees"":""0.00"",""drawdown"":""-0.06756692"",""equation_difference"":""0.00"",""freshness_status"":""PASS"",""market_value"":""285658.56"",""net_asset"":""466216.54"",""net_excess"":""-0.0374626592106607590895993004"",""normalized_nav"":""0.93243308"",""positions"":[{""close"":""14.15"",""cost_basis"":""15548.16"",""market_value"":""12735.00"",""price_date"":""20260728"",""quantity"":900,""realized_pnl"":""0.00"",""stale_trade_days"":0,""ts_code"":""000032.SZ""},{""close"":""94.17"",""cost_basis"":""10755.11"",""market_value"":""9417.00"",""price_date"":""20260728"",""quantity"":100,""realized_pnl"":""0.00"",""stale_trade_days"":0,""ts_code"":""002008.SZ""},{""close"":""41.68"",""cost_basis"":""13469.13"",""market_value"":""12504.00"",""price_date"":""20260728"",""quantity"":300,""realized_pnl"":""0.00"",""stale_trade_days"":0,""ts_code"":""002138.SZ""},{""close"":""34.2"",""cost_basis"":""15955.16"",""market_value"":""17100.00"",""price_date"":""20260728"",""quantity"":500,""realized_pnl"":""0.00"",""stale_trade_days"":0,""ts_code"":""002407.SZ""},{""close"":""71.31"",""cost_basis"":""14581.15"",""market_value"":""14262.00"",""price_date"":""20260728"",""quantity"":200,""realized_pnl"":""0.00"",""stale_trade_days"":0,""ts_code"":""300054.SZ""},{""close"":""62.4"",""cost_basis"":""15517.16"",""market_value"":""12480.00"",""price_date"":""20260728"",""quantity"":200,""realized_pnl"":""0.00"",""stale_trade_days"":0,""ts_code"":""300136.SZ""},{""close"":""54.21"",""cost_basis"":""12479.12"",""market_value"":""10842.00"",""price_date"":""20260728"",""quantity"":200,""realized_pnl"":""0.00"",""stale_trade_days"":0,""ts_code"":""300346.SZ""},{""close"":""84.8"",""cost_basis"":""10305.10"",""market_value"":""8480.00"",""price_date"":""20260728"",""quantity"":100,""realized_pnl"":""0.00"",""stale_trade_days"":0,""ts_code"":""300373.SZ""},{""close"":""24.63"",""cost_basis"":""15000.15"",""market_value"":""12315.00"",""price_date"":""20260728"",""quantity"":500,""realized_pnl"":""0.00"",""stale_trade_days"":0,""ts_code"":""300623.SZ""},{""close"":""94.99"",""cost_basis"":""10737.11"",""market_value"":""9499.00"",""price_date"":""20260728"",""quantity"":100,""realized_pnl"":""0.00"",""stale_trade_days"":0,""ts_code"":""300661.SZ""},{""close"":""93.01"",""cost_basis"":""11914.12"",""market_value"":""9301.00"",""price_date"":""20260728"",""quantity"":100,""realized_pnl"":""0.00"",""stale_trade_days"":0,""ts_code"":""301611.SZ""},{""close"":""30.17"",""cost_basis"":""14445.14"",""market_value"":""12068.00"",""price_date"":""20260728"",""quantity"":400,""realized_pnl"":""0.00"",""stale_trade_days"":0,""ts_code"":""600460.SH""},{""close"":""8.6"",""cost_basis"":""15813.16"",""market_value"":""13760.00"",""price_date"":""20260728"",""quantity"":1600,""realized_pnl"":""0.00"",""stale_trade_days"":0,""ts_code"":""600707.SH""},{""close"":""43.0"",""cost_basis"":""14402.14"",""market_value"":""12900.00"",""price_date"":""20260728"",""quantity"":300,""realized_pnl"":""0.00"",""stale_trade_days"":0,""ts_code"":""603308.SH""},{""close"":""64.72"",""cost_basis"":""13857.14"",""market_value"":""12944.00"",""price_date"":""20260728"",""quantity"":200,""realized_pnl"":""0.00"",""stale_trade_days"":0,""ts_code"":""603650.SH""},{""close"":""40.7"",""cost_basis"":""16505.17"",""market_value"":""16280.00"",""price_date"":""20260728"",""quantity"":400,""realized_pnl"":""0.00"",""stale_trade_days"":0,""ts_code"":""603699.SH""},{""close"":""40.15"",""cost_basis"":""14930.15"",""market_value"":""12045.00"",""price_date"":""20260728"",""quantity"":300,""realized_pnl"":""0.00"",""stale_trade_days"":0,""ts_code"":""605358.SH""},{""close"":""41.67"",""cost_basis"":""16668.07"",""market_value"":""16751.34"",""price_date"":""20260728"",""quantity"":402,""realized_pnl"":""0.00"",""stale_trade_days"":0,""ts_code"":""688248.SH""},{""close"":""56.07"",""cost_basis"":""16617.01"",""market_value"":""14353.92"",""price_date"":""20260728"",""quantity"":256,""realized_pnl"":""0.00"",""stale_trade_days"":0,""ts_code"":""688396.SH""},{""close"":""7.34"",""cost_basis"":""16667.62"",""market_value"":""16639.78"",""price_date"":""20260728"",""quantity"":2267,""realized_pnl"":""0.00"",""stale_trade_days"":0,""ts_code"":""688469.SH""},{""close"":""35.92"",""cost_basis"":""16649.17"",""market_value"":""13649.60"",""price_date"":""20260728"",""quantity"":380,""realized_pnl"":""0.00"",""stale_trade_days"":0,""ts_code"":""688582.SH""},{""close"":""15.44"",""cost_basis"":""16657.78"",""market_value"":""15331.92"",""price_date"":""20260728"",""quantity"":993,""realized_pnl"":""0.00"",""stale_trade_days"":0,""ts_code"":""688728.SH""}],""trade_date"":""20260728"",""turnover"":""0""}",b23ccf40d5fe054f5daff52dcd364b429d5c5d5200495b4074c10193cde1fd4b,docker-scheduler
40f37e0671c3e849d4f7,b72233f7833135819541,2026-07-29T11:50:00.814640+00:00,model_baseline,20260729,1,POSITION,20260729:000032.SZ,819f2e6ae83dbb9d3e6f59e49f5012806eb7896898ab0ff37bfd209471ab7572,000032.SZ,,900,,,,,900,"{""close"":""13.57"",""cost_basis"":""15548.16"",""market_value"":""12213.00"",""price_date"":""20260729"",""quantity"":900,""realized_pnl"":""0.00"",""stale_trade_days"":0,""ts_code"":""000032.SZ""}",109c8b1160bee80327b2d544104c20122657061f57b1d275a25ecff7dce61463,docker-scheduler
7d68b9708e5f3bd04de3,b72233f7833135819541,2026-07-29T11:50:00.814640+00:00,model_baseline,20260729,2,POSITION,20260729:002008.SZ,819f2e6ae83dbb9d3e6f59e49f5012806eb7896898ab0ff37bfd209471ab7572,002008.SZ,,100,,,,,100,"{""close"":""91.0"",""cost_basis"":""10755.11"",""market_value"":""9100.00"",""price_date"":""20260729"",""quantity"":100,""realized_pnl"":""0.00"",""stale_trade_days"":0,""ts_code"":""002008.SZ""}",1892974227fde98ebe1060f6df9ef41a8b5f56d64f41bff88fb67c7ec803b3ff,docker-scheduler
c3ca0e191d20fdd9ec22,b72233f7833135819541,2026-07-29T11:50:00.814640+00:00,model_baseline,20260729,3,POSITION,20260729:002138.SZ,819f2e6ae83dbb9d3e6f59e49f5012806eb7896898ab0ff37bfd209471ab7572,002138.SZ,,300,,,,,300,"{""close"":""43.15"",""cost_basis"":""13469.13"",""market_value"":""12945.00"",""price_date"":""20260729"",""quantity"":300,""realized_pnl"":""0.00"",""stale_trade_days"":0,""ts_code"":""002138.SZ""}",b7dbef8b359f52678eb71238fabb8f52503d62f6c0525da2895fc3f9bdb6ceea,docker-scheduler
1770c08bfd1f5153afcc,b72233f7833135819541,2026-07-29T11:50:00.814640+00:00,model_baseline,20260729,4,POSITION,20260729:002407.SZ,819f2e6ae83dbb9d3e6f59e49f5012806eb7896898ab0ff37bfd209471ab7572,002407.SZ,,500,,,,,500,"{""close"":""31.99"",""cost_basis"":""15955.16"",""market_value"":""15995.00"",""price_date"":""20260729"",""quantity"":500,""realized_pnl"":""0.00"",""stale_trade_days"":0,""ts_code"":""002407.SZ""}",14eeb81aeaf88289f71694d1171082fc5f27c9ad52d51b32d970717ede121a52,docker-scheduler
41ba324f7e45d4c0cc73,b72233f7833135819541,2026-07-29T11:50:00.814640+00:00,model_baseline,20260729,5,POSITION,20260729:300054.SZ,819f2e6ae83dbb9d3e6f59e49f5012806eb7896898ab0ff37bfd209471ab7572,300054.SZ,,200,,,,,200,"{""close"":""69.6"",""cost_basis"":""14581.15"",""market_value"":""13920.00"",""price_date"":""20260729"",""quantity"":200,""realized_pnl"":""0.00"",""stale_trade_days"":0,""ts_code"":""300054.SZ""}",53b927cb890030b10ddb9457e381725638e7dc6d99e2c529ec16218556dc8b93,docker-scheduler
615bf325d6bf72f06728,b72233f7833135819541,2026-07-29T11:50:00.814640+00:00,model_baseline,20260729,6,POSITION,20260729:300136.SZ,819f2e6ae83dbb9d3e6f59e49f5012806eb7896898ab0ff37bfd209471ab7572,300136.SZ,,200,,,,,200,"{""close"":""61.61"",""cost_basis"":""15517.16"",""market_value"":""12322.00"",""price_date"":""20260729"",""quantity"":200,""realized_pnl"":""0.00"",""stale_trade_days"":0,""ts_code"":""300136.SZ""}",047ccf4b769451196722f47b99ebfd1adfc1a1b4eea8e64db4f408c305e40b03,docker-scheduler
8cb23968034ca213a86c,b72233f7833135819541,2026-07-29T11:50:00.814640+00:00,model_baseline,20260729,7,POSITION,20260729:300346.SZ,819f2e6ae83dbb9d3e6f59e49f5012806eb7896898ab0ff37bfd209471ab7572,300346.SZ,,200,,,,,200,"{""close"":""51.31"",""cost_basis"":""12479.12"",""market_value"":""10262.00"",""price_date"":""20260729"",""quantity"":200,""realized_pnl"":""0.00"",""stale_trade_days"":0,""ts_code"":""300346.SZ""}",aa8d3760b31321f4ab88eed544db62a2e80c3de69ce8d2af54a72e764b916e81,docker-scheduler
a1b365cdd3279203df73,b72233f7833135819541,2026-07-29T11:50:00.814640+00:00,model_baseline,20260729,8,POSITION,20260729:300373.SZ,819f2e6ae83dbb9d3e6f59e49f5012806eb7896898ab0ff37bfd209471ab7572,300373.SZ,,100,,,,,100,"{""close"":""87.6"",""cost_basis"":""10305.10"",""market_value"":""8760.00"",""price_date"":""20260729"",""quantity"":100,""realized_pnl"":""0.00"",""stale_trade_days"":0,""ts_code"":""300373.SZ""}",b62907af6d5f4d8060613e1f66dd35ab05fb4664d0a84b4cce6efcf4231a8d89,docker-scheduler
6283b4e423c1111a9943,b72233f7833135819541,2026-07-29T11:50:00.814640+00:00,model_baseline,20260729,9,POSITION,20260729:300623.SZ,819f2e6ae83dbb9d3e6f59e49f5012806eb7896898ab0ff37bfd209471ab7572,300623.SZ,,500,,,,,500,"{""close"":""24.35"",""cost_basis"":""15000.15"",""market_value"":""12175.00"",""price_date"":""20260729"",""quantity"":500,""realized_pnl"":""0.00"",""stale_trade_days"":0,""ts_code"":""300623.SZ""}",3a83d9d5dcd9eff7d4bfc96e0d59c66ce068b0b1653e68e0434cff3c4750b3ac,docker-scheduler
307b15ff1606fc0b7f57,b72233f7833135819541,2026-07-29T11:50:00.814640+00:00,model_baseline,20260729,10,POSITION,20260729:300661.SZ,819f2e6ae83dbb9d3e6f59e49f5012806eb7896898ab0ff37bfd209471ab7572,300661.SZ,,100,,,,,100,"{""close"":""100.74"",""cost_basis"":""10737.11"",""market_value"":""10074.00"",""price_date"":""20260729"",""quantity"":100,""realized_pnl"":""0.00"",""stale_trade_days"":0,""ts_code"":""300661.SZ""}",fbb1f3e15ccb4ee253fbf6a3080b7b95063d3b3aa91d5d4eea749da32ac2dcf1,docker-scheduler
d030f8db7b338e9fbbae,b72233f7833135819541,2026-07-29T11:50:00.814640+00:00,model_baseline,20260729,11,POSITION,20260729:301611.SZ,819f2e6ae83dbb9d3e6f59e49f5012806eb7896898ab0ff37bfd209471ab7572,301611.SZ,,100,,,,,100,"{""close"":""88.08"",""cost_basis"":""11914.12"",""market_value"":""8808.00"",""price_date"":""20260729"",""quantity"":100,""realized_pnl"":""0.00"",""stale_trade_days"":0,""ts_code"":""301611.SZ""}",20ca3dbdb4ee093d0d84682eb5890e8f3412f5759d448e48259acbf948f917fb,docker-scheduler
938edb97954d3b3b1bde,b72233f7833135819541,2026-07-29T11:50:00.814640+00:00,model_baseline,20260729,12,POSITION,20260729:600460.SH,819f2e6ae83dbb9d3e6f59e49f5012806eb7896898ab0ff37bfd209471ab7572,600460.SH,,400,,,,,400,"{""close"":""29.9"",""cost_basis"":""14445.14"",""market_value"":""11960.00"",""price_date"":""20260729"",""quantity"":400,""realized_pnl"":""0.00"",""stale_trade_days"":0,""ts_code"":""600460.SH""}",248af31fabb5c864aa9157492caa59e8800a028538c1c8fbf2c700793eba6b2b,docker-scheduler
a848922021d12f6def52,b72233f7833135819541,2026-07-29T11:50:00.814640+00:00,model_baseline,20260729,13,POSITION,20260729:600707.SH,819f2e6ae83dbb9d3e6f59e49f5012806eb7896898ab0ff37bfd209471ab7572,600707.SH,,1600,,,,,1600,"{""close"":""8.29"",""cost_basis"":""15813.16"",""market_value"":""13264.00"",""price_date"":""20260729"",""quantity"":1600,""realized_pnl"":""0.00"",""stale_trade_days"":0,""ts_code"":""600707.SH""}",4f4d9cd017da7dffb5a8cce28c74d5c8dd097c0533371dff37575702a4e1e3b9,docker-scheduler
a74857d589109725e8fb,b72233f7833135819541,2026-07-29T11:50:00.814640+00:00,model_baseline,20260729,14,POSITION,20260729:603308.SH,819f2e6ae83dbb9d3e6f59e49f5012806eb7896898ab0ff37bfd209471ab7572,603308.SH,,300,,,,,300,"{""close"":""43.9"",""cost_basis"":""14402.14"",""market_value"":""13170.00"",""price_date"":""20260729"",""quantity"":300,""realized_pnl"":""0.00"",""stale_trade_days"":0,""ts_code"":""603308.SH""}",cf3cf6e790c3739b467bd5709fbf0b1ccab2e5ccd3088c08946fca1178b92f71,docker-scheduler
d1182943662d53d82ea1,b72233f7833135819541,2026-07-29T11:50:00.814640+00:00,model_baseline,20260729,15,POSITION,20260729:603650.SH,819f2e6ae83dbb9d3e6f59e49f5012806eb7896898ab0ff37bfd209471ab7572,603650.SH,,200,,,,,200,"{""close"":""59.08"",""cost_basis"":""13857.14"",""market_value"":""11816.00"",""price_date"":""20260729"",""quantity"":200,""realized_pnl"":""0.00"",""stale_trade_days"":0,""ts_code"":""603650.SH""}",b56e18f42e9d86e720553d9f944dadde610d5d0419217bdc4f91d9f056589e99,docker-scheduler
d4bdecb7db5291b7e336,b72233f7833135819541,2026-07-29T11:50:00.814640+00:00,model_baseline,20260729,16,POSITION,20260729:603699.SH,819f2e6ae83dbb9d3e6f59e49f5012806eb7896898ab0ff37bfd209471ab7572,603699.SH,,400,,,,,400,"{""close"":""43.22"",""cost_basis"":""16505.17"",""market_value"":""17288.00"",""price_date"":""20260729"",""quantity"":400,""realized_pnl"":""0.00"",""stale_trade_days"":0,""ts_code"":""603699.SH""}",7db2d8122d2661060816bc258327e5b32058328fb76720231a0ef0dad7d1dd01,docker-scheduler
bb9fbfde89a3653a48c3,b72233f7833135819541,2026-07-29T11:50:00.814640+00:00,model_baseline,20260729,17,POSITION,20260729:605358.SH,819f2e6ae83dbb9d3e6f59e49f5012806eb7896898ab0ff37bfd209471ab7572,605358.SH,,300,,,,,300,"{""close"":""39.41"",""cost_basis"":""14930.15"",""market_value"":""11823.00"",""price_date"":""20260729"",""quantity"":300,""realized_pnl"":""0.00"",""stale_trade_days"":0,""ts_code"":""605358.SH""}",ca60bbd05964279448832eeb978d446b77de4be3eb69db1b2a1299a7e14f288a,docker-scheduler
ec090d2ba9bf1b39919e,b72233f7833135819541,2026-07-29T11:50:00.814640+00:00,model_baseline,20260729,18,POSITION,20260729:688248.SH,819f2e6ae83dbb9d3e6f59e49f5012806eb7896898ab0ff37bfd209471ab7572,688248.SH,,402,,,,,402,"{""close"":""43.25"",""cost_basis"":""16668.07"",""market_value"":""17386.50"",""price_date"":""20260729"",""quantity"":402,""realized_pnl"":""0.00"",""stale_trade_days"":0,""ts_code"":""688248.SH""}",2263b4bcbba970cc455c5643c1c6453348f0d67a30ba9f6646319cd56f49b126,docker-scheduler
b89dbda257bf34456e1b,b72233f7833135819541,2026-07-29T11:50:00.814640+00:00,model_baseline,20260729,19,POSITION,20260729:688396.SH,819f2e6ae83dbb9d3e6f59e49f5012806eb7896898ab0ff37bfd209471ab7572,688396.SH,,256,,,,,256,"{""close"":""56.05"",""cost_basis"":""16617.01"",""market_value"":""14348.80"",""price_date"":""20260729"",""quantity"":256,""realized_pnl"":""0.00"",""stale_trade_days"":0,""ts_code"":""688396.SH""}",5c284feb8384d4c7b042c1a8d7c70ef79c2262137cb1636a13ab7c1850b42212,docker-scheduler
f79fe2c482608bd4c27d,b72233f7833135819541,2026-07-29T11:50:00.814640+00:00,model_baseline,20260729,20,POSITION,20260729:688469.SH,819f2e6ae83dbb9d3e6f59e49f5012806eb7896898ab0ff37bfd209471ab7572,688469.SH,,2267,,,,,2267,"{""close"":""7.71"",""cost_basis"":""16667.62"",""market_value"":""17478.57"",""price_date"":""20260729"",""quantity"":2267,""realized_pnl"":""0.00"",""stale_trade_days"":0,""ts_code"":""688469.SH""}",7b3b0a7a3c26708def9ba10036017e5304bc428e6584fb2ae82d138cc01b3e75,docker-scheduler
e8c154696a070c29c004,b72233f7833135819541,2026-07-29T11:50:00.814640+00:00,model_baseline,20260729,21,POSITION,20260729:688582.SH,819f2e6ae83dbb9d3e6f59e49f5012806eb7896898ab0ff37bfd209471ab7572,688582.SH,,380,,,,,380,"{""close"":""37.17"",""cost_basis"":""16649.17"",""market_value"":""14124.60"",""price_date"":""20260729"",""quantity"":380,""realized_pnl"":""0.00"",""stale_trade_days"":0,""ts_code"":""688582.SH""}",736156e1210b9895cf9e8a5ad7c54252791db5d47473441a9deb346e96180c1c,docker-scheduler
98529cfe1a6ac1e6ee87,b72233f7833135819541,2026-07-29T11:50:00.814640+00:00,model_baseline,20260729,22,POSITION,20260729:688728.SH,819f2e6ae83dbb9d3e6f59e49f5012806eb7896898ab0ff37bfd209471ab7572,688728.SH,,993,,,,,993,"{""close"":""15.88"",""cost_basis"":""16657.78"",""market_value"":""15768.84"",""price_date"":""20260729"",""quantity"":993,""realized_pnl"":""0.00"",""stale_trade_days"":0,""ts_code"":""688728.SH""}",307311ae86736153c8b1c799c9f2ab59837adf4c39b5c029500c733142fd34e0,docker-scheduler
69d1de18b1781a770fa7,b72233f7833135819541,2026-07-29T11:50:00.814640+00:00,model_baseline,20260729,23,CASH,20260729,819f2e6ae83dbb9d3e6f59e49f5012806eb7896898ab0ff37bfd209471ab7572,,,,,,,180557.98,,"{""cash"":""180557.98""}",65cf7b0081832e25c50d1ae0655983ab8b3baa0c4f32624db3fdd33d80bff525,docker-scheduler
0e2abe701451f91c3d88,b72233f7833135819541,2026-07-29T11:50:00.814640+00:00,model_baseline,20260729,24,NAV,20260729,819f2e6ae83dbb9d3e6f59e49f5012806eb7896898ab0ff37bfd209471ab7572,,,,,,,180557.98,,"{""benchmark_nav"":""0.9774874290266633257072636952"",""cash"":""180557.98"",""cash_ratio"":""0.3878294259160290496425285756"",""cumulative_dividends"":""32.00"",""cumulative_fees"":""113.22"",""daily_fees"":""0.00"",""drawdown"":""-0.06887942"",""equation_difference"":""0.00"",""freshness_status"":""PASS"",""market_value"":""285002.31"",""net_asset"":""465560.29"",""net_excess"":""-0.0463668490266633257072636952"",""normalized_nav"":""0.93112058"",""positions"":[{""close"":""13.57"",""cost_basis"":""15548.16"",""market_value"":""12213.00"",""price_date"":""20260729"",""quantity"":900,""realized_pnl"":""0.00"",""stale_trade_days"":0,""ts_code"":""000032.SZ""},{""close"":""91.0"",""cost_basis"":""10755.11"",""market_value"":""9100.00"",""price_date"":""20260729"",""quantity"":100,""realized_pnl"":""0.00"",""stale_trade_days"":0,""ts_code"":""002008.SZ""},{""close"":""43.15"",""cost_basis"":""13469.13"",""market_value"":""12945.00"",""price_date"":""20260729"",""quantity"":300,""realized_pnl"":""0.00"",""stale_trade_days"":0,""ts_code"":""002138.SZ""},{""close"":""31.99"",""cost_basis"":""15955.16"",""market_value"":""15995.00"",""price_date"":""20260729"",""quantity"":500,""realized_pnl"":""0.00"",""stale_trade_days"":0,""ts_code"":""002407.SZ""},{""close"":""69.6"",""cost_basis"":""14581.15"",""market_value"":""13920.00"",""price_date"":""20260729"",""quantity"":200,""realized_pnl"":""0.00"",""stale_trade_days"":0,""ts_code"":""300054.SZ""},{""close"":""61.61"",""cost_basis"":""15517.16"",""market_value"":""12322.00"",""price_date"":""20260729"",""quantity"":200,""realized_pnl"":""0.00"",""stale_trade_days"":0,""ts_code"":""300136.SZ""},{""close"":""51.31"",""cost_basis"":""12479.12"",""market_value"":""10262.00"",""price_date"":""20260729"",""quantity"":200,""realized_pnl"":""0.00"",""stale_trade_days"":0,""ts_code"":""300346.SZ""},{""close"":""87.6"",""cost_basis"":""10305.10"",""market_value"":""8760.00"",""price_date"":""20260729"",""quantity"":100,""realized_pnl"":""0.00"",""stale_trade_days"":0,""ts_code"":""300373.SZ""},{""close"":""24.35"",""cost_basis"":""15000.15"",""market_value"":""12175.00"",""price_date"":""20260729"",""quantity"":500,""realized_pnl"":""0.00"",""stale_trade_days"":0,""ts_code"":""300623.SZ""},{""close"":""100.74"",""cost_basis"":""10737.11"",""market_value"":""10074.00"",""price_date"":""20260729"",""quantity"":100,""realized_pnl"":""0.00"",""stale_trade_days"":0,""ts_code"":""300661.SZ""},{""close"":""88.08"",""cost_basis"":""11914.12"",""market_value"":""8808.00"",""price_date"":""20260729"",""quantity"":100,""realized_pnl"":""0.00"",""stale_trade_days"":0,""ts_code"":""301611.SZ""},{""close"":""29.9"",""cost_basis"":""14445.14"",""market_value"":""11960.00"",""price_date"":""20260729"",""quantity"":400,""realized_pnl"":""0.00"",""stale_trade_days"":0,""ts_code"":""600460.SH""},{""close"":""8.29"",""cost_basis"":""15813.16"",""market_value"":""13264.00"",""price_date"":""20260729"",""quantity"":1600,""realized_pnl"":""0.00"",""stale_trade_days"":0,""ts_code"":""600707.SH""},{""close"":""43.9"",""cost_basis"":""14402.14"",""market_value"":""13170.00"",""price_date"":""20260729"",""quantity"":300,""realized_pnl"":""0.00"",""stale_trade_days"":0,""ts_code"":""603308.SH""},{""close"":""59.08"",""cost_basis"":""13857.14"",""market_value"":""11816.00"",""price_date"":""20260729"",""quantity"":200,""realized_pnl"":""0.00"",""stale_trade_days"":0,""ts_code"":""603650.SH""},{""close"":""43.22"",""cost_basis"":""16505.17"",""market_value"":""17288.00"",""price_date"":""20260729"",""quantity"":400,""realized_pnl"":""0.00"",""stale_trade_days"":0,""ts_code"":""603699.SH""},{""close"":""39.41"",""cost_basis"":""14930.15"",""market_value"":""11823.00"",""price_date"":""20260729"",""quantity"":300,""realized_pnl"":""0.00"",""stale_trade_days"":0,""ts_code"":""605358.SH""},{""close"":""43.25"",""cost_basis"":""16668.07"",""market_value"":""17386.50"",""price_date"":""20260729"",""quantity"":402,""realized_pnl"":""0.00"",""stale_trade_days"":0,""ts_code"":""688248.SH""},{""close"":""56.05"",""cost_basis"":""16617.01"",""market_value"":""14348.80"",""price_date"":""20260729"",""quantity"":256,""realized_pnl"":""0.00"",""stale_trade_days"":0,""ts_code"":""688396.SH""},{""close"":""7.71"",""cost_basis"":""16667.62"",""market_value"":""17478.57"",""price_date"":""20260729"",""quantity"":2267,""realized_pnl"":""0.00"",""stale_trade_days"":0,""ts_code"":""688469.SH""},{""close"":""37.17"",""cost_basis"":""16649.17"",""market_value"":""14124.60"",""price_date"":""20260729"",""quantity"":380,""realized_pnl"":""0.00"",""stale_trade_days"":0,""ts_code"":""688582.SH""},{""close"":""15.88"",""cost_basis"":""16657.78"",""market_value"":""15768.84"",""price_date"":""20260729"",""quantity"":993,""realized_pnl"":""0.00"",""stale_trade_days"":0,""ts_code"":""688728.SH""}],""trade_date"":""20260729"",""turnover"":""0""}",6b2827a1a96c51fe1196a62d8e9b40b9427676e7e31707f47242859265138eea,docker-scheduler
4dec378c459c124e4861,f7fcd6223e48e654609b,2026-07-30T11:39:24.897537+00:00,model_baseline,20260730,1,POSITION,20260730:000032.SZ,e1adae660da4608699aec7b96f4c2547275de53face71e13a7347501fbc6e88c,000032.SZ,,900,,,,,900,"{""close"":""12.31"",""cost_basis"":""15548.16"",""market_value"":""11079.00"",""price_date"":""20260730"",""quantity"":900,""realized_pnl"":""0.00"",""stale_trade_days"":0,""ts_code"":""000032.SZ""}",b97974fc8063437f2cd92873aefc8d571b242ef61881d8f2f99412f091eadead,docker-scheduler
8ca1eb947a22d03c04f4,f7fcd6223e48e654609b,2026-07-30T11:39:24.897537+00:00,model_baseline,20260730,2,POSITION,20260730:002008.SZ,e1adae660da4608699aec7b96f4c2547275de53face71e13a7347501fbc6e88c,002008.SZ,,100,,,,,100,"{""close"":""81.9"",""cost_basis"":""10755.11"",""market_value"":""8190.00"",""price_date"":""20260730"",""quantity"":100,""realized_pnl"":""0.00"",""stale_trade_days"":0,""ts_code"":""002008.SZ""}",dc70f904202fb7085b3f700281e989f8d99b6b9f47a1b64a2bcc48c1b7ef86e5,docker-scheduler
1fa3f56ec5fc581953d3,f7fcd6223e48e654609b,2026-07-30T11:39:24.897537+00:00,model_baseline,20260730,3,POSITION,20260730:002138.SZ,e1adae660da4608699aec7b96f4c2547275de53face71e13a7347501fbc6e88c,002138.SZ,,300,,,,,300,"{""close"":""40.1"",""cost_basis"":""13469.13"",""market_value"":""12030.00"",""price_date"":""20260730"",""quantity"":300,""realized_pnl"":""0.00"",""stale_trade_days"":0,""ts_code"":""002138.SZ""}",59d446ec3c888040766de6fcfaf116bde94890dbbf5b269b6437437867868401,docker-scheduler
2bcc37b3be163d80ccbd,f7fcd6223e48e654609b,2026-07-30T11:39:24.897537+00:00,model_baseline,20260730,4,POSITION,20260730:002407.SZ,e1adae660da4608699aec7b96f4c2547275de53face71e13a7347501fbc6e88c,002407.SZ,,500,,,,,500,"{""close"":""30.56"",""cost_basis"":""15955.16"",""market_value"":""15280.00"",""price_date"":""20260730"",""quantity"":500,""realized_pnl"":""0.00"",""stale_trade_days"":0,""ts_code"":""002407.SZ""}",9ea4ba21792877244821c7a45272b1a9b1090062bb168c5719c38cfdca1546cf,docker-scheduler
11a3f6ce0e34a56c90f0,f7fcd6223e48e654609b,2026-07-30T11:39:24.897537+00:00,model_baseline,20260730,5,POSITION,20260730:300054.SZ,e1adae660da4608699aec7b96f4c2547275de53face71e13a7347501fbc6e88c,300054.SZ,,200,,,,,200,"{""close"":""65.53"",""cost_basis"":""14581.15"",""market_value"":""13106.00"",""price_date"":""20260730"",""quantity"":200,""realized_pnl"":""0.00"",""stale_trade_days"":0,""ts_code"":""300054.SZ""}",7ae03bc717b2f9294a140753b26c889c1e77bce2e60406dd8fa7ca619ab8b8bd,docker-scheduler
53e6a3a18ea659b20034,f7fcd6223e48e654609b,2026-07-30T11:39:24.897537+00:00,model_baseline,20260730,6,POSITION,20260730:300136.SZ,e1adae660da4608699aec7b96f4c2547275de53face71e13a7347501fbc6e88c,300136.SZ,,200,,,,,200,"{""close"":""56.5"",""cost_basis"":""15517.16"",""market_value"":""11300.00"",""price_date"":""20260730"",""quantity"":200,""realized_pnl"":""0.00"",""stale_trade_days"":0,""ts_code"":""300136.SZ""}",2ed5512ebc30ae3b637ff9a01fd7f7e9282969662122eda1169eec4872d854ae,docker-scheduler
853dc416f02e1b0ba083,f7fcd6223e48e654609b,2026-07-30T11:39:24.897537+00:00,model_baseline,20260730,7,POSITION,20260730:300346.SZ,e1adae660da4608699aec7b96f4c2547275de53face71e13a7347501fbc6e88c,300346.SZ,,200,,,,,200,"{""close"":""47.61"",""cost_basis"":""12479.12"",""market_value"":""9522.00"",""price_date"":""20260730"",""quantity"":200,""realized_pnl"":""0.00"",""stale_trade_days"":0,""ts_code"":""300346.SZ""}",08bd9636300e584a41a5ced623959befb092b3df426d0cc9192e000f9c791ced,docker-scheduler
8502088bc746ec0c4cf5,f7fcd6223e48e654609b,2026-07-30T11:39:24.897537+00:00,model_baseline,20260730,8,POSITION,20260730:300373.SZ,e1adae660da4608699aec7b96f4c2547275de53face71e13a7347501fbc6e88c,300373.SZ,,100,,,,,100,"{""close"":""81.93"",""cost_basis"":""10305.10"",""market_value"":""8193.00"",""price_date"":""20260730"",""quantity"":100,""realized_pnl"":""0.00"",""stale_trade_days"":0,""ts_code"":""300373.SZ""}",3c80551bcb020379096d8082c6d8caebe3caf7ff6028c2e8a9f01221df2ec73a,docker-scheduler
d27ae71596615977015a,f7fcd6223e48e654609b,2026-07-30T11:39:24.897537+00:00,model_baseline,20260730,9,POSITION,20260730:300623.SZ,e1adae660da4608699aec7b96f4c2547275de53face71e13a7347501fbc6e88c,300623.SZ,,500,,,,,500,"{""close"":""22.57"",""cost_basis"":""15000.15"",""market_value"":""11285.00"",""price_date"":""20260730"",""quantity"":500,""realized_pnl"":""0.00"",""stale_trade_days"":0,""ts_code"":""300623.SZ""}",6fccc08b5d6a5c72e48658cf4dbed9cbb397495f95f8b95db619f798713c9c25,docker-scheduler
8fb23eceb190b511bf0c,f7fcd6223e48e654609b,2026-07-30T11:39:24.897537+00:00,model_baseline,20260730,10,POSITION,20260730:300661.SZ,e1adae660da4608699aec7b96f4c2547275de53face71e13a7347501fbc6e88c,300661.SZ,,100,,,,,100,"{""close"":""89.58"",""cost_basis"":""10737.11"",""market_value"":""8958.00"",""price_date"":""20260730"",""quantity"":100,""realized_pnl"":""0.00"",""stale_trade_days"":0,""ts_code"":""300661.SZ""}",3f4b4619441c617cb1af5ebea590d3e539b7ac6c79eb48036d3cd728c444c7c9,docker-scheduler
c3a2ba9ed9f7adb25a77,f7fcd6223e48e654609b,2026-07-30T11:39:24.897537+00:00,model_baseline,20260730,11,POSITION,20260730:301611.SZ,e1adae660da4608699aec7b96f4c2547275de53face71e13a7347501fbc6e88c,301611.SZ,,100,,,,,100,"{""close"":""78.84"",""cost_basis"":""11914.12"",""market_value"":""7884.00"",""price_date"":""20260730"",""quantity"":100,""realized_pnl"":""0.00"",""stale_trade_days"":0,""ts_code"":""301611.SZ""}",e658aa508470bba6f5ed51be57ca8458dc586ad243b595da1c998f131eb1c204,docker-scheduler
2aea48509589494a2de2,f7fcd6223e48e654609b,2026-07-30T11:39:24.897537+00:00,model_baseline,20260730,12,POSITION,20260730:600460.SH,e1adae660da4608699aec7b96f4c2547275de53face71e13a7347501fbc6e88c,600460.SH,,400,,,,,400,"{""close"":""27.77"",""cost_basis"":""14445.14"",""market_value"":""11108.00"",""price_date"":""20260730"",""quantity"":400,""realized_pnl"":""0.00"",""stale_trade_days"":0,""ts_code"":""600460.SH""}",517c7c4a84047cfbe5e87de2dce173c6dcea7f8896e229ad0044e39fa5e498a1,docker-scheduler
4037b6d15692912728fd,f7fcd6223e48e654609b,2026-07-30T11:39:24.897537+00:00,model_baseline,20260730,13,POSITION,20260730:600707.SH,e1adae660da4608699aec7b96f4c2547275de53face71e13a7347501fbc6e88c,600707.SH,,1600,,,,,1600,"{""close"":""7.73"",""cost_basis"":""15813.16"",""market_value"":""12368.00"",""price_date"":""20260730"",""quantity"":1600,""realized_pnl"":""0.00"",""stale_trade_days"":0,""ts_code"":""600707.SH""}",f8f40ea7cbae621dc3c972d824fdcbe68746c44518531e73ad66161b72e92580,docker-scheduler
26c40a75b4315e492852,f7fcd6223e48e654609b,2026-07-30T11:39:24.897537+00:00,model_baseline,20260730,14,POSITION,20260730:603308.SH,e1adae660da4608699aec7b96f4c2547275de53face71e13a7347501fbc6e88c,603308.SH,,300,,,,,300,"{""close"":""41.49"",""cost_basis"":""14402.14"",""market_value"":""12447.00"",""price_date"":""20260730"",""quantity"":300,""realized_pnl"":""0.00"",""stale_trade_days"":0,""ts_code"":""603308.SH""}",33c6fbaf36a796b5f563b58632099024ba578e7f5d850c9b1927ec4f8088c4a8,docker-scheduler
e2092b181e32a4dc355c,f7fcd6223e48e654609b,2026-07-30T11:39:24.897537+00:00,model_baseline,20260730,15,POSITION,20260730:603650.SH,e1adae660da4608699aec7b96f4c2547275de53face71e13a7347501fbc6e88c,603650.SH,,200,,,,,200,"{""close"":""53.73"",""cost_basis"":""13857.14"",""market_value"":""10746.00"",""price_date"":""20260730"",""quantity"":200,""realized_pnl"":""0.00"",""stale_trade_days"":0,""ts_code"":""603650.SH""}",134ce7fa6a4c9af8a0261c089a0e42cc76f1f6de9d2435837e87c9575422279a,docker-scheduler
bd3dfd59af28ac8a1259,f7fcd6223e48e654609b,2026-07-30T11:39:24.897537+00:00,model_baseline,20260730,16,POSITION,20260730:603699.SH,e1adae660da4608699aec7b96f4c2547275de53face71e13a7347501fbc6e88c,603699.SH,,400,,,,,400,"{""close"":""44.52"",""cost_basis"":""16505.17"",""market_value"":""17808.00"",""price_date"":""20260730"",""quantity"":400,""realized_pnl"":""0.00"",""stale_trade_days"":0,""ts_code"":""603699.SH""}",fc5268e54d3eee6e271ff93652173e75277bbe6633b0caa77fb9fff0cba8996c,docker-scheduler
9be75c063e8860d2f670,f7fcd6223e48e654609b,2026-07-30T11:39:24.897537+00:00,model_baseline,20260730,17,POSITION,20260730:605358.SH,e1adae660da4608699aec7b96f4c2547275de53face71e13a7347501fbc6e88c,605358.SH,,300,,,,,300,"{""close"":""35.68"",""cost_basis"":""14930.15"",""market_value"":""10704.00"",""price_date"":""20260730"",""quantity"":300,""realized_pnl"":""0.00"",""stale_trade_days"":0,""ts_code"":""605358.SH""}",5a4b6a16c3b1753fccbace1e3641c550b9262ded3bfdbf87f9549e5bd8fda2df,docker-scheduler
6fe65908117b1d82b6ad,f7fcd6223e48e654609b,2026-07-30T11:39:24.897537+00:00,model_baseline,20260730,18,POSITION,20260730:688248.SH,e1adae660da4608699aec7b96f4c2547275de53face71e13a7347501fbc6e88c,688248.SH,,402,,,,,402,"{""close"":""41.55"",""cost_basis"":""16668.07"",""market_value"":""16703.10"",""price_date"":""20260730"",""quantity"":402,""realized_pnl"":""0.00"",""stale_trade_days"":0,""ts_code"":""688248.SH""}",dde45f427b78c9837c3212786e1c1191acf4984daebb2becd5f0e35a8d0c079e,docker-scheduler
344e30d48471e060fe2c,f7fcd6223e48e654609b,2026-07-30T11:39:24.897537+00:00,model_baseline,20260730,19,POSITION,20260730:688396.SH,e1adae660da4608699aec7b96f4c2547275de53face71e13a7347501fbc6e88c,688396.SH,,256,,,,,256,"{""close"":""53.79"",""cost_basis"":""16617.01"",""market_value"":""13770.24"",""price_date"":""20260730"",""quantity"":256,""realized_pnl"":""0.00"",""stale_trade_days"":0,""ts_code"":""688396.SH""}",f21c2b6177ad057a487ee309a070fbab2cdb1cc84bf898775e6f535e25a75694,docker-scheduler
65a3d1328604937a92e7,f7fcd6223e48e654609b,2026-07-30T11:39:24.897537+00:00,model_baseline,20260730,20,POSITION,20260730:688469.SH,e1adae660da4608699aec7b96f4c2547275de53face71e13a7347501fbc6e88c,688469.SH,,2267,,,,,2267,"{""close"":""7.73"",""cost_basis"":""16667.62"",""market_value"":""17523.91"",""price_date"":""20260730"",""quantity"":2267,""realized_pnl"":""0.00"",""stale_trade_days"":0,""ts_code"":""688469.SH""}",8eb0024231f1fd81c983b3e2e60b915b92563d5f1bdaedc0a089ae2400a5f50c,docker-scheduler
44e99260c9e086613547,f7fcd6223e48e654609b,2026-07-30T11:39:24.897537+00:00,model_baseline,20260730,21,POSITION,20260730:688582.SH,e1adae660da4608699aec7b96f4c2547275de53face71e13a7347501fbc6e88c,688582.SH,,380,,,,,380,"{""close"":""35.3"",""cost_basis"":""16649.17"",""market_value"":""13414.00"",""price_date"":""20260730"",""quantity"":380,""realized_pnl"":""0.00"",""stale_trade_days"":0,""ts_code"":""688582.SH""}",fb5041585759e05229b8dc4539064c115e86064b53a78af8c9e09fc20d638c9b,docker-scheduler
94854702607ec5e15daa,f7fcd6223e48e654609b,2026-07-30T11:39:24.897537+00:00,model_baseline,20260730,22,POSITION,20260730:688728.SH,e1adae660da4608699aec7b96f4c2547275de53face71e13a7347501fbc6e88c,688728.SH,,993,,,,,993,"{""close"":""14.64"",""cost_basis"":""16657.78"",""market_value"":""14537.52"",""price_date"":""20260730"",""quantity"":993,""realized_pnl"":""0.00"",""stale_trade_days"":0,""ts_code"":""688728.SH""}",d3b0f6d4c9290ed80ea92046f381117d9c2405380cec3a5ae585f18ad8552f2d,docker-scheduler
ab5495febaf3a4cc50f2,f7fcd6223e48e654609b,2026-07-30T11:39:24.897537+00:00,model_baseline,20260730,23,CASH,20260730,e1adae660da4608699aec7b96f4c2547275de53face71e13a7347501fbc6e88c,,,,,,,180557.98,,"{""cash"":""180557.98""}",65cf7b0081832e25c50d1ae0655983ab8b3baa0c4f32624db3fdd33d80bff525,docker-scheduler
727b4e6aaa98c4149af2,f7fcd6223e48e654609b,2026-07-30T11:39:24.897537+00:00,model_baseline,20260730,24,NAV,20260730,e1adae660da4608699aec7b96f4c2547275de53face71e13a7347501fbc6e88c,,,,,,,180557.98,,"{""benchmark_nav"":""0.9621948507961737884861304550"",""cash"":""180557.98"",""cash_ratio"":""0.4025686557688459521119428068"",""cumulative_dividends"":""32.00"",""cumulative_fees"":""113.22"",""daily_fees"":""0.00"",""drawdown"":""-0.1029705"",""equation_difference"":""0.00"",""freshness_status"":""PASS"",""market_value"":""267956.77"",""net_asset"":""448514.75"",""net_excess"":""-0.0651653507961737884861304550"",""normalized_nav"":""0.8970295"",""positions"":[{""close"":""12.31"",""cost_basis"":""15548.16"",""market_value"":""11079.00"",""price_date"":""20260730"",""quantity"":900,""realized_pnl"":""0.00"",""stale_trade_days"":0,""ts_code"":""000032.SZ""},{""close"":""81.9"",""cost_basis"":""10755.11"",""market_value"":""8190.00"",""price_date"":""20260730"",""quantity"":100,""realized_pnl"":""0.00"",""stale_trade_days"":0,""ts_code"":""002008.SZ""},{""close"":""40.1"",""cost_basis"":""13469.13"",""market_value"":""12030.00"",""price_date"":""20260730"",""quantity"":300,""realized_pnl"":""0.00"",""stale_trade_days"":0,""ts_code"":""002138.SZ""},{""close"":""30.56"",""cost_basis"":""15955.16"",""market_value"":""15280.00"",""price_date"":""20260730"",""quantity"":500,""realized_pnl"":""0.00"",""stale_trade_days"":0,""ts_code"":""002407.SZ""},{""close"":""65.53"",""cost_basis"":""14581.15"",""market_value"":""13106.00"",""price_date"":""20260730"",""quantity"":200,""realized_pnl"":""0.00"",""stale_trade_days"":0,""ts_code"":""300054.SZ""},{""close"":""56.5"",""cost_basis"":""15517.16"",""market_value"":""11300.00"",""price_date"":""20260730"",""quantity"":200,""realized_pnl"":""0.00"",""stale_trade_days"":0,""ts_code"":""300136.SZ""},{""close"":""47.61"",""cost_basis"":""12479.12"",""market_value"":""9522.00"",""price_date"":""20260730"",""quantity"":200,""realized_pnl"":""0.00"",""stale_trade_days"":0,""ts_code"":""300346.SZ""},{""close"":""81.93"",""cost_basis"":""10305.10"",""market_value"":""8193.00"",""price_date"":""20260730"",""quantity"":100,""realized_pnl"":""0.00"",""stale_trade_days"":0,""ts_code"":""300373.SZ""},{""close"":""22.57"",""cost_basis"":""15000.15"",""market_value"":""11285.00"",""price_date"":""20260730"",""quantity"":500,""realized_pnl"":""0.00"",""stale_trade_days"":0,""ts_code"":""300623.SZ""},{""close"":""89.58"",""cost_basis"":""10737.11"",""market_value"":""8958.00"",""price_date"":""20260730"",""quantity"":100,""realized_pnl"":""0.00"",""stale_trade_days"":0,""ts_code"":""300661.SZ""},{""close"":""78.84"",""cost_basis"":""11914.12"",""market_value"":""7884.00"",""price_date"":""20260730"",""quantity"":100,""realized_pnl"":""0.00"",""stale_trade_days"":0,""ts_code"":""301611.SZ""},{""close"":""27.77"",""cost_basis"":""14445.14"",""market_value"":""11108.00"",""price_date"":""20260730"",""quantity"":400,""realized_pnl"":""0.00"",""stale_trade_days"":0,""ts_code"":""600460.SH""},{""close"":""7.73"",""cost_basis"":""15813.16"",""market_value"":""12368.00"",""price_date"":""20260730"",""quantity"":1600,""realized_pnl"":""0.00"",""stale_trade_days"":0,""ts_code"":""600707.SH""},{""close"":""41.49"",""cost_basis"":""14402.14"",""market_value"":""12447.00"",""price_date"":""20260730"",""quantity"":300,""realized_pnl"":""0.00"",""stale_trade_days"":0,""ts_code"":""603308.SH""},{""close"":""53.73"",""cost_basis"":""13857.14"",""market_value"":""10746.00"",""price_date"":""20260730"",""quantity"":200,""realized_pnl"":""0.00"",""stale_trade_days"":0,""ts_code"":""603650.SH""},{""close"":""44.52"",""cost_basis"":""16505.17"",""market_value"":""17808.00"",""price_date"":""20260730"",""quantity"":400,""realized_pnl"":""0.00"",""stale_trade_days"":0,""ts_code"":""603699.SH""},{""close"":""35.68"",""cost_basis"":""14930.15"",""market_value"":""10704.00"",""price_date"":""20260730"",""quantity"":300,""realized_pnl"":""0.00"",""stale_trade_days"":0,""ts_code"":""605358.SH""},{""close"":""41.55"",""cost_basis"":""16668.07"",""market_value"":""16703.10"",""price_date"":""20260730"",""quantity"":402,""realized_pnl"":""0.00"",""stale_trade_days"":0,""ts_code"":""688248.SH""},{""close"":""53.79"",""cost_basis"":""16617.01"",""market_value"":""13770.24"",""price_date"":""20260730"",""quantity"":256,""realized_pnl"":""0.00"",""stale_trade_days"":0,""ts_code"":""688396.SH""},{""close"":""7.73"",""cost_basis"":""16667.62"",""market_value"":""17523.91"",""price_date"":""20260730"",""quantity"":2267,""realized_pnl"":""0.00"",""stale_trade_days"":0,""ts_code"":""688469.SH""},{""close"":""35.3"",""cost_basis"":""16649.17"",""market_value"":""13414.00"",""price_date"":""20260730"",""quantity"":380,""realized_pnl"":""0.00"",""stale_trade_days"":0,""ts_code"":""688582.SH""},{""close"":""14.64"",""cost_basis"":""16657.78"",""market_value"":""14537.52"",""price_date"":""20260730"",""quantity"":993,""realized_pnl"":""0.00"",""stale_trade_days"":0,""ts_code"":""688728.SH""}],""trade_date"":""20260730"",""turnover"":""0""}",3a8ced11ca99e71b9e3ab3324092f292294144627f666eef3b77b1a125b99d71,docker-scheduler
a4b5340f68a1080fa216,1ce067a20af4e771da57,2026-07-31T13:59:22.121963+00:00,model_baseline,20260731,1,ORDER,fa55caad3b19c1210b1e,d68cc8f0aeae715f014408aa69b4fd353c87a87df73e75fab8d9ffbcfb316d69,002008.SZ,SELL,100,,,,,,"{""desired_quantity"":0,""filled_quantity"":100,""order_id"":""fa55caad3b19c1210b1e"",""reject_reason"":"""",""requested_quantity"":100,""side"":""SELL"",""status"":""FILLED"",""target_weight"":""0"",""ts_code"":""002008.SZ""}",05b7d0879fb8be7d9a765185bc74bae282fdce67ea32e78920d6f732c9b7610f,docker-scheduler
f3f42328d7aee9cad145,1ce067a20af4e771da57,2026-07-31T13:59:22.121963+00:00,model_baseline,20260731,2,FILL,a6d1ccc36d1d8abbb2d0,d68cc8f0aeae715f014408aa69b4fd353c87a87df73e75fab8d9ffbcfb316d69,002008.SZ,SELL,100,89.0,8900.00,9.54,189448.44,0,"{""cash_after"":""189448.44"",""commission"":""5.00"",""fill_id"":""a6d1ccc36d1d8abbb2d0"",""market_batch_id"":""2e2a37710341"",""notional"":""8900.00"",""open_deviation"":0.08669108669108669,""order_id"":""fa55caad3b19c1210b1e"",""position_after"":0,""price"":""89.0"",""quantity"":100,""side"":""SELL"",""stamp_tax"":""4.45"",""total_fee"":""9.54"",""transfer_fee"":""0.09"",""ts_code"":""002008.SZ""}",a3ec7508c40167852133bd50c1fd2adecc2c39f38a2c76a26aa67bfff0953cd4,docker-scheduler
6efe71542d0095d61634,1ce067a20af4e771da57,2026-07-31T13:59:22.121963+00:00,model_baseline,20260731,3,ORDER,49345cc70b190cd0336b,d68cc8f0aeae715f014408aa69b4fd353c87a87df73e75fab8d9ffbcfb316d69,002138.SZ,SELL,300,,,,,,"{""desired_quantity"":0,""filled_quantity"":300,""order_id"":""49345cc70b190cd0336b"",""reject_reason"":"""",""requested_quantity"":300,""side"":""SELL"",""status"":""FILLED"",""target_weight"":""0"",""ts_code"":""002138.SZ""}",b1e8c71fa061dd991a24a30bfe12ad15d57c87cd9ba4ea231c14629a493b09e5,docker-scheduler
298cde3aa20b5fa746b4,1ce067a20af4e771da57,2026-07-31T13:59:22.121963+00:00,model_baseline,20260731,4,FILL,812157f028c93b31102c,d68cc8f0aeae715f014408aa69b4fd353c87a87df73e75fab8d9ffbcfb316d69,002138.SZ,SELL,300,43.0,12900.00,11.58,202336.86,0,"{""cash_after"":""202336.86"",""commission"":""5.00"",""fill_id"":""812157f028c93b31102c"",""market_batch_id"":""2e2a37710341"",""notional"":""12900.00"",""open_deviation"":0.07231920199501247,""order_id"":""49345cc70b190cd0336b"",""position_after"":0,""price"":""43.0"",""quantity"":300,""side"":""SELL"",""stamp_tax"":""6.45"",""total_fee"":""11.58"",""transfer_fee"":""0.13"",""ts_code"":""002138.SZ""}",51a49dd0a13a75a6ed5f77fc92846f43a44481ac8a48cd3340b2626201ff0930,docker-scheduler
7488cbfaff5faab62204,1ce067a20af4e771da57,2026-07-31T13:59:22.121963+00:00,model_baseline,20260731,5,ORDER,76b0b51056550a6d359c,d68cc8f0aeae715f014408aa69b4fd353c87a87df73e75fab8d9ffbcfb316d69,002407.SZ,SELL,500,,,,,,"{""desired_quantity"":0,""filled_quantity"":500,""order_id"":""76b0b51056550a6d359c"",""reject_reason"":"""",""requested_quantity"":500,""side"":""SELL"",""status"":""FILLED"",""target_weight"":""0"",""ts_code"":""002407.SZ""}",71168083c13ee15448b7b6095a7481c2da7f236e83549a7f6e9b2315145ec646,docker-scheduler
e408b451c3f8352ced14,1ce067a20af4e771da57,2026-07-31T13:59:22.121963+00:00,model_baseline,20260731,6,FILL,d84cd696e9fb4e4a8f49,d68cc8f0aeae715f014408aa69b4fd353c87a87df73e75fab8d9ffbcfb316d69,002407.SZ,SELL,500,31.8,15900.00,13.11,218223.75,0,"{""cash_after"":""218223.75"",""commission"":""5.00"",""fill_id"":""d84cd696e9fb4e4a8f49"",""market_batch_id"":""2e2a37710341"",""notional"":""15900.00"",""open_deviation"":0.04057591623036649,""order_id"":""76b0b51056550a6d359c"",""position_after"":0,""price"":""31.8"",""quantity"":500,""side"":""SELL"",""stamp_tax"":""7.95"",""total_fee"":""13.11"",""transfer_fee"":""0.16"",""ts_code"":""002407.SZ""}",e8023f3729d3de50283099b35bbed299ae0aeb841fca9529ebfc78dd632007b2,docker-scheduler
0bcc0a5e0797d9b37b20,1ce067a20af4e771da57,2026-07-31T13:59:22.121963+00:00,model_baseline,20260731,7,ORDER,70a0a7c1105fe69f3da4,d68cc8f0aeae715f014408aa69b4fd353c87a87df73e75fab8d9ffbcfb316d69,300054.SZ,SELL,200,,,,,,"{""desired_quantity"":0,""filled_quantity"":200,""order_id"":""70a0a7c1105fe69f3da4"",""reject_reason"":"""",""requested_quantity"":200,""side"":""SELL"",""status"":""FILLED"",""target_weight"":""0"",""ts_code"":""300054.SZ""}",fe2532825e1bc53733a3599f6ffa6adf152ce565a79571fa959a9059498b08aa,docker-scheduler
73d6031b386dc52a1523,1ce067a20af4e771da57,2026-07-31T13:59:22.121963+00:00,model_baseline,20260731,8,FILL,84e18f8b78362323714b,d68cc8f0aeae715f014408aa69b4fd353c87a87df73e75fab8d9ffbcfb316d69,300054.SZ,SELL,200,70.98,14196.00,12.24,232407.51,0,"{""cash_after"":""232407.51"",""commission"":""5.00"",""fill_id"":""84e18f8b78362323714b"",""market_batch_id"":""2e2a37710341"",""notional"":""14196.00"",""open_deviation"":0.08316801464977873,""order_id"":""70a0a7c1105fe69f3da4"",""position_after"":0,""price"":""70.98"",""quantity"":200,""side"":""SELL"",""stamp_tax"":""7.10"",""total_fee"":""12.24"",""transfer_fee"":""0.14"",""ts_code"":""300054.SZ""}",f8eae3f55053f32197bc8074577595ed62fdeea62313726c5e2683264e4e1288,docker-scheduler
279fb2d9959a96c9d679,1ce067a20af4e771da57,2026-07-31T13:59:22.121963+00:00,model_baseline,20260731,9,ORDER,6fdb2f6875615d4dec07,d68cc8f0aeae715f014408aa69b4fd353c87a87df73e75fab8d9ffbcfb316d69,300346.SZ,SELL,200,,,,,,"{""desired_quantity"":0,""filled_quantity"":200,""order_id"":""6fdb2f6875615d4dec07"",""reject_reason"":"""",""requested_quantity"":200,""side"":""SELL"",""status"":""FILLED"",""target_weight"":""0"",""ts_code"":""300346.SZ""}",db481e139214a58786cff41aada77422fd3fcd86de305cacab7eaead7ba40b52,docker-scheduler
8a1c4f09ee59e0a30727,1ce067a20af4e771da57,2026-07-31T13:59:22.121963+00:00,model_baseline,20260731,10,FILL,a6e74ce62fd3606704da,d68cc8f0aeae715f014408aa69b4fd353c87a87df73e75fab8d9ffbcfb316d69,300346.SZ,SELL,200,51.51,10302.00,10.25,242699.26,0,"{""cash_after"":""242699.26"",""commission"":""5.00"",""fill_id"":""a6e74ce62fd3606704da"",""market_batch_id"":""2e2a37710341"",""notional"":""10302.00"",""open_deviation"":0.08191556395715185,""order_id"":""6fdb2f6875615d4dec07"",""position_after"":0,""price"":""51.51"",""quantity"":200,""side"":""SELL"",""stamp_tax"":""5.15"",""total_fee"":""10.25"",""transfer_fee"":""0.10"",""ts_code"":""300346.SZ""}",06330a18e6ad968cda551881d30bf258d11571db842f2071a0334f9e552391fa,docker-scheduler
7dd0918943fe5d382f5b,1ce067a20af4e771da57,2026-07-31T13:59:22.121963+00:00,model_baseline,20260731,11,ORDER,7e3feb7f78336edbaef3,d68cc8f0aeae715f014408aa69b4fd353c87a87df73e75fab8d9ffbcfb316d69,300373.SZ,SELL,100,,,,,,"{""desired_quantity"":0,""filled_quantity"":100,""order_id"":""7e3feb7f78336edbaef3"",""reject_reason"":"""",""requested_quantity"":100,""side"":""SELL"",""status"":""FILLED"",""target_weight"":""0"",""ts_code"":""300373.SZ""}",3a919f6643de9b588d4fea8d7cc1eecb30a5adf7d910df1e2efd4b8f7f48df74,docker-scheduler
e6f99df582c77cc9c8d5,1ce067a20af4e771da57,2026-07-31T13:59:22.121963+00:00,model_baseline,20260731,12,FILL,f19ab6e2121b77e712eb,d68cc8f0aeae715f014408aa69b4fd353c87a87df73e75fab8d9ffbcfb316d69,300373.SZ,SELL,100,89.0,8900.00,9.54,251589.72,0,"{""cash_after"":""251589.72"",""commission"":""5.00"",""fill_id"":""f19ab6e2121b77e712eb"",""market_batch_id"":""2e2a37710341"",""notional"":""8900.00"",""open_deviation"":0.08629317710240449,""order_id"":""7e3feb7f78336edbaef3"",""position_after"":0,""price"":""89.0"",""quantity"":100,""side"":""SELL"",""stamp_tax"":""4.45"",""total_fee"":""9.54"",""transfer_fee"":""0.09"",""ts_code"":""300373.SZ""}",74525db92bbcb5a78614be61e80715296579b12a684b22ad3de6616702a6538a,docker-scheduler
5ab7dbe80bb36f4f2821,1ce067a20af4e771da57,2026-07-31T13:59:22.121963+00:00,model_baseline,20260731,13,ORDER,5bd2c6e71a7d0b18e948,d68cc8f0aeae715f014408aa69b4fd353c87a87df73e75fab8d9ffbcfb316d69,300623.SZ,SELL,500,,,,,,"{""desired_quantity"":0,""filled_quantity"":500,""order_id"":""5bd2c6e71a7d0b18e948"",""reject_reason"":"""",""requested_quantity"":500,""side"":""SELL"",""status"":""FILLED"",""target_weight"":""0"",""ts_code"":""300623.SZ""}",ffa85a287783d69ef1aecff75a14209aacbfc4fb87f520689f4fb00bef31fc83,docker-scheduler
a0cb96042d3110042c5f,1ce067a20af4e771da57,2026-07-31T13:59:22.121963+00:00,model_baseline,20260731,14,FILL,a17644302b5e274f2251,d68cc8f0aeae715f014408aa69b4fd353c87a87df73e75fab8d9ffbcfb316d69,300623.SZ,SELL,500,24.05,12025.00,11.13,263603.59,0,"{""cash_after"":""263603.59"",""commission"":""5.00"",""fill_id"":""a17644302b5e274f2251"",""market_batch_id"":""2e2a37710341"",""notional"":""12025.00"",""open_deviation"":0.06557377049180328,""order_id"":""5bd2c6e71a7d0b18e948"",""position_after"":0,""price"":""24.05"",""quantity"":500,""side"":""SELL"",""stamp_tax"":""6.01"",""total_fee"":""11.13"",""transfer_fee"":""0.12"",""ts_code"":""300623.SZ""}",72628c93a88b018414833d2e35d028962f575eab3175f7d2babde184c01384a0,docker-scheduler
da2b87fb8ed96006facd,1ce067a20af4e771da57,2026-07-31T13:59:22.121963+00:00,model_baseline,20260731,15,ORDER,317574dd042c145952a2,d68cc8f0aeae715f014408aa69b4fd353c87a87df73e75fab8d9ffbcfb316d69,300661.SZ,SELL,100,,,,,,"{""desired_quantity"":0,""filled_quantity"":100,""order_id"":""317574dd042c145952a2"",""reject_reason"":"""",""requested_quantity"":100,""side"":""SELL"",""status"":""FILLED"",""target_weight"":""0"",""ts_code"":""300661.SZ""}",c453b1b0bc1b41f79d680a84696b2c81d9528602e31cd478b7fac900b4508e8c,docker-scheduler
285217f8e6c63ab13f14,1ce067a20af4e771da57,2026-07-31T13:59:22.121963+00:00,model_baseline,20260731,16,FILL,a840c73d80efa59d3b6b,d68cc8f0aeae715f014408aa69b4fd353c87a87df73e75fab8d9ffbcfb316d69,300661.SZ,SELL,100,96.2,9620.00,9.91,273213.68,0,"{""cash_after"":""273213.68"",""commission"":""5.00"",""fill_id"":""a840c73d80efa59d3b6b"",""market_batch_id"":""2e2a37710341"",""notional"":""9620.00"",""open_deviation"":0.07390042420183077,""order_id"":""317574dd042c145952a2"",""position_after"":0,""price"":""96.2"",""quantity"":100,""side"":""SELL"",""stamp_tax"":""4.81"",""total_fee"":""9.91"",""transfer_fee"":""0.10"",""ts_code"":""300661.SZ""}",d9cfbbf8cec308ec17c3a37a109211f799ca78f9015bae784ee7380ce73224d9,docker-scheduler
119444658ddc4c87f329,1ce067a20af4e771da57,2026-07-31T13:59:22.121963+00:00,model_baseline,20260731,17,ORDER,b541766f248eea8efbd5,d68cc8f0aeae715f014408aa69b4fd353c87a87df73e75fab8d9ffbcfb316d69,301611.SZ,SELL,100,,,,,,"{""desired_quantity"":0,""filled_quantity"":100,""order_id"":""b541766f248eea8efbd5"",""reject_reason"":"""",""requested_quantity"":100,""side"":""SELL"",""status"":""FILLED"",""target_weight"":""0"",""ts_code"":""301611.SZ""}",4f94a640e5535d9945bccc1228901058e6dcd26c098795c477ffc866e73b8124,docker-scheduler
a16ef735b682135ce554,1ce067a20af4e771da57,2026-07-31T13:59:22.121963+00:00,model_baseline,20260731,18,FILL,668a576a7ae1848476cd,d68cc8f0aeae715f014408aa69b4fd353c87a87df73e75fab8d9ffbcfb316d69,301611.SZ,SELL,100,86.0,8600.00,9.39,281804.29,0,"{""cash_after"":""281804.29"",""commission"":""5.00"",""fill_id"":""668a576a7ae1848476cd"",""market_batch_id"":""2e2a37710341"",""notional"":""8600.00"",""open_deviation"":0.09081684424150177,""order_id"":""b541766f248eea8efbd5"",""position_after"":0,""price"":""86.0"",""quantity"":100,""side"":""SELL"",""stamp_tax"":""4.30"",""total_fee"":""9.39"",""transfer_fee"":""0.09"",""ts_code"":""301611.SZ""}",a6e221630c86cbf95925215fb249763e46bb546b6bb13afeeb605e6fce715b92,docker-scheduler
37a0adaaba03b7319c70,1ce067a20af4e771da57,2026-07-31T13:59:22.121963+00:00,model_baseline,20260731,19,ORDER,948c63d818d80b1174a6,d68cc8f0aeae715f014408aa69b4fd353c87a87df73e75fab8d9ffbcfb316d69,600460.SH,SELL,400,,,,,,"{""desired_quantity"":0,""filled_quantity"":400,""order_id"":""948c63d818d80b1174a6"",""reject_reason"":"""",""requested_quantity"":400,""side"":""SELL"",""status"":""FILLED"",""target_weight"":""0"",""ts_code"":""600460.SH""}",e540d6db44d675d4a1964e35e4a9ca713bba72ab226a6f50a2cc4e708f41c46e,docker-scheduler
59106a38d70648ee0f13,1ce067a20af4e771da57,2026-07-31T13:59:22.121963+00:00,model_baseline,20260731,20,FILL,42f19d9acf18f217489d,d68cc8f0aeae715f014408aa69b4fd353c87a87df73e75fab8d9ffbcfb316d69,600460.SH,SELL,400,29.6,11840.00,11.04,293633.25,0,"{""cash_after"":""293633.25"",""commission"":""5.00"",""fill_id"":""42f19d9acf18f217489d"",""market_batch_id"":""2e2a37710341"",""notional"":""11840.00"",""open_deviation"":0.0658984515664386,""order_id"":""948c63d818d80b1174a6"",""position_after"":0,""price"":""29.6"",""quantity"":400,""side"":""SELL"",""stamp_tax"":""5.92"",""total_fee"":""11.04"",""transfer_fee"":""0.12"",""ts_code"":""600460.SH""}",b5ad774448bcfb520f82dabdd273b617c91c85095d2cb1eb25c4ae64ad173547,docker-scheduler
b32f6fafb5e75e9fbd4e,1ce067a20af4e771da57,2026-07-31T13:59:22.121963+00:00,model_baseline,20260731,21,ORDER,e15746ccf65afa3991d1,d68cc8f0aeae715f014408aa69b4fd353c87a87df73e75fab8d9ffbcfb316d69,600707.SH,SELL,1600,,,,,,"{""desired_quantity"":0,""filled_quantity"":1600,""order_id"":""e15746ccf65afa3991d1"",""reject_reason"":"""",""requested_quantity"":1600,""side"":""SELL"",""status"":""FILLED"",""target_weight"":""0"",""ts_code"":""600707.SH""}",845649dbe8389eae1862dc1939f53d94e832616c742f832710512cb09b20ff58,docker-scheduler
21f0044393f8ebbaed18,1ce067a20af4e771da57,2026-07-31T13:59:22.121963+00:00,model_baseline,20260731,22,FILL,56227760337d9898753a,d68cc8f0aeae715f014408aa69b4fd353c87a87df73e75fab8d9ffbcfb316d69,600707.SH,SELL,1600,8.18,13088.00,11.67,306709.58,0,"{""cash_after"":""306709.58"",""commission"":""5.00"",""fill_id"":""56227760337d9898753a"",""market_batch_id"":""2e2a37710341"",""notional"":""13088.00"",""open_deviation"":0.05821474773609314,""order_id"":""e15746ccf65afa3991d1"",""position_after"":0,""price"":""8.18"",""quantity"":1600,""side"":""SELL"",""stamp_tax"":""6.54"",""total_fee"":""11.67"",""transfer_fee"":""0.13"",""ts_code"":""600707.SH""}",ffa80f34ad6615d84d1658f4242cc507dd1572f925dbe9a3287f32c1f02d52e0,docker-scheduler
d502fdc36d259eb65c8d,1ce067a20af4e771da57,2026-07-31T13:59:22.121963+00:00,model_baseline,20260731,23,ORDER,28b6e2618eb4aaea0de4,d68cc8f0aeae715f014408aa69b4fd353c87a87df73e75fab8d9ffbcfb316d69,603650.SH,SELL,200,,,,,,"{""desired_quantity"":0,""filled_quantity"":200,""order_id"":""28b6e2618eb4aaea0de4"",""reject_reason"":"""",""requested_quantity"":200,""side"":""SELL"",""status"":""FILLED"",""target_weight"":""0"",""ts_code"":""603650.SH""}",d377c64b24bb21091c948475d7b7b7e5abec87dcbb6073852bcf88f87c872fa2,docker-scheduler
09299b98dfa3852a82ba,1ce067a20af4e771da57,2026-07-31T13:59:22.121963+00:00,model_baseline,20260731,24,FILL,bfe39a0840bfae616aad,d68cc8f0aeae715f014408aa69b4fd353c87a87df73e75fab8d9ffbcfb316d69,603650.SH,SELL,200,56.97,11394.00,10.81,318092.77,0,"{""cash_after"":""318092.77"",""commission"":""5.00"",""fill_id"":""bfe39a0840bfae616aad"",""market_batch_id"":""2e2a37710341"",""notional"":""11394.00"",""open_deviation"":0.06030150753768844,""order_id"":""28b6e2618eb4aaea0de4"",""position_after"":0,""price"":""56.97"",""quantity"":200,""side"":""SELL"",""stamp_tax"":""5.70"",""total_fee"":""10.81"",""transfer_fee"":""0.11"",""ts_code"":""603650.SH""}",c94af814f09b9128493876c453c41412ad05186b494470e64c988de27233ce5d,docker-scheduler
99ec1ba1deb071cc9fb6,1ce067a20af4e771da57,2026-07-31T13:59:22.121963+00:00,model_baseline,20260731,25,ORDER,c8a35c660a6d4faae255,d68cc8f0aeae715f014408aa69b4fd353c87a87df73e75fab8d9ffbcfb316d69,603699.SH,SELL,400,,,,,,"{""desired_quantity"":0,""filled_quantity"":400,""order_id"":""c8a35c660a6d4faae255"",""reject_reason"":"""",""requested_quantity"":400,""side"":""SELL"",""status"":""FILLED"",""target_weight"":""0"",""ts_code"":""603699.SH""}",dd1e9d7c49069d21c5779694c5b5a96e7e8d8fc1bc776ef5e99eaacb36cb1489,docker-scheduler
4fbd3130031269d70052,1ce067a20af4e771da57,2026-07-31T13:59:22.121963+00:00,model_baseline,20260731,26,FILL,ee4ea12394e7bc1d9a5c,d68cc8f0aeae715f014408aa69b4fd353c87a87df73e75fab8d9ffbcfb316d69,603699.SH,SELL,400,45.41,18164.00,14.71,336242.06,0,"{""cash_after"":""336242.06"",""commission"":""5.45"",""fill_id"":""ee4ea12394e7bc1d9a5c"",""market_batch_id"":""2e2a37710341"",""notional"":""18164.00"",""open_deviation"":0.019991015274034143,""order_id"":""c8a35c660a6d4faae255"",""position_after"":0,""price"":""45.41"",""quantity"":400,""side"":""SELL"",""stamp_tax"":""9.08"",""total_fee"":""14.71"",""transfer_fee"":""0.18"",""ts_code"":""603699.SH""}",534b23084cdb2e50835281d40ee2aa23bd9d1715dbb0651f5f1a63213504cd34,docker-scheduler
7252baa0ebe344410823,1ce067a20af4e771da57,2026-07-31T13:59:22.121963+00:00,model_baseline,20260731,27,ORDER,e3f3e2bd8ef97c7adfed,d68cc8f0aeae715f014408aa69b4fd353c87a87df73e75fab8d9ffbcfb316d69,605358.SH,SELL,300,,,,,,"{""desired_quantity"":0,""filled_quantity"":300,""order_id"":""e3f3e2bd8ef97c7adfed"",""reject_reason"":"""",""requested_quantity"":300,""side"":""SELL"",""status"":""FILLED"",""target_weight"":""0"",""ts_code"":""605358.SH""}",9626315d031d65f70c0ddb8a2f0c4110c1855fbb9dc989c3ecec4161cfe467cc,docker-scheduler
27b4f66f7818be986b22,1ce067a20af4e771da57,2026-07-31T13:59:22.121963+00:00,model_baseline,20260731,28,FILL,afd9d661b78a201a2c36,d68cc8f0aeae715f014408aa69b4fd353c87a87df73e75fab8d9ffbcfb316d69,605358.SH,SELL,300,38.32,11496.00,10.86,347727.20,0,"{""cash_after"":""347727.20"",""commission"":""5.00"",""fill_id"":""afd9d661b78a201a2c36"",""market_batch_id"":""2e2a37710341"",""notional"":""11496.00"",""open_deviation"":0.07399103139013453,""order_id"":""e3f3e2bd8ef97c7adfed"",""position_after"":0,""price"":""38.32"",""quantity"":300,""side"":""SELL"",""stamp_tax"":""5.75"",""total_fee"":""10.86"",""transfer_fee"":""0.11"",""ts_code"":""605358.SH""}",bc1cd5789e54da05cd5aafd27bdee2bd6d27a6c80ae15c293b881e1cdde53c20,docker-scheduler
a4e02c3dc69d3e7d0167,1ce067a20af4e771da57,2026-07-31T13:59:22.121963+00:00,model_baseline,20260731,29,ORDER,3f94281366967dd8a674,d68cc8f0aeae715f014408aa69b4fd353c87a87df73e75fab8d9ffbcfb316d69,688248.SH,SELL,402,,,,,,"{""desired_quantity"":0,""filled_quantity"":402,""order_id"":""3f94281366967dd8a674"",""reject_reason"":"""",""requested_quantity"":402,""side"":""SELL"",""status"":""FILLED"",""target_weight"":""0"",""ts_code"":""688248.SH""}",3ca7b73a64945c1cb318103ed72e91c21a86a0280b2375ea682758ad8f91e071,docker-scheduler
72dc42ae7905a728d1be,1ce067a20af4e771da57,2026-07-31T13:59:22.121963+00:00,model_baseline,20260731,30,FILL,f5c956de81c9720c4e44,d68cc8f0aeae715f014408aa69b4fd353c87a87df73e75fab8d9ffbcfb316d69,688248.SH,SELL,402,42.49,17080.98,13.83,364794.35,0,"{""cash_after"":""364794.35"",""commission"":""5.12"",""fill_id"":""f5c956de81c9720c4e44"",""market_batch_id"":""2e2a37710341"",""notional"":""17080.98"",""open_deviation"":0.02262334536702768,""order_id"":""3f94281366967dd8a674"",""position_after"":0,""price"":""42.49"",""quantity"":402,""side"":""SELL"",""stamp_tax"":""8.54"",""total_fee"":""13.83"",""transfer_fee"":""0.17"",""ts_code"":""688248.SH""}",b237d65786ce7d171e032105e03c7b963a7148ab6d86892b3eb4997f0ff411e8,docker-scheduler
0d826797b06b60a8f25b,1ce067a20af4e771da57,2026-07-31T13:59:22.121963+00:00,model_baseline,20260731,31,ORDER,bfa34d4206a34103a4b7,d68cc8f0aeae715f014408aa69b4fd353c87a87df73e75fab8d9ffbcfb316d69,688396.SH,SELL,256,,,,,,"{""desired_quantity"":0,""filled_quantity"":256,""order_id"":""bfa34d4206a34103a4b7"",""reject_reason"":"""",""requested_quantity"":256,""side"":""SELL"",""status"":""FILLED"",""target_weight"":""0"",""ts_code"":""688396.SH""}",4dac0b767bc348aa4eb8c7de3d31a6853cab7e6321b2d4d8ac10edc89b737f13,docker-scheduler
3376c4818aef62ebab27,1ce067a20af4e771da57,2026-07-31T13:59:22.121963+00:00,model_baseline,20260731,32,FILL,963718843d8efff2c16a,d68cc8f0aeae715f014408aa69b4fd353c87a87df73e75fab8d9ffbcfb316d69,688396.SH,SELL,256,57.99,14845.44,12.57,379627.22,0,"{""cash_after"":""379627.22"",""commission"":""5.00"",""fill_id"":""963718843d8efff2c16a"",""market_batch_id"":""2e2a37710341"",""notional"":""14845.44"",""open_deviation"":0.0780814277746793,""order_id"":""bfa34d4206a34103a4b7"",""position_after"":0,""price"":""57.99"",""quantity"":256,""side"":""SELL"",""stamp_tax"":""7.42"",""total_fee"":""12.57"",""transfer_fee"":""0.15"",""ts_code"":""688396.SH""}",8bedd05f32a9147350a40ee1a286aebf6ed1cdf01c1a1fc9f6acfea8a01bb9fa,docker-scheduler
3de43de528533ace8fa0,1ce067a20af4e771da57,2026-07-31T13:59:22.121963+00:00,model_baseline,20260731,33,ORDER,1e1440c85e86cd29726f,d68cc8f0aeae715f014408aa69b4fd353c87a87df73e75fab8d9ffbcfb316d69,688469.SH,SELL,2267,,,,,,"{""desired_quantity"":0,""filled_quantity"":2267,""order_id"":""1e1440c85e86cd29726f"",""reject_reason"":"""",""requested_quantity"":2267,""side"":""SELL"",""status"":""FILLED"",""target_weight"":""0"",""ts_code"":""688469.SH""}",4e469b20cb2cecb2d1f2d1aecf95c3831b7967be630c991e499a665ffbf439de,docker-scheduler
df25d31f7514f1f44f1d,1ce067a20af4e771da57,2026-07-31T13:59:22.121963+00:00,model_baseline,20260731,34,FILL,a37158af1fc8efd185b3,d68cc8f0aeae715f014408aa69b4fd353c87a87df73e75fab8d9ffbcfb316d69,688469.SH,SELL,2267,8.14,18453.38,14.95,398065.65,0,"{""cash_after"":""398065.65"",""commission"":""5.54"",""fill_id"":""a37158af1fc8efd185b3"",""market_batch_id"":""2e2a37710341"",""notional"":""18453.38"",""open_deviation"":0.05304010349288486,""order_id"":""1e1440c85e86cd29726f"",""position_after"":0,""price"":""8.14"",""quantity"":2267,""side"":""SELL"",""stamp_tax"":""9.23"",""total_fee"":""14.95"",""transfer_fee"":""0.18"",""ts_code"":""688469.SH""}",63d686941d13796eef0771a8081ec2b192fed04293cc992517abf46014bee009,docker-scheduler
29d374a0438ecbfc6a6e,1ce067a20af4e771da57,2026-07-31T13:59:22.121963+00:00,model_baseline,20260731,35,ORDER,002841862aa6d314ccf0,d68cc8f0aeae715f014408aa69b4fd353c87a87df73e75fab8d9ffbcfb316d69,688582.SH,SELL,380,,,,,,"{""desired_quantity"":0,""filled_quantity"":380,""order_id"":""002841862aa6d314ccf0"",""reject_reason"":"""",""requested_quantity"":380,""side"":""SELL"",""status"":""FILLED"",""target_weight"":""0"",""ts_code"":""688582.SH""}",37c7e741caba075d50640a7de0fc6937a9c8122fce356effdd7407783cce55c3,docker-scheduler
5894e102904cf5ef516d,1ce067a20af4e771da57,2026-07-31T13:59:22.121963+00:00,model_baseline,20260731,36,FILL,764dd2c00fb0da9ccc36,d68cc8f0aeae715f014408aa69b4fd353c87a87df73e75fab8d9ffbcfb316d69,688582.SH,SELL,380,36.71,13949.80,12.11,412003.34,0,"{""cash_after"":""412003.34"",""commission"":""5.00"",""fill_id"":""764dd2c00fb0da9ccc36"",""market_batch_id"":""2e2a37710341"",""notional"":""13949.80"",""open_deviation"":0.03994334277620397,""order_id"":""002841862aa6d314ccf0"",""position_after"":0,""price"":""36.71"",""quantity"":380,""side"":""SELL"",""stamp_tax"":""6.97"",""total_fee"":""12.11"",""transfer_fee"":""0.14"",""ts_code"":""688582.SH""}",3554e083142e50fd47a3cf485f21a6eb4fbcda627f46fed9b14a1a5a03806897,docker-scheduler
39b3b79670821fec62c7,1ce067a20af4e771da57,2026-07-31T13:59:22.121963+00:00,model_baseline,20260731,37,ORDER,1bfbe0ff4ef597393f32,d68cc8f0aeae715f014408aa69b4fd353c87a87df73e75fab8d9ffbcfb316d69,688728.SH,SELL,993,,,,,,"{""desired_quantity"":0,""filled_quantity"":993,""order_id"":""1bfbe0ff4ef597393f32"",""reject_reason"":"""",""requested_quantity"":993,""side"":""SELL"",""status"":""FILLED"",""target_weight"":""0"",""ts_code"":""688728.SH""}",9efe3882bfc257324f4c5d20a6be0228097fb25b1d269d9a6fbbd635807ce5b7,docker-scheduler
b7cd88efe4cc517ba227,1ce067a20af4e771da57,2026-07-31T13:59:22.121963+00:00,model_baseline,20260731,38,FILL,2d9a3347a4895bddf320,d68cc8f0aeae715f014408aa69b4fd353c87a87df73e75fab8d9ffbcfb316d69,688728.SH,SELL,993,15.89,15778.77,13.05,427769.06,0,"{""cash_after"":""427769.06"",""commission"":""5.00"",""fill_id"":""2d9a3347a4895bddf320"",""market_batch_id"":""2e2a37710341"",""notional"":""15778.77"",""open_deviation"":0.08538251366120218,""order_id"":""1bfbe0ff4ef597393f32"",""position_after"":0,""price"":""15.89"",""quantity"":993,""side"":""SELL"",""stamp_tax"":""7.89"",""total_fee"":""13.05"",""transfer_fee"":""0.16"",""ts_code"":""688728.SH""}",b72d0ad5e3f0398a8f48c02b462183091f5a878add541acb2ff0c27b791084b4,docker-scheduler
9bbbf45fc73a6124886d,1ce067a20af4e771da57,2026-07-31T13:59:22.121963+00:00,model_baseline,20260731,39,ORDER,bc342b977ee2a6ddc5f5,d68cc8f0aeae715f014408aa69b4fd353c87a87df73e75fab8d9ffbcfb316d69,300476.SZ,BUY,0,,,,,,"{""desired_quantity"":0,""filled_quantity"":0,""order_id"":""bc342b977ee2a6ddc5f5"",""reject_reason"":""BELOW_MIN_LOT"",""requested_quantity"":0,""side"":""BUY"",""status"":""REJECTED"",""target_weight"":""0.03333333333333333"",""ts_code"":""300476.SZ""}",55abb73f0c519982fc059545f84a1ce79843bd9c3557cf1287debd1314464df1,docker-scheduler
364aa70cbb5599040884,1ce067a20af4e771da57,2026-07-31T13:59:22.121963+00:00,model_baseline,20260731,40,ORDER,7a27013eb634b652df0e,d68cc8f0aeae715f014408aa69b4fd353c87a87df73e75fab8d9ffbcfb316d69,688313.SH,BUY,0,,,,,,"{""desired_quantity"":0,""filled_quantity"":0,""order_id"":""7a27013eb634b652df0e"",""reject_reason"":""BELOW_MIN_LOT"",""requested_quantity"":0,""side"":""BUY"",""status"":""REJECTED"",""target_weight"":""0.03333333333333333"",""ts_code"":""688313.SH""}",ee2336609c8364d78ab30cb4c26161eda44856dd4a68bfa8432901bcfed0e4a0,docker-scheduler
034c4a40d1308435f6f2,1ce067a20af4e771da57,2026-07-31T13:59:22.121963+00:00,model_baseline,20260731,41,ORDER,2a0a6cb9ac1fb41b2289,d68cc8f0aeae715f014408aa69b4fd353c87a87df73e75fab8d9ffbcfb316d69,688343.SH,BUY,271,,,,,,"{""desired_quantity"":271,""filled_quantity"":271,""order_id"":""2a0a6cb9ac1fb41b2289"",""reject_reason"":"""",""requested_quantity"":271,""side"":""BUY"",""status"":""FILLED"",""target_weight"":""0.03333333333333333"",""ts_code"":""688343.SH""}",b79fbd9586a2a778def581cbe4620b2925e1011a9b091903f0f772ccb0108825,docker-scheduler
e7d3a9950dce9c188a62,1ce067a20af4e771da57,2026-07-31T13:59:22.121963+00:00,model_baseline,20260731,42,FILL,167bb02b4f3dd3cfe884,d68cc8f0aeae715f014408aa69b4fd353c87a87df73e75fab8d9ffbcfb316d69,688343.SH,BUY,271,57.0,15447.00,5.15,412316.91,271,"{""cash_after"":""412316.91"",""commission"":""5.00"",""fill_id"":""167bb02b4f3dd3cfe884"",""market_batch_id"":""2e2a37710341"",""notional"":""15447.00"",""open_deviation"":0.08262108262108261,""order_id"":""2a0a6cb9ac1fb41b2289"",""position_after"":271,""price"":""57.0"",""quantity"":271,""side"":""BUY"",""stamp_tax"":""0.00"",""total_fee"":""5.15"",""transfer_fee"":""0.15"",""ts_code"":""688343.SH""}",2adac11295cf1a42916e0204052cd16730b6f5e2331f4a6ec9c3757a16e0a6fb,docker-scheduler
fdb69f5953390be1255c,1ce067a20af4e771da57,2026-07-31T13:59:22.121963+00:00,model_baseline,20260731,43,ORDER,986455b713a2045bcf1a,d68cc8f0aeae715f014408aa69b4fd353c87a87df73e75fab8d9ffbcfb316d69,000032.SZ,BUY,200,,,,,,"{""desired_quantity"":1100,""filled_quantity"":200,""order_id"":""986455b713a2045bcf1a"",""reject_reason"":"""",""requested_quantity"":200,""side"":""BUY"",""status"":""FILLED"",""target_weight"":""0.03333333333333333"",""ts_code"":""000032.SZ""}",910b5cca06e06499ce496093888f880731f3b0f61d9ed47451cc0c8076bdd6dd,docker-scheduler
151e2f7d52909de204e6,1ce067a20af4e771da57,2026-07-31T13:59:22.121963+00:00,model_baseline,20260731,44,FILL,22804f7763ea8d045ea3,d68cc8f0aeae715f014408aa69b4fd353c87a87df73e75fab8d9ffbcfb316d69,000032.SZ,BUY,200,13.13,2626.00,5.03,409685.88,1100,"{""cash_after"":""409685.88"",""commission"":""5.00"",""fill_id"":""22804f7763ea8d045ea3"",""market_batch_id"":""2e2a37710341"",""notional"":""2626.00"",""open_deviation"":0.06661251015434606,""order_id"":""986455b713a2045bcf1a"",""position_after"":1100,""price"":""13.13"",""quantity"":200,""side"":""BUY"",""stamp_tax"":""0.00"",""total_fee"":""5.03"",""transfer_fee"":""0.03"",""ts_code"":""000032.SZ""}",2a13a355032fbc479948ac1026a7be20dab0b3293acf17651342dc5cadf40157,docker-scheduler
a09fe377b3851bfa7361,1ce067a20af4e771da57,2026-07-31T13:59:22.121963+00:00,model_baseline,20260731,45,ORDER,114af09fd804da7d2a35,d68cc8f0aeae715f014408aa69b4fd353c87a87df73e75fab8d9ffbcfb316d69,300548.SZ,BUY,100,,,,,,"{""desired_quantity"":100,""filled_quantity"":100,""order_id"":""114af09fd804da7d2a35"",""reject_reason"":"""",""requested_quantity"":100,""side"":""BUY"",""status"":""FILLED"",""target_weight"":""0.03333333333333333"",""ts_code"":""300548.SZ""}",7373cc31b4304383d48df0451a3557d97ca8e87261cd727b76517cbbdef1c6b3,docker-scheduler
dad0de52b6c481f19394,1ce067a20af4e771da57,2026-07-31T13:59:22.121963+00:00,model_baseline,20260731,46,FILL,771a29598bfc7c8a31e5,d68cc8f0aeae715f014408aa69b4fd353c87a87df73e75fab8d9ffbcfb316d69,300548.SZ,BUY,100,142.0,14200.00,5.14,395480.74,100,"{""cash_after"":""395480.74"",""commission"":""5.00"",""fill_id"":""771a29598bfc7c8a31e5"",""market_batch_id"":""2e2a37710341"",""notional"":""14200.00"",""open_deviation"":0.11582586830111583,""order_id"":""114af09fd804da7d2a35"",""position_after"":100,""price"":""142.0"",""quantity"":100,""side"":""BUY"",""stamp_tax"":""0.00"",""total_fee"":""5.14"",""transfer_fee"":""0.14"",""ts_code"":""300548.SZ""}",022061aab778c36b220b406fc792e3fd7a76a3cb209364f1447d5208a47c38f9,docker-scheduler
51a7c53c05aaafba8a02,1ce067a20af4e771da57,2026-07-31T13:59:22.121963+00:00,model_baseline,20260731,47,ORDER,2c185f22d41db18c99ac,d68cc8f0aeae715f014408aa69b4fd353c87a87df73e75fab8d9ffbcfb316d69,301308.SZ,BUY,0,,,,,,"{""desired_quantity"":0,""filled_quantity"":0,""order_id"":""2c185f22d41db18c99ac"",""reject_reason"":""BELOW_MIN_LOT"",""requested_quantity"":0,""side"":""BUY"",""status"":""REJECTED"",""target_weight"":""0.03333333333333333"",""ts_code"":""301308.SZ""}",3922fb3e17ea00e02174d570cf3fbd4051e29d91e0757cd7dcede2a9c483c67f,docker-scheduler
b4ba93b80021520982ce,1ce067a20af4e771da57,2026-07-31T13:59:22.121963+00:00,model_baseline,20260731,48,ORDER,6b657f56cdb9b1619753,d68cc8f0aeae715f014408aa69b4fd353c87a87df73e75fab8d9ffbcfb316d69,603119.SH,BUY,300,,,,,,"{""desired_quantity"":300,""filled_quantity"":300,""order_id"":""6b657f56cdb9b1619753"",""reject_reason"":"""",""requested_quantity"":300,""side"":""BUY"",""status"":""FILLED"",""target_weight"":""0.03333333333333333"",""ts_code"":""603119.SH""}",3f779aff6770e4974a3b9745ef99f4fec72a9822312571eab03eca8bf68834c7,docker-scheduler
0ab5bd6286a38ec14ad9,1ce067a20af4e771da57,2026-07-31T13:59:22.121963+00:00,model_baseline,20260731,49,FILL,d48842a576dda679134b,d68cc8f0aeae715f014408aa69b4fd353c87a87df73e75fab8d9ffbcfb316d69,603119.SH,BUY,300,44.0,13200.00,5.13,382275.61,300,"{""cash_after"":""382275.61"",""commission"":""5.00"",""fill_id"":""d48842a576dda679134b"",""market_batch_id"":""2e2a37710341"",""notional"":""13200.00"",""open_deviation"":0.03286384976525822,""order_id"":""6b657f56cdb9b1619753"",""position_after"":300,""price"":""44.0"",""quantity"":300,""side"":""BUY"",""stamp_tax"":""0.00"",""total_fee"":""5.13"",""transfer_fee"":""0.13"",""ts_code"":""603119.SH""}",289c1e4ebab4b42b8f4055394ff0b2ce9c6a5bb42d9ba5430fe1de7f4e709418,docker-scheduler
daf6ed36d635c816d636,1ce067a20af4e771da57,2026-07-31T13:59:22.121963+00:00,model_baseline,20260731,50,ORDER,b7b29a32301795d6c0b6,d68cc8f0aeae715f014408aa69b4fd353c87a87df73e75fab8d9ffbcfb316d69,600111.SH,BUY,300,,,,,,"{""desired_quantity"":300,""filled_quantity"":300,""order_id"":""b7b29a32301795d6c0b6"",""reject_reason"":"""",""requested_quantity"":300,""side"":""BUY"",""status"":""FILLED"",""target_weight"":""0.03333333333333333"",""ts_code"":""600111.SH""}",dcaa927eed67f6a50312381b856eb16794dc8a4e1a0764c0e4fc1dbd8d147f91,docker-scheduler
823a64c68ced030ddd49,1ce067a20af4e771da57,2026-07-31T13:59:22.121963+00:00,model_baseline,20260731,51,FILL,272d078af8f4391c4fb8,d68cc8f0aeae715f014408aa69b4fd353c87a87df73e75fab8d9ffbcfb316d69,600111.SH,BUY,300,39.45,11835.00,5.12,370435.49,300,"{""cash_after"":""370435.49"",""commission"":""5.00"",""fill_id"":""272d078af8f4391c4fb8"",""market_batch_id"":""2e2a37710341"",""notional"":""11835.00"",""open_deviation"":0.007662835249042145,""order_id"":""b7b29a32301795d6c0b6"",""position_after"":300,""price"":""39.45"",""quantity"":300,""side"":""BUY"",""stamp_tax"":""0.00"",""total_fee"":""5.12"",""transfer_fee"":""0.12"",""ts_code"":""600111.SH""}",99401ef43bca3e15467d67e7067ebbee1680a6c753652e02a669a4a91314a082,docker-scheduler
c86eeb072984042bc4f8,1ce067a20af4e771da57,2026-07-31T13:59:22.121963+00:00,model_baseline,20260731,52,ORDER,98df03464c392b82952e,d68cc8f0aeae715f014408aa69b4fd353c87a87df73e75fab8d9ffbcfb316d69,000060.SZ,BUY,2400,,,,,,"{""desired_quantity"":2400,""filled_quantity"":2400,""order_id"":""98df03464c392b82952e"",""reject_reason"":"""",""requested_quantity"":2400,""side"":""BUY"",""status"":""FILLED"",""target_weight"":""0.03333333333333333"",""ts_code"":""000060.SZ""}",d4e8591dd6c659b63d6d2d5b978a5d7d85e71fc6d10484e195417ead22e88f1c,docker-scheduler
eaabf77b52673eafe1e6,1ce067a20af4e771da57,2026-07-31T13:59:22.121963+00:00,model_baseline,20260731,53,FILL,d2727407128eafa4131a,d68cc8f0aeae715f014408aa69b4fd353c87a87df73e75fab8d9ffbcfb316d69,000060.SZ,BUY,2400,6.33,15192.00,5.15,355238.34,2400,"{""cash_after"":""355238.34"",""commission"":""5.00"",""fill_id"":""d2727407128eafa4131a"",""market_batch_id"":""2e2a37710341"",""notional"":""15192.00"",""open_deviation"":0.016051364365971106,""order_id"":""98df03464c392b82952e"",""position_after"":2400,""price"":""6.33"",""quantity"":2400,""side"":""BUY"",""stamp_tax"":""0.00"",""total_fee"":""5.15"",""transfer_fee"":""0.15"",""ts_code"":""000060.SZ""}",a9267b8647cc2dbddc581153e3b753aa070bbf77aaf18f86eada64c550c948fb,docker-scheduler
c6eaa959aa9ad64217c5,1ce067a20af4e771da57,2026-07-31T13:59:22.121963+00:00,model_baseline,20260731,54,ORDER,48d3171fa89a9ade2525,d68cc8f0aeae715f014408aa69b4fd353c87a87df73e75fab8d9ffbcfb316d69,000062.SZ,BUY,700,,,,,,"{""desired_quantity"":700,""filled_quantity"":700,""order_id"":""48d3171fa89a9ade2525"",""reject_reason"":"""",""requested_quantity"":700,""side"":""BUY"",""status"":""FILLED"",""target_weight"":""0.03333333333333333"",""ts_code"":""000062.SZ""}",c3e0908e691d527bfbd2dcbfbb938f29e77d76dc9dcd015e93c6d179dafecbdb,docker-scheduler
d99a30e90a4ca650001f,1ce067a20af4e771da57,2026-07-31T13:59:22.121963+00:00,model_baseline,20260731,55,FILL,a40671e16143667d7cfe,d68cc8f0aeae715f014408aa69b4fd353c87a87df73e75fab8d9ffbcfb316d69,000062.SZ,BUY,700,21.66,15162.00,5.15,340071.19,700,"{""cash_after"":""340071.19"",""commission"":""5.00"",""fill_id"":""a40671e16143667d7cfe"",""market_batch_id"":""2e2a37710341"",""notional"":""15162.00"",""open_deviation"":0.04335260115606936,""order_id"":""48d3171fa89a9ade2525"",""position_after"":700,""price"":""21.66"",""quantity"":700,""side"":""BUY"",""stamp_tax"":""0.00"",""total_fee"":""5.15"",""transfer_fee"":""0.15"",""ts_code"":""000062.SZ""}",38d1d21903777f0235db11906db65af5ec446c79386945997aacd55feb8bd070,docker-scheduler
8f130ca708aae0f919a5,1ce067a20af4e771da57,2026-07-31T13:59:22.121963+00:00,model_baseline,20260731,56,ORDER,fa1df849b1caac7adee8,d68cc8f0aeae715f014408aa69b4fd353c87a87df73e75fab8d9ffbcfb316d69,002050.SZ,BUY,400,,,,,,"{""desired_quantity"":400,""filled_quantity"":400,""order_id"":""fa1df849b1caac7adee8"",""reject_reason"":"""",""requested_quantity"":400,""side"":""BUY"",""status"":""FILLED"",""target_weight"":""0.03333333333333333"",""ts_code"":""002050.SZ""}",61b543df4c9a4c453afd6550ac61ec647c47a4fcd674e21c874e399a8b003a9f,docker-scheduler
27fab82e7dc785bea100,1ce067a20af4e771da57,2026-07-31T13:59:22.121963+00:00,model_baseline,20260731,57,FILL,9ea37080508767fb9988,d68cc8f0aeae715f014408aa69b4fd353c87a87df73e75fab8d9ffbcfb316d69,002050.SZ,BUY,400,36.51,14604.00,5.15,325462.04,400,"{""cash_after"":""325462.04"",""commission"":""5.00"",""fill_id"":""9ea37080508767fb9988"",""market_batch_id"":""2e2a37710341"",""notional"":""14604.00"",""open_deviation"":0.02961082910321489,""order_id"":""fa1df849b1caac7adee8"",""position_after"":400,""price"":""36.51"",""quantity"":400,""side"":""BUY"",""stamp_tax"":""0.00"",""total_fee"":""5.15"",""transfer_fee"":""0.15"",""ts_code"":""002050.SZ""}",e56ddee569a94a5be2f36a27e35d7cfd5c62db94062d7cf624e42bb40542b240,docker-scheduler
0969c0ddfed98f46a03c,1ce067a20af4e771da57,2026-07-31T13:59:22.121963+00:00,model_baseline,20260731,58,ORDER,4a6bd14937d7421f2fed,d68cc8f0aeae715f014408aa69b4fd353c87a87df73e75fab8d9ffbcfb316d69,003022.SZ,BUY,800,,,,,,"{""desired_quantity"":800,""filled_quantity"":800,""order_id"":""4a6bd14937d7421f2fed"",""reject_reason"":"""",""requested_quantity"":800,""side"":""BUY"",""status"":""FILLED"",""target_weight"":""0.03333333333333333"",""ts_code"":""003022.SZ""}",61bf949d83d1ccece122325b4830c00e7fb531229de6379f785d9d670e7989cf,docker-scheduler
e56c3dd58ab10ab97a9f,1ce067a20af4e771da57,2026-07-31T13:59:22.121963+00:00,model_baseline,20260731,59,FILL,83be6c48f4c1f14717f9,d68cc8f0aeae715f014408aa69b4fd353c87a87df73e75fab8d9ffbcfb316d69,003022.SZ,BUY,800,19.1,15280.00,5.15,310176.89,800,"{""cash_after"":""310176.89"",""commission"":""5.00"",""fill_id"":""83be6c48f4c1f14717f9"",""market_batch_id"":""2e2a37710341"",""notional"":""15280.00"",""open_deviation"":0.019754404698344902,""order_id"":""4a6bd14937d7421f2fed"",""position_after"":800,""price"":""19.1"",""quantity"":800,""side"":""BUY"",""stamp_tax"":""0.00"",""total_fee"":""5.15"",""transfer_fee"":""0.15"",""ts_code"":""003022.SZ""}",961b69ea9122e2a79e70c22835590e0ae99ffa1036cdbedccd36a57970132318,docker-scheduler
dc2850a576c8abe2b523,1ce067a20af4e771da57,2026-07-31T13:59:22.121963+00:00,model_baseline,20260731,60,ORDER,eb27d26339b7020189f9,d68cc8f0aeae715f014408aa69b4fd353c87a87df73e75fab8d9ffbcfb316d69,688166.SH,BUY,493,,,,,,"{""desired_quantity"":493,""filled_quantity"":493,""order_id"":""eb27d26339b7020189f9"",""reject_reason"":"""",""requested_quantity"":493,""side"":""BUY"",""status"":""FILLED"",""target_weight"":""0.03333333333333333"",""ts_code"":""688166.SH""}",601300c9e0210239ae76e8c51237b62970e38766eb3167383ee6e8492561b30b,docker-scheduler
0bf6b51a508c37229a5e,1ce067a20af4e771da57,2026-07-31T13:59:22.121963+00:00,model_baseline,20260731,61,FILL,a6d26c764d196a2a383b,d68cc8f0aeae715f014408aa69b4fd353c87a87df73e75fab8d9ffbcfb316d69,688166.SH,BUY,493,31.41,15485.13,5.15,294686.61,493,"{""cash_after"":""294686.61"",""commission"":""5.00"",""fill_id"":""a6d26c764d196a2a383b"",""market_batch_id"":""2e2a37710341"",""notional"":""15485.13"",""open_deviation"":-0.013195098963242224,""order_id"":""eb27d26339b7020189f9"",""position_after"":493,""price"":""31.41"",""quantity"":493,""side"":""BUY"",""stamp_tax"":""0.00"",""total_fee"":""5.15"",""transfer_fee"":""0.15"",""ts_code"":""688166.SH""}",07e01bc0ad8acc78326e3aaf52609a08581581e3d88d401d459c242fd4993ebb,docker-scheduler
e9debfd0c15e369b7020,1ce067a20af4e771da57,2026-07-31T13:59:22.121963+00:00,model_baseline,20260731,62,ORDER,0806b3284bb2844e1eaf,d68cc8f0aeae715f014408aa69b4fd353c87a87df73e75fab8d9ffbcfb316d69,600498.SH,BUY,400,,,,,,"{""desired_quantity"":400,""filled_quantity"":400,""order_id"":""0806b3284bb2844e1eaf"",""reject_reason"":"""",""requested_quantity"":400,""side"":""BUY"",""status"":""FILLED"",""target_weight"":""0.03333333333333333"",""ts_code"":""600498.SH""}",7a8675439631cb998a889d9ba000a340effaeb91216b893a22c7afaf29c15ce8,docker-scheduler
9f97c5a1001ac0af7454,1ce067a20af4e771da57,2026-07-31T13:59:22.121963+00:00,model_baseline,20260731,63,FILL,7e59dce3b20b13b61625,d68cc8f0aeae715f014408aa69b4fd353c87a87df73e75fab8d9ffbcfb316d69,600498.SH,BUY,400,34.23,13692.00,5.14,280989.47,400,"{""cash_after"":""280989.47"",""commission"":""5.00"",""fill_id"":""7e59dce3b20b13b61625"",""market_batch_id"":""2e2a37710341"",""notional"":""13692.00"",""open_deviation"":0.06801872074882995,""order_id"":""0806b3284bb2844e1eaf"",""position_after"":400,""price"":""34.23"",""quantity"":400,""side"":""BUY"",""stamp_tax"":""0.00"",""total_fee"":""5.14"",""transfer_fee"":""0.14"",""ts_code"":""600498.SH""}",bf39dec286a426eb3deb22eae34b211c4b964ce3140ebd755501c3be818ba213,docker-scheduler
4b50a10152d1fc850db5,1ce067a20af4e771da57,2026-07-31T13:59:22.121963+00:00,model_baseline,20260731,64,ORDER,a016f3792b161824b65d,d68cc8f0aeae715f014408aa69b4fd353c87a87df73e75fab8d9ffbcfb316d69,688521.SH,BUY,0,,,,,,"{""desired_quantity"":0,""filled_quantity"":0,""order_id"":""a016f3792b161824b65d"",""reject_reason"":""BELOW_MIN_LOT"",""requested_quantity"":0,""side"":""BUY"",""status"":""REJECTED"",""target_weight"":""0.03333333333333333"",""ts_code"":""688521.SH""}",06ce4a524cb3805619a6c207b83e8c14ba2ae30d6e159b2ff1f4e6d850c25877,docker-scheduler
87cbc6b78ce9f76f88de,1ce067a20af4e771da57,2026-07-31T13:59:22.121963+00:00,model_baseline,20260731,65,ORDER,88af72e1ecebb5a03e3a,d68cc8f0aeae715f014408aa69b4fd353c87a87df73e75fab8d9ffbcfb316d69,001309.SZ,BUY,0,,,,,,"{""desired_quantity"":0,""filled_quantity"":0,""order_id"":""88af72e1ecebb5a03e3a"",""reject_reason"":""BELOW_MIN_LOT"",""requested_quantity"":0,""side"":""BUY"",""status"":""REJECTED"",""target_weight"":""0.03333333333333333"",""ts_code"":""001309.SZ""}",b7f6df5df234f48109057142fc4837cefe4a04f4cfe354595248f06e01ad5b37,docker-scheduler
d576b4409988038a9dcc,1ce067a20af4e771da57,2026-07-31T13:59:22.121963+00:00,model_baseline,20260731,66,ORDER,54cc0a9e23340e0fe63c,d68cc8f0aeae715f014408aa69b4fd353c87a87df73e75fab8d9ffbcfb316d69,002837.SZ,BUY,300,,,,,,"{""desired_quantity"":300,""filled_quantity"":300,""order_id"":""54cc0a9e23340e0fe63c"",""reject_reason"":"""",""requested_quantity"":300,""side"":""BUY"",""status"":""FILLED"",""target_weight"":""0.03333333333333333"",""ts_code"":""002837.SZ""}",bbdc029f56bcc018a38c817bc5d6ee6c9a9362388b7800bf242ca9048dba5f26,docker-scheduler
b7dd501ac47efed9e87d,1ce067a20af4e771da57,2026-07-31T13:59:22.121963+00:00,model_baseline,20260731,67,FILL,008ee5be10a2a0577fdf,d68cc8f0aeae715f014408aa69b4fd353c87a87df73e75fab8d9ffbcfb316d69,002837.SZ,BUY,300,49.6,14880.00,5.15,266104.32,300,"{""cash_after"":""266104.32"",""commission"":""5.00"",""fill_id"":""008ee5be10a2a0577fdf"",""market_batch_id"":""2e2a37710341"",""notional"":""14880.00"",""open_deviation"":0.051961823966065745,""order_id"":""54cc0a9e23340e0fe63c"",""position_after"":300,""price"":""49.6"",""quantity"":300,""side"":""BUY"",""stamp_tax"":""0.00"",""total_fee"":""5.15"",""transfer_fee"":""0.15"",""ts_code"":""002837.SZ""}",f051b275ee3caddd5a4b44c552507b722ece7758bea126e46a010e6c494c9410,docker-scheduler
bea3436f8559366b0043,1ce067a20af4e771da57,2026-07-31T13:59:22.121963+00:00,model_baseline,20260731,68,ORDER,356a58dcf4520b1d7576,d68cc8f0aeae715f014408aa69b4fd353c87a87df73e75fab8d9ffbcfb316d69,300395.SZ,BUY,200,,,,,,"{""desired_quantity"":200,""filled_quantity"":200,""order_id"":""356a58dcf4520b1d7576"",""reject_reason"":"""",""requested_quantity"":200,""side"":""BUY"",""status"":""FILLED"",""target_weight"":""0.03333333333333333"",""ts_code"":""300395.SZ""}",022907bd6e19e23b75e141191ed5414538986b57b188ab5368b8ad3130bdecf1,docker-scheduler
6aa549a7df6ff1894ec3,1ce067a20af4e771da57,2026-07-31T13:59:22.121963+00:00,model_baseline,20260731,69,FILL,f9a772e67a87b2c6fe92,d68cc8f0aeae715f014408aa69b4fd353c87a87df73e75fab8d9ffbcfb316d69,300395.SZ,BUY,200,77.0,15400.00,5.15,250699.17,200,"{""cash_after"":""250699.17"",""commission"":""5.00"",""fill_id"":""f9a772e67a87b2c6fe92"",""market_batch_id"":""2e2a37710341"",""notional"":""15400.00"",""open_deviation"":0.07541899441340782,""order_id"":""356a58dcf4520b1d7576"",""position_after"":200,""price"":""77.0"",""quantity"":200,""side"":""BUY"",""stamp_tax"":""0.00"",""total_fee"":""5.15"",""transfer_fee"":""0.15"",""ts_code"":""300395.SZ""}",9ee55434dc2e7472e25fd67bf6a6af7cd1b95095686c97c584b06e5108eb150f,docker-scheduler
266c2f76e18dcf8797d7,1ce067a20af4e771da57,2026-07-31T13:59:22.121963+00:00,model_baseline,20260731,70,ORDER,fff7f404ad80be5dd060,d68cc8f0aeae715f014408aa69b4fd353c87a87df73e75fab8d9ffbcfb316d69,300751.SZ,BUY,100,,,,,,"{""desired_quantity"":100,""filled_quantity"":100,""order_id"":""fff7f404ad80be5dd060"",""reject_reason"":"""",""requested_quantity"":100,""side"":""BUY"",""status"":""FILLED"",""target_weight"":""0.03333333333333333"",""ts_code"":""300751.SZ""}",b25f47d28e422ea5c17c1b7b250b1fee61911e7a6c692ab5083862ed2478b21e,docker-scheduler
4410219b3500b0eee17c,1ce067a20af4e771da57,2026-07-31T13:59:22.121963+00:00,model_baseline,20260731,71,FILL,e8b5e53c5777f9565ab6,d68cc8f0aeae715f014408aa69b4fd353c87a87df73e75fab8d9ffbcfb316d69,300751.SZ,BUY,100,155.0,15500.00,5.16,235194.01,100,"{""cash_after"":""235194.01"",""commission"":""5.00"",""fill_id"":""e8b5e53c5777f9565ab6"",""market_batch_id"":""2e2a37710341"",""notional"":""15500.00"",""open_deviation"":0.0836887366286793,""order_id"":""fff7f404ad80be5dd060"",""position_after"":100,""price"":""155.0"",""quantity"":100,""side"":""BUY"",""stamp_tax"":""0.00"",""total_fee"":""5.16"",""transfer_fee"":""0.16"",""ts_code"":""300751.SZ""}",6d4bf183503b40cf574a0eeaa7bcc2eae3e7d1cc1c4f9cf7874bfe0f79ebe4e2,docker-scheduler
733077a674f075322be8,1ce067a20af4e771da57,2026-07-31T13:59:22.121963+00:00,model_baseline,20260731,72,ORDER,1d9ea4f80819c900d73b,d68cc8f0aeae715f014408aa69b4fd353c87a87df73e75fab8d9ffbcfb316d69,300857.SZ,BUY,0,,,,,,"{""desired_quantity"":0,""filled_quantity"":0,""order_id"":""1d9ea4f80819c900d73b"",""reject_reason"":""BELOW_MIN_LOT"",""requested_quantity"":0,""side"":""BUY"",""status"":""REJECTED"",""target_weight"":""0.03333333333333333"",""ts_code"":""300857.SZ""}",bc082b10ebed665122930a15b2d42a64218c78cfab5348cc7892c6a038d865e5,docker-scheduler
4e0e6348c78ee5077350,1ce067a20af4e771da57,2026-07-31T13:59:22.121963+00:00,model_baseline,20260731,73,ORDER,809b570697de2335809a,d68cc8f0aeae715f014408aa69b4fd353c87a87df73e75fab8d9ffbcfb316d69,688676.SH,BUY,231,,,,,,"{""desired_quantity"":231,""filled_quantity"":231,""order_id"":""809b570697de2335809a"",""reject_reason"":"""",""requested_quantity"":231,""side"":""BUY"",""status"":""FILLED"",""target_weight"":""0.03333333333333333"",""ts_code"":""688676.SH""}",5f3878bada89251c8683267090611e5f6fd376b7b8d78abb44447b4ea99d540c,docker-scheduler
ed408c47112a6547091d,1ce067a20af4e771da57,2026-07-31T13:59:22.121963+00:00,model_baseline,20260731,74,FILL,54ac2d734e26648d4ca8,d68cc8f0aeae715f014408aa69b4fd353c87a87df73e75fab8d9ffbcfb316d69,688676.SH,BUY,231,67.09,15497.79,5.15,219691.07,231,"{""cash_after"":""219691.07"",""commission"":""5.00"",""fill_id"":""54ac2d734e26648d4ca8"",""market_batch_id"":""2e2a37710341"",""notional"":""15497.79"",""open_deviation"":0.049921752738654145,""order_id"":""809b570697de2335809a"",""position_after"":231,""price"":""67.09"",""quantity"":231,""side"":""BUY"",""stamp_tax"":""0.00"",""total_fee"":""5.15"",""transfer_fee"":""0.15"",""ts_code"":""688676.SH""}",08ce792fed6639f2ad6782bbf87be1ab1fccab1cb77cd5e939dcf9d667e9a37a,docker-scheduler
d8bf7d6b1a86a51c28c3,1ce067a20af4e771da57,2026-07-31T13:59:22.121963+00:00,model_baseline,20260731,75,ORDER,d0ae8e9d826c6e50bf66,d68cc8f0aeae715f014408aa69b4fd353c87a87df73e75fab8d9ffbcfb316d69,688411.SH,BUY,0,,,,,,"{""desired_quantity"":0,""filled_quantity"":0,""order_id"":""d0ae8e9d826c6e50bf66"",""reject_reason"":""BELOW_MIN_LOT"",""requested_quantity"":0,""side"":""BUY"",""status"":""REJECTED"",""target_weight"":""0.03333333333333333"",""ts_code"":""688411.SH""}",373c68dbad937380fc6f8ae1581af7054c629f9da8d7fe4c4b388dc9eb4ef604,docker-scheduler
7b5361233fbcfadead4b,1ce067a20af4e771da57,2026-07-31T13:59:22.121963+00:00,model_baseline,20260731,76,ORDER,3dce4558f0af1e1ef3bf,d68cc8f0aeae715f014408aa69b4fd353c87a87df73e75fab8d9ffbcfb316d69,688709.SH,BUY,603,,,,,,"{""desired_quantity"":603,""filled_quantity"":603,""order_id"":""3dce4558f0af1e1ef3bf"",""reject_reason"":"""",""requested_quantity"":603,""side"":""BUY"",""status"":""FILLED"",""target_weight"":""0.03333333333333333"",""ts_code"":""688709.SH""}",5a5fb65ecb3c0116cb93ebb4abc9cba42db97424c5a09373ba96767274b9eb0f,docker-scheduler
1fc1794bb9cd51938b61,1ce067a20af4e771da57,2026-07-31T13:59:22.121963+00:00,model_baseline,20260731,77,FILL,62a728ca8177c753211b,d68cc8f0aeae715f014408aa69b4fd353c87a87df73e75fab8d9ffbcfb316d69,688709.SH,BUY,603,25.7,15497.10,5.15,204188.82,603,"{""cash_after"":""204188.82"",""commission"":""5.00"",""fill_id"":""62a728ca8177c753211b"",""market_batch_id"":""2e2a37710341"",""notional"":""15497.10"",""open_deviation"":0.06154481619165634,""order_id"":""3dce4558f0af1e1ef3bf"",""position_after"":603,""price"":""25.7"",""quantity"":603,""side"":""BUY"",""stamp_tax"":""0.00"",""total_fee"":""5.15"",""transfer_fee"":""0.15"",""ts_code"":""688709.SH""}",f3bdf219a06c7d3452d9691426b46a14e4989e3822126721ff303fb179f88bcf,docker-scheduler
9f69f074155a4364f400,1ce067a20af4e771da57,2026-07-31T13:59:22.121963+00:00,model_baseline,20260731,78,ORDER,926ed46393ce647cbeb8,d68cc8f0aeae715f014408aa69b4fd353c87a87df73e75fab8d9ffbcfb316d69,600105.SH,BUY,400,,,,,,"{""desired_quantity"":400,""filled_quantity"":400,""order_id"":""926ed46393ce647cbeb8"",""reject_reason"":"""",""requested_quantity"":400,""side"":""BUY"",""status"":""FILLED"",""target_weight"":""0.03333333333333333"",""ts_code"":""600105.SH""}",fd77737e8d35d8375c81413f862e08262544f4a9503001708d47a35f3f2bb809,docker-scheduler
d55d952e27c4c3091e76,1ce067a20af4e771da57,2026-07-31T13:59:22.121963+00:00,model_baseline,20260731,79,FILL,076576262604be23b242,d68cc8f0aeae715f014408aa69b4fd353c87a87df73e75fab8d9ffbcfb316d69,600105.SH,BUY,400,35.26,14104.00,5.14,190079.68,400,"{""cash_after"":""190079.68"",""commission"":""5.00"",""fill_id"":""076576262604be23b242"",""market_batch_id"":""2e2a37710341"",""notional"":""14104.00"",""open_deviation"":0.06978155339805825,""order_id"":""926ed46393ce647cbeb8"",""position_after"":400,""price"":""35.26"",""quantity"":400,""side"":""BUY"",""stamp_tax"":""0.00"",""total_fee"":""5.14"",""transfer_fee"":""0.14"",""ts_code"":""600105.SH""}",6961fdd8fa8f953dba3dfd3e47e919e33a5a2aa6ffd0559fbfda6f3cdb97850d,docker-scheduler
b110c1f6f81a634348aa,1ce067a20af4e771da57,2026-07-31T13:59:22.121963+00:00,model_baseline,20260731,80,ORDER,c81ca5be7617209d3bf5,d68cc8f0aeae715f014408aa69b4fd353c87a87df73e75fab8d9ffbcfb316d69,600176.SH,BUY,300,,,,,,"{""desired_quantity"":300,""filled_quantity"":300,""order_id"":""c81ca5be7617209d3bf5"",""reject_reason"":"""",""requested_quantity"":300,""side"":""BUY"",""status"":""FILLED"",""target_weight"":""0.03333333333333333"",""ts_code"":""600176.SH""}",1d726f31e4eae2bb18562d039b1b78c261bdac9e209dc462ec3ea20028f5d36e,docker-scheduler
544037692f19475d1936,1ce067a20af4e771da57,2026-07-31T13:59:22.121963+00:00,model_baseline,20260731,81,FILL,42a941550724f5deb642,d68cc8f0aeae715f014408aa69b4fd353c87a87df73e75fab8d9ffbcfb316d69,600176.SH,BUY,300,40.23,12069.00,5.12,178005.56,300,"{""cash_after"":""178005.56"",""commission"":""5.00"",""fill_id"":""42a941550724f5deb642"",""market_batch_id"":""2e2a37710341"",""notional"":""12069.00"",""open_deviation"":0.09828009828009827,""order_id"":""c81ca5be7617209d3bf5"",""position_after"":300,""price"":""40.23"",""quantity"":300,""side"":""BUY"",""stamp_tax"":""0.00"",""total_fee"":""5.12"",""transfer_fee"":""0.12"",""ts_code"":""600176.SH""}",54067b4bf77aef1edcba1a5dd3e3305e383477f2407f9dee91a060cd048b6417,docker-scheduler
efc1008cde8fddb55be7,1ce067a20af4e771da57,2026-07-31T13:59:22.121963+00:00,model_baseline,20260731,82,ORDER,ed2a6de211f72d15f160,d68cc8f0aeae715f014408aa69b4fd353c87a87df73e75fab8d9ffbcfb316d69,600183.SH,BUY,0,,,,,,"{""desired_quantity"":100,""filled_quantity"":0,""order_id"":""ed2a6de211f72d15f160"",""reject_reason"":""BUY_LIMIT_UP"",""requested_quantity"":100,""side"":""BUY"",""status"":""REJECTED"",""target_weight"":""0.03333333333333333"",""ts_code"":""600183.SH""}",78e45bbc045d267f375ccfdb697586998359f26ad43d4865de99eb0b9793200d,docker-scheduler
08237fc709ac9caef830,1ce067a20af4e771da57,2026-07-31T13:59:22.121963+00:00,model_baseline,20260731,83,ORDER,9a04b18c953ecd30fbfd,d68cc8f0aeae715f014408aa69b4fd353c87a87df73e75fab8d9ffbcfb316d69,600378.SH,BUY,300,,,,,,"{""desired_quantity"":300,""filled_quantity"":300,""order_id"":""9a04b18c953ecd30fbfd"",""reject_reason"":"""",""requested_quantity"":300,""side"":""BUY"",""status"":""FILLED"",""target_weight"":""0.03333333333333333"",""ts_code"":""600378.SH""}",019f1b4c4d12aa3441e07db4dc9267621369cba8b213caeaab757dff5e581405,docker-scheduler
ef1adf436e2e8b2cc1b6,1ce067a20af4e771da57,2026-07-31T13:59:22.121963+00:00,model_baseline,20260731,84,FILL,303e8969175b355056b7,d68cc8f0aeae715f014408aa69b4fd353c87a87df73e75fab8d9ffbcfb316d69,600378.SH,BUY,300,42.9,12870.00,5.13,165130.43,300,"{""cash_after"":""165130.43"",""commission"":""5.00"",""fill_id"":""303e8969175b355056b7"",""market_batch_id"":""2e2a37710341"",""notional"":""12870.00"",""open_deviation"":0.06557377049180328,""order_id"":""9a04b18c953ecd30fbfd"",""position_after"":300,""price"":""42.9"",""quantity"":300,""side"":""BUY"",""stamp_tax"":""0.00"",""total_fee"":""5.13"",""transfer_fee"":""0.13"",""ts_code"":""600378.SH""}",27343003f3c511e77ad272470e5794bae2decaa1b96f0fb647f38a20d808ffdc,docker-scheduler
79d4225c96eecbc43565,1ce067a20af4e771da57,2026-07-31T13:59:22.121963+00:00,model_baseline,20260731,85,ORDER,0d307d7ab97c3a644d3e,d68cc8f0aeae715f014408aa69b4fd353c87a87df73e75fab8d9ffbcfb316d69,601138.SH,BUY,200,,,,,,"{""desired_quantity"":200,""filled_quantity"":200,""order_id"":""0d307d7ab97c3a644d3e"",""reject_reason"":"""",""requested_quantity"":200,""side"":""BUY"",""status"":""FILLED"",""target_weight"":""0.03333333333333333"",""ts_code"":""601138.SH""}",d32ace441ed64237add1c6630cbac0f1eee94abff8cfa1c6e9b4e1d3efea9b6f,docker-scheduler
69f360f303fb7e533690,1ce067a20af4e771da57,2026-07-31T13:59:22.121963+00:00,model_baseline,20260731,86,FILL,76d68b1d15a46a15cdb9,d68cc8f0aeae715f014408aa69b4fd353c87a87df73e75fab8d9ffbcfb316d69,601138.SH,BUY,200,57.14,11428.00,5.11,153697.32,200,"{""cash_after"":""153697.32"",""commission"":""5.00"",""fill_id"":""76d68b1d15a46a15cdb9"",""market_batch_id"":""2e2a37710341"",""notional"":""11428.00"",""open_deviation"":0.0620817843866171,""order_id"":""0d307d7ab97c3a644d3e"",""position_after"":200,""price"":""57.14"",""quantity"":200,""side"":""BUY"",""stamp_tax"":""0.00"",""total_fee"":""5.11"",""transfer_fee"":""0.11"",""ts_code"":""601138.SH""}",7006ecd89c8a5f6f355f6c89422e1d02c04d555cbe7200d9b126d38d49119d1b,docker-scheduler
64ded8ddeba6b4669ba8,1ce067a20af4e771da57,2026-07-31T13:59:22.121963+00:00,model_baseline,20260731,87,POSITION,20260731:000032.SZ,d68cc8f0aeae715f014408aa69b4fd353c87a87df73e75fab8d9ffbcfb316d69,000032.SZ,,1100,,,,,1100,"{""close"":""13.54"",""cost_basis"":""18179.19"",""market_value"":""14894.00"",""price_date"":""20260731"",""quantity"":1100,""realized_pnl"":""0.00"",""stale_trade_days"":0,""ts_code"":""000032.SZ""}",6f29e6cb7d73813f4175c24e8f2437631091f724cde889b1fcfb632302401138,docker-scheduler
a4ca52b1113ced5796ab,1ce067a20af4e771da57,2026-07-31T13:59:22.121963+00:00,model_baseline,20260731,88,POSITION,20260731:000060.SZ,d68cc8f0aeae715f014408aa69b4fd353c87a87df73e75fab8d9ffbcfb316d69,000060.SZ,,2400,,,,,2400,"{""close"":""6.31"",""cost_basis"":""15197.15"",""market_value"":""15144.00"",""price_date"":""20260731"",""quantity"":2400,""realized_pnl"":""0.00"",""stale_trade_days"":0,""ts_code"":""000060.SZ""}",02a0dd9add6c9b6c44de743e9d9608eadb850b85a9c07a4bb1fadc7b8c1a63c3,docker-scheduler
ba4a0591da2c55d2c23d,1ce067a20af4e771da57,2026-07-31T13:59:22.121963+00:00,model_baseline,20260731,89,POSITION,20260731:000062.SZ,d68cc8f0aeae715f014408aa69b4fd353c87a87df73e75fab8d9ffbcfb316d69,000062.SZ,,700,,,,,700,"{""close"":""21.78"",""cost_basis"":""15167.15"",""market_value"":""15246.00"",""price_date"":""20260731"",""quantity"":700,""realized_pnl"":""0.00"",""stale_trade_days"":0,""ts_code"":""000062.SZ""}",e571d16839e0a5025457b4950bceb0b55f18df91b128b353233857b71ef02c72,docker-scheduler
3aa6e5d5176942ef4f5e,1ce067a20af4e771da57,2026-07-31T13:59:22.121963+00:00,model_baseline,20260731,90,POSITION,20260731:002050.SZ,d68cc8f0aeae715f014408aa69b4fd353c87a87df73e75fab8d9ffbcfb316d69,002050.SZ,,400,,,,,400,"{""close"":""37.53"",""cost_basis"":""14609.15"",""market_value"":""15012.00"",""price_date"":""20260731"",""quantity"":400,""realized_pnl"":""0.00"",""stale_trade_days"":0,""ts_code"":""002050.SZ""}",0339aa054be6531e5841f92b4be821934fbf9307bf23dc7c99ff9b72facb7304,docker-scheduler
d69bb4f4f447120e4170,1ce067a20af4e771da57,2026-07-31T13:59:22.121963+00:00,model_baseline,20260731,91,POSITION,20260731:002837.SZ,d68cc8f0aeae715f014408aa69b4fd353c87a87df73e75fab8d9ffbcfb316d69,002837.SZ,,300,,,,,300,"{""close"":""47.45"",""cost_basis"":""14885.15"",""market_value"":""14235.00"",""price_date"":""20260731"",""quantity"":300,""realized_pnl"":""0.00"",""stale_trade_days"":0,""ts_code"":""002837.SZ""}",456110df9c92c3a438899f20500ad766ba56736f8ed97b0f75e2185d95af815d,docker-scheduler
e6201e9546a18de73865,1ce067a20af4e771da57,2026-07-31T13:59:22.121963+00:00,model_baseline,20260731,92,POSITION,20260731:003022.SZ,d68cc8f0aeae715f014408aa69b4fd353c87a87df73e75fab8d9ffbcfb316d69,003022.SZ,,800,,,,,800,"{""close"":""18.77"",""cost_basis"":""15285.15"",""market_value"":""15016.00"",""price_date"":""20260731"",""quantity"":800,""realized_pnl"":""0.00"",""stale_trade_days"":0,""ts_code"":""003022.SZ""}",cf2e8496b776ac0807714498526ae184dab35e614d0627efeddefa2fd8cbb2ce,docker-scheduler
943156180c851ae57139,1ce067a20af4e771da57,2026-07-31T13:59:22.121963+00:00,model_baseline,20260731,93,POSITION,20260731:300136.SZ,d68cc8f0aeae715f014408aa69b4fd353c87a87df73e75fab8d9ffbcfb316d69,300136.SZ,,200,,,,,200,"{""close"":""57.48"",""cost_basis"":""15517.16"",""market_value"":""11496.00"",""price_date"":""20260731"",""quantity"":200,""realized_pnl"":""0.00"",""stale_trade_days"":0,""ts_code"":""300136.SZ""}",f1d738349a0110b7e6f909ae6484e86cd43ea520b05e0fd7717114cb62bf4237,docker-scheduler
3a3d64fb598956a43864,1ce067a20af4e771da57,2026-07-31T13:59:22.121963+00:00,model_baseline,20260731,94,POSITION,20260731:300395.SZ,d68cc8f0aeae715f014408aa69b4fd353c87a87df73e75fab8d9ffbcfb316d69,300395.SZ,,200,,,,,200,"{""close"":""72.77"",""cost_basis"":""15405.15"",""market_value"":""14554.00"",""price_date"":""20260731"",""quantity"":200,""realized_pnl"":""0.00"",""stale_trade_days"":0,""ts_code"":""300395.SZ""}",3f42668c268fb9df66621910ec6132f503858f7a15676dbdf8f3fbf906432bef,docker-scheduler
144578ec62ead43ddde4,1ce067a20af4e771da57,2026-07-31T13:59:22.121963+00:00,model_baseline,20260731,95,POSITION,20260731:300548.SZ,d68cc8f0aeae715f014408aa69b4fd353c87a87df73e75fab8d9ffbcfb316d69,300548.SZ,,100,,,,,100,"{""close"":""140.5"",""cost_basis"":""14205.14"",""market_value"":""14050.00"",""price_date"":""20260731"",""quantity"":100,""realized_pnl"":""0.00"",""stale_trade_days"":0,""ts_code"":""300548.SZ""}",0bbf8d9c2c909d529abd8249eb7623edf5c70ec2c3d0b1257b7770e7f45bbbe7,docker-scheduler
fa2a2079031709e057c3,1ce067a20af4e771da57,2026-07-31T13:59:22.121963+00:00,model_baseline,20260731,96,POSITION,20260731:300751.SZ,d68cc8f0aeae715f014408aa69b4fd353c87a87df73e75fab8d9ffbcfb316d69,300751.SZ,,100,,,,,100,"{""close"":""148.86"",""cost_basis"":""15505.16"",""market_value"":""14886.00"",""price_date"":""20260731"",""quantity"":100,""realized_pnl"":""0.00"",""stale_trade_days"":0,""ts_code"":""300751.SZ""}",55a5b7c16576403acd01510df9fda57ee4ba9092e3bf7fa8601266c3814e3336,docker-scheduler
03678fda20e548b706f1,1ce067a20af4e771da57,2026-07-31T13:59:22.121963+00:00,model_baseline,20260731,97,POSITION,20260731:600105.SH,d68cc8f0aeae715f014408aa69b4fd353c87a87df73e75fab8d9ffbcfb316d69,600105.SH,,400,,,,,400,"{""close"":""32.04"",""cost_basis"":""14109.14"",""market_value"":""12816.00"",""price_date"":""20260731"",""quantity"":400,""realized_pnl"":""0.00"",""stale_trade_days"":0,""ts_code"":""600105.SH""}",991bf8ed1c85020de012b713276459e5c4c75e46d68fc09cb121e0b73f196027,docker-scheduler
933d37014fa66eac411f,1ce067a20af4e771da57,2026-07-31T13:59:22.121963+00:00,model_baseline,20260731,98,POSITION,20260731:600111.SH,d68cc8f0aeae715f014408aa69b4fd353c87a87df73e75fab8d9ffbcfb316d69,600111.SH,,300,,,,,300,"{""close"":""39.7"",""cost_basis"":""11840.12"",""market_value"":""11910.00"",""price_date"":""20260731"",""quantity"":300,""realized_pnl"":""0.00"",""stale_trade_days"":0,""ts_code"":""600111.SH""}",5a7e9f85a4849c3f7b9bb3d95061e441ed155cba42b27b4bd77dfb5b864b64b1,docker-scheduler
0f5825244e09fa26f6ac,1ce067a20af4e771da57,2026-07-31T13:59:22.121963+00:00,model_baseline,20260731,99,POSITION,20260731:600176.SH,d68cc8f0aeae715f014408aa69b4fd353c87a87df73e75fab8d9ffbcfb316d69,600176.SH,,300,,,,,300,"{""close"":""37.84"",""cost_basis"":""12074.12"",""market_value"":""11352.00"",""price_date"":""20260731"",""quantity"":300,""realized_pnl"":""0.00"",""stale_trade_days"":0,""ts_code"":""600176.SH""}",91497bbdd67d4545dbc2fa5c141ad66b24cb48c2454b084ad911c42c2320c055,docker-scheduler
87ebfbdc0db74dea5f55,1ce067a20af4e771da57,2026-07-31T13:59:22.121963+00:00,model_baseline,20260731,100,POSITION,20260731:600378.SH,d68cc8f0aeae715f014408aa69b4fd353c87a87df73e75fab8d9ffbcfb316d69,600378.SH,,300,,,,,300,"{""close"":""39.85"",""cost_basis"":""12875.13"",""market_value"":""11955.00"",""price_date"":""20260731"",""quantity"":300,""realized_pnl"":""0.00"",""stale_trade_days"":0,""ts_code"":""600378.SH""}",778044124cd7642afcf287ffffa0db38a8efd677828fc8d2634adb260a4c9823,docker-scheduler
bcb7fdd206730370ac16,1ce067a20af4e771da57,2026-07-31T13:59:22.121963+00:00,model_baseline,20260731,101,POSITION,20260731:600498.SH,d68cc8f0aeae715f014408aa69b4fd353c87a87df73e75fab8d9ffbcfb316d69,600498.SH,,400,,,,,400,"{""close"":""33.09"",""cost_basis"":""13697.14"",""market_value"":""13236.00"",""price_date"":""20260731"",""quantity"":400,""realized_pnl"":""0.00"",""stale_trade_days"":0,""ts_code"":""600498.SH""}",67e5807c445356e872699dde1630cd74fa3755a7fffac9d74b17f8b13ee37be7,docker-scheduler
b5ebcc8529b31606184f,1ce067a20af4e771da57,2026-07-31T13:59:22.121963+00:00,model_baseline,20260731,102,POSITION,20260731:601138.SH,d68cc8f0aeae715f014408aa69b4fd353c87a87df73e75fab8d9ffbcfb316d69,601138.SH,,200,,,,,200,"{""close"":""56.7"",""cost_basis"":""11433.11"",""market_value"":""11340.00"",""price_date"":""20260731"",""quantity"":200,""realized_pnl"":""0.00"",""stale_trade_days"":0,""ts_code"":""601138.SH""}",bb05e2b6f2b7c437ff9b52e4725933de0ec729099368c1c890db478d21ab499c,docker-scheduler
44a247fb7cc9755c7a4f,1ce067a20af4e771da57,2026-07-31T13:59:22.121963+00:00,model_baseline,20260731,103,POSITION,20260731:603119.SH,d68cc8f0aeae715f014408aa69b4fd353c87a87df73e75fab8d9ffbcfb316d69,603119.SH,,300,,,,,300,"{""close"":""45.76"",""cost_basis"":""13205.13"",""market_value"":""13728.00"",""price_date"":""20260731"",""quantity"":300,""realized_pnl"":""0.00"",""stale_trade_days"":0,""ts_code"":""603119.SH""}",7dc74a9544fce7335a08eb6d416bf6d38556d4a92e3b7bf0dcd6907ae5539bac,docker-scheduler
ece357ea9a3a8c179191,1ce067a20af4e771da57,2026-07-31T13:59:22.121963+00:00,model_baseline,20260731,104,POSITION,20260731:603308.SH,d68cc8f0aeae715f014408aa69b4fd353c87a87df73e75fab8d9ffbcfb316d69,603308.SH,,300,,,,,300,"{""close"":""42.85"",""cost_basis"":""14402.14"",""market_value"":""12855.00"",""price_date"":""20260731"",""quantity"":300,""realized_pnl"":""0.00"",""stale_trade_days"":0,""ts_code"":""603308.SH""}",f5422345a287ba43a70ad3c68bb0ee63d2b6d82874414f8a1edb38a9d56372a3,docker-scheduler
7aacf94df8d893917947,1ce067a20af4e771da57,2026-07-31T13:59:22.121963+00:00,model_baseline,20260731,105,POSITION,20260731:688166.SH,d68cc8f0aeae715f014408aa69b4fd353c87a87df73e75fab8d9ffbcfb316d69,688166.SH,,493,,,,,493,"{""close"":""32.94"",""cost_basis"":""15490.28"",""market_value"":""16239.42"",""price_date"":""20260731"",""quantity"":493,""realized_pnl"":""0.00"",""stale_trade_days"":0,""ts_code"":""688166.SH""}",c1320cab1165f668b94de7ea85437d16664e2673ebf506262c1bf1945a2fba7f,docker-scheduler
dbc7a10a67941f9565c5,1ce067a20af4e771da57,2026-07-31T13:59:22.121963+00:00,model_baseline,20260731,106,POSITION,20260731:688343.SH,d68cc8f0aeae715f014408aa69b4fd353c87a87df73e75fab8d9ffbcfb316d69,688343.SH,,271,,,,,271,"{""close"":""56.89"",""cost_basis"":""15452.15"",""market_value"":""15417.19"",""price_date"":""20260731"",""quantity"":271,""realized_pnl"":""0.00"",""stale_trade_days"":0,""ts_code"":""688343.SH""}",9c3fead11f7956fc12fcfb1b151a191fd01b740b3ac49e678206f82dc5d5cc3a,docker-scheduler
1d0c67d80f687bd857df,1ce067a20af4e771da57,2026-07-31T13:59:22.121963+00:00,model_baseline,20260731,107,POSITION,20260731:688676.SH,d68cc8f0aeae715f014408aa69b4fd353c87a87df73e75fab8d9ffbcfb316d69,688676.SH,,231,,,,,231,"{""close"":""64.3"",""cost_basis"":""15502.94"",""market_value"":""14853.30"",""price_date"":""20260731"",""quantity"":231,""realized_pnl"":""0.00"",""stale_trade_days"":0,""ts_code"":""688676.SH""}",5d6a839fc27409dfdbc0924cfc6f6a22f2b83fb0d8ef1c86f0e8dfd98c0f8d1f,docker-scheduler
1d4461471b9d8506c5eb,1ce067a20af4e771da57,2026-07-31T13:59:22.121963+00:00,model_baseline,20260731,108,POSITION,20260731:688709.SH,d68cc8f0aeae715f014408aa69b4fd353c87a87df73e75fab8d9ffbcfb316d69,688709.SH,,603,,,,,603,"{""close"":""24.89"",""cost_basis"":""15502.25"",""market_value"":""15008.67"",""price_date"":""20260731"",""quantity"":603,""realized_pnl"":""0.00"",""stale_trade_days"":0,""ts_code"":""688709.SH""}",39b1c3a44b81fdee9418a26f2d666379768a3668566403101661b7b05736da70,docker-scheduler
abf7e32619803ea1ff8c,1ce067a20af4e771da57,2026-07-31T13:59:22.121963+00:00,model_baseline,20260731,109,CASH,20260731,d68cc8f0aeae715f014408aa69b4fd353c87a87df73e75fab8d9ffbcfb316d69,,,,,,,153697.32,,"{""cash"":""153697.32""}",7b3ee7358d82632da8cacc0218473b1b8680a745e64ba5f00ea6d7843f46a94c,docker-scheduler
3bee295426910ed9319e,1ce067a20af4e771da57,2026-07-31T13:59:22.121963+00:00,model_baseline,20260731,110,NAV,20260731,d68cc8f0aeae715f014408aa69b4fd353c87a87df73e75fab8d9ffbcfb316d69,,,,,,,153697.32,,"{""benchmark_nav"":""0.9745523164253636495486982031"",""cash"":""153697.32"",""cash_ratio"":""0.3348956695731411168627594533"",""cumulative_dividends"":""32.00"",""cumulative_fees"":""438.23"",""daily_fees"":""325.01"",""drawdown"":""-0.0821182"",""equation_difference"":""0.00"",""freshness_status"":""PASS"",""market_value"":""305243.58"",""net_asset"":""458940.90"",""net_excess"":""-0.0566705164253636495486982031"",""normalized_nav"":""0.9178818"",""positions"":[{""close"":""13.54"",""cost_basis"":""18179.19"",""market_value"":""14894.00"",""price_date"":""20260731"",""quantity"":1100,""realized_pnl"":""0.00"",""stale_trade_days"":0,""ts_code"":""000032.SZ""},{""close"":""6.31"",""cost_basis"":""15197.15"",""market_value"":""15144.00"",""price_date"":""20260731"",""quantity"":2400,""realized_pnl"":""0.00"",""stale_trade_days"":0,""ts_code"":""000060.SZ""},{""close"":""21.78"",""cost_basis"":""15167.15"",""market_value"":""15246.00"",""price_date"":""20260731"",""quantity"":700,""realized_pnl"":""0.00"",""stale_trade_days"":0,""ts_code"":""000062.SZ""},{""close"":""37.53"",""cost_basis"":""14609.15"",""market_value"":""15012.00"",""price_date"":""20260731"",""quantity"":400,""realized_pnl"":""0.00"",""stale_trade_days"":0,""ts_code"":""002050.SZ""},{""close"":""47.45"",""cost_basis"":""14885.15"",""market_value"":""14235.00"",""price_date"":""20260731"",""quantity"":300,""realized_pnl"":""0.00"",""stale_trade_days"":0,""ts_code"":""002837.SZ""},{""close"":""18.77"",""cost_basis"":""15285.15"",""market_value"":""15016.00"",""price_date"":""20260731"",""quantity"":800,""realized_pnl"":""0.00"",""stale_trade_days"":0,""ts_code"":""003022.SZ""},{""close"":""57.48"",""cost_basis"":""15517.16"",""market_value"":""11496.00"",""price_date"":""20260731"",""quantity"":200,""realized_pnl"":""0.00"",""stale_trade_days"":0,""ts_code"":""300136.SZ""},{""close"":""72.77"",""cost_basis"":""15405.15"",""market_value"":""14554.00"",""price_date"":""20260731"",""quantity"":200,""realized_pnl"":""0.00"",""stale_trade_days"":0,""ts_code"":""300395.SZ""},{""close"":""140.5"",""cost_basis"":""14205.14"",""market_value"":""14050.00"",""price_date"":""20260731"",""quantity"":100,""realized_pnl"":""0.00"",""stale_trade_days"":0,""ts_code"":""300548.SZ""},{""close"":""148.86"",""cost_basis"":""15505.16"",""market_value"":""14886.00"",""price_date"":""20260731"",""quantity"":100,""realized_pnl"":""0.00"",""stale_trade_days"":0,""ts_code"":""300751.SZ""},{""close"":""32.04"",""cost_basis"":""14109.14"",""market_value"":""12816.00"",""price_date"":""20260731"",""quantity"":400,""realized_pnl"":""0.00"",""stale_trade_days"":0,""ts_code"":""600105.SH""},{""close"":""39.7"",""cost_basis"":""11840.12"",""market_value"":""11910.00"",""price_date"":""20260731"",""quantity"":300,""realized_pnl"":""0.00"",""stale_trade_days"":0,""ts_code"":""600111.SH""},{""close"":""37.84"",""cost_basis"":""12074.12"",""market_value"":""11352.00"",""price_date"":""20260731"",""quantity"":300,""realized_pnl"":""0.00"",""stale_trade_days"":0,""ts_code"":""600176.SH""},{""close"":""39.85"",""cost_basis"":""12875.13"",""market_value"":""11955.00"",""price_date"":""20260731"",""quantity"":300,""realized_pnl"":""0.00"",""stale_trade_days"":0,""ts_code"":""600378.SH""},{""close"":""33.09"",""cost_basis"":""13697.14"",""market_value"":""13236.00"",""price_date"":""20260731"",""quantity"":400,""realized_pnl"":""0.00"",""stale_trade_days"":0,""ts_code"":""600498.SH""},{""close"":""56.7"",""cost_basis"":""11433.11"",""market_value"":""11340.00"",""price_date"":""20260731"",""quantity"":200,""realized_pnl"":""0.00"",""stale_trade_days"":0,""ts_code"":""601138.SH""},{""close"":""45.76"",""cost_basis"":""13205.13"",""market_value"":""13728.00"",""price_date"":""20260731"",""quantity"":300,""realized_pnl"":""0.00"",""stale_trade_days"":0,""ts_code"":""603119.SH""},{""close"":""42.85"",""cost_basis"":""14402.14"",""market_value"":""12855.00"",""price_date"":""20260731"",""quantity"":300,""realized_pnl"":""0.00"",""stale_trade_days"":0,""ts_code"":""603308.SH""},{""close"":""32.94"",""cost_basis"":""15490.28"",""market_value"":""16239.42"",""price_date"":""20260731"",""quantity"":493,""realized_pnl"":""0.00"",""stale_trade_days"":0,""ts_code"":""688166.SH""},{""close"":""56.89"",""cost_basis"":""15452.15"",""market_value"":""15417.19"",""price_date"":""20260731"",""quantity"":271,""realized_pnl"":""0.00"",""stale_trade_days"":0,""ts_code"":""688343.SH""},{""close"":""64.3"",""cost_basis"":""15502.94"",""market_value"":""14853.30"",""price_date"":""20260731"",""quantity"":231,""realized_pnl"":""0.00"",""stale_trade_days"":0,""ts_code"":""688676.SH""},{""close"":""24.89"",""cost_basis"":""15502.25"",""market_value"":""15008.67"",""price_date"":""20260731"",""quantity"":603,""realized_pnl"":""0.00"",""stale_trade_days"":0,""ts_code"":""688709.SH""}],""trade_date"":""20260731"",""turnover"":""1.121289795632215622136103183""}",b29ca565c93fd749b5747fde905620dd51f2867439f43e2834e310c2f19b5b50,docker-scheduler
5b827f3e643827a3c960,c043a2d69be6badf49ae,2026-08-03T11:52:34.785740+00:00,model_baseline,20260803,1,POSITION,20260803:000032.SZ,3ce150eec9d41ebcb8b55362786e6c6162c8c7f62cfe94e1cdd5b90c405d459f,000032.SZ,,1100,,,,,1100,"{""close"":""13.12"",""cost_basis"":""18179.19"",""market_value"":""14432.00"",""price_date"":""20260803"",""quantity"":1100,""realized_pnl"":""0.00"",""stale_trade_days"":0,""ts_code"":""000032.SZ""}",ec06c58eb030ab7f74ac11497e7afc7ae18175f07de64c97d871676722ee638a,docker-scheduler
e14d837b901b8ff725db,c043a2d69be6badf49ae,2026-08-03T11:52:34.785740+00:00,model_baseline,20260803,2,POSITION,20260803:000060.SZ,3ce150eec9d41ebcb8b55362786e6c6162c8c7f62cfe94e1cdd5b90c405d459f,000060.SZ,,2400,,,,,2400,"{""close"":""6.35"",""cost_basis"":""15197.15"",""market_value"":""15240.00"",""price_date"":""20260803"",""quantity"":2400,""realized_pnl"":""0.00"",""stale_trade_days"":0,""ts_code"":""000060.SZ""}",61dc6524dd4b59997369a793cae14c2ec8f5de6de3af832184cdfd9f7e529a62,docker-scheduler
bfcf01049c55494479d3,c043a2d69be6badf49ae,2026-08-03T11:52:34.785740+00:00,model_baseline,20260803,3,POSITION,20260803:000062.SZ,3ce150eec9d41ebcb8b55362786e6c6162c8c7f62cfe94e1cdd5b90c405d459f,000062.SZ,,700,,,,,700,"{""close"":""22.02"",""cost_basis"":""15167.15"",""market_value"":""15414.00"",""price_date"":""20260803"",""quantity"":700,""realized_pnl"":""0.00"",""stale_trade_days"":0,""ts_code"":""000062.SZ""}",06f1440b16d354c9ce2d95bf27641398cda522eb31a36fb7f105ffacaea0a6de,docker-scheduler
b6a90f99484f738ff9f5,c043a2d69be6badf49ae,2026-08-03T11:52:34.785740+00:00,model_baseline,20260803,4,POSITION,20260803:002050.SZ,3ce150eec9d41ebcb8b55362786e6c6162c8c7f62cfe94e1cdd5b90c405d459f,002050.SZ,,400,,,,,400,"{""close"":""38.3"",""cost_basis"":""14609.15"",""market_value"":""15320.00"",""price_date"":""20260803"",""quantity"":400,""realized_pnl"":""0.00"",""stale_trade_days"":0,""ts_code"":""002050.SZ""}",cfa4f8fab3487488f59d26571b790986bdeb15ff6ce7f06e27ef8c97a48d1720,docker-scheduler
60209bde789c54016381,c043a2d69be6badf49ae,2026-08-03T11:52:34.785740+00:00,model_baseline,20260803,5,POSITION,20260803:002837.SZ,3ce150eec9d41ebcb8b55362786e6c6162c8c7f62cfe94e1cdd5b90c405d459f,002837.SZ,,300,,,,,300,"{""close"":""46.45"",""cost_basis"":""14885.15"",""market_value"":""13935.00"",""price_date"":""20260803"",""quantity"":300,""realized_pnl"":""0.00"",""stale_trade_days"":0,""ts_code"":""002837.SZ""}",6a8eb55c5c46c59f143c0f685176ed2f8d1195af953000872808e683fd1d61fc,docker-scheduler
545847e9d9e28989bd7c,c043a2d69be6badf49ae,2026-08-03T11:52:34.785740+00:00,model_baseline,20260803,6,POSITION,20260803:003022.SZ,3ce150eec9d41ebcb8b55362786e6c6162c8c7f62cfe94e1cdd5b90c405d459f,003022.SZ,,800,,,,,800,"{""close"":""19.24"",""cost_basis"":""15285.15"",""market_value"":""15392.00"",""price_date"":""20260803"",""quantity"":800,""realized_pnl"":""0.00"",""stale_trade_days"":0,""ts_code"":""003022.SZ""}",65b11589088fd2bdd605317c9cebc5e09f0c1511ac44ae2030374ae48eac4dd9,docker-scheduler
cf9fe0fa16671c59a504,c043a2d69be6badf49ae,2026-08-03T11:52:34.785740+00:00,model_baseline,20260803,7,POSITION,20260803:300136.SZ,3ce150eec9d41ebcb8b55362786e6c6162c8c7f62cfe94e1cdd5b90c405d459f,300136.SZ,,200,,,,,200,"{""close"":""56.5"",""cost_basis"":""15517.16"",""market_value"":""11300.00"",""price_date"":""20260803"",""quantity"":200,""realized_pnl"":""0.00"",""stale_trade_days"":0,""ts_code"":""300136.SZ""}",c7583da13a91251508d0cdf25aa3f1955469452da9e9b70231d5ffe12f6e1a4b,docker-scheduler
698a3e8f28be688f20eb,c043a2d69be6badf49ae,2026-08-03T11:52:34.785740+00:00,model_baseline,20260803,8,POSITION,20260803:300395.SZ,3ce150eec9d41ebcb8b55362786e6c6162c8c7f62cfe94e1cdd5b90c405d459f,300395.SZ,,200,,,,,200,"{""close"":""70.89"",""cost_basis"":""15405.15"",""market_value"":""14178.00"",""price_date"":""20260803"",""quantity"":200,""realized_pnl"":""0.00"",""stale_trade_days"":0,""ts_code"":""300395.SZ""}",f884293cf37414248b0b78c5f8edc896339cb4a071d1b37255b343e4eba7dc3a,docker-scheduler
5ba73914dce3ffb0d616,c043a2d69be6badf49ae,2026-08-03T11:52:34.785740+00:00,model_baseline,20260803,9,POSITION,20260803:300548.SZ,3ce150eec9d41ebcb8b55362786e6c6162c8c7f62cfe94e1cdd5b90c405d459f,300548.SZ,,100,,,,,100,"{""close"":""141.02"",""cost_basis"":""14205.14"",""market_value"":""14102.00"",""price_date"":""20260803"",""quantity"":100,""realized_pnl"":""0.00"",""stale_trade_days"":0,""ts_code"":""300548.SZ""}",c7a51a88371f9e6e85fc8aa93ebd18a51b5595773597ba63e561c471ac531ed9,docker-scheduler
3fbf8c0e0d9e6f856204,c043a2d69be6badf49ae,2026-08-03T11:52:34.785740+00:00,model_baseline,20260803,10,POSITION,20260803:300751.SZ,3ce150eec9d41ebcb8b55362786e6c6162c8c7f62cfe94e1cdd5b90c405d459f,300751.SZ,,100,,,,,100,"{""close"":""145.91"",""cost_basis"":""15505.16"",""market_value"":""14591.00"",""price_date"":""20260803"",""quantity"":100,""realized_pnl"":""0.00"",""stale_trade_days"":0,""ts_code"":""300751.SZ""}",ada30239065e9f42dcc74855e98e05392247d590e4fda5c693686dcfc0541c3b,docker-scheduler
d891c1d17ea11ff22161,c043a2d69be6badf49ae,2026-08-03T11:52:34.785740+00:00,model_baseline,20260803,11,POSITION,20260803:600105.SH,3ce150eec9d41ebcb8b55362786e6c6162c8c7f62cfe94e1cdd5b90c405d459f,600105.SH,,400,,,,,400,"{""close"":""31.17"",""cost_basis"":""14109.14"",""market_value"":""12468.00"",""price_date"":""20260803"",""quantity"":400,""realized_pnl"":""0.00"",""stale_trade_days"":0,""ts_code"":""600105.SH""}",0d457326be09aa3301c1921bed091e351417f587c7077da0c4f83fc268dacbe6,docker-scheduler
58765765a556b8af2bb4,c043a2d69be6badf49ae,2026-08-03T11:52:34.785740+00:00,model_baseline,20260803,12,POSITION,20260803:600111.SH,3ce150eec9d41ebcb8b55362786e6c6162c8c7f62cfe94e1cdd5b90c405d459f,600111.SH,,300,,,,,300,"{""close"":""40.03"",""cost_basis"":""11840.12"",""market_value"":""12009.00"",""price_date"":""20260803"",""quantity"":300,""realized_pnl"":""0.00"",""stale_trade_days"":0,""ts_code"":""600111.SH""}",1fb36f5469551b3d2ac6d4d1e8a26f33d28b1d82cd60b8459052e874243226ab,docker-scheduler
4b2eece4eb27821f254c,c043a2d69be6badf49ae,2026-08-03T11:52:34.785740+00:00,model_baseline,20260803,13,POSITION,20260803:600176.SH,3ce150eec9d41ebcb8b55362786e6c6162c8c7f62cfe94e1cdd5b90c405d459f,600176.SH,,300,,,,,300,"{""close"":""34.06"",""cost_basis"":""12074.12"",""market_value"":""10218.00"",""price_date"":""20260803"",""quantity"":300,""realized_pnl"":""0.00"",""stale_trade_days"":0,""ts_code"":""600176.SH""}",4adba45b2dae913fdb3378de4a9e0717ec9d83d3025723659e34a8d59df394bc,docker-scheduler
f048b1adeb4a5c0ad8f0,c043a2d69be6badf49ae,2026-08-03T11:52:34.785740+00:00,model_baseline,20260803,14,POSITION,20260803:600378.SH,3ce150eec9d41ebcb8b55362786e6c6162c8c7f62cfe94e1cdd5b90c405d459f,600378.SH,,300,,,,,300,"{""close"":""37.7"",""cost_basis"":""12875.13"",""market_value"":""11310.00"",""price_date"":""20260803"",""quantity"":300,""realized_pnl"":""0.00"",""stale_trade_days"":0,""ts_code"":""600378.SH""}",f44b0838558b157487ecfec75cd2ae81e2d47866c9b52f6ec51d2114033d3deb,docker-scheduler
da3b918215464cf28493,c043a2d69be6badf49ae,2026-08-03T11:52:34.785740+00:00,model_baseline,20260803,15,POSITION,20260803:600498.SH,3ce150eec9d41ebcb8b55362786e6c6162c8c7f62cfe94e1cdd5b90c405d459f,600498.SH,,400,,,,,400,"{""close"":""32.9"",""cost_basis"":""13697.14"",""market_value"":""13160.00"",""price_date"":""20260803"",""quantity"":400,""realized_pnl"":""0.00"",""stale_trade_days"":0,""ts_code"":""600498.SH""}",a21ae0855aac2698beadedf131555f91302d48d7cc523e9b953403ed8f8e1239,docker-scheduler
2dee4f6a84a2bcfa9fed,c043a2d69be6badf49ae,2026-08-03T11:52:34.785740+00:00,model_baseline,20260803,16,POSITION,20260803:601138.SH,3ce150eec9d41ebcb8b55362786e6c6162c8c7f62cfe94e1cdd5b90c405d459f,601138.SH,,200,,,,,200,"{""close"":""55.9"",""cost_basis"":""11433.11"",""market_value"":""11180.00"",""price_date"":""20260803"",""quantity"":200,""realized_pnl"":""0.00"",""stale_trade_days"":0,""ts_code"":""601138.SH""}",32fa62192c70409fc5391f85b85b3cd890a688b4b54c97c53e335c4b52701133,docker-scheduler
210bb299a6047d8389a5,c043a2d69be6badf49ae,2026-08-03T11:52:34.785740+00:00,model_baseline,20260803,17,POSITION,20260803:603119.SH,3ce150eec9d41ebcb8b55362786e6c6162c8c7f62cfe94e1cdd5b90c405d459f,603119.SH,,300,,,,,300,"{""close"":""48.78"",""cost_basis"":""13205.13"",""market_value"":""14634.00"",""price_date"":""20260803"",""quantity"":300,""realized_pnl"":""0.00"",""stale_trade_days"":0,""ts_code"":""603119.SH""}",0336d41151e539a846775c81becb4542da7152fd372b3e17f1f42504ab117a10,docker-scheduler
f1eae9818ad369f442f8,c043a2d69be6badf49ae,2026-08-03T11:52:34.785740+00:00,model_baseline,20260803,18,POSITION,20260803:603308.SH,3ce150eec9d41ebcb8b55362786e6c6162c8c7f62cfe94e1cdd5b90c405d459f,603308.SH,,300,,,,,300,"{""close"":""43.22"",""cost_basis"":""14402.14"",""market_value"":""12966.00"",""price_date"":""20260803"",""quantity"":300,""realized_pnl"":""0.00"",""stale_trade_days"":0,""ts_code"":""603308.SH""}",883f7a3315fccbc9f999c3e55f25d130a8da72d8ba1ab352ec2dfd2af4697d88,docker-scheduler
24a980a2321ba4dfb64a,c043a2d69be6badf49ae,2026-08-03T11:52:34.785740+00:00,model_baseline,20260803,19,POSITION,20260803:688166.SH,3ce150eec9d41ebcb8b55362786e6c6162c8c7f62cfe94e1cdd5b90c405d459f,688166.SH,,493,,,,,493,"{""close"":""34.57"",""cost_basis"":""15490.28"",""market_value"":""17043.01"",""price_date"":""20260803"",""quantity"":493,""realized_pnl"":""0.00"",""stale_trade_days"":0,""ts_code"":""688166.SH""}",5181df8b037ae255a0000c42ac0af48b29d2a96868095d6ca706e07049993ad2,docker-scheduler
bce723c2c3ac497c8b59,c043a2d69be6badf49ae,2026-08-03T11:52:34.785740+00:00,model_baseline,20260803,20,POSITION,20260803:688343.SH,3ce150eec9d41ebcb8b55362786e6c6162c8c7f62cfe94e1cdd5b90c405d459f,688343.SH,,271,,,,,271,"{""close"":""54.31"",""cost_basis"":""15452.15"",""market_value"":""14718.01"",""price_date"":""20260803"",""quantity"":271,""realized_pnl"":""0.00"",""stale_trade_days"":0,""ts_code"":""688343.SH""}",45dc1fcd4849c3ed4f5e00b38812f3f8c3b010a56b1847900d9502e59058d972,docker-scheduler
a595a9277f6bbbb5922a,c043a2d69be6badf49ae,2026-08-03T11:52:34.785740+00:00,model_baseline,20260803,21,POSITION,20260803:688676.SH,3ce150eec9d41ebcb8b55362786e6c6162c8c7f62cfe94e1cdd5b90c405d459f,688676.SH,,231,,,,,231,"{""close"":""65.78"",""cost_basis"":""15502.94"",""market_value"":""15195.18"",""price_date"":""20260803"",""quantity"":231,""realized_pnl"":""0.00"",""stale_trade_days"":0,""ts_code"":""688676.SH""}",36147429f538a1bb78719e9a5ae544b72b1ba65522329948c6db192f2bd2d255,docker-scheduler
7dfceaa97cfdb70f5acd,c043a2d69be6badf49ae,2026-08-03T11:52:34.785740+00:00,model_baseline,20260803,22,POSITION,20260803:688709.SH,3ce150eec9d41ebcb8b55362786e6c6162c8c7f62cfe94e1cdd5b90c405d459f,688709.SH,,603,,,,,603,"{""close"":""24.75"",""cost_basis"":""15502.25"",""market_value"":""14924.25"",""price_date"":""20260803"",""quantity"":603,""realized_pnl"":""0.00"",""stale_trade_days"":0,""ts_code"":""688709.SH""}",c5ffb0d8f14d6bd7e34e18fcdab7ff5fc8fdf0ba692eef358662d016ecaa95eb,docker-scheduler
eb7c79b595ef323536ea,c043a2d69be6badf49ae,2026-08-03T11:52:34.785740+00:00,model_baseline,20260803,23,CASH,20260803,3ce150eec9d41ebcb8b55362786e6c6162c8c7f62cfe94e1cdd5b90c405d459f,,,,,,,153697.32,,"{""cash"":""153697.32""}",7b3ee7358d82632da8cacc0218473b1b8680a745e64ba5f00ea6d7843f46a94c,docker-scheduler
b6b685596eee803fd377,c043a2d69be6badf49ae,2026-08-03T11:52:34.785740+00:00,model_baseline,20260803,24,NAV,20260803,3ce150eec9d41ebcb8b55362786e6c6162c8c7f62cfe94e1cdd5b90c405d459f,,,,,,,153697.32,,"{""benchmark_nav"":""0.9647859350824590350901211527"",""cash"":""153697.32"",""cash_ratio"":""0.3360042089360008379046114857"",""cumulative_dividends"":""32.00"",""cumulative_fees"":""438.23"",""daily_fees"":""0.00"",""drawdown"":""-0.08514646"",""equation_difference"":""0.00"",""freshness_status"":""PASS"",""market_value"":""303729.45"",""net_asset"":""457426.77"",""net_excess"":""-0.0499323950824590350901211527"",""normalized_nav"":""0.91485354"",""positions"":[{""close"":""13.12"",""cost_basis"":""18179.19"",""market_value"":""14432.00"",""price_date"":""20260803"",""quantity"":1100,""realized_pnl"":""0.00"",""stale_trade_days"":0,""ts_code"":""000032.SZ""},{""close"":""6.35"",""cost_basis"":""15197.15"",""market_value"":""15240.00"",""price_date"":""20260803"",""quantity"":2400,""realized_pnl"":""0.00"",""stale_trade_days"":0,""ts_code"":""000060.SZ""},{""close"":""22.02"",""cost_basis"":""15167.15"",""market_value"":""15414.00"",""price_date"":""20260803"",""quantity"":700,""realized_pnl"":""0.00"",""stale_trade_days"":0,""ts_code"":""000062.SZ""},{""close"":""38.3"",""cost_basis"":""14609.15"",""market_value"":""15320.00"",""price_date"":""20260803"",""quantity"":400,""realized_pnl"":""0.00"",""stale_trade_days"":0,""ts_code"":""002050.SZ""},{""close"":""46.45"",""cost_basis"":""14885.15"",""market_value"":""13935.00"",""price_date"":""20260803"",""quantity"":300,""realized_pnl"":""0.00"",""stale_trade_days"":0,""ts_code"":""002837.SZ""},{""close"":""19.24"",""cost_basis"":""15285.15"",""market_value"":""15392.00"",""price_date"":""20260803"",""quantity"":800,""realized_pnl"":""0.00"",""stale_trade_days"":0,""ts_code"":""003022.SZ""},{""close"":""56.5"",""cost_basis"":""15517.16"",""market_value"":""11300.00"",""price_date"":""20260803"",""quantity"":200,""realized_pnl"":""0.00"",""stale_trade_days"":0,""ts_code"":""300136.SZ""},{""close"":""70.89"",""cost_basis"":""15405.15"",""market_value"":""14178.00"",""price_date"":""20260803"",""quantity"":200,""realized_pnl"":""0.00"",""stale_trade_days"":0,""ts_code"":""300395.SZ""},{""close"":""141.02"",""cost_basis"":""14205.14"",""market_value"":""14102.00"",""price_date"":""20260803"",""quantity"":100,""realized_pnl"":""0.00"",""stale_trade_days"":0,""ts_code"":""300548.SZ""},{""close"":""145.91"",""cost_basis"":""15505.16"",""market_value"":""14591.00"",""price_date"":""20260803"",""quantity"":100,""realized_pnl"":""0.00"",""stale_trade_days"":0,""ts_code"":""300751.SZ""},{""close"":""31.17"",""cost_basis"":""14109.14"",""market_value"":""12468.00"",""price_date"":""20260803"",""quantity"":400,""realized_pnl"":""0.00"",""stale_trade_days"":0,""ts_code"":""600105.SH""},{""close"":""40.03"",""cost_basis"":""11840.12"",""market_value"":""12009.00"",""price_date"":""20260803"",""quantity"":300,""realized_pnl"":""0.00"",""stale_trade_days"":0,""ts_code"":""600111.SH""},{""close"":""34.06"",""cost_basis"":""12074.12"",""market_value"":""10218.00"",""price_date"":""20260803"",""quantity"":300,""realized_pnl"":""0.00"",""stale_trade_days"":0,""ts_code"":""600176.SH""},{""close"":""37.7"",""cost_basis"":""12875.13"",""market_value"":""11310.00"",""price_date"":""20260803"",""quantity"":300,""realized_pnl"":""0.00"",""stale_trade_days"":0,""ts_code"":""600378.SH""},{""close"":""32.9"",""cost_basis"":""13697.14"",""market_value"":""13160.00"",""price_date"":""20260803"",""quantity"":400,""realized_pnl"":""0.00"",""stale_trade_days"":0,""ts_code"":""600498.SH""},{""close"":""55.9"",""cost_basis"":""11433.11"",""market_value"":""11180.00"",""price_date"":""20260803"",""quantity"":200,""realized_pnl"":""0.00"",""stale_trade_days"":0,""ts_code"":""601138.SH""},{""close"":""48.78"",""cost_basis"":""13205.13"",""market_value"":""14634.00"",""price_date"":""20260803"",""quantity"":300,""realized_pnl"":""0.00"",""stale_trade_days"":0,""ts_code"":""603119.SH""},{""close"":""43.22"",""cost_basis"":""14402.14"",""market_value"":""12966.00"",""price_date"":""20260803"",""quantity"":300,""realized_pnl"":""0.00"",""stale_trade_days"":0,""ts_code"":""603308.SH""},{""close"":""34.57"",""cost_basis"":""15490.28"",""market_value"":""17043.01"",""price_date"":""20260803"",""quantity"":493,""realized_pnl"":""0.00"",""stale_trade_days"":0,""ts_code"":""688166.SH""},{""close"":""54.31"",""cost_basis"":""15452.15"",""market_value"":""14718.01"",""price_date"":""20260803"",""quantity"":271,""realized_pnl"":""0.00"",""stale_trade_days"":0,""ts_code"":""688343.SH""},{""close"":""65.78"",""cost_basis"":""15502.94"",""market_value"":""15195.18"",""price_date"":""20260803"",""quantity"":231,""realized_pnl"":""0.00"",""stale_trade_days"":0,""ts_code"":""688676.SH""},{""close"":""24.75"",""cost_basis"":""15502.25"",""market_value"":""14924.25"",""price_date"":""20260803"",""quantity"":603,""realized_pnl"":""0.00"",""stale_trade_days"":0,""ts_code"":""688709.SH""}],""trade_date"":""20260803"",""turnover"":""0""}",3fb479c61080629aa68da2d9ab39d5209c91667ab7af075fe998a6220bf48b9b,docker-scheduler
6bdc1585a8f6494343f9,b7cfdbcd6dac1d592c0f,2026-08-03T11:52:48.440189+00:00,model_top20,20260727,1,POSITION,20260727:000032.SZ,8521ca67d8177aa34215ee811456154d56f9d2791f4de418cc3f46290acd6406,000032.SZ,,1400,,,,,1400,"{""close"":""15.04"",""cost_basis"":""24185.49"",""market_value"":""21056.00"",""price_date"":""20260727"",""quantity"":1400,""realized_pnl"":""0.00"",""stale_trade_days"":0,""ts_code"":""000032.SZ""}",2a6906f0539c0017e38139d3b973b963e271138584ad7a4af8ae6dfbc41cfcc5,docker-scheduler
39e6156551542d21c2d1,b7cfdbcd6dac1d592c0f,2026-08-03T11:52:48.440189+00:00,model_top20,20260727,2,POSITION,20260727:002008.SZ,8521ca67d8177aa34215ee811456154d56f9d2791f4de418cc3f46290acd6406,002008.SZ,,200,,,,,200,"{""close"":""103.32"",""cost_basis"":""21506.67"",""market_value"":""20664.00"",""price_date"":""20260727"",""quantity"":200,""realized_pnl"":""0.00"",""stale_trade_days"":0,""ts_code"":""002008.SZ""}",593bad3e8e7424e1105efd23a647fc2b8faa3760d17dbf1f70ccd56a65e291b1,docker-scheduler
6d443e682895f2b6fa80,b7cfdbcd6dac1d592c0f,2026-08-03T11:52:48.440189+00:00,model_top20,20260727,3,POSITION,20260727:002138.SZ,8521ca67d8177aa34215ee811456154d56f9d2791f4de418cc3f46290acd6406,002138.SZ,,500,,,,,500,"{""close"":""45.19"",""cost_basis"":""22446.95"",""market_value"":""22595.00"",""price_date"":""20260727"",""quantity"":500,""realized_pnl"":""0.00"",""stale_trade_days"":0,""ts_code"":""002138.SZ""}",dfe2cee16dd22569b73c9ec9bf05857d5b23021538b9f3eb305be5229b410f4a,docker-scheduler
f437798b174e0f5c9e2f,b7cfdbcd6dac1d592c0f,2026-08-03T11:52:48.440189+00:00,model_top20,20260727,4,POSITION,20260727:002407.SZ,8521ca67d8177aa34215ee811456154d56f9d2791f4de418cc3f46290acd6406,002407.SZ,,700,,,,,700,"{""close"":""33.57"",""cost_basis"":""22336.92"",""market_value"":""23499.00"",""price_date"":""20260727"",""quantity"":700,""realized_pnl"":""0.00"",""stale_trade_days"":0,""ts_code"":""002407.SZ""}",03db1591df15428718a1e1dfca3606c3dcc024c26deccc239f46c172b431cac5,docker-scheduler
6e4c70dad50ee6fbf184,b7cfdbcd6dac1d592c0f,2026-08-03T11:52:48.440189+00:00,model_top20,20260727,5,POSITION,20260727:300054.SZ,8521ca67d8177aa34215ee811456154d56f9d2791f4de418cc3f46290acd6406,300054.SZ,,300,,,,,300,"{""close"":""74.17"",""cost_basis"":""21870.78"",""market_value"":""22251.00"",""price_date"":""20260727"",""quantity"":300,""realized_pnl"":""0.00"",""stale_trade_days"":0,""ts_code"":""300054.SZ""}",75ceaa86c636cc0c82b26e4b7c9b70495f89c28733915a1c1831ce324641ae1a,docker-scheduler
bbab52a0c7e264d7825d,b7cfdbcd6dac1d592c0f,2026-08-03T11:52:48.440189+00:00,model_top20,20260727,6,POSITION,20260727:300136.SZ,8521ca67d8177aa34215ee811456154d56f9d2791f4de418cc3f46290acd6406,300136.SZ,,300,,,,,300,"{""close"":""66.66"",""cost_basis"":""23275.21"",""market_value"":""19998.00"",""price_date"":""20260727"",""quantity"":300,""realized_pnl"":""0.00"",""stale_trade_days"":0,""ts_code"":""300136.SZ""}",704294c117cc6990e05110b6b16b3ba25984e6648ef7da7cd90ef4b1c52f071d,docker-scheduler
eb81c4421b7c86a7a2ef,b7cfdbcd6dac1d592c0f,2026-08-03T11:52:48.440189+00:00,model_top20,20260727,7,POSITION,20260727:300346.SZ,8521ca67d8177aa34215ee811456154d56f9d2791f4de418cc3f46290acd6406,300346.SZ,,400,,,,,400,"{""close"":""55.75"",""cost_basis"":""24955.73"",""market_value"":""22300.00"",""price_date"":""20260727"",""quantity"":400,""realized_pnl"":""0.00"",""stale_trade_days"":0,""ts_code"":""300346.SZ""}",c1727d6aab05a5c2bf7f6d0c922535f82e6c3a21335d77025219b43b6da2035c,docker-scheduler
4a23fbdaa23ce86e0544,b7cfdbcd6dac1d592c0f,2026-08-03T11:52:48.440189+00:00,model_top20,20260727,8,POSITION,20260727:300373.SZ,8521ca67d8177aa34215ee811456154d56f9d2791f4de418cc3f46290acd6406,300373.SZ,,200,,,,,200,"{""close"":""93.22"",""cost_basis"":""20606.39"",""market_value"":""18644.00"",""price_date"":""20260727"",""quantity"":200,""realized_pnl"":""0.00"",""stale_trade_days"":0,""ts_code"":""300373.SZ""}",aa4d9f974e771980f3d38231952ea2d6bdeda0f62f85b6fb49d166dec6b4051c,docker-scheduler
9f8e0ec62672b06d097f,b7cfdbcd6dac1d592c0f,2026-08-03T11:52:48.440189+00:00,model_top20,20260727,9,POSITION,20260727:300475.SZ,8521ca67d8177aa34215ee811456154d56f9d2791f4de418cc3f46290acd6406,300475.SZ,,100,,,,,100,"{""close"":""165.84"",""cost_basis"":""20145.24"",""market_value"":""16584.00"",""price_date"":""20260727"",""quantity"":100,""realized_pnl"":""0.00"",""stale_trade_days"":0,""ts_code"":""300475.SZ""}",2564b05a1c446d25c86df80da5c2351c5c69cfb9f2fe83f87f9da161bae5e090,docker-scheduler
6ca374d19d47b9bd4e20,b7cfdbcd6dac1d592c0f,2026-08-03T11:52:48.440189+00:00,model_top20,20260727,10,POSITION,20260727:600460.SH,8521ca67d8177aa34215ee811456154d56f9d2791f4de418cc3f46290acd6406,600460.SH,,600,,,,,600,"{""close"":""32.33"",""cost_basis"":""21666.72"",""market_value"":""19398.00"",""price_date"":""20260727"",""quantity"":600,""realized_pnl"":""0.00"",""stale_trade_days"":0,""ts_code"":""600460.SH""}",f983923b85e9253623206be50482eabb25ee7cfbacc5f0301051a4d2a1452ae7,docker-scheduler
2f0bbed11e0c76028bbd,b7cfdbcd6dac1d592c0f,2026-08-03T11:52:48.440189+00:00,model_top20,20260727,11,POSITION,20260727:600707.SH,8521ca67d8177aa34215ee811456154d56f9d2791f4de418cc3f46290acd6406,600707.SH,,2500,,,,,2500,"{""close"":""9.11"",""cost_basis"":""24707.66"",""market_value"":""22775.00"",""price_date"":""20260727"",""quantity"":2500,""realized_pnl"":""0.00"",""stale_trade_days"":0,""ts_code"":""600707.SH""}",33c773f8a782193b384f60b243d86720d75ea70af113032de635af96f4f5010c,docker-scheduler
9a9a4ccd86a0ed2e23b4,b7cfdbcd6dac1d592c0f,2026-08-03T11:52:48.440189+00:00,model_top20,20260727,12,POSITION,20260727:603308.SH,8521ca67d8177aa34215ee811456154d56f9d2791f4de418cc3f46290acd6406,603308.SH,,500,,,,,500,"{""close"":""47.02"",""cost_basis"":""24002.44"",""market_value"":""23510.00"",""price_date"":""20260727"",""quantity"":500,""realized_pnl"":""0.00"",""stale_trade_days"":0,""ts_code"":""603308.SH""}",9e028946dbeff202ede16ab560aab81c9dd9ae9411c4f1fd8cb2960deb331938,docker-scheduler
b427976fd15dd48421ed,b7cfdbcd6dac1d592c0f,2026-08-03T11:52:48.440189+00:00,model_top20,20260727,13,POSITION,20260727:603699.SH,8521ca67d8177aa34215ee811456154d56f9d2791f4de418cc3f46290acd6406,603699.SH,,600,,,,,600,"{""close"":""41.9"",""cost_basis"":""24757.68"",""market_value"":""25140.00"",""price_date"":""20260727"",""quantity"":600,""realized_pnl"":""0.00"",""stale_trade_days"":0,""ts_code"":""603699.SH""}",86a354a571a7119eb4205a2b36bac743b0d45782b4e86c387981abb6cb32f6c5,docker-scheduler
04816526815dbe9faae1,b7cfdbcd6dac1d592c0f,2026-08-03T11:52:48.440189+00:00,model_top20,20260727,14,POSITION,20260727:605358.SH,8521ca67d8177aa34215ee811456154d56f9d2791f4de418cc3f46290acd6406,605358.SH,,500,,,,,500,"{""close"":""43.31"",""cost_basis"":""24882.71"",""market_value"":""21655.00"",""price_date"":""20260727"",""quantity"":500,""realized_pnl"":""0.00"",""stale_trade_days"":0,""ts_code"":""605358.SH""}",2b403ad4709c318663d25065a735bac84c5cb91afe068ce22ef26ced5ef6c05c,docker-scheduler
bf706d8bc0d8679c8d03,b7cfdbcd6dac1d592c0f,2026-08-03T11:52:48.440189+00:00,model_top20,20260727,15,POSITION,20260727:688234.SH,8521ca67d8177aa34215ee811456154d56f9d2791f4de418cc3f46290acd6406,688234.SH,,207,,,,,207,"{""close"":""100.0"",""cost_basis"":""24889.11"",""market_value"":""20700.00"",""price_date"":""20260727"",""quantity"":207,""realized_pnl"":""0.00"",""stale_trade_days"":0,""ts_code"":""688234.SH""}",ff4d29d5bc79431427db902fd1f9c0b8850ca4cb00932300d55f106819cafb3b,docker-scheduler
f38e8283e58510982748,b7cfdbcd6dac1d592c0f,2026-08-03T11:52:48.440189+00:00,model_top20,20260727,16,POSITION,20260727:688396.SH,8521ca67d8177aa34215ee811456154d56f9d2791f4de418cc3f46290acd6406,688396.SH,,385,,,,,385,"{""close"":""60.74"",""cost_basis"":""24990.39"",""market_value"":""23384.90"",""price_date"":""20260727"",""quantity"":385,""realized_pnl"":""0.00"",""stale_trade_days"":0,""ts_code"":""688396.SH""}",75997fefae37fbbaa5609a5d5467342edea74e03171cc97122cfb7418f5928ba,docker-scheduler
854d48ca9f145f1bd77c,b7cfdbcd6dac1d592c0f,2026-08-03T11:52:48.440189+00:00,model_top20,20260727,17,POSITION,20260727:688469.SH,8521ca67d8177aa34215ee811456154d56f9d2791f4de418cc3f46290acd6406,688469.SH,,3401,,,,,3401,"{""close"":""7.57"",""cost_basis"":""25005.10"",""market_value"":""25745.57"",""price_date"":""20260727"",""quantity"":3401,""realized_pnl"":""0.00"",""stale_trade_days"":0,""ts_code"":""688469.SH""}",31ef248e4b6439d1880c9c982ce8ed9e2a64cf9446fc0761904dbfaad4053425,docker-scheduler
10faed2ade075e5cd4ba,b7cfdbcd6dac1d592c0f,2026-08-03T11:52:48.440189+00:00,model_top20,20260727,18,POSITION,20260727:688582.SH,8521ca67d8177aa34215ee811456154d56f9d2791f4de418cc3f46290acd6406,688582.SH,,570,,,,,570,"{""close"":""37.68"",""cost_basis"":""24973.74"",""market_value"":""21477.60"",""price_date"":""20260727"",""quantity"":570,""realized_pnl"":""0.00"",""stale_trade_days"":0,""ts_code"":""688582.SH""}",13b92612e44cf936f7390e6f88641d5a9b6c401c165f58ceb8ede1c228b8ffa0,docker-scheduler
f77e41c4a467a72b3f1f,b7cfdbcd6dac1d592c0f,2026-08-03T11:52:48.440189+00:00,model_top20,20260727,19,CASH,20260727,8521ca67d8177aa34215ee811456154d56f9d2791f4de418cc3f46290acd6406,,,,,,,78843.07,,"{""cash"":""78843.07""}",3e30b4a29dd24fb4cfecb43e3b44f93274ad543e4da62b48008787e110946908,docker-scheduler
f1d22d84523933dab4fd,b7cfdbcd6dac1d592c0f,2026-08-03T11:52:48.440189+00:00,model_top20,20260727,20,NAV,20260727,8521ca67d8177aa34215ee811456154d56f9d2791f4de418cc3f46290acd6406,,,,,,,78843.07,,"{""benchmark_nav"":""1.000193642958049867577285188"",""cash"":""78843.07"",""cash_ratio"":""0.1676726777377081296432772956"",""cumulative_dividends"":""48.00"",""cumulative_fees"":""130.53"",""daily_fees"":""0.00"",""drawdown"":""-0.05955972"",""equation_difference"":""0.00"",""freshness_status"":""PASS"",""market_value"":""391377.07"",""net_asset"":""470220.14"",""net_excess"":""-0.059753362958049867577285188"",""normalized_nav"":""0.94044028"",""positions"":[{""close"":""15.04"",""cost_basis"":""24185.49"",""market_value"":""21056.00"",""price_date"":""20260727"",""quantity"":1400,""realized_pnl"":""0.00"",""stale_trade_days"":0,""ts_code"":""000032.SZ""},{""close"":""103.32"",""cost_basis"":""21506.67"",""market_value"":""20664.00"",""price_date"":""20260727"",""quantity"":200,""realized_pnl"":""0.00"",""stale_trade_days"":0,""ts_code"":""002008.SZ""},{""close"":""45.19"",""cost_basis"":""22446.95"",""market_value"":""22595.00"",""price_date"":""20260727"",""quantity"":500,""realized_pnl"":""0.00"",""stale_trade_days"":0,""ts_code"":""002138.SZ""},{""close"":""33.57"",""cost_basis"":""22336.92"",""market_value"":""23499.00"",""price_date"":""20260727"",""quantity"":700,""realized_pnl"":""0.00"",""stale_trade_days"":0,""ts_code"":""002407.SZ""},{""close"":""74.17"",""cost_basis"":""21870.78"",""market_value"":""22251.00"",""price_date"":""20260727"",""quantity"":300,""realized_pnl"":""0.00"",""stale_trade_days"":0,""ts_code"":""300054.SZ""},{""close"":""66.66"",""cost_basis"":""23275.21"",""market_value"":""19998.00"",""price_date"":""20260727"",""quantity"":300,""realized_pnl"":""0.00"",""stale_trade_days"":0,""ts_code"":""300136.SZ""},{""close"":""55.75"",""cost_basis"":""24955.73"",""market_value"":""22300.00"",""price_date"":""20260727"",""quantity"":400,""realized_pnl"":""0.00"",""stale_trade_days"":0,""ts_code"":""300346.SZ""},{""close"":""93.22"",""cost_basis"":""20606.39"",""market_value"":""18644.00"",""price_date"":""20260727"",""quantity"":200,""realized_pnl"":""0.00"",""stale_trade_days"":0,""ts_code"":""300373.SZ""},{""close"":""165.84"",""cost_basis"":""20145.24"",""market_value"":""16584.00"",""price_date"":""20260727"",""quantity"":100,""realized_pnl"":""0.00"",""stale_trade_days"":0,""ts_code"":""300475.SZ""},{""close"":""32.33"",""cost_basis"":""21666.72"",""market_value"":""19398.00"",""price_date"":""20260727"",""quantity"":600,""realized_pnl"":""0.00"",""stale_trade_days"":0,""ts_code"":""600460.SH""},{""close"":""9.11"",""cost_basis"":""24707.66"",""market_value"":""22775.00"",""price_date"":""20260727"",""quantity"":2500,""realized_pnl"":""0.00"",""stale_trade_days"":0,""ts_code"":""600707.SH""},{""close"":""47.02"",""cost_basis"":""24002.44"",""market_value"":""23510.00"",""price_date"":""20260727"",""quantity"":500,""realized_pnl"":""0.00"",""stale_trade_days"":0,""ts_code"":""603308.SH""},{""close"":""41.9"",""cost_basis"":""24757.68"",""market_value"":""25140.00"",""price_date"":""20260727"",""quantity"":600,""realized_pnl"":""0.00"",""stale_trade_days"":0,""ts_code"":""603699.SH""},{""close"":""43.31"",""cost_basis"":""24882.71"",""market_value"":""21655.00"",""price_date"":""20260727"",""quantity"":500,""realized_pnl"":""0.00"",""stale_trade_days"":0,""ts_code"":""605358.SH""},{""close"":""100.0"",""cost_basis"":""24889.11"",""market_value"":""20700.00"",""price_date"":""20260727"",""quantity"":207,""realized_pnl"":""0.00"",""stale_trade_days"":0,""ts_code"":""688234.SH""},{""close"":""60.74"",""cost_basis"":""24990.39"",""market_value"":""23384.90"",""price_date"":""20260727"",""quantity"":385,""realized_pnl"":""0.00"",""stale_trade_days"":0,""ts_code"":""688396.SH""},{""close"":""7.57"",""cost_basis"":""25005.10"",""market_value"":""25745.57"",""price_date"":""20260727"",""quantity"":3401,""realized_pnl"":""0.00"",""stale_trade_days"":0,""ts_code"":""688469.SH""},{""close"":""37.68"",""cost_basis"":""24973.74"",""market_value"":""21477.60"",""price_date"":""20260727"",""quantity"":570,""realized_pnl"":""0.00"",""stale_trade_days"":0,""ts_code"":""688582.SH""}],""trade_date"":""20260727"",""turnover"":""0""}",e7721dd18f1d06afc140b7d05313e3fbbc1ab55cf3f1215126f237bc3243f963,docker-scheduler
3a15884f5ad50dff9bce,ef6001b1265513dacbcb,2026-08-03T11:52:50.478506+00:00,model_top20,20260728,1,POSITION,20260728:000032.SZ,f875abbfb7426dd1e6d643f2ee098d86f9e7f6b8457fd91de33966431bbf4b4f,000032.SZ,,1400,,,,,1400,"{""close"":""14.15"",""cost_basis"":""24185.49"",""market_value"":""19810.00"",""price_date"":""20260728"",""quantity"":1400,""realized_pnl"":""0.00"",""stale_trade_days"":0,""ts_code"":""000032.SZ""}",6824b9ba023805c606c691c222740b39f36b975fac9b82e9a38e7761563f0799,docker-scheduler
67a1b13552f4ba284fb6,ef6001b1265513dacbcb,2026-08-03T11:52:50.478506+00:00,model_top20,20260728,2,POSITION,20260728:002008.SZ,f875abbfb7426dd1e6d643f2ee098d86f9e7f6b8457fd91de33966431bbf4b4f,002008.SZ,,200,,,,,200,"{""close"":""94.17"",""cost_basis"":""21506.67"",""market_value"":""18834.00"",""price_date"":""20260728"",""quantity"":200,""realized_pnl"":""0.00"",""stale_trade_days"":0,""ts_code"":""002008.SZ""}",fa990d1923140c2db325a6d3b431ccbf666d277376f2993078ce262cbd5c9476,docker-scheduler
b9a9072632cb1f8ecf3f,ef6001b1265513dacbcb,2026-08-03T11:52:50.478506+00:00,model_top20,20260728,3,POSITION,20260728:002138.SZ,f875abbfb7426dd1e6d643f2ee098d86f9e7f6b8457fd91de33966431bbf4b4f,002138.SZ,,500,,,,,500,"{""close"":""41.68"",""cost_basis"":""22446.95"",""market_value"":""20840.00"",""price_date"":""20260728"",""quantity"":500,""realized_pnl"":""0.00"",""stale_trade_days"":0,""ts_code"":""002138.SZ""}",69f330627271ddbb772667bab16eaa1648d4089c507910b66da4f521e633936c,docker-scheduler
92284d70df2e6ca9885d,ef6001b1265513dacbcb,2026-08-03T11:52:50.478506+00:00,model_top20,20260728,4,POSITION,20260728:002407.SZ,f875abbfb7426dd1e6d643f2ee098d86f9e7f6b8457fd91de33966431bbf4b4f,002407.SZ,,700,,,,,700,"{""close"":""34.2"",""cost_basis"":""22336.92"",""market_value"":""23940.00"",""price_date"":""20260728"",""quantity"":700,""realized_pnl"":""0.00"",""stale_trade_days"":0,""ts_code"":""002407.SZ""}",06203db39df25c4fd5d1338fff2f3586bfbe17d19e030640d7cd7e7c42889ea1,docker-scheduler
e6c7abdb3c9ebe6acb33,ef6001b1265513dacbcb,2026-08-03T11:52:50.478506+00:00,model_top20,20260728,5,POSITION,20260728:300054.SZ,f875abbfb7426dd1e6d643f2ee098d86f9e7f6b8457fd91de33966431bbf4b4f,300054.SZ,,300,,,,,300,"{""close"":""71.31"",""cost_basis"":""21870.78"",""market_value"":""21393.00"",""price_date"":""20260728"",""quantity"":300,""realized_pnl"":""0.00"",""stale_trade_days"":0,""ts_code"":""300054.SZ""}",e15db8d01293e594d81c8c398cd60e504937d5a9d5541af9c97af7f866fd26e7,docker-scheduler
d37d2f6beb1bdca4ecef,ef6001b1265513dacbcb,2026-08-03T11:52:50.478506+00:00,model_top20,20260728,6,POSITION,20260728:300136.SZ,f875abbfb7426dd1e6d643f2ee098d86f9e7f6b8457fd91de33966431bbf4b4f,300136.SZ,,300,,,,,300,"{""close"":""62.4"",""cost_basis"":""23275.21"",""market_value"":""18720.00"",""price_date"":""20260728"",""quantity"":300,""realized_pnl"":""0.00"",""stale_trade_days"":0,""ts_code"":""300136.SZ""}",87113341a8e93ec1e243425ea9d789a84c7c463f4e1d55c226fc47d2210c36a0,docker-scheduler
0cdb0245b45307ba1718,ef6001b1265513dacbcb,2026-08-03T11:52:50.478506+00:00,model_top20,20260728,7,POSITION,20260728:300346.SZ,f875abbfb7426dd1e6d643f2ee098d86f9e7f6b8457fd91de33966431bbf4b4f,300346.SZ,,400,,,,,400,"{""close"":""54.21"",""cost_basis"":""24955.73"",""market_value"":""21684.00"",""price_date"":""20260728"",""quantity"":400,""realized_pnl"":""0.00"",""stale_trade_days"":0,""ts_code"":""300346.SZ""}",1ce35d481483fafaa29e5fc8de880bec6c9c688445475c13f9c8d2ade72a59e9,docker-scheduler
ff413f1f4ca9a28f272d,ef6001b1265513dacbcb,2026-08-03T11:52:50.478506+00:00,model_top20,20260728,8,POSITION,20260728:300373.SZ,f875abbfb7426dd1e6d643f2ee098d86f9e7f6b8457fd91de33966431bbf4b4f,300373.SZ,,200,,,,,200,"{""close"":""84.8"",""cost_basis"":""20606.39"",""market_value"":""16960.00"",""price_date"":""20260728"",""quantity"":200,""realized_pnl"":""0.00"",""stale_trade_days"":0,""ts_code"":""300373.SZ""}",787663f31ed1744cc0d8c5a4e3325182eba7bfd645df66fa0b7a69783685f182,docker-scheduler
7124ed0a4bf30a2e57eb,ef6001b1265513dacbcb,2026-08-03T11:52:50.478506+00:00,model_top20,20260728,9,POSITION,20260728:300475.SZ,f875abbfb7426dd1e6d643f2ee098d86f9e7f6b8457fd91de33966431bbf4b4f,300475.SZ,,100,,,,,100,"{""close"":""147.27"",""cost_basis"":""20145.24"",""market_value"":""14727.00"",""price_date"":""20260728"",""quantity"":100,""realized_pnl"":""0.00"",""stale_trade_days"":0,""ts_code"":""300475.SZ""}",c7ccc3554b2a382b839bb91756da2eca6a7f13ef9d204b71cd708f30b0849c37,docker-scheduler
409bee81eb695832844c,ef6001b1265513dacbcb,2026-08-03T11:52:50.478506+00:00,model_top20,20260728,10,POSITION,20260728:600460.SH,f875abbfb7426dd1e6d643f2ee098d86f9e7f6b8457fd91de33966431bbf4b4f,600460.SH,,600,,,,,600,"{""close"":""30.17"",""cost_basis"":""21666.72"",""market_value"":""18102.00"",""price_date"":""20260728"",""quantity"":600,""realized_pnl"":""0.00"",""stale_trade_days"":0,""ts_code"":""600460.SH""}",3ad352d4b850658b3d4c440a28812cfed5394288f1b540ffaf7e8d7a37dcfd53,docker-scheduler
5e2e9ba7ec8307800aab,ef6001b1265513dacbcb,2026-08-03T11:52:50.478506+00:00,model_top20,20260728,11,POSITION,20260728:600707.SH,f875abbfb7426dd1e6d643f2ee098d86f9e7f6b8457fd91de33966431bbf4b4f,600707.SH,,2500,,,,,2500,"{""close"":""8.6"",""cost_basis"":""24707.66"",""market_value"":""21500.00"",""price_date"":""20260728"",""quantity"":2500,""realized_pnl"":""0.00"",""stale_trade_days"":0,""ts_code"":""600707.SH""}",ae97807bb86677af2be0e5ce5395a186c76655e00df7bcf65f9bdf2df7e8265e,docker-scheduler
870c4328511d719e86d4,ef6001b1265513dacbcb,2026-08-03T11:52:50.478506+00:00,model_top20,20260728,12,POSITION,20260728:603308.SH,f875abbfb7426dd1e6d643f2ee098d86f9e7f6b8457fd91de33966431bbf4b4f,603308.SH,,500,,,,,500,"{""close"":""43.0"",""cost_basis"":""24002.44"",""market_value"":""21500.00"",""price_date"":""20260728"",""quantity"":500,""realized_pnl"":""0.00"",""stale_trade_days"":0,""ts_code"":""603308.SH""}",daff219955054dc468330945fd4325949482f192cd789324538b1ebfa6fc0d9a,docker-scheduler
791080eed2066aeb9157,ef6001b1265513dacbcb,2026-08-03T11:52:50.478506+00:00,model_top20,20260728,13,POSITION,20260728:603699.SH,f875abbfb7426dd1e6d643f2ee098d86f9e7f6b8457fd91de33966431bbf4b4f,603699.SH,,600,,,,,600,"{""close"":""40.7"",""cost_basis"":""24757.68"",""market_value"":""24420.00"",""price_date"":""20260728"",""quantity"":600,""realized_pnl"":""0.00"",""stale_trade_days"":0,""ts_code"":""603699.SH""}",60547d43b3a89887272b5e10dac22416cebd378c47275bbefe514fc3fc37825a,docker-scheduler
c3cd645bc2f58309b58a,ef6001b1265513dacbcb,2026-08-03T11:52:50.478506+00:00,model_top20,20260728,14,POSITION,20260728:605358.SH,f875abbfb7426dd1e6d643f2ee098d86f9e7f6b8457fd91de33966431bbf4b4f,605358.SH,,500,,,,,500,"{""close"":""40.15"",""cost_basis"":""24882.71"",""market_value"":""20075.00"",""price_date"":""20260728"",""quantity"":500,""realized_pnl"":""0.00"",""stale_trade_days"":0,""ts_code"":""605358.SH""}",9d058ac19b766ac84f4879f2a62eabfcf1906e5c34b40e114bd3205588414186,docker-scheduler
e74d5cfaf43d4255fb94,ef6001b1265513dacbcb,2026-08-03T11:52:50.478506+00:00,model_top20,20260728,15,POSITION,20260728:688234.SH,f875abbfb7426dd1e6d643f2ee098d86f9e7f6b8457fd91de33966431bbf4b4f,688234.SH,,207,,,,,207,"{""close"":""91.52"",""cost_basis"":""24889.11"",""market_value"":""18944.64"",""price_date"":""20260728"",""quantity"":207,""realized_pnl"":""0.00"",""stale_trade_days"":0,""ts_code"":""688234.SH""}",ffcfaf2d6adaeb582ce7f189355d8f454d2ae3f975039deb42243d7e56aa344c,docker-scheduler
77a338e625fa86a5c38a,ef6001b1265513dacbcb,2026-08-03T11:52:50.478506+00:00,model_top20,20260728,16,POSITION,20260728:688396.SH,f875abbfb7426dd1e6d643f2ee098d86f9e7f6b8457fd91de33966431bbf4b4f,688396.SH,,385,,,,,385,"{""close"":""56.07"",""cost_basis"":""24990.39"",""market_value"":""21586.95"",""price_date"":""20260728"",""quantity"":385,""realized_pnl"":""0.00"",""stale_trade_days"":0,""ts_code"":""688396.SH""}",580b929afeefe52ecfad3b7d85569e89d1224026974f9d22e4dc5d448a283266,docker-scheduler
6451cdba9bcefebd8005,ef6001b1265513dacbcb,2026-08-03T11:52:50.478506+00:00,model_top20,20260728,17,POSITION,20260728:688469.SH,f875abbfb7426dd1e6d643f2ee098d86f9e7f6b8457fd91de33966431bbf4b4f,688469.SH,,3401,,,,,3401,"{""close"":""7.34"",""cost_basis"":""25005.10"",""market_value"":""24963.34"",""price_date"":""20260728"",""quantity"":3401,""realized_pnl"":""0.00"",""stale_trade_days"":0,""ts_code"":""688469.SH""}",d64775a027f7ac98c5bd07687a404bd3b9c9c0cc0f0da9485f5c82a0bb91cc00,docker-scheduler
757e46de4cfa96cd2a05,ef6001b1265513dacbcb,2026-08-03T11:52:50.478506+00:00,model_top20,20260728,18,POSITION,20260728:688582.SH,f875abbfb7426dd1e6d643f2ee098d86f9e7f6b8457fd91de33966431bbf4b4f,688582.SH,,570,,,,,570,"{""close"":""35.92"",""cost_basis"":""24973.74"",""market_value"":""20474.40"",""price_date"":""20260728"",""quantity"":570,""realized_pnl"":""0.00"",""stale_trade_days"":0,""ts_code"":""688582.SH""}",b46753871dfb33bac195365e3b231ccb44839c25794501125fac0eb01721be72,docker-scheduler
2bb68c0ad7d496686d47,ef6001b1265513dacbcb,2026-08-03T11:52:50.478506+00:00,model_top20,20260728,19,CASH,20260728,f875abbfb7426dd1e6d643f2ee098d86f9e7f6b8457fd91de33966431bbf4b4f,,,,,,,78843.07,,"{""cash"":""78843.07""}",3e30b4a29dd24fb4cfecb43e3b44f93274ad543e4da62b48008787e110946908,docker-scheduler
6689a33290cd8925e269,ef6001b1265513dacbcb,2026-08-03T11:52:50.478506+00:00,model_top20,20260728,20,NAV,20260728,f875abbfb7426dd1e6d643f2ee098d86f9e7f6b8457fd91de33966431bbf4b4f,,,,,,,78843.07,,"{""benchmark_nav"":""0.9698957392106607590895993004"",""cash"":""78843.07"",""cash_ratio"":""0.1762575522436641185878304756"",""cumulative_dividends"":""48.00"",""cumulative_fees"":""130.53"",""daily_fees"":""0.00"",""drawdown"":""-0.1053652"",""equation_difference"":""0.00"",""freshness_status"":""PASS"",""market_value"":""368474.33"",""net_asset"":""447317.40"",""net_excess"":""-0.0752609392106607590895993004"",""normalized_nav"":""0.8946348"",""positions"":[{""close"":""14.15"",""cost_basis"":""24185.49"",""market_value"":""19810.00"",""price_date"":""20260728"",""quantity"":1400,""realized_pnl"":""0.00"",""stale_trade_days"":0,""ts_code"":""000032.SZ""},{""close"":""94.17"",""cost_basis"":""21506.67"",""market_value"":""18834.00"",""price_date"":""20260728"",""quantity"":200,""realized_pnl"":""0.00"",""stale_trade_days"":0,""ts_code"":""002008.SZ""},{""close"":""41.68"",""cost_basis"":""22446.95"",""market_value"":""20840.00"",""price_date"":""20260728"",""quantity"":500,""realized_pnl"":""0.00"",""stale_trade_days"":0,""ts_code"":""002138.SZ""},{""close"":""34.2"",""cost_basis"":""22336.92"",""market_value"":""23940.00"",""price_date"":""20260728"",""quantity"":700,""realized_pnl"":""0.00"",""stale_trade_days"":0,""ts_code"":""002407.SZ""},{""close"":""71.31"",""cost_basis"":""21870.78"",""market_value"":""21393.00"",""price_date"":""20260728"",""quantity"":300,""realized_pnl"":""0.00"",""stale_trade_days"":0,""ts_code"":""300054.SZ""},{""close"":""62.4"",""cost_basis"":""23275.21"",""market_value"":""18720.00"",""price_date"":""20260728"",""quantity"":300,""realized_pnl"":""0.00"",""stale_trade_days"":0,""ts_code"":""300136.SZ""},{""close"":""54.21"",""cost_basis"":""24955.73"",""market_value"":""21684.00"",""price_date"":""20260728"",""quantity"":400,""realized_pnl"":""0.00"",""stale_trade_days"":0,""ts_code"":""300346.SZ""},{""close"":""84.8"",""cost_basis"":""20606.39"",""market_value"":""16960.00"",""price_date"":""20260728"",""quantity"":200,""realized_pnl"":""0.00"",""stale_trade_days"":0,""ts_code"":""300373.SZ""},{""close"":""147.27"",""cost_basis"":""20145.24"",""market_value"":""14727.00"",""price_date"":""20260728"",""quantity"":100,""realized_pnl"":""0.00"",""stale_trade_days"":0,""ts_code"":""300475.SZ""},{""close"":""30.17"",""cost_basis"":""21666.72"",""market_value"":""18102.00"",""price_date"":""20260728"",""quantity"":600,""realized_pnl"":""0.00"",""stale_trade_days"":0,""ts_code"":""600460.SH""},{""close"":""8.6"",""cost_basis"":""24707.66"",""market_value"":""21500.00"",""price_date"":""20260728"",""quantity"":2500,""realized_pnl"":""0.00"",""stale_trade_days"":0,""ts_code"":""600707.SH""},{""close"":""43.0"",""cost_basis"":""24002.44"",""market_value"":""21500.00"",""price_date"":""20260728"",""quantity"":500,""realized_pnl"":""0.00"",""stale_trade_days"":0,""ts_code"":""603308.SH""},{""close"":""40.7"",""cost_basis"":""24757.68"",""market_value"":""24420.00"",""price_date"":""20260728"",""quantity"":600,""realized_pnl"":""0.00"",""stale_trade_days"":0,""ts_code"":""603699.SH""},{""close"":""40.15"",""cost_basis"":""24882.71"",""market_value"":""20075.00"",""price_date"":""20260728"",""quantity"":500,""realized_pnl"":""0.00"",""stale_trade_days"":0,""ts_code"":""605358.SH""},{""close"":""91.52"",""cost_basis"":""24889.11"",""market_value"":""18944.64"",""price_date"":""20260728"",""quantity"":207,""realized_pnl"":""0.00"",""stale_trade_days"":0,""ts_code"":""688234.SH""},{""close"":""56.07"",""cost_basis"":""24990.39"",""market_value"":""21586.95"",""price_date"":""20260728"",""quantity"":385,""realized_pnl"":""0.00"",""stale_trade_days"":0,""ts_code"":""688396.SH""},{""close"":""7.34"",""cost_basis"":""25005.10"",""market_value"":""24963.34"",""price_date"":""20260728"",""quantity"":3401,""realized_pnl"":""0.00"",""stale_trade_days"":0,""ts_code"":""688469.SH""},{""close"":""35.92"",""cost_basis"":""24973.74"",""market_value"":""20474.40"",""price_date"":""20260728"",""quantity"":570,""realized_pnl"":""0.00"",""stale_trade_days"":0,""ts_code"":""688582.SH""}],""trade_date"":""20260728"",""turnover"":""0""}",c23b0aa5f28bf8b03aa59c688ea68c058e4099cd60d99d21c041dbe32cb7fec1,docker-scheduler
68f7de483a29567b9cc2,884b965361e28fd2ec51,2026-08-03T11:52:52.454715+00:00,model_top20,20260729,1,POSITION,20260729:000032.SZ,819f2e6ae83dbb9d3e6f59e49f5012806eb7896898ab0ff37bfd209471ab7572,000032.SZ,,1400,,,,,1400,"{""close"":""13.57"",""cost_basis"":""24185.49"",""market_value"":""18998.00"",""price_date"":""20260729"",""quantity"":1400,""realized_pnl"":""0.00"",""stale_trade_days"":0,""ts_code"":""000032.SZ""}",a9cdb102ad51b13ed721e4bce5214fa36846e966507ee0585f2136f0c6021403,docker-scheduler
2ccd85090fbad070d373,884b965361e28fd2ec51,2026-08-03T11:52:52.454715+00:00,model_top20,20260729,2,POSITION,20260729:002008.SZ,819f2e6ae83dbb9d3e6f59e49f5012806eb7896898ab0ff37bfd209471ab7572,002008.SZ,,200,,,,,200,"{""close"":""91.0"",""cost_basis"":""21506.67"",""market_value"":""18200.00"",""price_date"":""20260729"",""quantity"":200,""realized_pnl"":""0.00"",""stale_trade_days"":0,""ts_code"":""002008.SZ""}",53205f7b0eb66687c8556187f7bb408962fbde77f00e0f3dc4c6826044e0dd53,docker-scheduler
714a7db8400833660e71,884b965361e28fd2ec51,2026-08-03T11:52:52.454715+00:00,model_top20,20260729,3,POSITION,20260729:002138.SZ,819f2e6ae83dbb9d3e6f59e49f5012806eb7896898ab0ff37bfd209471ab7572,002138.SZ,,500,,,,,500,"{""close"":""43.15"",""cost_basis"":""22446.95"",""market_value"":""21575.00"",""price_date"":""20260729"",""quantity"":500,""realized_pnl"":""0.00"",""stale_trade_days"":0,""ts_code"":""002138.SZ""}",12221e0dc835ba3590eef7bc88ff2a4b5d6f1d592d9155b73dae2cb26a74ea6c,docker-scheduler
0c35126f3ed958b4f629,884b965361e28fd2ec51,2026-08-03T11:52:52.454715+00:00,model_top20,20260729,4,POSITION,20260729:002407.SZ,819f2e6ae83dbb9d3e6f59e49f5012806eb7896898ab0ff37bfd209471ab7572,002407.SZ,,700,,,,,700,"{""close"":""31.99"",""cost_basis"":""22336.92"",""market_value"":""22393.00"",""price_date"":""20260729"",""quantity"":700,""realized_pnl"":""0.00"",""stale_trade_days"":0,""ts_code"":""002407.SZ""}",f88ef2614d63b826488237080fa49fb8564a3400e3c401ea9748bf83109382d4,docker-scheduler
3eb276a568da46d24ace,884b965361e28fd2ec51,2026-08-03T11:52:52.454715+00:00,model_top20,20260729,5,POSITION,20260729:300054.SZ,819f2e6ae83dbb9d3e6f59e49f5012806eb7896898ab0ff37bfd209471ab7572,300054.SZ,,300,,,,,300,"{""close"":""69.6"",""cost_basis"":""21870.78"",""market_value"":""20880.00"",""price_date"":""20260729"",""quantity"":300,""realized_pnl"":""0.00"",""stale_trade_days"":0,""ts_code"":""300054.SZ""}",8377359e73265b29eb5ec375e226a21d1ea4ff4a9c777fa99dd185b76734d340,docker-scheduler
173ccf5aaded167abf95,884b965361e28fd2ec51,2026-08-03T11:52:52.454715+00:00,model_top20,20260729,6,POSITION,20260729:300136.SZ,819f2e6ae83dbb9d3e6f59e49f5012806eb7896898ab0ff37bfd209471ab7572,300136.SZ,,300,,,,,300,"{""close"":""61.61"",""cost_basis"":""23275.21"",""market_value"":""18483.00"",""price_date"":""20260729"",""quantity"":300,""realized_pnl"":""0.00"",""stale_trade_days"":0,""ts_code"":""300136.SZ""}",6a2bb454e58b5832e12a282c07aad3aa6c46e1aefc390f2faacead8ff487e616,docker-scheduler
b110f3f39a05aa6d6844,884b965361e28fd2ec51,2026-08-03T11:52:52.454715+00:00,model_top20,20260729,7,POSITION,20260729:300346.SZ,819f2e6ae83dbb9d3e6f59e49f5012806eb7896898ab0ff37bfd209471ab7572,300346.SZ,,400,,,,,400,"{""close"":""51.31"",""cost_basis"":""24955.73"",""market_value"":""20524.00"",""price_date"":""20260729"",""quantity"":400,""realized_pnl"":""0.00"",""stale_trade_days"":0,""ts_code"":""300346.SZ""}",5be7897575c0ffbeb1b1f46a042bd92065c800e9350c26549d8d63911659f51b,docker-scheduler
b3d96975e9141cd7205e,884b965361e28fd2ec51,2026-08-03T11:52:52.454715+00:00,model_top20,20260729,8,POSITION,20260729:300373.SZ,819f2e6ae83dbb9d3e6f59e49f5012806eb7896898ab0ff37bfd209471ab7572,300373.SZ,,200,,,,,200,"{""close"":""87.6"",""cost_basis"":""20606.39"",""market_value"":""17520.00"",""price_date"":""20260729"",""quantity"":200,""realized_pnl"":""0.00"",""stale_trade_days"":0,""ts_code"":""300373.SZ""}",074a7788600fe541f941c49b2b44f2b703dd6ffc700a795233d131e504944095,docker-scheduler
64e612b597b77f49690a,884b965361e28fd2ec51,2026-08-03T11:52:52.454715+00:00,model_top20,20260729,9,POSITION,20260729:300475.SZ,819f2e6ae83dbb9d3e6f59e49f5012806eb7896898ab0ff37bfd209471ab7572,300475.SZ,,100,,,,,100,"{""close"":""145.5"",""cost_basis"":""20145.24"",""market_value"":""14550.00"",""price_date"":""20260729"",""quantity"":100,""realized_pnl"":""0.00"",""stale_trade_days"":0,""ts_code"":""300475.SZ""}",422663960ad5b9d9f9b65d58f5b369946252e935d5710d4d036406876550d4f4,docker-scheduler
4aef3a3cbba277489a15,884b965361e28fd2ec51,2026-08-03T11:52:52.454715+00:00,model_top20,20260729,10,POSITION,20260729:600460.SH,819f2e6ae83dbb9d3e6f59e49f5012806eb7896898ab0ff37bfd209471ab7572,600460.SH,,600,,,,,600,"{""close"":""29.9"",""cost_basis"":""21666.72"",""market_value"":""17940.00"",""price_date"":""20260729"",""quantity"":600,""realized_pnl"":""0.00"",""stale_trade_days"":0,""ts_code"":""600460.SH""}",4b4a473eca92aed7037343f8e5988a0876b4d6673a555cbe04b0421127ffe134,docker-scheduler
c8656e07455a31af12d3,884b965361e28fd2ec51,2026-08-03T11:52:52.454715+00:00,model_top20,20260729,11,POSITION,20260729:600707.SH,819f2e6ae83dbb9d3e6f59e49f5012806eb7896898ab0ff37bfd209471ab7572,600707.SH,,2500,,,,,2500,"{""close"":""8.29"",""cost_basis"":""24707.66"",""market_value"":""20725.00"",""price_date"":""20260729"",""quantity"":2500,""realized_pnl"":""0.00"",""stale_trade_days"":0,""ts_code"":""600707.SH""}",8f340e650fadc434456c7d6214bcabaefa24ecbd7c243d464d292ae9dd0f7a34,docker-scheduler
6fb9d6ac41609e35d062,884b965361e28fd2ec51,2026-08-03T11:52:52.454715+00:00,model_top20,20260729,12,POSITION,20260729:603308.SH,819f2e6ae83dbb9d3e6f59e49f5012806eb7896898ab0ff37bfd209471ab7572,603308.SH,,500,,,,,500,"{""close"":""43.9"",""cost_basis"":""24002.44"",""market_value"":""21950.00"",""price_date"":""20260729"",""quantity"":500,""realized_pnl"":""0.00"",""stale_trade_days"":0,""ts_code"":""603308.SH""}",b8fa418a2b1c78a0e8265ad46e5f952b194a91f0833a900d67bf2ce6617f1f42,docker-scheduler
546900d4a250658dfb4b,884b965361e28fd2ec51,2026-08-03T11:52:52.454715+00:00,model_top20,20260729,13,POSITION,20260729:603699.SH,819f2e6ae83dbb9d3e6f59e49f5012806eb7896898ab0ff37bfd209471ab7572,603699.SH,,600,,,,,600,"{""close"":""43.22"",""cost_basis"":""24757.68"",""market_value"":""25932.00"",""price_date"":""20260729"",""quantity"":600,""realized_pnl"":""0.00"",""stale_trade_days"":0,""ts_code"":""603699.SH""}",b6c9b47415856c274ce7d4902c923f29d6774b963108963c2db839b95d930e50,docker-scheduler
a7c07f3ddfeb512658f7,884b965361e28fd2ec51,2026-08-03T11:52:52.454715+00:00,model_top20,20260729,14,POSITION,20260729:605358.SH,819f2e6ae83dbb9d3e6f59e49f5012806eb7896898ab0ff37bfd209471ab7572,605358.SH,,500,,,,,500,"{""close"":""39.41"",""cost_basis"":""24882.71"",""market_value"":""19705.00"",""price_date"":""20260729"",""quantity"":500,""realized_pnl"":""0.00"",""stale_trade_days"":0,""ts_code"":""605358.SH""}",a44a5b9c0616dcf8c07359c475625adf08124a1973028f6289b4bbf294ae3d62,docker-scheduler
086b18c6729304f245f1,884b965361e28fd2ec51,2026-08-03T11:52:52.454715+00:00,model_top20,20260729,15,POSITION,20260729:688234.SH,819f2e6ae83dbb9d3e6f59e49f5012806eb7896898ab0ff37bfd209471ab7572,688234.SH,,207,,,,,207,"{""close"":""90.39"",""cost_basis"":""24889.11"",""market_value"":""18710.73"",""price_date"":""20260729"",""quantity"":207,""realized_pnl"":""0.00"",""stale_trade_days"":0,""ts_code"":""688234.SH""}",1963fcf2d26d175e938eaf356207e51b1199b2a832eb107eb844e9bd14f45eb0,docker-scheduler
603949b2ada80681d4bd,884b965361e28fd2ec51,2026-08-03T11:52:52.454715+00:00,model_top20,20260729,16,POSITION,20260729:688396.SH,819f2e6ae83dbb9d3e6f59e49f5012806eb7896898ab0ff37bfd209471ab7572,688396.SH,,385,,,,,385,"{""close"":""56.05"",""cost_basis"":""24990.39"",""market_value"":""21579.25"",""price_date"":""20260729"",""quantity"":385,""realized_pnl"":""0.00"",""stale_trade_days"":0,""ts_code"":""688396.SH""}",15c2ba4f0ca850b79a93e65c53a01ac95d22b41f1248f81355fa03d9540ff33a,docker-scheduler
e09fd715fbd25b49f8e7,884b965361e28fd2ec51,2026-08-03T11:52:52.454715+00:00,model_top20,20260729,17,POSITION,20260729:688469.SH,819f2e6ae83dbb9d3e6f59e49f5012806eb7896898ab0ff37bfd209471ab7572,688469.SH,,3401,,,,,3401,"{""close"":""7.71"",""cost_basis"":""25005.10"",""market_value"":""26221.71"",""price_date"":""20260729"",""quantity"":3401,""realized_pnl"":""0.00"",""stale_trade_days"":0,""ts_code"":""688469.SH""}",6b9b58984c64b6870f4ec1200d69229d2f9a09d92a4626185e286e609af7beb7,docker-scheduler
8742a25fc436e9c004e9,884b965361e28fd2ec51,2026-08-03T11:52:52.454715+00:00,model_top20,20260729,18,POSITION,20260729:688582.SH,819f2e6ae83dbb9d3e6f59e49f5012806eb7896898ab0ff37bfd209471ab7572,688582.SH,,570,,,,,570,"{""close"":""37.17"",""cost_basis"":""24973.74"",""market_value"":""21186.90"",""price_date"":""20260729"",""quantity"":570,""realized_pnl"":""0.00"",""stale_trade_days"":0,""ts_code"":""688582.SH""}",3292d5c58e73660e1a935e50c37cbdf00297d9ce6e36da6ef76dbfce8c74159e,docker-scheduler
8fedf3ced70b9a15fe03,884b965361e28fd2ec51,2026-08-03T11:52:52.454715+00:00,model_top20,20260729,19,CASH,20260729,819f2e6ae83dbb9d3e6f59e49f5012806eb7896898ab0ff37bfd209471ab7572,,,,,,,78843.07,,"{""cash"":""78843.07""}",3e30b4a29dd24fb4cfecb43e3b44f93274ad543e4da62b48008787e110946908,docker-scheduler
64beba81fc03334ce711,884b965361e28fd2ec51,2026-08-03T11:52:52.454715+00:00,model_top20,20260729,20,NAV,20260729,819f2e6ae83dbb9d3e6f59e49f5012806eb7896898ab0ff37bfd209471ab7572,,,,,,,78843.07,,"{""benchmark_nav"":""0.9774874290266633257072636952"",""cash"":""78843.07"",""cash_ratio"":""0.1768112229760601454092340932"",""cumulative_dividends"":""48.00"",""cumulative_fees"":""130.53"",""daily_fees"":""0.00"",""drawdown"":""-0.10816668"",""equation_difference"":""0.00"",""freshness_status"":""PASS"",""market_value"":""367073.59"",""net_asset"":""445916.66"",""net_excess"":""-0.0856541090266633257072636952"",""normalized_nav"":""0.89183332"",""positions"":[{""close"":""13.57"",""cost_basis"":""24185.49"",""market_value"":""18998.00"",""price_date"":""20260729"",""quantity"":1400,""realized_pnl"":""0.00"",""stale_trade_days"":0,""ts_code"":""000032.SZ""},{""close"":""91.0"",""cost_basis"":""21506.67"",""market_value"":""18200.00"",""price_date"":""20260729"",""quantity"":200,""realized_pnl"":""0.00"",""stale_trade_days"":0,""ts_code"":""002008.SZ""},{""close"":""43.15"",""cost_basis"":""22446.95"",""market_value"":""21575.00"",""price_date"":""20260729"",""quantity"":500,""realized_pnl"":""0.00"",""stale_trade_days"":0,""ts_code"":""002138.SZ""},{""close"":""31.99"",""cost_basis"":""22336.92"",""market_value"":""22393.00"",""price_date"":""20260729"",""quantity"":700,""realized_pnl"":""0.00"",""stale_trade_days"":0,""ts_code"":""002407.SZ""},{""close"":""69.6"",""cost_basis"":""21870.78"",""market_value"":""20880.00"",""price_date"":""20260729"",""quantity"":300,""realized_pnl"":""0.00"",""stale_trade_days"":0,""ts_code"":""300054.SZ""},{""close"":""61.61"",""cost_basis"":""23275.21"",""market_value"":""18483.00"",""price_date"":""20260729"",""quantity"":300,""realized_pnl"":""0.00"",""stale_trade_days"":0,""ts_code"":""300136.SZ""},{""close"":""51.31"",""cost_basis"":""24955.73"",""market_value"":""20524.00"",""price_date"":""20260729"",""quantity"":400,""realized_pnl"":""0.00"",""stale_trade_days"":0,""ts_code"":""300346.SZ""},{""close"":""87.6"",""cost_basis"":""20606.39"",""market_value"":""17520.00"",""price_date"":""20260729"",""quantity"":200,""realized_pnl"":""0.00"",""stale_trade_days"":0,""ts_code"":""300373.SZ""},{""close"":""145.5"",""cost_basis"":""20145.24"",""market_value"":""14550.00"",""price_date"":""20260729"",""quantity"":100,""realized_pnl"":""0.00"",""stale_trade_days"":0,""ts_code"":""300475.SZ""},{""close"":""29.9"",""cost_basis"":""21666.72"",""market_value"":""17940.00"",""price_date"":""20260729"",""quantity"":600,""realized_pnl"":""0.00"",""stale_trade_days"":0,""ts_code"":""600460.SH""},{""close"":""8.29"",""cost_basis"":""24707.66"",""market_value"":""20725.00"",""price_date"":""20260729"",""quantity"":2500,""realized_pnl"":""0.00"",""stale_trade_days"":0,""ts_code"":""600707.SH""},{""close"":""43.9"",""cost_basis"":""24002.44"",""market_value"":""21950.00"",""price_date"":""20260729"",""quantity"":500,""realized_pnl"":""0.00"",""stale_trade_days"":0,""ts_code"":""603308.SH""},{""close"":""43.22"",""cost_basis"":""24757.68"",""market_value"":""25932.00"",""price_date"":""20260729"",""quantity"":600,""realized_pnl"":""0.00"",""stale_trade_days"":0,""ts_code"":""603699.SH""},{""close"":""39.41"",""cost_basis"":""24882.71"",""market_value"":""19705.00"",""price_date"":""20260729"",""quantity"":500,""realized_pnl"":""0.00"",""stale_trade_days"":0,""ts_code"":""605358.SH""},{""close"":""90.39"",""cost_basis"":""24889.11"",""market_value"":""18710.73"",""price_date"":""20260729"",""quantity"":207,""realized_pnl"":""0.00"",""stale_trade_days"":0,""ts_code"":""688234.SH""},{""close"":""56.05"",""cost_basis"":""24990.39"",""market_value"":""21579.25"",""price_date"":""20260729"",""quantity"":385,""realized_pnl"":""0.00"",""stale_trade_days"":0,""ts_code"":""688396.SH""},{""close"":""7.71"",""cost_basis"":""25005.10"",""market_value"":""26221.71"",""price_date"":""20260729"",""quantity"":3401,""realized_pnl"":""0.00"",""stale_trade_days"":0,""ts_code"":""688469.SH""},{""close"":""37.17"",""cost_basis"":""24973.74"",""market_value"":""21186.90"",""price_date"":""20260729"",""quantity"":570,""realized_pnl"":""0.00"",""stale_trade_days"":0,""ts_code"":""688582.SH""}],""trade_date"":""20260729"",""turnover"":""0""}",7cc552eafe4dd41241a2c9dfa86bfc829677e11a0a5cdf71f349360d57515ae1,docker-scheduler
d94858ff8133928240a0,82ec8e23586631a416bb,2026-08-03T11:52:54.393733+00:00,model_top20,20260730,1,POSITION,20260730:000032.SZ,e1adae660da4608699aec7b96f4c2547275de53face71e13a7347501fbc6e88c,000032.SZ,,1400,,,,,1400,"{""close"":""12.31"",""cost_basis"":""24185.49"",""market_value"":""17234.00"",""price_date"":""20260730"",""quantity"":1400,""realized_pnl"":""0.00"",""stale_trade_days"":0,""ts_code"":""000032.SZ""}",92e4bf96ab8e224986b1883fa16da6318394d425bdae67716ecd808ae3331e3e,docker-scheduler
70df3b34a93d3b18b1e5,82ec8e23586631a416bb,2026-08-03T11:52:54.393733+00:00,model_top20,20260730,2,POSITION,20260730:002008.SZ,e1adae660da4608699aec7b96f4c2547275de53face71e13a7347501fbc6e88c,002008.SZ,,200,,,,,200,"{""close"":""81.9"",""cost_basis"":""21506.67"",""market_value"":""16380.00"",""price_date"":""20260730"",""quantity"":200,""realized_pnl"":""0.00"",""stale_trade_days"":0,""ts_code"":""002008.SZ""}",cd8d2d2bca48e9e169740d40f1c97889847a5af752391bb3caf5ded63b959efd,docker-scheduler
d46d4a43442a704c5aa8,82ec8e23586631a416bb,2026-08-03T11:52:54.393733+00:00,model_top20,20260730,3,POSITION,20260730:002138.SZ,e1adae660da4608699aec7b96f4c2547275de53face71e13a7347501fbc6e88c,002138.SZ,,500,,,,,500,"{""close"":""40.1"",""cost_basis"":""22446.95"",""market_value"":""20050.00"",""price_date"":""20260730"",""quantity"":500,""realized_pnl"":""0.00"",""stale_trade_days"":0,""ts_code"":""002138.SZ""}",b20a6183cc478bf86b62abf0403585b569e6ead104addccf29a61bd068c8f0ad,docker-scheduler
5a34c37aefed91d16dbf,82ec8e23586631a416bb,2026-08-03T11:52:54.393733+00:00,model_top20,20260730,4,POSITION,20260730:002407.SZ,e1adae660da4608699aec7b96f4c2547275de53face71e13a7347501fbc6e88c,002407.SZ,,700,,,,,700,"{""close"":""30.56"",""cost_basis"":""22336.92"",""market_value"":""21392.00"",""price_date"":""20260730"",""quantity"":700,""realized_pnl"":""0.00"",""stale_trade_days"":0,""ts_code"":""002407.SZ""}",51132d39eb2dbdcc36ca84fee961c6c29c2baf9e29845e26d48cb771edeb61f6,docker-scheduler
c08ae6da24262b75d822,82ec8e23586631a416bb,2026-08-03T11:52:54.393733+00:00,model_top20,20260730,5,POSITION,20260730:300054.SZ,e1adae660da4608699aec7b96f4c2547275de53face71e13a7347501fbc6e88c,300054.SZ,,300,,,,,300,"{""close"":""65.53"",""cost_basis"":""21870.78"",""market_value"":""19659.00"",""price_date"":""20260730"",""quantity"":300,""realized_pnl"":""0.00"",""stale_trade_days"":0,""ts_code"":""300054.SZ""}",0a258a0f4379b21db077609b6b0f9cfb48ea1e19cba930e53880091cdf13ea6b,docker-scheduler
e4ccecc31c8af6798fb3,82ec8e23586631a416bb,2026-08-03T11:52:54.393733+00:00,model_top20,20260730,6,POSITION,20260730:300136.SZ,e1adae660da4608699aec7b96f4c2547275de53face71e13a7347501fbc6e88c,300136.SZ,,300,,,,,300,"{""close"":""56.5"",""cost_basis"":""23275.21"",""market_value"":""16950.00"",""price_date"":""20260730"",""quantity"":300,""realized_pnl"":""0.00"",""stale_trade_days"":0,""ts_code"":""300136.SZ""}",1e4f12593adf5ca47549c21584232da3166f516fc02af031d618f237c3116ba6,docker-scheduler
9a896096abf1f31838f0,82ec8e23586631a416bb,2026-08-03T11:52:54.393733+00:00,model_top20,20260730,7,POSITION,20260730:300346.SZ,e1adae660da4608699aec7b96f4c2547275de53face71e13a7347501fbc6e88c,300346.SZ,,400,,,,,400,"{""close"":""47.61"",""cost_basis"":""24955.73"",""market_value"":""19044.00"",""price_date"":""20260730"",""quantity"":400,""realized_pnl"":""0.00"",""stale_trade_days"":0,""ts_code"":""300346.SZ""}",6b444ffc391edb023128b1b5e5945a53c257f7ebb68b7bb1969b459b48e4f527,docker-scheduler
8639c89383157d5eb6c6,82ec8e23586631a416bb,2026-08-03T11:52:54.393733+00:00,model_top20,20260730,8,POSITION,20260730:300373.SZ,e1adae660da4608699aec7b96f4c2547275de53face71e13a7347501fbc6e88c,300373.SZ,,200,,,,,200,"{""close"":""81.93"",""cost_basis"":""20606.39"",""market_value"":""16386.00"",""price_date"":""20260730"",""quantity"":200,""realized_pnl"":""0.00"",""stale_trade_days"":0,""ts_code"":""300373.SZ""}",568ba7626636a412c123f82b3ca834eead671b64d392b74b2646b4714a2b6b17,docker-scheduler
38b9893bd61c4ac7a39c,82ec8e23586631a416bb,2026-08-03T11:52:54.393733+00:00,model_top20,20260730,9,POSITION,20260730:300475.SZ,e1adae660da4608699aec7b96f4c2547275de53face71e13a7347501fbc6e88c,300475.SZ,,100,,,,,100,"{""close"":""140.83"",""cost_basis"":""20145.24"",""market_value"":""14083.00"",""price_date"":""20260730"",""quantity"":100,""realized_pnl"":""0.00"",""stale_trade_days"":0,""ts_code"":""300475.SZ""}",6e3f934cf4aeabc2b335907664d89eb4b775925392762448266d4f82f3f9e04a,docker-scheduler
57de8fbaf733763bc6b8,82ec8e23586631a416bb,2026-08-03T11:52:54.393733+00:00,model_top20,20260730,10,POSITION,20260730:600460.SH,e1adae660da4608699aec7b96f4c2547275de53face71e13a7347501fbc6e88c,600460.SH,,600,,,,,600,"{""close"":""27.77"",""cost_basis"":""21666.72"",""market_value"":""16662.00"",""price_date"":""20260730"",""quantity"":600,""realized_pnl"":""0.00"",""stale_trade_days"":0,""ts_code"":""600460.SH""}",eb19acd5237849577d0bd878502d16f9edab74caf33fa8263295e5fea94eccd7,docker-scheduler
1eedff658a8cb33df465,82ec8e23586631a416bb,2026-08-03T11:52:54.393733+00:00,model_top20,20260730,11,POSITION,20260730:600707.SH,e1adae660da4608699aec7b96f4c2547275de53face71e13a7347501fbc6e88c,600707.SH,,2500,,,,,2500,"{""close"":""7.73"",""cost_basis"":""24707.66"",""market_value"":""19325.00"",""price_date"":""20260730"",""quantity"":2500,""realized_pnl"":""0.00"",""stale_trade_days"":0,""ts_code"":""600707.SH""}",db7f5c0ed8023f135bab5a79db24264d5df4e8ae12545c6adb7b4b47dc42470f,docker-scheduler
ec6f13432a6e14a62211,82ec8e23586631a416bb,2026-08-03T11:52:54.393733+00:00,model_top20,20260730,12,POSITION,20260730:603308.SH,e1adae660da4608699aec7b96f4c2547275de53face71e13a7347501fbc6e88c,603308.SH,,500,,,,,500,"{""close"":""41.49"",""cost_basis"":""24002.44"",""market_value"":""20745.00"",""price_date"":""20260730"",""quantity"":500,""realized_pnl"":""0.00"",""stale_trade_days"":0,""ts_code"":""603308.SH""}",062d75e7f5d0a729a2f5afcc54165369f066be7ae80c16abbd18955d6568d0a2,docker-scheduler
da44d1bf6b5f02bd8aa2,82ec8e23586631a416bb,2026-08-03T11:52:54.393733+00:00,model_top20,20260730,13,POSITION,20260730:603699.SH,e1adae660da4608699aec7b96f4c2547275de53face71e13a7347501fbc6e88c,603699.SH,,600,,,,,600,"{""close"":""44.52"",""cost_basis"":""24757.68"",""market_value"":""26712.00"",""price_date"":""20260730"",""quantity"":600,""realized_pnl"":""0.00"",""stale_trade_days"":0,""ts_code"":""603699.SH""}",c687de70554c30fd2e417f7169606a0fe772d9bb718420c6cb064823dfb4b72a,docker-scheduler
2c6242503b525cfba3f3,82ec8e23586631a416bb,2026-08-03T11:52:54.393733+00:00,model_top20,20260730,14,POSITION,20260730:605358.SH,e1adae660da4608699aec7b96f4c2547275de53face71e13a7347501fbc6e88c,605358.SH,,500,,,,,500,"{""close"":""35.68"",""cost_basis"":""24882.71"",""market_value"":""17840.00"",""price_date"":""20260730"",""quantity"":500,""realized_pnl"":""0.00"",""stale_trade_days"":0,""ts_code"":""605358.SH""}",619f81f3488cc05f1b58e1b338f887a252be99c709e2002f8329540ed05d2828,docker-scheduler
f2ee769d3a1f51bad2cd,82ec8e23586631a416bb,2026-08-03T11:52:54.393733+00:00,model_top20,20260730,15,POSITION,20260730:688234.SH,e1adae660da4608699aec7b96f4c2547275de53face71e13a7347501fbc6e88c,688234.SH,,207,,,,,207,"{""close"":""81.35"",""cost_basis"":""24889.11"",""market_value"":""16839.45"",""price_date"":""20260730"",""quantity"":207,""realized_pnl"":""0.00"",""stale_trade_days"":0,""ts_code"":""688234.SH""}",d329d0164a36ae88689cb2c1c674fc1ed3a4104c3cf59c1aa427a8d06bd72af4,docker-scheduler
1a04288e16e101e0aff3,82ec8e23586631a416bb,2026-08-03T11:52:54.393733+00:00,model_top20,20260730,16,POSITION,20260730:688396.SH,e1adae660da4608699aec7b96f4c2547275de53face71e13a7347501fbc6e88c,688396.SH,,385,,,,,385,"{""close"":""53.79"",""cost_basis"":""24990.39"",""market_value"":""20709.15"",""price_date"":""20260730"",""quantity"":385,""realized_pnl"":""0.00"",""stale_trade_days"":0,""ts_code"":""688396.SH""}",3a2ed42a5dd0cfe5b21cdd3c6671a189dea1188b3a40c5b5c87f427aed4be6fb,docker-scheduler
c28401e8baab968ad06b,82ec8e23586631a416bb,2026-08-03T11:52:54.393733+00:00,model_top20,20260730,17,POSITION,20260730:688469.SH,e1adae660da4608699aec7b96f4c2547275de53face71e13a7347501fbc6e88c,688469.SH,,3401,,,,,3401,"{""close"":""7.73"",""cost_basis"":""25005.10"",""market_value"":""26289.73"",""price_date"":""20260730"",""quantity"":3401,""realized_pnl"":""0.00"",""stale_trade_days"":0,""ts_code"":""688469.SH""}",e50abae965e8ca75c28b639a7d57914c7ea3e32054ac10c7cbe844aa5d2f9484,docker-scheduler
fe186a5df0534d52b170,82ec8e23586631a416bb,2026-08-03T11:52:54.393733+00:00,model_top20,20260730,18,POSITION,20260730:688582.SH,e1adae660da4608699aec7b96f4c2547275de53face71e13a7347501fbc6e88c,688582.SH,,570,,,,,570,"{""close"":""35.3"",""cost_basis"":""24973.74"",""market_value"":""20121.00"",""price_date"":""20260730"",""quantity"":570,""realized_pnl"":""0.00"",""stale_trade_days"":0,""ts_code"":""688582.SH""}",37dfa357014889e5c052d4a5f0db1e490f2e72dfa1e5242ae0aebd2cc2eb581b,docker-scheduler
750d7369478f4dee875d,82ec8e23586631a416bb,2026-08-03T11:52:54.393733+00:00,model_top20,20260730,19,CASH,20260730,e1adae660da4608699aec7b96f4c2547275de53face71e13a7347501fbc6e88c,,,,,,,78843.07,,"{""cash"":""78843.07""}",3e30b4a29dd24fb4cfecb43e3b44f93274ad543e4da62b48008787e110946908,docker-scheduler
d67c6fb12e0276c734ef,82ec8e23586631a416bb,2026-08-03T11:52:54.393733+00:00,model_top20,20260730,20,NAV,20260730,e1adae660da4608699aec7b96f4c2547275de53face71e13a7347501fbc6e88c,,,,,,,78843.07,,"{""benchmark_nav"":""0.9621948507961737884861304550"",""cash"":""78843.07"",""cash_ratio"":""0.1853977666599884683505132336"",""cumulative_dividends"":""48.00"",""cumulative_fees"":""130.53"",""daily_fees"":""0.00"",""drawdown"":""-0.1494712"",""equation_difference"":""0.00"",""freshness_status"":""PASS"",""market_value"":""346421.33"",""net_asset"":""425264.40"",""net_excess"":""-0.1116660507961737884861304550"",""normalized_nav"":""0.8505288"",""positions"":[{""close"":""12.31"",""cost_basis"":""24185.49"",""market_value"":""17234.00"",""price_date"":""20260730"",""quantity"":1400,""realized_pnl"":""0.00"",""stale_trade_days"":0,""ts_code"":""000032.SZ""},{""close"":""81.9"",""cost_basis"":""21506.67"",""market_value"":""16380.00"",""price_date"":""20260730"",""quantity"":200,""realized_pnl"":""0.00"",""stale_trade_days"":0,""ts_code"":""002008.SZ""},{""close"":""40.1"",""cost_basis"":""22446.95"",""market_value"":""20050.00"",""price_date"":""20260730"",""quantity"":500,""realized_pnl"":""0.00"",""stale_trade_days"":0,""ts_code"":""002138.SZ""},{""close"":""30.56"",""cost_basis"":""22336.92"",""market_value"":""21392.00"",""price_date"":""20260730"",""quantity"":700,""realized_pnl"":""0.00"",""stale_trade_days"":0,""ts_code"":""002407.SZ""},{""close"":""65.53"",""cost_basis"":""21870.78"",""market_value"":""19659.00"",""price_date"":""20260730"",""quantity"":300,""realized_pnl"":""0.00"",""stale_trade_days"":0,""ts_code"":""300054.SZ""},{""close"":""56.5"",""cost_basis"":""23275.21"",""market_value"":""16950.00"",""price_date"":""20260730"",""quantity"":300,""realized_pnl"":""0.00"",""stale_trade_days"":0,""ts_code"":""300136.SZ""},{""close"":""47.61"",""cost_basis"":""24955.73"",""market_value"":""19044.00"",""price_date"":""20260730"",""quantity"":400,""realized_pnl"":""0.00"",""stale_trade_days"":0,""ts_code"":""300346.SZ""},{""close"":""81.93"",""cost_basis"":""20606.39"",""market_value"":""16386.00"",""price_date"":""20260730"",""quantity"":200,""realized_pnl"":""0.00"",""stale_trade_days"":0,""ts_code"":""300373.SZ""},{""close"":""140.83"",""cost_basis"":""20145.24"",""market_value"":""14083.00"",""price_date"":""20260730"",""quantity"":100,""realized_pnl"":""0.00"",""stale_trade_days"":0,""ts_code"":""300475.SZ""},{""close"":""27.77"",""cost_basis"":""21666.72"",""market_value"":""16662.00"",""price_date"":""20260730"",""quantity"":600,""realized_pnl"":""0.00"",""stale_trade_days"":0,""ts_code"":""600460.SH""},{""close"":""7.73"",""cost_basis"":""24707.66"",""market_value"":""19325.00"",""price_date"":""20260730"",""quantity"":2500,""realized_pnl"":""0.00"",""stale_trade_days"":0,""ts_code"":""600707.SH""},{""close"":""41.49"",""cost_basis"":""24002.44"",""market_value"":""20745.00"",""price_date"":""20260730"",""quantity"":500,""realized_pnl"":""0.00"",""stale_trade_days"":0,""ts_code"":""603308.SH""},{""close"":""44.52"",""cost_basis"":""24757.68"",""market_value"":""26712.00"",""price_date"":""20260730"",""quantity"":600,""realized_pnl"":""0.00"",""stale_trade_days"":0,""ts_code"":""603699.SH""},{""close"":""35.68"",""cost_basis"":""24882.71"",""market_value"":""17840.00"",""price_date"":""20260730"",""quantity"":500,""realized_pnl"":""0.00"",""stale_trade_days"":0,""ts_code"":""605358.SH""},{""close"":""81.35"",""cost_basis"":""24889.11"",""market_value"":""16839.45"",""price_date"":""20260730"",""quantity"":207,""realized_pnl"":""0.00"",""stale_trade_days"":0,""ts_code"":""688234.SH""},{""close"":""53.79"",""cost_basis"":""24990.39"",""market_value"":""20709.15"",""price_date"":""20260730"",""quantity"":385,""realized_pnl"":""0.00"",""stale_trade_days"":0,""ts_code"":""688396.SH""},{""close"":""7.73"",""cost_basis"":""25005.10"",""market_value"":""26289.73"",""price_date"":""20260730"",""quantity"":3401,""realized_pnl"":""0.00"",""stale_trade_days"":0,""ts_code"":""688469.SH""},{""close"":""35.3"",""cost_basis"":""24973.74"",""market_value"":""20121.00"",""price_date"":""20260730"",""quantity"":570,""realized_pnl"":""0.00"",""stale_trade_days"":0,""ts_code"":""688582.SH""}],""trade_date"":""20260730"",""turnover"":""0""}",9272ab1de4ade3dccf31391cf07c4edf2ef5fd0c89a86f64044d3582629e0005,docker-scheduler
81d9ab7a8ff67f9aef18,8a6c1f87e16f1630eb27,2026-08-03T11:52:57.216922+00:00,model_top20,20260731,1,ORDER,0e0596eafc89ffd72a88,d68cc8f0aeae715f014408aa69b4fd353c87a87df73e75fab8d9ffbcfb316d69,002008.SZ,SELL,200,,,,,,"{""desired_quantity"":0,""filled_quantity"":200,""order_id"":""0e0596eafc89ffd72a88"",""reject_reason"":"""",""requested_quantity"":200,""side"":""SELL"",""status"":""FILLED"",""target_weight"":""0"",""ts_code"":""002008.SZ""}",74890ad5a6124492ed5e8505fc0d6c5715be5189ba578a321d78af857383ec47,docker-scheduler
69990424e2366f82bea6,8a6c1f87e16f1630eb27,2026-08-03T11:52:57.216922+00:00,model_top20,20260731,2,FILL,c4bab8483d068f9979f2,d68cc8f0aeae715f014408aa69b4fd353c87a87df73e75fab8d9ffbcfb316d69,002008.SZ,SELL,200,89.0,17800.00,14.42,96628.65,0,"{""cash_after"":""96628.65"",""commission"":""5.34"",""fill_id"":""c4bab8483d068f9979f2"",""market_batch_id"":""2e2a37710341"",""notional"":""17800.00"",""open_deviation"":0.08669108669108669,""order_id"":""0e0596eafc89ffd72a88"",""position_after"":0,""price"":""89.0"",""quantity"":200,""side"":""SELL"",""stamp_tax"":""8.90"",""total_fee"":""14.42"",""transfer_fee"":""0.18"",""ts_code"":""002008.SZ""}",5484f970338ef7212e6e539c02afb3f7fbb04870946d58a336055946c5037a1d,docker-scheduler
4479c7a9e88940acba27,8a6c1f87e16f1630eb27,2026-08-03T11:52:57.216922+00:00,model_top20,20260731,3,ORDER,44df13a3bfc39e91d26d,d68cc8f0aeae715f014408aa69b4fd353c87a87df73e75fab8d9ffbcfb316d69,002138.SZ,SELL,500,,,,,,"{""desired_quantity"":0,""filled_quantity"":500,""order_id"":""44df13a3bfc39e91d26d"",""reject_reason"":"""",""requested_quantity"":500,""side"":""SELL"",""status"":""FILLED"",""target_weight"":""0"",""ts_code"":""002138.SZ""}",e77a4ae412380be96d495b0fad018e78eb565c9724b9a5b1a0cfc3ce88c281a1,docker-scheduler
9f1af2930f59fa5a42a9,8a6c1f87e16f1630eb27,2026-08-03T11:52:57.216922+00:00,model_top20,20260731,4,FILL,bd823a6a9bdc2464c03d,d68cc8f0aeae715f014408aa69b4fd353c87a87df73e75fab8d9ffbcfb316d69,002138.SZ,SELL,500,43.0,21500.00,17.42,118111.23,0,"{""cash_after"":""118111.23"",""commission"":""6.45"",""fill_id"":""bd823a6a9bdc2464c03d"",""market_batch_id"":""2e2a37710341"",""notional"":""21500.00"",""open_deviation"":0.07231920199501247,""order_id"":""44df13a3bfc39e91d26d"",""position_after"":0,""price"":""43.0"",""quantity"":500,""side"":""SELL"",""stamp_tax"":""10.75"",""total_fee"":""17.42"",""transfer_fee"":""0.22"",""ts_code"":""002138.SZ""}",fb7fbc53eb89340f7d283f272e2029713fbbcf98b2f7c237f6f7e34a4892d561,docker-scheduler
ebc8bda7abfc4fa1e7b7,8a6c1f87e16f1630eb27,2026-08-03T11:52:57.216922+00:00,model_top20,20260731,5,ORDER,0eb7fae53afe4de8288f,d68cc8f0aeae715f014408aa69b4fd353c87a87df73e75fab8d9ffbcfb316d69,002407.SZ,SELL,700,,,,,,"{""desired_quantity"":0,""filled_quantity"":700,""order_id"":""0eb7fae53afe4de8288f"",""reject_reason"":"""",""requested_quantity"":700,""side"":""SELL"",""status"":""FILLED"",""target_weight"":""0"",""ts_code"":""002407.SZ""}",78be6612c8e21c8b1a0c1e0e4440f774be62f7cccb5bb777cf99dfc53a079fa9,docker-scheduler
534dad43ef5af576290c,8a6c1f87e16f1630eb27,2026-08-03T11:52:57.216922+00:00,model_top20,20260731,6,FILL,779d14f1c58ee29aca35,d68cc8f0aeae715f014408aa69b4fd353c87a87df73e75fab8d9ffbcfb316d69,002407.SZ,SELL,700,31.8,22260.00,18.03,140353.20,0,"{""cash_after"":""140353.20"",""commission"":""6.68"",""fill_id"":""779d14f1c58ee29aca35"",""market_batch_id"":""2e2a37710341"",""notional"":""22260.00"",""open_deviation"":0.04057591623036649,""order_id"":""0eb7fae53afe4de8288f"",""position_after"":0,""price"":""31.8"",""quantity"":700,""side"":""SELL"",""stamp_tax"":""11.13"",""total_fee"":""18.03"",""transfer_fee"":""0.22"",""ts_code"":""002407.SZ""}",9e74fd75caaebfd6f0f5e530e4261c165bf711a05d6f4059bdf73cd2203a1fdc,docker-scheduler
c03d50c514fb313e448e,8a6c1f87e16f1630eb27,2026-08-03T11:52:57.216922+00:00,model_top20,20260731,7,ORDER,b5dbd1a73d7b65b1e458,d68cc8f0aeae715f014408aa69b4fd353c87a87df73e75fab8d9ffbcfb316d69,300054.SZ,SELL,300,,,,,,"{""desired_quantity"":0,""filled_quantity"":300,""order_id"":""b5dbd1a73d7b65b1e458"",""reject_reason"":"""",""requested_quantity"":300,""side"":""SELL"",""status"":""FILLED"",""target_weight"":""0"",""ts_code"":""300054.SZ""}",22c1477c15c152fa27ffed502911fb0e0427ff76b46bd5d5b480175448e36cf6,docker-scheduler
6f1813c8bfb28d4cbc5f,8a6c1f87e16f1630eb27,2026-08-03T11:52:57.216922+00:00,model_top20,20260731,8,FILL,41aa64cb3e9c21fd5b40,d68cc8f0aeae715f014408aa69b4fd353c87a87df73e75fab8d9ffbcfb316d69,300054.SZ,SELL,300,70.98,21294.00,17.25,161629.95,0,"{""cash_after"":""161629.95"",""commission"":""6.39"",""fill_id"":""41aa64cb3e9c21fd5b40"",""market_batch_id"":""2e2a37710341"",""notional"":""21294.00"",""open_deviation"":0.08316801464977873,""order_id"":""b5dbd1a73d7b65b1e458"",""position_after"":0,""price"":""70.98"",""quantity"":300,""side"":""SELL"",""stamp_tax"":""10.65"",""total_fee"":""17.25"",""transfer_fee"":""0.21"",""ts_code"":""300054.SZ""}",e0641acf7c6b17ac5faed126aec919b36a3037cd0a7350ed4fbbcbcadf2d1c90,docker-scheduler
0d25c9f37c157751eab1,8a6c1f87e16f1630eb27,2026-08-03T11:52:57.216922+00:00,model_top20,20260731,9,ORDER,0206b0cf9e36dd958c99,d68cc8f0aeae715f014408aa69b4fd353c87a87df73e75fab8d9ffbcfb316d69,300346.SZ,SELL,400,,,,,,"{""desired_quantity"":0,""filled_quantity"":400,""order_id"":""0206b0cf9e36dd958c99"",""reject_reason"":"""",""requested_quantity"":400,""side"":""SELL"",""status"":""FILLED"",""target_weight"":""0"",""ts_code"":""300346.SZ""}",9a4702d85169ca112cb581fc0b3783f9eaf14b4afc997df92fad19cf7092b286,docker-scheduler
7d74bb13ddfaf74eba07,8a6c1f87e16f1630eb27,2026-08-03T11:52:57.216922+00:00,model_top20,20260731,10,FILL,a5f9a2d3dfccfe3413a7,d68cc8f0aeae715f014408aa69b4fd353c87a87df73e75fab8d9ffbcfb316d69,300346.SZ,SELL,400,51.51,20604.00,16.69,182217.26,0,"{""cash_after"":""182217.26"",""commission"":""6.18"",""fill_id"":""a5f9a2d3dfccfe3413a7"",""market_batch_id"":""2e2a37710341"",""notional"":""20604.00"",""open_deviation"":0.08191556395715185,""order_id"":""0206b0cf9e36dd958c99"",""position_after"":0,""price"":""51.51"",""quantity"":400,""side"":""SELL"",""stamp_tax"":""10.30"",""total_fee"":""16.69"",""transfer_fee"":""0.21"",""ts_code"":""300346.SZ""}",0e0729b77a5b96a77c0aaddfd388a610c2e0a2a173a7b4a629cf28f3a299c4ba,docker-scheduler
1542130bf6d5dd80b296,8a6c1f87e16f1630eb27,2026-08-03T11:52:57.216922+00:00,model_top20,20260731,11,ORDER,161a09fcc2d0438dacf5,d68cc8f0aeae715f014408aa69b4fd353c87a87df73e75fab8d9ffbcfb316d69,300373.SZ,SELL,200,,,,,,"{""desired_quantity"":0,""filled_quantity"":200,""order_id"":""161a09fcc2d0438dacf5"",""reject_reason"":"""",""requested_quantity"":200,""side"":""SELL"",""status"":""FILLED"",""target_weight"":""0"",""ts_code"":""300373.SZ""}",1c6cf87652eb9132650ac324ea3c9fe67c99c637792b3a620afbd1eaacb050b2,docker-scheduler
7b058a57ee95d1035689,8a6c1f87e16f1630eb27,2026-08-03T11:52:57.216922+00:00,model_top20,20260731,12,FILL,188a87aac191d339496b,d68cc8f0aeae715f014408aa69b4fd353c87a87df73e75fab8d9ffbcfb316d69,300373.SZ,SELL,200,89.0,17800.00,14.42,200002.84,0,"{""cash_after"":""200002.84"",""commission"":""5.34"",""fill_id"":""188a87aac191d339496b"",""market_batch_id"":""2e2a37710341"",""notional"":""17800.00"",""open_deviation"":0.08629317710240449,""order_id"":""161a09fcc2d0438dacf5"",""position_after"":0,""price"":""89.0"",""quantity"":200,""side"":""SELL"",""stamp_tax"":""8.90"",""total_fee"":""14.42"",""transfer_fee"":""0.18"",""ts_code"":""300373.SZ""}",c00ebfb76a0ee28ab7c69ee5e53e4eb6d14f9b98ec239724d62cb98b622b4d15,docker-scheduler
c8ccc1ff93789f32bf3f,8a6c1f87e16f1630eb27,2026-08-03T11:52:57.216922+00:00,model_top20,20260731,13,ORDER,83f2b0cc2ec7de05e702,d68cc8f0aeae715f014408aa69b4fd353c87a87df73e75fab8d9ffbcfb316d69,300475.SZ,SELL,100,,,,,,"{""desired_quantity"":0,""filled_quantity"":100,""order_id"":""83f2b0cc2ec7de05e702"",""reject_reason"":"""",""requested_quantity"":100,""side"":""SELL"",""status"":""FILLED"",""target_weight"":""0"",""ts_code"":""300475.SZ""}",36eb5db63baa832133066fc31e2f3c2f83ebe62098014f0785a587234a0a0a46,docker-scheduler
ae63c04de153db0fbc7d,8a6c1f87e16f1630eb27,2026-08-03T11:52:57.216922+00:00,model_top20,20260731,14,FILL,2997c70c1b1b4c250b02,d68cc8f0aeae715f014408aa69b4fd353c87a87df73e75fab8d9ffbcfb316d69,300475.SZ,SELL,100,158.0,15800.00,13.06,215789.78,0,"{""cash_after"":""215789.78"",""commission"":""5.00"",""fill_id"":""2997c70c1b1b4c250b02"",""market_batch_id"":""2e2a37710341"",""notional"":""15800.00"",""open_deviation"":0.1219200454448626,""order_id"":""83f2b0cc2ec7de05e702"",""position_after"":0,""price"":""158.0"",""quantity"":100,""side"":""SELL"",""stamp_tax"":""7.90"",""total_fee"":""13.06"",""transfer_fee"":""0.16"",""ts_code"":""300475.SZ""}",11fd2d2a720df954accd6441da3148a21cdc156de63ffed40cc565da6ef9a3ad,docker-scheduler
5ff1b4150ce0ad280565,8a6c1f87e16f1630eb27,2026-08-03T11:52:57.216922+00:00,model_top20,20260731,15,ORDER,0eddeac5e5a5fd880699,d68cc8f0aeae715f014408aa69b4fd353c87a87df73e75fab8d9ffbcfb316d69,600460.SH,SELL,600,,,,,,"{""desired_quantity"":0,""filled_quantity"":600,""order_id"":""0eddeac5e5a5fd880699"",""reject_reason"":"""",""requested_quantity"":600,""side"":""SELL"",""status"":""FILLED"",""target_weight"":""0"",""ts_code"":""600460.SH""}",cca60de406363d0a6f045da8867f924403778e4d0b4e97306a2c67db6353d07d,docker-scheduler
1d22252ead218f149d41,8a6c1f87e16f1630eb27,2026-08-03T11:52:57.216922+00:00,model_top20,20260731,16,FILL,e84d56ec972dbb9a3c0a,d68cc8f0aeae715f014408aa69b4fd353c87a87df73e75fab8d9ffbcfb316d69,600460.SH,SELL,600,29.6,17760.00,14.39,233535.39,0,"{""cash_after"":""233535.39"",""commission"":""5.33"",""fill_id"":""e84d56ec972dbb9a3c0a"",""market_batch_id"":""2e2a37710341"",""notional"":""17760.00"",""open_deviation"":0.0658984515664386,""order_id"":""0eddeac5e5a5fd880699"",""position_after"":0,""price"":""29.6"",""quantity"":600,""side"":""SELL"",""stamp_tax"":""8.88"",""total_fee"":""14.39"",""transfer_fee"":""0.18"",""ts_code"":""600460.SH""}",ee96920f529dd7d71f20431c6894ebe49ea7d901327a3bc4b792fefe22a23475,docker-scheduler
a4656076cd160cc718be,8a6c1f87e16f1630eb27,2026-08-03T11:52:57.216922+00:00,model_top20,20260731,17,ORDER,c4430a77bf0846c217d1,d68cc8f0aeae715f014408aa69b4fd353c87a87df73e75fab8d9ffbcfb316d69,600707.SH,SELL,2500,,,,,,"{""desired_quantity"":0,""filled_quantity"":2500,""order_id"":""c4430a77bf0846c217d1"",""reject_reason"":"""",""requested_quantity"":2500,""side"":""SELL"",""status"":""FILLED"",""target_weight"":""0"",""ts_code"":""600707.SH""}",b160e9db00641ff9cdbe07d160dcd3ec73ec7ef2244f5aba1c27c6961f7fbd90,docker-scheduler
e601df649b69191f9cd4,8a6c1f87e16f1630eb27,2026-08-03T11:52:57.216922+00:00,model_top20,20260731,18,FILL,a01f5accc0a7bb0a9c07,d68cc8f0aeae715f014408aa69b4fd353c87a87df73e75fab8d9ffbcfb316d69,600707.SH,SELL,2500,8.18,20450.00,16.57,253968.82,0,"{""cash_after"":""253968.82"",""commission"":""6.14"",""fill_id"":""a01f5accc0a7bb0a9c07"",""market_batch_id"":""2e2a37710341"",""notional"":""20450.00"",""open_deviation"":0.05821474773609314,""order_id"":""c4430a77bf0846c217d1"",""position_after"":0,""price"":""8.18"",""quantity"":2500,""side"":""SELL"",""stamp_tax"":""10.23"",""total_fee"":""16.57"",""transfer_fee"":""0.20"",""ts_code"":""600707.SH""}",20a52338bc53913e5428dd6c7abe412c5d751461ebb7cd3fadab34fd88d0035f,docker-scheduler
56d36c7afd8418cd2ae4,8a6c1f87e16f1630eb27,2026-08-03T11:52:57.216922+00:00,model_top20,20260731,19,ORDER,7e76faf3ced21e6b1935,d68cc8f0aeae715f014408aa69b4fd353c87a87df73e75fab8d9ffbcfb316d69,603699.SH,SELL,600,,,,,,"{""desired_quantity"":0,""filled_quantity"":600,""order_id"":""7e76faf3ced21e6b1935"",""reject_reason"":"""",""requested_quantity"":600,""side"":""SELL"",""status"":""FILLED"",""target_weight"":""0"",""ts_code"":""603699.SH""}",a5eb08b902342af8c832c6123f475d417ee087ab77789c81c44343235eed238f,docker-scheduler
17642023a75553758341,8a6c1f87e16f1630eb27,2026-08-03T11:52:57.216922+00:00,model_top20,20260731,20,FILL,92077e76e77d7a685ee2,d68cc8f0aeae715f014408aa69b4fd353c87a87df73e75fab8d9ffbcfb316d69,603699.SH,SELL,600,45.41,27246.00,22.06,281192.76,0,"{""cash_after"":""281192.76"",""commission"":""8.17"",""fill_id"":""92077e76e77d7a685ee2"",""market_batch_id"":""2e2a37710341"",""notional"":""27246.00"",""open_deviation"":0.019991015274034143,""order_id"":""7e76faf3ced21e6b1935"",""position_after"":0,""price"":""45.41"",""quantity"":600,""side"":""SELL"",""stamp_tax"":""13.62"",""total_fee"":""22.06"",""transfer_fee"":""0.27"",""ts_code"":""603699.SH""}",b5db59ca9ade4a701253a3415153a96a49cea32c4760834415e70cbadef0dc60,docker-scheduler
299a981f5666360d5d5d,8a6c1f87e16f1630eb27,2026-08-03T11:52:57.216922+00:00,model_top20,20260731,21,ORDER,1188bc4ae425013bb101,d68cc8f0aeae715f014408aa69b4fd353c87a87df73e75fab8d9ffbcfb316d69,605358.SH,SELL,500,,,,,,"{""desired_quantity"":0,""filled_quantity"":500,""order_id"":""1188bc4ae425013bb101"",""reject_reason"":"""",""requested_quantity"":500,""side"":""SELL"",""status"":""FILLED"",""target_weight"":""0"",""ts_code"":""605358.SH""}",7525fbe07d33591fb33d4f0eb1912859d8313255831fda9e4639ad61f8f96177,docker-scheduler
47cae65bacb419c69fac,8a6c1f87e16f1630eb27,2026-08-03T11:52:57.216922+00:00,model_top20,20260731,22,FILL,c9fa0ed1f855c7ed2ee4,d68cc8f0aeae715f014408aa69b4fd353c87a87df73e75fab8d9ffbcfb316d69,605358.SH,SELL,500,38.32,19160.00,15.52,300337.24,0,"{""cash_after"":""300337.24"",""commission"":""5.75"",""fill_id"":""c9fa0ed1f855c7ed2ee4"",""market_batch_id"":""2e2a37710341"",""notional"":""19160.00"",""open_deviation"":0.07399103139013453,""order_id"":""1188bc4ae425013bb101"",""position_after"":0,""price"":""38.32"",""quantity"":500,""side"":""SELL"",""stamp_tax"":""9.58"",""total_fee"":""15.52"",""transfer_fee"":""0.19"",""ts_code"":""605358.SH""}",95d9d9c23d047b763c5f10772d9bea46821a1045e852a7328daa818c9ed876d7,docker-scheduler
90b1d40664eb2275418d,8a6c1f87e16f1630eb27,2026-08-03T11:52:57.216922+00:00,model_top20,20260731,23,ORDER,2f4ceca921dbe16b982d,d68cc8f0aeae715f014408aa69b4fd353c87a87df73e75fab8d9ffbcfb316d69,688234.SH,SELL,207,,,,,,"{""desired_quantity"":0,""filled_quantity"":207,""order_id"":""2f4ceca921dbe16b982d"",""reject_reason"":"""",""requested_quantity"":207,""side"":""SELL"",""status"":""FILLED"",""target_weight"":""0"",""ts_code"":""688234.SH""}",87db2a9183eab87a80c0659f35c7dea5f9a30d5100486474953d6f4361eb3af6,docker-scheduler
bcb08746a9daf7d35ba3,8a6c1f87e16f1630eb27,2026-08-03T11:52:57.216922+00:00,model_top20,20260731,24,FILL,e9767e94a27e62f861b8,d68cc8f0aeae715f014408aa69b4fd353c87a87df73e75fab8d9ffbcfb316d69,688234.SH,SELL,207,90.0,18630.00,15.10,318952.14,0,"{""cash_after"":""318952.14"",""commission"":""5.59"",""fill_id"":""e9767e94a27e62f861b8"",""market_batch_id"":""2e2a37710341"",""notional"":""18630.00"",""open_deviation"":0.10633066994468347,""order_id"":""2f4ceca921dbe16b982d"",""position_after"":0,""price"":""90.0"",""quantity"":207,""side"":""SELL"",""stamp_tax"":""9.32"",""total_fee"":""15.10"",""transfer_fee"":""0.19"",""ts_code"":""688234.SH""}",4808c46053e91b1fa1f479a0e1449e7c67972585630a17e9572cdd73134a4d37,docker-scheduler
549c5e7f5ee0022f2d4e,8a6c1f87e16f1630eb27,2026-08-03T11:52:57.216922+00:00,model_top20,20260731,25,ORDER,6dc57d3144fa8849f66b,d68cc8f0aeae715f014408aa69b4fd353c87a87df73e75fab8d9ffbcfb316d69,688396.SH,SELL,385,,,,,,"{""desired_quantity"":0,""filled_quantity"":385,""order_id"":""6dc57d3144fa8849f66b"",""reject_reason"":"""",""requested_quantity"":385,""side"":""SELL"",""status"":""FILLED"",""target_weight"":""0"",""ts_code"":""688396.SH""}",2d0368a5a966faae0b2212edee0955ee5ab09984804a1915cbabed45dfb89110,docker-scheduler
6efe5c1ccaa66d5d1681,8a6c1f87e16f1630eb27,2026-08-03T11:52:57.216922+00:00,model_top20,20260731,26,FILL,5f3cbd304f350913814d,d68cc8f0aeae715f014408aa69b4fd353c87a87df73e75fab8d9ffbcfb316d69,688396.SH,SELL,385,57.99,22326.15,18.08,341260.21,0,"{""cash_after"":""341260.21"",""commission"":""6.70"",""fill_id"":""5f3cbd304f350913814d"",""market_batch_id"":""2e2a37710341"",""notional"":""22326.15"",""open_deviation"":0.0780814277746793,""order_id"":""6dc57d3144fa8849f66b"",""position_after"":0,""price"":""57.99"",""quantity"":385,""side"":""SELL"",""stamp_tax"":""11.16"",""total_fee"":""18.08"",""transfer_fee"":""0.22"",""ts_code"":""688396.SH""}",e3a0bde1cb7195a066f45318bdf919309c92057265155765f4bcaefdfff5a7b1,docker-scheduler
612ca93bafcd4f6f3090,8a6c1f87e16f1630eb27,2026-08-03T11:52:57.216922+00:00,model_top20,20260731,27,ORDER,a5c05650a3042c4aed5d,d68cc8f0aeae715f014408aa69b4fd353c87a87df73e75fab8d9ffbcfb316d69,688469.SH,SELL,3401,,,,,,"{""desired_quantity"":0,""filled_quantity"":3401,""order_id"":""a5c05650a3042c4aed5d"",""reject_reason"":"""",""requested_quantity"":3401,""side"":""SELL"",""status"":""FILLED"",""target_weight"":""0"",""ts_code"":""688469.SH""}",ad187ab76547e299a4b1c810d0ab20a6dd34445eadd4d25c815751a210cf50ba,docker-scheduler
eaa53f006793c22338d0,8a6c1f87e16f1630eb27,2026-08-03T11:52:57.216922+00:00,model_top20,20260731,28,FILL,e228c6e0eb580e92d025,d68cc8f0aeae715f014408aa69b4fd353c87a87df73e75fab8d9ffbcfb316d69,688469.SH,SELL,3401,8.14,27684.14,22.43,368921.92,0,"{""cash_after"":""368921.92"",""commission"":""8.31"",""fill_id"":""e228c6e0eb580e92d025"",""market_batch_id"":""2e2a37710341"",""notional"":""27684.14"",""open_deviation"":0.05304010349288486,""order_id"":""a5c05650a3042c4aed5d"",""position_after"":0,""price"":""8.14"",""quantity"":3401,""side"":""SELL"",""stamp_tax"":""13.84"",""total_fee"":""22.43"",""transfer_fee"":""0.28"",""ts_code"":""688469.SH""}",e3d942bc4145be23e87958c272599e1392799ecae52dd1cb09f6a245fd3cb3c5,docker-scheduler
032852ac71dbee7c90ab,8a6c1f87e16f1630eb27,2026-08-03T11:52:57.216922+00:00,model_top20,20260731,29,ORDER,3f383e9234b452fd7bec,d68cc8f0aeae715f014408aa69b4fd353c87a87df73e75fab8d9ffbcfb316d69,688582.SH,SELL,570,,,,,,"{""desired_quantity"":0,""filled_quantity"":570,""order_id"":""3f383e9234b452fd7bec"",""reject_reason"":"""",""requested_quantity"":570,""side"":""SELL"",""status"":""FILLED"",""target_weight"":""0"",""ts_code"":""688582.SH""}",05db5dee3014a3d0b21dfa7a437f18b5dff18379d860b3a87e2f22ba7029af92,docker-scheduler
e1103abbe63671eb9047,8a6c1f87e16f1630eb27,2026-08-03T11:52:57.216922+00:00,model_top20,20260731,30,FILL,265998db0283c182115f,d68cc8f0aeae715f014408aa69b4fd353c87a87df73e75fab8d9ffbcfb316d69,688582.SH,SELL,570,36.71,20924.70,16.95,389829.67,0,"{""cash_after"":""389829.67"",""commission"":""6.28"",""fill_id"":""265998db0283c182115f"",""market_batch_id"":""2e2a37710341"",""notional"":""20924.70"",""open_deviation"":0.03994334277620397,""order_id"":""3f383e9234b452fd7bec"",""position_after"":0,""price"":""36.71"",""quantity"":570,""side"":""SELL"",""stamp_tax"":""10.46"",""total_fee"":""16.95"",""transfer_fee"":""0.21"",""ts_code"":""688582.SH""}",bdc3909b3c84055dfe7a3770dc6ede6e571e8cfa5fb72e0211204dc7ceea48ce,docker-scheduler
2c81c1c72bfbd2f8d848,8a6c1f87e16f1630eb27,2026-08-03T11:52:57.216922+00:00,model_top20,20260731,31,ORDER,998bdd3bfebf5dd51051,d68cc8f0aeae715f014408aa69b4fd353c87a87df73e75fab8d9ffbcfb316d69,300476.SZ,BUY,100,,,,,,"{""desired_quantity"":100,""filled_quantity"":100,""order_id"":""998bdd3bfebf5dd51051"",""reject_reason"":"""",""requested_quantity"":100,""side"":""BUY"",""status"":""FILLED"",""target_weight"":""0.05"",""ts_code"":""300476.SZ""}",9924c0bf66cf8057f7294f65103b2da960fc0c057f79232afd2f557cf50d6263,docker-scheduler
716fee328111ffd1d3b2,8a6c1f87e16f1630eb27,2026-08-03T11:52:57.216922+00:00,model_top20,20260731,32,FILL,d08bc670a651d5162f68,d68cc8f0aeae715f014408aa69b4fd353c87a87df73e75fab8d9ffbcfb316d69,300476.SZ,BUY,100,202.56,20256.00,6.28,369567.39,100,"{""cash_after"":""369567.39"",""commission"":""6.08"",""fill_id"":""d08bc670a651d5162f68"",""market_batch_id"":""2e2a37710341"",""notional"":""20256.00"",""open_deviation"":0.12308715901530273,""order_id"":""998bdd3bfebf5dd51051"",""position_after"":100,""price"":""202.56"",""quantity"":100,""side"":""BUY"",""stamp_tax"":""0.00"",""total_fee"":""6.28"",""transfer_fee"":""0.20"",""ts_code"":""300476.SZ""}",61ec69f621a29ca5e06937c3aba5d94ca60a999425af9d8e90f488e8e3b13d75,docker-scheduler
f6e34aaca1f99e83cab7,8a6c1f87e16f1630eb27,2026-08-03T11:52:57.216922+00:00,model_top20,20260731,33,ORDER,301a27227676e1e4217f,d68cc8f0aeae715f014408aa69b4fd353c87a87df73e75fab8d9ffbcfb316d69,688313.SH,BUY,233,,,,,,"{""desired_quantity"":233,""filled_quantity"":233,""order_id"":""301a27227676e1e4217f"",""reject_reason"":"""",""requested_quantity"":233,""side"":""BUY"",""status"":""FILLED"",""target_weight"":""0.05"",""ts_code"":""688313.SH""}",20354f0435824f52859a83a2ddc92ae32a8487d1e60600ee0f006904a0905b23,docker-scheduler
c3465c61a42afa1101ac,8a6c1f87e16f1630eb27,2026-08-03T11:52:57.216922+00:00,model_top20,20260731,34,FILL,04fbf2034fd7fec69b02,d68cc8f0aeae715f014408aa69b4fd353c87a87df73e75fab8d9ffbcfb316d69,688313.SH,BUY,233,96.0,22368.00,6.93,347192.46,233,"{""cash_after"":""347192.46"",""commission"":""6.71"",""fill_id"":""04fbf2034fd7fec69b02"",""market_batch_id"":""2e2a37710341"",""notional"":""22368.00"",""open_deviation"":0.14326545194712398,""order_id"":""301a27227676e1e4217f"",""position_after"":233,""price"":""96.0"",""quantity"":233,""side"":""BUY"",""stamp_tax"":""0.00"",""total_fee"":""6.93"",""transfer_fee"":""0.22"",""ts_code"":""688313.SH""}",b658f914e22fa21ff730bb76798bcf42b20796cc31008732adb4f3662c0428f9,docker-scheduler
4002a5b8a0e4e7f0d6cc,8a6c1f87e16f1630eb27,2026-08-03T11:52:57.216922+00:00,model_top20,20260731,35,ORDER,92d349556ae122b43371,d68cc8f0aeae715f014408aa69b4fd353c87a87df73e75fab8d9ffbcfb316d69,688343.SH,BUY,393,,,,,,"{""desired_quantity"":393,""filled_quantity"":393,""order_id"":""92d349556ae122b43371"",""reject_reason"":"""",""requested_quantity"":393,""side"":""BUY"",""status"":""FILLED"",""target_weight"":""0.05"",""ts_code"":""688343.SH""}",ec4b9df97e3bc7535a590f0785ac332ff7632b3d063e273533873a6e6a781bed,docker-scheduler
03b39411029560d9c5f3,8a6c1f87e16f1630eb27,2026-08-03T11:52:57.216922+00:00,model_top20,20260731,36,FILL,2a1eb705a5d119661cfb,d68cc8f0aeae715f014408aa69b4fd353c87a87df73e75fab8d9ffbcfb316d69,688343.SH,BUY,393,57.0,22401.00,6.94,324784.52,393,"{""cash_after"":""324784.52"",""commission"":""6.72"",""fill_id"":""2a1eb705a5d119661cfb"",""market_batch_id"":""2e2a37710341"",""notional"":""22401.00"",""open_deviation"":0.08262108262108261,""order_id"":""92d349556ae122b43371"",""position_after"":393,""price"":""57.0"",""quantity"":393,""side"":""BUY"",""stamp_tax"":""0.00"",""total_fee"":""6.94"",""transfer_fee"":""0.22"",""ts_code"":""688343.SH""}",d64f8ab43d0d70092ef51f2491dfcf3ff40c6d565c50d61a8027c1712e8bd15e,docker-scheduler
fd7d21f52a1f83692b1c,8a6c1f87e16f1630eb27,2026-08-03T11:52:57.216922+00:00,model_top20,20260731,37,ORDER,ac0dd7249210bb97142a,d68cc8f0aeae715f014408aa69b4fd353c87a87df73e75fab8d9ffbcfb316d69,000032.SZ,BUY,300,,,,,,"{""desired_quantity"":1700,""filled_quantity"":300,""order_id"":""ac0dd7249210bb97142a"",""reject_reason"":"""",""requested_quantity"":300,""side"":""BUY"",""status"":""FILLED"",""target_weight"":""0.05"",""ts_code"":""000032.SZ""}",8e872446a3a0a0cffaf611f6673a86b4804924f98c5836ec96dd5806da663e36,docker-scheduler
18a36f453964f46a5d65,8a6c1f87e16f1630eb27,2026-08-03T11:52:57.216922+00:00,model_top20,20260731,38,FILL,b9f237e3633557d718e9,d68cc8f0aeae715f014408aa69b4fd353c87a87df73e75fab8d9ffbcfb316d69,000032.SZ,BUY,300,13.13,3939.00,5.04,320840.48,1700,"{""cash_after"":""320840.48"",""commission"":""5.00"",""fill_id"":""b9f237e3633557d718e9"",""market_batch_id"":""2e2a37710341"",""notional"":""3939.00"",""open_deviation"":0.06661251015434606,""order_id"":""ac0dd7249210bb97142a"",""position_after"":1700,""price"":""13.13"",""quantity"":300,""side"":""BUY"",""stamp_tax"":""0.00"",""total_fee"":""5.04"",""transfer_fee"":""0.04"",""ts_code"":""000032.SZ""}",4d3ae34c3a548dc02c2c1a24ebfd111428f210798a6b61e08fea1b601adb111b,docker-scheduler
5d8dd6e0ad6c1720d4f2,8a6c1f87e16f1630eb27,2026-08-03T11:52:57.216922+00:00,model_top20,20260731,39,ORDER,f6698e81ed64cdec6305,d68cc8f0aeae715f014408aa69b4fd353c87a87df73e75fab8d9ffbcfb316d69,300548.SZ,BUY,100,,,,,,"{""desired_quantity"":100,""filled_quantity"":100,""order_id"":""f6698e81ed64cdec6305"",""reject_reason"":"""",""requested_quantity"":100,""side"":""BUY"",""status"":""FILLED"",""target_weight"":""0.05"",""ts_code"":""300548.SZ""}",a994bb9b5b1fc2a170299ae355d91427a7c3721d77f301580b65042c00943154,docker-scheduler
5353a02a5c407f2b38c5,8a6c1f87e16f1630eb27,2026-08-03T11:52:57.216922+00:00,model_top20,20260731,40,FILL,19f5f261d6eb5c4d8aff,d68cc8f0aeae715f014408aa69b4fd353c87a87df73e75fab8d9ffbcfb316d69,300548.SZ,BUY,100,142.0,14200.00,5.14,306635.34,100,"{""cash_after"":""306635.34"",""commission"":""5.00"",""fill_id"":""19f5f261d6eb5c4d8aff"",""market_batch_id"":""2e2a37710341"",""notional"":""14200.00"",""open_deviation"":0.11582586830111583,""order_id"":""f6698e81ed64cdec6305"",""position_after"":100,""price"":""142.0"",""quantity"":100,""side"":""BUY"",""stamp_tax"":""0.00"",""total_fee"":""5.14"",""transfer_fee"":""0.14"",""ts_code"":""300548.SZ""}",e7f1427d77da93ef25ba9f56b1dda5d00f04e4b577a81c731e135c796ec9f02c,docker-scheduler
08fd6df2518324e5523b,8a6c1f87e16f1630eb27,2026-08-03T11:52:57.216922+00:00,model_top20,20260731,41,ORDER,9e1940285f0e44b4a226,d68cc8f0aeae715f014408aa69b4fd353c87a87df73e75fab8d9ffbcfb316d69,301308.SZ,BUY,0,,,,,,"{""desired_quantity"":0,""filled_quantity"":0,""order_id"":""9e1940285f0e44b4a226"",""reject_reason"":""BELOW_MIN_LOT"",""requested_quantity"":0,""side"":""BUY"",""status"":""REJECTED"",""target_weight"":""0.05"",""ts_code"":""301308.SZ""}",445b3f63febb060812b069c08131a67ec004da6c76acfe8414f3b7f7e0a319b7,docker-scheduler
98e3ce8df812eed351c3,8a6c1f87e16f1630eb27,2026-08-03T11:52:57.216922+00:00,model_top20,20260731,42,ORDER,3e5a684cc01f12b15903,d68cc8f0aeae715f014408aa69b4fd353c87a87df73e75fab8d9ffbcfb316d69,603119.SH,BUY,500,,,,,,"{""desired_quantity"":500,""filled_quantity"":500,""order_id"":""3e5a684cc01f12b15903"",""reject_reason"":"""",""requested_quantity"":500,""side"":""BUY"",""status"":""FILLED"",""target_weight"":""0.05"",""ts_code"":""603119.SH""}",73a093f318a0f1649a036faac5424f38e4cfa1bce44530efa761e837b2762d91,docker-scheduler
d24f8f312e2f5af02bcc,8a6c1f87e16f1630eb27,2026-08-03T11:52:57.216922+00:00,model_top20,20260731,43,FILL,b93b3eda08345945502c,d68cc8f0aeae715f014408aa69b4fd353c87a87df73e75fab8d9ffbcfb316d69,603119.SH,BUY,500,44.0,22000.00,6.82,284628.52,500,"{""cash_after"":""284628.52"",""commission"":""6.60"",""fill_id"":""b93b3eda08345945502c"",""market_batch_id"":""2e2a37710341"",""notional"":""22000.00"",""open_deviation"":0.03286384976525822,""order_id"":""3e5a684cc01f12b15903"",""position_after"":500,""price"":""44.0"",""quantity"":500,""side"":""BUY"",""stamp_tax"":""0.00"",""total_fee"":""6.82"",""transfer_fee"":""0.22"",""ts_code"":""603119.SH""}",f5c1997dd0bac9d92071aeab7ac8ecb88a5efb447774af4d73880502a86b71d7,docker-scheduler
150c7d4568ba9855941e,8a6c1f87e16f1630eb27,2026-08-03T11:52:57.216922+00:00,model_top20,20260731,44,ORDER,95e130c7b0a62749e9b2,d68cc8f0aeae715f014408aa69b4fd353c87a87df73e75fab8d9ffbcfb316d69,600111.SH,BUY,500,,,,,,"{""desired_quantity"":500,""filled_quantity"":500,""order_id"":""95e130c7b0a62749e9b2"",""reject_reason"":"""",""requested_quantity"":500,""side"":""BUY"",""status"":""FILLED"",""target_weight"":""0.05"",""ts_code"":""600111.SH""}",3a92e925bde7e56a1035bc2aae07cd5f224a34f02f831ef56539d513af6e41b6,docker-scheduler
99f6e24f9ff60452baed,8a6c1f87e16f1630eb27,2026-08-03T11:52:57.216922+00:00,model_top20,20260731,45,FILL,22174f72016b283c0776,d68cc8f0aeae715f014408aa69b4fd353c87a87df73e75fab8d9ffbcfb316d69,600111.SH,BUY,500,39.45,19725.00,6.12,264897.40,500,"{""cash_after"":""264897.40"",""commission"":""5.92"",""fill_id"":""22174f72016b283c0776"",""market_batch_id"":""2e2a37710341"",""notional"":""19725.00"",""open_deviation"":0.007662835249042145,""order_id"":""95e130c7b0a62749e9b2"",""position_after"":500,""price"":""39.45"",""quantity"":500,""side"":""BUY"",""stamp_tax"":""0.00"",""total_fee"":""6.12"",""transfer_fee"":""0.20"",""ts_code"":""600111.SH""}",cc5f2169c4a43e07c5794bdc0be4c50e8104aeacdd8d7a7ce571c50ac72de777,docker-scheduler
9e62aaf23d38bac3edce,8a6c1f87e16f1630eb27,2026-08-03T11:52:57.216922+00:00,model_top20,20260731,46,ORDER,e4d4585d296c36a4da63,d68cc8f0aeae715f014408aa69b4fd353c87a87df73e75fab8d9ffbcfb316d69,000060.SZ,BUY,3500,,,,,,"{""desired_quantity"":3500,""filled_quantity"":3500,""order_id"":""e4d4585d296c36a4da63"",""reject_reason"":"""",""requested_quantity"":3500,""side"":""BUY"",""status"":""FILLED"",""target_weight"":""0.05"",""ts_code"":""000060.SZ""}",05ae3ce917cdcf8e68678d77674af89c32eeecd6b67eae52298c8c5e40e81620,docker-scheduler
4710715d4f0997cb81ff,8a6c1f87e16f1630eb27,2026-08-03T11:52:57.216922+00:00,model_top20,20260731,47,FILL,78531f3600b9d139bf64,d68cc8f0aeae715f014408aa69b4fd353c87a87df73e75fab8d9ffbcfb316d69,000060.SZ,BUY,3500,6.33,22155.00,6.87,242735.53,3500,"{""cash_after"":""242735.53"",""commission"":""6.65"",""fill_id"":""78531f3600b9d139bf64"",""market_batch_id"":""2e2a37710341"",""notional"":""22155.00"",""open_deviation"":0.016051364365971106,""order_id"":""e4d4585d296c36a4da63"",""position_after"":3500,""price"":""6.33"",""quantity"":3500,""side"":""BUY"",""stamp_tax"":""0.00"",""total_fee"":""6.87"",""transfer_fee"":""0.22"",""ts_code"":""000060.SZ""}",cb7e4ccd6d35af72d674943a799dba72628dcbb0ea55a3a73d2f93e718ae0635,docker-scheduler
24b4ca94710dabdbc4e6,8a6c1f87e16f1630eb27,2026-08-03T11:52:57.216922+00:00,model_top20,20260731,48,ORDER,22ee289da25ee58e4ae6,d68cc8f0aeae715f014408aa69b4fd353c87a87df73e75fab8d9ffbcfb316d69,000062.SZ,BUY,1000,,,,,,"{""desired_quantity"":1000,""filled_quantity"":1000,""order_id"":""22ee289da25ee58e4ae6"",""reject_reason"":"""",""requested_quantity"":1000,""side"":""BUY"",""status"":""FILLED"",""target_weight"":""0.05"",""ts_code"":""000062.SZ""}",fd85bbaf4ef55712b4e498236964ac28a1f77378672006de57b5cdbacd021594,docker-scheduler
79f2b4c76e93ec8f8b63,8a6c1f87e16f1630eb27,2026-08-03T11:52:57.216922+00:00,model_top20,20260731,49,FILL,01363c6c0f7674f5259e,d68cc8f0aeae715f014408aa69b4fd353c87a87df73e75fab8d9ffbcfb316d69,000062.SZ,BUY,1000,21.66,21660.00,6.72,221068.81,1000,"{""cash_after"":""221068.81"",""commission"":""6.50"",""fill_id"":""01363c6c0f7674f5259e"",""market_batch_id"":""2e2a37710341"",""notional"":""21660.00"",""open_deviation"":0.04335260115606936,""order_id"":""22ee289da25ee58e4ae6"",""position_after"":1000,""price"":""21.66"",""quantity"":1000,""side"":""BUY"",""stamp_tax"":""0.00"",""total_fee"":""6.72"",""transfer_fee"":""0.22"",""ts_code"":""000062.SZ""}",25815589631e8369084afd3254ffc5edebbe3ccc809472004eadd0811f577d0c,docker-scheduler
67be0d05a9c6de412489,8a6c1f87e16f1630eb27,2026-08-03T11:52:57.216922+00:00,model_top20,20260731,50,ORDER,9d7ca7c80058a46da6e3,d68cc8f0aeae715f014408aa69b4fd353c87a87df73e75fab8d9ffbcfb316d69,002050.SZ,BUY,600,,,,,,"{""desired_quantity"":600,""filled_quantity"":600,""order_id"":""9d7ca7c80058a46da6e3"",""reject_reason"":"""",""requested_quantity"":600,""side"":""BUY"",""status"":""FILLED"",""target_weight"":""0.05"",""ts_code"":""002050.SZ""}",6c9bbc5b94c06565b6d7f5c3479b70811aa7696c3c15325afc820bf2d2e7eb3c,docker-scheduler
79f0c2f72e993c5b6257,8a6c1f87e16f1630eb27,2026-08-03T11:52:57.216922+00:00,model_top20,20260731,51,FILL,24d90a59a906f7a0e473,d68cc8f0aeae715f014408aa69b4fd353c87a87df73e75fab8d9ffbcfb316d69,002050.SZ,BUY,600,36.51,21906.00,6.79,199156.02,600,"{""cash_after"":""199156.02"",""commission"":""6.57"",""fill_id"":""24d90a59a906f7a0e473"",""market_batch_id"":""2e2a37710341"",""notional"":""21906.00"",""open_deviation"":0.02961082910321489,""order_id"":""9d7ca7c80058a46da6e3"",""position_after"":600,""price"":""36.51"",""quantity"":600,""side"":""BUY"",""stamp_tax"":""0.00"",""total_fee"":""6.79"",""transfer_fee"":""0.22"",""ts_code"":""002050.SZ""}",3e6b783e6edb987dae852b6717000846e5419e6a1d0c511dea158c25bfc83673,docker-scheduler
3be849cd8e2e587c71f1,8a6c1f87e16f1630eb27,2026-08-03T11:52:57.216922+00:00,model_top20,20260731,52,ORDER,00c487852365b692cda4,d68cc8f0aeae715f014408aa69b4fd353c87a87df73e75fab8d9ffbcfb316d69,003022.SZ,BUY,1100,,,,,,"{""desired_quantity"":1100,""filled_quantity"":1100,""order_id"":""00c487852365b692cda4"",""reject_reason"":"""",""requested_quantity"":1100,""side"":""BUY"",""status"":""FILLED"",""target_weight"":""0.05"",""ts_code"":""003022.SZ""}",0877b83dcc254fc2959d75fb4295bba5504241210d78104fc5e2a142fd9d61f1,docker-scheduler
d7daae007f72bc974bf4,8a6c1f87e16f1630eb27,2026-08-03T11:52:57.216922+00:00,model_top20,20260731,53,FILL,3944dc1952734121174f,d68cc8f0aeae715f014408aa69b4fd353c87a87df73e75fab8d9ffbcfb316d69,003022.SZ,BUY,1100,19.1,21010.00,6.51,178139.51,1100,"{""cash_after"":""178139.51"",""commission"":""6.30"",""fill_id"":""3944dc1952734121174f"",""market_batch_id"":""2e2a37710341"",""notional"":""21010.00"",""open_deviation"":0.019754404698344902,""order_id"":""00c487852365b692cda4"",""position_after"":1100,""price"":""19.1"",""quantity"":1100,""side"":""BUY"",""stamp_tax"":""0.00"",""total_fee"":""6.51"",""transfer_fee"":""0.21"",""ts_code"":""003022.SZ""}",62a64a0c6b0954f2f73a0269176c4a1166d23df94eff1c49c9d5f7b12b9cbf10,docker-scheduler
4ae71887c31e67f247cf,8a6c1f87e16f1630eb27,2026-08-03T11:52:57.216922+00:00,model_top20,20260731,54,ORDER,a3181bf086a9470023ca,d68cc8f0aeae715f014408aa69b4fd353c87a87df73e75fab8d9ffbcfb316d69,688166.SH,BUY,713,,,,,,"{""desired_quantity"":713,""filled_quantity"":713,""order_id"":""a3181bf086a9470023ca"",""reject_reason"":"""",""requested_quantity"":713,""side"":""BUY"",""status"":""FILLED"",""target_weight"":""0.05"",""ts_code"":""688166.SH""}",aad68c8117a554c63f088cb4fefb216b2ee66ca64079d17ac414146170580081,docker-scheduler
d6b10e64eba0a25c63fc,8a6c1f87e16f1630eb27,2026-08-03T11:52:57.216922+00:00,model_top20,20260731,55,FILL,a2a70bb502c7fa281d9b,d68cc8f0aeae715f014408aa69b4fd353c87a87df73e75fab8d9ffbcfb316d69,688166.SH,BUY,713,31.41,22395.33,6.94,155737.24,713,"{""cash_after"":""155737.24"",""commission"":""6.72"",""fill_id"":""a2a70bb502c7fa281d9b"",""market_batch_id"":""2e2a37710341"",""notional"":""22395.33"",""open_deviation"":-0.013195098963242224,""order_id"":""a3181bf086a9470023ca"",""position_after"":713,""price"":""31.41"",""quantity"":713,""side"":""BUY"",""stamp_tax"":""0.00"",""total_fee"":""6.94"",""transfer_fee"":""0.22"",""ts_code"":""688166.SH""}",651400cb2b878dc10693fe194902a1f321849a23190c3d6804f5e0ed88b4f051,docker-scheduler
182460d28a2ec573e42c,8a6c1f87e16f1630eb27,2026-08-03T11:52:57.216922+00:00,model_top20,20260731,56,ORDER,45c86540376d62fc826d,d68cc8f0aeae715f014408aa69b4fd353c87a87df73e75fab8d9ffbcfb316d69,600498.SH,BUY,600,,,,,,"{""desired_quantity"":600,""filled_quantity"":600,""order_id"":""45c86540376d62fc826d"",""reject_reason"":"""",""requested_quantity"":600,""side"":""BUY"",""status"":""FILLED"",""target_weight"":""0.05"",""ts_code"":""600498.SH""}",b1b09aec5e313c08861c5f38db6e4fa57e8f4f380ee2b6c60d0aa4919376856f,docker-scheduler
c5c98d0356000db3095d,8a6c1f87e16f1630eb27,2026-08-03T11:52:57.216922+00:00,model_top20,20260731,57,FILL,5c60ccdf3874d5b792e0,d68cc8f0aeae715f014408aa69b4fd353c87a87df73e75fab8d9ffbcfb316d69,600498.SH,BUY,600,34.23,20538.00,6.37,135192.87,600,"{""cash_after"":""135192.87"",""commission"":""6.16"",""fill_id"":""5c60ccdf3874d5b792e0"",""market_batch_id"":""2e2a37710341"",""notional"":""20538.00"",""open_deviation"":0.06801872074882995,""order_id"":""45c86540376d62fc826d"",""position_after"":600,""price"":""34.23"",""quantity"":600,""side"":""BUY"",""stamp_tax"":""0.00"",""total_fee"":""6.37"",""transfer_fee"":""0.21"",""ts_code"":""600498.SH""}",fdcafc62bc9b8f41490117f40db7f94ee5a531e99e297b450a01e4063d70442d,docker-scheduler
0f6ee6e18d59b48f23ac,8a6c1f87e16f1630eb27,2026-08-03T11:52:57.216922+00:00,model_top20,20260731,58,ORDER,2e77fd103c854425790e,d68cc8f0aeae715f014408aa69b4fd353c87a87df73e75fab8d9ffbcfb316d69,688521.SH,BUY,0,,,,,,"{""desired_quantity"":0,""filled_quantity"":0,""order_id"":""2e77fd103c854425790e"",""reject_reason"":""BELOW_MIN_LOT"",""requested_quantity"":0,""side"":""BUY"",""status"":""REJECTED"",""target_weight"":""0.05"",""ts_code"":""688521.SH""}",2b51c452eaf8985d9695e756d679f06ab8fda36e3f6c88406de1d76c9c4c812d,docker-scheduler
46a4ae8a719080037d60,8a6c1f87e16f1630eb27,2026-08-03T11:52:57.216922+00:00,model_top20,20260731,59,ORDER,de709c6ed62e4bd4f3f9,d68cc8f0aeae715f014408aa69b4fd353c87a87df73e75fab8d9ffbcfb316d69,001309.SZ,BUY,0,,,,,,"{""desired_quantity"":0,""filled_quantity"":0,""order_id"":""de709c6ed62e4bd4f3f9"",""reject_reason"":""BELOW_MIN_LOT"",""requested_quantity"":0,""side"":""BUY"",""status"":""REJECTED"",""target_weight"":""0.05"",""ts_code"":""001309.SZ""}",b9ee75b5bd6ddb7be47d6c91f39f74b87cc17a21298d49e7d052559eae078bd0,docker-scheduler
3d60424726f6eca46948,8a6c1f87e16f1630eb27,2026-08-03T11:52:57.216922+00:00,model_top20,20260731,60,ORDER,4150ee66a22698e02880,d68cc8f0aeae715f014408aa69b4fd353c87a87df73e75fab8d9ffbcfb316d69,002837.SZ,BUY,400,,,,,,"{""desired_quantity"":400,""filled_quantity"":400,""order_id"":""4150ee66a22698e02880"",""reject_reason"":"""",""requested_quantity"":400,""side"":""BUY"",""status"":""FILLED"",""target_weight"":""0.05"",""ts_code"":""002837.SZ""}",2d71c59d383766b7b7c4c1d17fc793606609d9ed088d8b281927c70109c0637b,docker-scheduler
58344c6667853644c7fa,8a6c1f87e16f1630eb27,2026-08-03T11:52:57.216922+00:00,model_top20,20260731,61,FILL,6017bd55b0525dea9ebd,d68cc8f0aeae715f014408aa69b4fd353c87a87df73e75fab8d9ffbcfb316d69,002837.SZ,BUY,400,49.6,19840.00,6.15,115346.72,400,"{""cash_after"":""115346.72"",""commission"":""5.95"",""fill_id"":""6017bd55b0525dea9ebd"",""market_batch_id"":""2e2a37710341"",""notional"":""19840.00"",""open_deviation"":0.051961823966065745,""order_id"":""4150ee66a22698e02880"",""position_after"":400,""price"":""49.6"",""quantity"":400,""side"":""BUY"",""stamp_tax"":""0.00"",""total_fee"":""6.15"",""transfer_fee"":""0.20"",""ts_code"":""002837.SZ""}",6a389b3ed466c6e683f8e2d9e6c100f08c3a571d0d756fb7b3561d749f9d3847,docker-scheduler
049842c78f08cd155769,8a6c1f87e16f1630eb27,2026-08-03T11:52:57.216922+00:00,model_top20,20260731,62,ORDER,b59fd2610bcfcd68fbf0,d68cc8f0aeae715f014408aa69b4fd353c87a87df73e75fab8d9ffbcfb316d69,300395.SZ,BUY,200,,,,,,"{""desired_quantity"":200,""filled_quantity"":200,""order_id"":""b59fd2610bcfcd68fbf0"",""reject_reason"":"""",""requested_quantity"":200,""side"":""BUY"",""status"":""FILLED"",""target_weight"":""0.05"",""ts_code"":""300395.SZ""}",8853fad19a0f19383f1636057fbefe64ba1303bc3274d5268576142b6f9ccc17,docker-scheduler
8ae5e1ecb65c9aa1db00,8a6c1f87e16f1630eb27,2026-08-03T11:52:57.216922+00:00,model_top20,20260731,63,FILL,33f45e9de23818832e13,d68cc8f0aeae715f014408aa69b4fd353c87a87df73e75fab8d9ffbcfb316d69,300395.SZ,BUY,200,77.0,15400.00,5.15,99941.57,200,"{""cash_after"":""99941.57"",""commission"":""5.00"",""fill_id"":""33f45e9de23818832e13"",""market_batch_id"":""2e2a37710341"",""notional"":""15400.00"",""open_deviation"":0.07541899441340782,""order_id"":""b59fd2610bcfcd68fbf0"",""position_after"":200,""price"":""77.0"",""quantity"":200,""side"":""BUY"",""stamp_tax"":""0.00"",""total_fee"":""5.15"",""transfer_fee"":""0.15"",""ts_code"":""300395.SZ""}",6618449cdd403bac9acff522eb50df5f21b7ac208b7f3671a520ae6ddf0f834c,docker-scheduler
82a6e29aa953b48fb4d4,8a6c1f87e16f1630eb27,2026-08-03T11:52:57.216922+00:00,model_top20,20260731,64,POSITION,20260731:000032.SZ,d68cc8f0aeae715f014408aa69b4fd353c87a87df73e75fab8d9ffbcfb316d69,000032.SZ,,1700,,,,,1700,"{""close"":""13.54"",""cost_basis"":""28129.53"",""market_value"":""23018.00"",""price_date"":""20260731"",""quantity"":1700,""realized_pnl"":""0.00"",""stale_trade_days"":0,""ts_code"":""000032.SZ""}",9702f360e41f52b1a123bfd03dc0d13e5faab11034e96ef99a4b21a05959a30f,docker-scheduler
a77bd60ceb4c41e00111,8a6c1f87e16f1630eb27,2026-08-03T11:52:57.216922+00:00,model_top20,20260731,65,POSITION,20260731:000060.SZ,d68cc8f0aeae715f014408aa69b4fd353c87a87df73e75fab8d9ffbcfb316d69,000060.SZ,,3500,,,,,3500,"{""close"":""6.31"",""cost_basis"":""22161.87"",""market_value"":""22085.00"",""price_date"":""20260731"",""quantity"":3500,""realized_pnl"":""0.00"",""stale_trade_days"":0,""ts_code"":""000060.SZ""}",1945a2972dbc01bc7bad31240668c5332b96b2a8e94ce8c97fd73c08db254cb4,docker-scheduler
6d99308e8b112138fcd5,8a6c1f87e16f1630eb27,2026-08-03T11:52:57.216922+00:00,model_top20,20260731,66,POSITION,20260731:000062.SZ,d68cc8f0aeae715f014408aa69b4fd353c87a87df73e75fab8d9ffbcfb316d69,000062.SZ,,1000,,,,,1000,"{""close"":""21.78"",""cost_basis"":""21666.72"",""market_value"":""21780.00"",""price_date"":""20260731"",""quantity"":1000,""realized_pnl"":""0.00"",""stale_trade_days"":0,""ts_code"":""000062.SZ""}",e29535b725b6839b4b3001996af868c804788d592ba84eb642b56b8e14f65bfd,docker-scheduler
a0c2f9299c26a28eb71e,8a6c1f87e16f1630eb27,2026-08-03T11:52:57.216922+00:00,model_top20,20260731,67,POSITION,20260731:002050.SZ,d68cc8f0aeae715f014408aa69b4fd353c87a87df73e75fab8d9ffbcfb316d69,002050.SZ,,600,,,,,600,"{""close"":""37.53"",""cost_basis"":""21912.79"",""market_value"":""22518.00"",""price_date"":""20260731"",""quantity"":600,""realized_pnl"":""0.00"",""stale_trade_days"":0,""ts_code"":""002050.SZ""}",8d2a932021ef02b1e74f19de11bd8b054f781f535481d36c9e66eb45de682ee9,docker-scheduler
e94dcfe8e01e86905ebc,8a6c1f87e16f1630eb27,2026-08-03T11:52:57.216922+00:00,model_top20,20260731,68,POSITION,20260731:002837.SZ,d68cc8f0aeae715f014408aa69b4fd353c87a87df73e75fab8d9ffbcfb316d69,002837.SZ,,400,,,,,400,"{""close"":""47.45"",""cost_basis"":""19846.15"",""market_value"":""18980.00"",""price_date"":""20260731"",""quantity"":400,""realized_pnl"":""0.00"",""stale_trade_days"":0,""ts_code"":""002837.SZ""}",4becfb232eb21b12527d194247d37a4d67d0d1a400872408966ffe7e5960b398,docker-scheduler
42c996d42e564ea7cc75,8a6c1f87e16f1630eb27,2026-08-03T11:52:57.216922+00:00,model_top20,20260731,69,POSITION,20260731:003022.SZ,d68cc8f0aeae715f014408aa69b4fd353c87a87df73e75fab8d9ffbcfb316d69,003022.SZ,,1100,,,,,1100,"{""close"":""18.77"",""cost_basis"":""21016.51"",""market_value"":""20647.00"",""price_date"":""20260731"",""quantity"":1100,""realized_pnl"":""0.00"",""stale_trade_days"":0,""ts_code"":""003022.SZ""}",12e9658253a508f63aee436e08a2ad6d24bbc024ed3946b0a4f71e99f9651bb3,docker-scheduler
f552f55965be7f567d45,8a6c1f87e16f1630eb27,2026-08-03T11:52:57.216922+00:00,model_top20,20260731,70,POSITION,20260731:300136.SZ,d68cc8f0aeae715f014408aa69b4fd353c87a87df73e75fab8d9ffbcfb316d69,300136.SZ,,300,,,,,300,"{""close"":""57.48"",""cost_basis"":""23275.21"",""market_value"":""17244.00"",""price_date"":""20260731"",""quantity"":300,""realized_pnl"":""0.00"",""stale_trade_days"":0,""ts_code"":""300136.SZ""}",79e9e7838bd1102967474db5515cd873279e9cb5bbc9d136734dbe842a21c3f4,docker-scheduler
f430b129ba681cead5ee,8a6c1f87e16f1630eb27,2026-08-03T11:52:57.216922+00:00,model_top20,20260731,71,POSITION,20260731:300395.SZ,d68cc8f0aeae715f014408aa69b4fd353c87a87df73e75fab8d9ffbcfb316d69,300395.SZ,,200,,,,,200,"{""close"":""72.77"",""cost_basis"":""15405.15"",""market_value"":""14554.00"",""price_date"":""20260731"",""quantity"":200,""realized_pnl"":""0.00"",""stale_trade_days"":0,""ts_code"":""300395.SZ""}",3f42668c268fb9df66621910ec6132f503858f7a15676dbdf8f3fbf906432bef,docker-scheduler
f3bb59d5722eb97e25fc,8a6c1f87e16f1630eb27,2026-08-03T11:52:57.216922+00:00,model_top20,20260731,72,POSITION,20260731:300476.SZ,d68cc8f0aeae715f014408aa69b4fd353c87a87df73e75fab8d9ffbcfb316d69,300476.SZ,,100,,,,,100,"{""close"":""190.4"",""cost_basis"":""20262.28"",""market_value"":""19040.00"",""price_date"":""20260731"",""quantity"":100,""realized_pnl"":""0.00"",""stale_trade_days"":0,""ts_code"":""300476.SZ""}",3386fca6d74600d6a2aaf22137486be0d787d8097864a192c0e2a2a8e518c3bc,docker-scheduler
f881dae3ab366dc292c4,8a6c1f87e16f1630eb27,2026-08-03T11:52:57.216922+00:00,model_top20,20260731,73,POSITION,20260731:300548.SZ,d68cc8f0aeae715f014408aa69b4fd353c87a87df73e75fab8d9ffbcfb316d69,300548.SZ,,100,,,,,100,"{""close"":""140.5"",""cost_basis"":""14205.14"",""market_value"":""14050.00"",""price_date"":""20260731"",""quantity"":100,""realized_pnl"":""0.00"",""stale_trade_days"":0,""ts_code"":""300548.SZ""}",0bbf8d9c2c909d529abd8249eb7623edf5c70ec2c3d0b1257b7770e7f45bbbe7,docker-scheduler
f81e9f6d0d5e1b57b7ea,8a6c1f87e16f1630eb27,2026-08-03T11:52:57.216922+00:00,model_top20,20260731,74,POSITION,20260731:600111.SH,d68cc8f0aeae715f014408aa69b4fd353c87a87df73e75fab8d9ffbcfb316d69,600111.SH,,500,,,,,500,"{""close"":""39.7"",""cost_basis"":""19731.12"",""market_value"":""19850.00"",""price_date"":""20260731"",""quantity"":500,""realized_pnl"":""0.00"",""stale_trade_days"":0,""ts_code"":""600111.SH""}",5e3fc2244454bcf1d805a8a130e3ee5b1a13f7a66aa9f6e95e046bac17c4049e,docker-scheduler
ef03e64944675c485b77,8a6c1f87e16f1630eb27,2026-08-03T11:52:57.216922+00:00,model_top20,20260731,75,POSITION,20260731:600498.SH,d68cc8f0aeae715f014408aa69b4fd353c87a87df73e75fab8d9ffbcfb316d69,600498.SH,,600,,,,,600,"{""close"":""33.09"",""cost_basis"":""20544.37"",""market_value"":""19854.00"",""price_date"":""20260731"",""quantity"":600,""realized_pnl"":""0.00"",""stale_trade_days"":0,""ts_code"":""600498.SH""}",bc96d89784fee26be39a767c2cfb3af09acbb4000b077cde30d12410a9789c2b,docker-scheduler
3520f7cc55e074d3f32c,8a6c1f87e16f1630eb27,2026-08-03T11:52:57.216922+00:00,model_top20,20260731,76,POSITION,20260731:603119.SH,d68cc8f0aeae715f014408aa69b4fd353c87a87df73e75fab8d9ffbcfb316d69,603119.SH,,500,,,,,500,"{""close"":""45.76"",""cost_basis"":""22006.82"",""market_value"":""22880.00"",""price_date"":""20260731"",""quantity"":500,""realized_pnl"":""0.00"",""stale_trade_days"":0,""ts_code"":""603119.SH""}",0cae7fccc08dbe25fcaccde506f5e6d5e80e03acaba854288e1e0cbfb0d6c679,docker-scheduler
4bfab32c227e4557f26e,8a6c1f87e16f1630eb27,2026-08-03T11:52:57.216922+00:00,model_top20,20260731,77,POSITION,20260731:603308.SH,d68cc8f0aeae715f014408aa69b4fd353c87a87df73e75fab8d9ffbcfb316d69,603308.SH,,500,,,,,500,"{""close"":""42.85"",""cost_basis"":""24002.44"",""market_value"":""21425.00"",""price_date"":""20260731"",""quantity"":500,""realized_pnl"":""0.00"",""stale_trade_days"":0,""ts_code"":""603308.SH""}",aca49368e811d1b236decf0442f23c34ab6b34937b5a7093b7e49404cbeb042e,docker-scheduler
3f4ae58132a87e2f932a,8a6c1f87e16f1630eb27,2026-08-03T11:52:57.216922+00:00,model_top20,20260731,78,POSITION,20260731:688166.SH,d68cc8f0aeae715f014408aa69b4fd353c87a87df73e75fab8d9ffbcfb316d69,688166.SH,,713,,,,,713,"{""close"":""32.94"",""cost_basis"":""22402.27"",""market_value"":""23486.22"",""price_date"":""20260731"",""quantity"":713,""realized_pnl"":""0.00"",""stale_trade_days"":0,""ts_code"":""688166.SH""}",e24ecc4b9ff35de8beb88a876f385cebe812426608109990d019c9fe39a7d5ee,docker-scheduler
76ea6d07774ab7c47100,8a6c1f87e16f1630eb27,2026-08-03T11:52:57.216922+00:00,model_top20,20260731,79,POSITION,20260731:688313.SH,d68cc8f0aeae715f014408aa69b4fd353c87a87df73e75fab8d9ffbcfb316d69,688313.SH,,233,,,,,233,"{""close"":""90.04"",""cost_basis"":""22374.93"",""market_value"":""20979.32"",""price_date"":""20260731"",""quantity"":233,""realized_pnl"":""0.00"",""stale_trade_days"":0,""ts_code"":""688313.SH""}",e5d65d8fe359ecce3c28cfda7689a7965fc7d596272a39869874107498836942,docker-scheduler
bafc556edd6a63b51ea4,8a6c1f87e16f1630eb27,2026-08-03T11:52:57.216922+00:00,model_top20,20260731,80,POSITION,20260731:688343.SH,d68cc8f0aeae715f014408aa69b4fd353c87a87df73e75fab8d9ffbcfb316d69,688343.SH,,393,,,,,393,"{""close"":""56.89"",""cost_basis"":""22407.94"",""market_value"":""22357.77"",""price_date"":""20260731"",""quantity"":393,""realized_pnl"":""0.00"",""stale_trade_days"":0,""ts_code"":""688343.SH""}",c88fe96c57a8c657740bdaa93616ee375c4da29396b084b9ad7af3ba4a4a9b8c,docker-scheduler
d57b7a8fac65ef70f6e7,8a6c1f87e16f1630eb27,2026-08-03T11:52:57.216922+00:00,model_top20,20260731,81,CASH,20260731,d68cc8f0aeae715f014408aa69b4fd353c87a87df73e75fab8d9ffbcfb316d69,,,,,,,99941.57,,"{""cash"":""99941.57""}",bf1a83b0b25721b0bd189fc4b2c8bf5d3bc875e234b6db43bcbb32232636c6bb,docker-scheduler
646e17b6fccc02e3e5ae,8a6c1f87e16f1630eb27,2026-08-03T11:52:57.216922+00:00,model_top20,20260731,82,NAV,20260731,d68cc8f0aeae715f014408aa69b4fd353c87a87df73e75fab8d9ffbcfb316d69,,,,,,,99941.57,,"{""benchmark_nav"":""0.9745523164253636495486982031"",""cash"":""99941.57"",""cash_ratio"":""0.2247444218879008445166325800"",""cumulative_dividends"":""48.00"",""cumulative_fees"":""477.69"",""daily_fees"":""347.16"",""drawdown"":""-0.11062024"",""equation_difference"":""0.00"",""freshness_status"":""PASS"",""market_value"":""344748.31"",""net_asset"":""444689.88"",""net_excess"":""-0.0851725564253636495486982031"",""normalized_nav"":""0.88937976"",""positions"":[{""close"":""13.54"",""cost_basis"":""28129.53"",""market_value"":""23018.00"",""price_date"":""20260731"",""quantity"":1700,""realized_pnl"":""0.00"",""stale_trade_days"":0,""ts_code"":""000032.SZ""},{""close"":""6.31"",""cost_basis"":""22161.87"",""market_value"":""22085.00"",""price_date"":""20260731"",""quantity"":3500,""realized_pnl"":""0.00"",""stale_trade_days"":0,""ts_code"":""000060.SZ""},{""close"":""21.78"",""cost_basis"":""21666.72"",""market_value"":""21780.00"",""price_date"":""20260731"",""quantity"":1000,""realized_pnl"":""0.00"",""stale_trade_days"":0,""ts_code"":""000062.SZ""},{""close"":""37.53"",""cost_basis"":""21912.79"",""market_value"":""22518.00"",""price_date"":""20260731"",""quantity"":600,""realized_pnl"":""0.00"",""stale_trade_days"":0,""ts_code"":""002050.SZ""},{""close"":""47.45"",""cost_basis"":""19846.15"",""market_value"":""18980.00"",""price_date"":""20260731"",""quantity"":400,""realized_pnl"":""0.00"",""stale_trade_days"":0,""ts_code"":""002837.SZ""},{""close"":""18.77"",""cost_basis"":""21016.51"",""market_value"":""20647.00"",""price_date"":""20260731"",""quantity"":1100,""realized_pnl"":""0.00"",""stale_trade_days"":0,""ts_code"":""003022.SZ""},{""close"":""57.48"",""cost_basis"":""23275.21"",""market_value"":""17244.00"",""price_date"":""20260731"",""quantity"":300,""realized_pnl"":""0.00"",""stale_trade_days"":0,""ts_code"":""300136.SZ""},{""close"":""72.77"",""cost_basis"":""15405.15"",""market_value"":""14554.00"",""price_date"":""20260731"",""quantity"":200,""realized_pnl"":""0.00"",""stale_trade_days"":0,""ts_code"":""300395.SZ""},{""close"":""190.4"",""cost_basis"":""20262.28"",""market_value"":""19040.00"",""price_date"":""20260731"",""quantity"":100,""realized_pnl"":""0.00"",""stale_trade_days"":0,""ts_code"":""300476.SZ""},{""close"":""140.5"",""cost_basis"":""14205.14"",""market_value"":""14050.00"",""price_date"":""20260731"",""quantity"":100,""realized_pnl"":""0.00"",""stale_trade_days"":0,""ts_code"":""300548.SZ""},{""close"":""39.7"",""cost_basis"":""19731.12"",""market_value"":""19850.00"",""price_date"":""20260731"",""quantity"":500,""realized_pnl"":""0.00"",""stale_trade_days"":0,""ts_code"":""600111.SH""},{""close"":""33.09"",""cost_basis"":""20544.37"",""market_value"":""19854.00"",""price_date"":""20260731"",""quantity"":600,""realized_pnl"":""0.00"",""stale_trade_days"":0,""ts_code"":""600498.SH""},{""close"":""45.76"",""cost_basis"":""22006.82"",""market_value"":""22880.00"",""price_date"":""20260731"",""quantity"":500,""realized_pnl"":""0.00"",""stale_trade_days"":0,""ts_code"":""603119.SH""},{""close"":""42.85"",""cost_basis"":""24002.44"",""market_value"":""21425.00"",""price_date"":""20260731"",""quantity"":500,""realized_pnl"":""0.00"",""stale_trade_days"":0,""ts_code"":""603308.SH""},{""close"":""32.94"",""cost_basis"":""22402.27"",""market_value"":""23486.22"",""price_date"":""20260731"",""quantity"":713,""realized_pnl"":""0.00"",""stale_trade_days"":0,""ts_code"":""688166.SH""},{""close"":""90.04"",""cost_basis"":""22374.93"",""market_value"":""20979.32"",""price_date"":""20260731"",""quantity"":233,""realized_pnl"":""0.00"",""stale_trade_days"":0,""ts_code"":""688313.SH""},{""close"":""56.89"",""cost_basis"":""22407.94"",""market_value"":""22357.77"",""price_date"":""20260731"",""quantity"":393,""realized_pnl"":""0.00"",""stale_trade_days"":0,""ts_code"":""688343.SH""}],""trade_date"":""20260731"",""turnover"":""1.340231639334472743986307092""}",20728892cdccfad3f1ac8638822f5ca035805c2b0dbc3e06f93e696e5da5e4ac,docker-scheduler
edaf530831654c46850b,54666831b3be07f6a457,2026-08-03T11:52:59.396796+00:00,model_top20,20260803,1,POSITION,20260803:000032.SZ,3ce150eec9d41ebcb8b55362786e6c6162c8c7f62cfe94e1cdd5b90c405d459f,000032.SZ,,1700,,,,,1700,"{""close"":""13.12"",""cost_basis"":""28129.53"",""market_value"":""22304.00"",""price_date"":""20260803"",""quantity"":1700,""realized_pnl"":""0.00"",""stale_trade_days"":0,""ts_code"":""000032.SZ""}",ee6badf879f04610439ea9971955ae13e7db13e06665d214445f0b5b2c035dc3,docker-scheduler
bf695a640a165127aaec,54666831b3be07f6a457,2026-08-03T11:52:59.396796+00:00,model_top20,20260803,2,POSITION,20260803:000060.SZ,3ce150eec9d41ebcb8b55362786e6c6162c8c7f62cfe94e1cdd5b90c405d459f,000060.SZ,,3500,,,,,3500,"{""close"":""6.35"",""cost_basis"":""22161.87"",""market_value"":""22225.00"",""price_date"":""20260803"",""quantity"":3500,""realized_pnl"":""0.00"",""stale_trade_days"":0,""ts_code"":""000060.SZ""}",42457ff99ee29f4cc1376ba1521bc2aa54e0b9a7d302a16b2658d14552b940f7,docker-scheduler
ff158efd3007deaa6dd8,54666831b3be07f6a457,2026-08-03T11:52:59.396796+00:00,model_top20,20260803,3,POSITION,20260803:000062.SZ,3ce150eec9d41ebcb8b55362786e6c6162c8c7f62cfe94e1cdd5b90c405d459f,000062.SZ,,1000,,,,,1000,"{""close"":""22.02"",""cost_basis"":""21666.72"",""market_value"":""22020.00"",""price_date"":""20260803"",""quantity"":1000,""realized_pnl"":""0.00"",""stale_trade_days"":0,""ts_code"":""000062.SZ""}",61293006ccdc007510d00b882d83195bca9176237ce64bc9fad3d12629e3532b,docker-scheduler
12fc355ef01243d01510,54666831b3be07f6a457,2026-08-03T11:52:59.396796+00:00,model_top20,20260803,4,POSITION,20260803:002050.SZ,3ce150eec9d41ebcb8b55362786e6c6162c8c7f62cfe94e1cdd5b90c405d459f,002050.SZ,,600,,,,,600,"{""close"":""38.3"",""cost_basis"":""21912.79"",""market_value"":""22980.00"",""price_date"":""20260803"",""quantity"":600,""realized_pnl"":""0.00"",""stale_trade_days"":0,""ts_code"":""002050.SZ""}",730da5c43937ab6d87caf02f07ba6e201900544be88ce3c626064fdd8fc99437,docker-scheduler
45dfb39d09dc0d13a544,54666831b3be07f6a457,2026-08-03T11:52:59.396796+00:00,model_top20,20260803,5,POSITION,20260803:002837.SZ,3ce150eec9d41ebcb8b55362786e6c6162c8c7f62cfe94e1cdd5b90c405d459f,002837.SZ,,400,,,,,400,"{""close"":""46.45"",""cost_basis"":""19846.15"",""market_value"":""18580.00"",""price_date"":""20260803"",""quantity"":400,""realized_pnl"":""0.00"",""stale_trade_days"":0,""ts_code"":""002837.SZ""}",06b76f98ebd0e34afbd6287bcefba6f09678a15c283c55e07a54af8daca4e466,docker-scheduler
fd7bebd88e13f12728d4,54666831b3be07f6a457,2026-08-03T11:52:59.396796+00:00,model_top20,20260803,6,POSITION,20260803:003022.SZ,3ce150eec9d41ebcb8b55362786e6c6162c8c7f62cfe94e1cdd5b90c405d459f,003022.SZ,,1100,,,,,1100,"{""close"":""19.24"",""cost_basis"":""21016.51"",""market_value"":""21164.00"",""price_date"":""20260803"",""quantity"":1100,""realized_pnl"":""0.00"",""stale_trade_days"":0,""ts_code"":""003022.SZ""}",f9f02b47c12f37411ddfeab3a2053df5b6a687b29a86c93365bede10f8b64136,docker-scheduler
bb86c41681ff2f7ba2e2,54666831b3be07f6a457,2026-08-03T11:52:59.396796+00:00,model_top20,20260803,7,POSITION,20260803:300136.SZ,3ce150eec9d41ebcb8b55362786e6c6162c8c7f62cfe94e1cdd5b90c405d459f,300136.SZ,,300,,,,,300,"{""close"":""56.5"",""cost_basis"":""23275.21"",""market_value"":""16950.00"",""price_date"":""20260803"",""quantity"":300,""realized_pnl"":""0.00"",""stale_trade_days"":0,""ts_code"":""300136.SZ""}",60b2ba53c3517a66cd69d984adbcda731588f8a4bdde55a4521dcfc06668b384,docker-scheduler
c3ac7d37d29e7ac9ce72,54666831b3be07f6a457,2026-08-03T11:52:59.396796+00:00,model_top20,20260803,8,POSITION,20260803:300395.SZ,3ce150eec9d41ebcb8b55362786e6c6162c8c7f62cfe94e1cdd5b90c405d459f,300395.SZ,,200,,,,,200,"{""close"":""70.89"",""cost_basis"":""15405.15"",""market_value"":""14178.00"",""price_date"":""20260803"",""quantity"":200,""realized_pnl"":""0.00"",""stale_trade_days"":0,""ts_code"":""300395.SZ""}",f884293cf37414248b0b78c5f8edc896339cb4a071d1b37255b343e4eba7dc3a,docker-scheduler
cd63591a1cff8f5c9171,54666831b3be07f6a457,2026-08-03T11:52:59.396796+00:00,model_top20,20260803,9,POSITION,20260803:300476.SZ,3ce150eec9d41ebcb8b55362786e6c6162c8c7f62cfe94e1cdd5b90c405d459f,300476.SZ,,100,,,,,100,"{""close"":""189.3"",""cost_basis"":""20262.28"",""market_value"":""18930.00"",""price_date"":""20260803"",""quantity"":100,""realized_pnl"":""0.00"",""stale_trade_days"":0,""ts_code"":""300476.SZ""}",4271dc2a702e1824d59ea3f1b70e4be0f19719ada420a9d4082b67aca0f85da1,docker-scheduler
d4337065b7a64f4a1079,54666831b3be07f6a457,2026-08-03T11:52:59.396796+00:00,model_top20,20260803,10,POSITION,20260803:300548.SZ,3ce150eec9d41ebcb8b55362786e6c6162c8c7f62cfe94e1cdd5b90c405d459f,300548.SZ,,100,,,,,100,"{""close"":""141.02"",""cost_basis"":""14205.14"",""market_value"":""14102.00"",""price_date"":""20260803"",""quantity"":100,""realized_pnl"":""0.00"",""stale_trade_days"":0,""ts_code"":""300548.SZ""}",c7a51a88371f9e6e85fc8aa93ebd18a51b5595773597ba63e561c471ac531ed9,docker-scheduler
5e5523e4d5922ebb3de7,54666831b3be07f6a457,2026-08-03T11:52:59.396796+00:00,model_top20,20260803,11,POSITION,20260803:600111.SH,3ce150eec9d41ebcb8b55362786e6c6162c8c7f62cfe94e1cdd5b90c405d459f,600111.SH,,500,,,,,500,"{""close"":""40.03"",""cost_basis"":""19731.12"",""market_value"":""20015.00"",""price_date"":""20260803"",""quantity"":500,""realized_pnl"":""0.00"",""stale_trade_days"":0,""ts_code"":""600111.SH""}",90a053403e0d51e5a77ad2668a310154e345a5737d7beae5fbf8a6a0c08b545e,docker-scheduler
84ba21d4c05a7769d25a,54666831b3be07f6a457,2026-08-03T11:52:59.396796+00:00,model_top20,20260803,12,POSITION,20260803:600498.SH,3ce150eec9d41ebcb8b55362786e6c6162c8c7f62cfe94e1cdd5b90c405d459f,600498.SH,,600,,,,,600,"{""close"":""32.9"",""cost_basis"":""20544.37"",""market_value"":""19740.00"",""price_date"":""20260803"",""quantity"":600,""realized_pnl"":""0.00"",""stale_trade_days"":0,""ts_code"":""600498.SH""}",6397e82506bfc483a5a92777fc97d94ce576130df52eefde55df37811f90d79c,docker-scheduler
6b52eb5ddf200eed6afa,54666831b3be07f6a457,2026-08-03T11:52:59.396796+00:00,model_top20,20260803,13,POSITION,20260803:603119.SH,3ce150eec9d41ebcb8b55362786e6c6162c8c7f62cfe94e1cdd5b90c405d459f,603119.SH,,500,,,,,500,"{""close"":""48.78"",""cost_basis"":""22006.82"",""market_value"":""24390.00"",""price_date"":""20260803"",""quantity"":500,""realized_pnl"":""0.00"",""stale_trade_days"":0,""ts_code"":""603119.SH""}",5d3d8fa2029a631b165fb4fbecaf0e547b1c8fec3854e58c4d63a3046660a9cd,docker-scheduler
c2d3c678ef432b9d5984,54666831b3be07f6a457,2026-08-03T11:52:59.396796+00:00,model_top20,20260803,14,POSITION,20260803:603308.SH,3ce150eec9d41ebcb8b55362786e6c6162c8c7f62cfe94e1cdd5b90c405d459f,603308.SH,,500,,,,,500,"{""close"":""43.22"",""cost_basis"":""24002.44"",""market_value"":""21610.00"",""price_date"":""20260803"",""quantity"":500,""realized_pnl"":""0.00"",""stale_trade_days"":0,""ts_code"":""603308.SH""}",aefc7323d99ab17fb787e49382f4dc84ebcea3469511fd41949671e55d0c62b9,docker-scheduler
b79b52eedfe14ab018b5,54666831b3be07f6a457,2026-08-03T11:52:59.396796+00:00,model_top20,20260803,15,POSITION,20260803:688166.SH,3ce150eec9d41ebcb8b55362786e6c6162c8c7f62cfe94e1cdd5b90c405d459f,688166.SH,,713,,,,,713,"{""close"":""34.57"",""cost_basis"":""22402.27"",""market_value"":""24648.41"",""price_date"":""20260803"",""quantity"":713,""realized_pnl"":""0.00"",""stale_trade_days"":0,""ts_code"":""688166.SH""}",66b194d1458a2a9adb6db6ce1b0c38a9d7e63dc44ce4c57556beb1dacf9b39b7,docker-scheduler
c815ac5d341eae66a154,54666831b3be07f6a457,2026-08-03T11:52:59.396796+00:00,model_top20,20260803,16,POSITION,20260803:688313.SH,3ce150eec9d41ebcb8b55362786e6c6162c8c7f62cfe94e1cdd5b90c405d459f,688313.SH,,233,,,,,233,"{""close"":""96.77"",""cost_basis"":""22374.93"",""market_value"":""22547.41"",""price_date"":""20260803"",""quantity"":233,""realized_pnl"":""0.00"",""stale_trade_days"":0,""ts_code"":""688313.SH""}",05b1026282f03bb6ba0c3ca99d89a27527acbf43fdf353f4d3327a1f3813d08a,docker-scheduler
d0fa2eff27fe4367e95a,54666831b3be07f6a457,2026-08-03T11:52:59.396796+00:00,model_top20,20260803,17,POSITION,20260803:688343.SH,3ce150eec9d41ebcb8b55362786e6c6162c8c7f62cfe94e1cdd5b90c405d459f,688343.SH,,393,,,,,393,"{""close"":""54.31"",""cost_basis"":""22407.94"",""market_value"":""21343.83"",""price_date"":""20260803"",""quantity"":393,""realized_pnl"":""0.00"",""stale_trade_days"":0,""ts_code"":""688343.SH""}",555a1f3386c7ce1eb810e35d301c0c7eb87c3ef1e27ffa954af5dccbfeb2398d,docker-scheduler
028c89deeb01c81214de,54666831b3be07f6a457,2026-08-03T11:52:59.396796+00:00,model_top20,20260803,18,CASH,20260803,3ce150eec9d41ebcb8b55362786e6c6162c8c7f62cfe94e1cdd5b90c405d459f,,,,,,,99941.57,,"{""cash"":""99941.57""}",bf1a83b0b25721b0bd189fc4b2c8bf5d3bc875e234b6db43bcbb32232636c6bb,docker-scheduler
0c08fa8ae5e7c0c37677,54666831b3be07f6a457,2026-08-03T11:52:59.396796+00:00,model_top20,20260803,19,NAV,20260803,3ce150eec9d41ebcb8b55362786e6c6162c8c7f62cfe94e1cdd5b90c405d459f,,,,,,,99941.57,,"{""benchmark_nav"":""0.9647859350824590350901211527"",""cash"":""99941.57"",""cash_ratio"":""0.2232486968838286447301424923"",""cumulative_dividends"":""48.00"",""cumulative_fees"":""477.69"",""daily_fees"":""0.00"",""drawdown"":""-0.10466156"",""equation_difference"":""0.00"",""freshness_status"":""PASS"",""market_value"":""347727.65"",""net_asset"":""447669.22"",""net_excess"":""-0.0694474950824590350901211527"",""normalized_nav"":""0.89533844"",""positions"":[{""close"":""13.12"",""cost_basis"":""28129.53"",""market_value"":""22304.00"",""price_date"":""20260803"",""quantity"":1700,""realized_pnl"":""0.00"",""stale_trade_days"":0,""ts_code"":""000032.SZ""},{""close"":""6.35"",""cost_basis"":""22161.87"",""market_value"":""22225.00"",""price_date"":""20260803"",""quantity"":3500,""realized_pnl"":""0.00"",""stale_trade_days"":0,""ts_code"":""000060.SZ""},{""close"":""22.02"",""cost_basis"":""21666.72"",""market_value"":""22020.00"",""price_date"":""20260803"",""quantity"":1000,""realized_pnl"":""0.00"",""stale_trade_days"":0,""ts_code"":""000062.SZ""},{""close"":""38.3"",""cost_basis"":""21912.79"",""market_value"":""22980.00"",""price_date"":""20260803"",""quantity"":600,""realized_pnl"":""0.00"",""stale_trade_days"":0,""ts_code"":""002050.SZ""},{""close"":""46.45"",""cost_basis"":""19846.15"",""market_value"":""18580.00"",""price_date"":""20260803"",""quantity"":400,""realized_pnl"":""0.00"",""stale_trade_days"":0,""ts_code"":""002837.SZ""},{""close"":""19.24"",""cost_basis"":""21016.51"",""market_value"":""21164.00"",""price_date"":""20260803"",""quantity"":1100,""realized_pnl"":""0.00"",""stale_trade_days"":0,""ts_code"":""003022.SZ""},{""close"":""56.5"",""cost_basis"":""23275.21"",""market_value"":""16950.00"",""price_date"":""20260803"",""quantity"":300,""realized_pnl"":""0.00"",""stale_trade_days"":0,""ts_code"":""300136.SZ""},{""close"":""70.89"",""cost_basis"":""15405.15"",""market_value"":""14178.00"",""price_date"":""20260803"",""quantity"":200,""realized_pnl"":""0.00"",""stale_trade_days"":0,""ts_code"":""300395.SZ""},{""close"":""189.3"",""cost_basis"":""20262.28"",""market_value"":""18930.00"",""price_date"":""20260803"",""quantity"":100,""realized_pnl"":""0.00"",""stale_trade_days"":0,""ts_code"":""300476.SZ""},{""close"":""141.02"",""cost_basis"":""14205.14"",""market_value"":""14102.00"",""price_date"":""20260803"",""quantity"":100,""realized_pnl"":""0.00"",""stale_trade_days"":0,""ts_code"":""300548.SZ""},{""close"":""40.03"",""cost_basis"":""19731.12"",""market_value"":""20015.00"",""price_date"":""20260803"",""quantity"":500,""realized_pnl"":""0.00"",""stale_trade_days"":0,""ts_code"":""600111.SH""},{""close"":""32.9"",""cost_basis"":""20544.37"",""market_value"":""19740.00"",""price_date"":""20260803"",""quantity"":600,""realized_pnl"":""0.00"",""stale_trade_days"":0,""ts_code"":""600498.SH""},{""close"":""48.78"",""cost_basis"":""22006.82"",""market_value"":""24390.00"",""price_date"":""20260803"",""quantity"":500,""realized_pnl"":""0.00"",""stale_trade_days"":0,""ts_code"":""603119.SH""},{""close"":""43.22"",""cost_basis"":""24002.44"",""market_value"":""21610.00"",""price_date"":""20260803"",""quantity"":500,""realized_pnl"":""0.00"",""stale_trade_days"":0,""ts_code"":""603308.SH""},{""close"":""34.57"",""cost_basis"":""22402.27"",""market_value"":""24648.41"",""price_date"":""20260803"",""quantity"":713,""realized_pnl"":""0.00"",""stale_trade_days"":0,""ts_code"":""688166.SH""},{""close"":""96.77"",""cost_basis"":""22374.93"",""market_value"":""22547.41"",""price_date"":""20260803"",""quantity"":233,""realized_pnl"":""0.00"",""stale_trade_days"":0,""ts_code"":""688313.SH""},{""close"":""54.31"",""cost_basis"":""22407.94"",""market_value"":""21343.83"",""price_date"":""20260803"",""quantity"":393,""realized_pnl"":""0.00"",""stale_trade_days"":0,""ts_code"":""688343.SH""}],""trade_date"":""20260803"",""turnover"":""0""}",781363eb0f9b513ace0ee1f61672823b08c966b4e62216206afbe99b00051621,docker-scheduler
fb4a5b0d92fb93371816,f1ab1e0df6f2b9611c36,2026-08-04T11:53:27.529735+00:00,model_baseline,20260804,1,POSITION,20260804:000032.SZ,c280a90bbc637371f77a819e69c15592bdd23b7828f5491db5860cdfe27018bf,000032.SZ,,1100,,,,,1100,"{""close"":""13.92"",""cost_basis"":""18179.19"",""market_value"":""15312.00"",""price_date"":""20260804"",""quantity"":1100,""realized_pnl"":""0.00"",""stale_trade_days"":0,""ts_code"":""000032.SZ""}",c35735541ffe6df10f4a75adf876a33bc5c0124ce8ef6a951faff40c484d46a5,docker-scheduler
dd0842c25cc1dfb79b37,f1ab1e0df6f2b9611c36,2026-08-04T11:53:27.529735+00:00,model_baseline,20260804,2,POSITION,20260804:000060.SZ,c280a90bbc637371f77a819e69c15592bdd23b7828f5491db5860cdfe27018bf,000060.SZ,,2400,,,,,2400,"{""close"":""6.45"",""cost_basis"":""15197.15"",""market_value"":""15480.00"",""price_date"":""20260804"",""quantity"":2400,""realized_pnl"":""0.00"",""stale_trade_days"":0,""ts_code"":""000060.SZ""}",ac0487fa276e359daab0d591eec2e36f6e313c999fe35d0bb92413e994cf045a,docker-scheduler
a32bd3c3caf813c8dd78,f1ab1e0df6f2b9611c36,2026-08-04T11:53:27.529735+00:00,model_baseline,20260804,3,POSITION,20260804:000062.SZ,c280a90bbc637371f77a819e69c15592bdd23b7828f5491db5860cdfe27018bf,000062.SZ,,700,,,,,700,"{""close"":""22.6"",""cost_basis"":""15167.15"",""market_value"":""15820.00"",""price_date"":""20260804"",""quantity"":700,""realized_pnl"":""0.00"",""stale_trade_days"":0,""ts_code"":""000062.SZ""}",8a0dd717f21992a98cb97b21ca182a238d6297d4e49771959e67c81b11cccfa1,docker-scheduler
9f5d4746a96107c29ac1,f1ab1e0df6f2b9611c36,2026-08-04T11:53:27.529735+00:00,model_baseline,20260804,4,POSITION,20260804:002050.SZ,c280a90bbc637371f77a819e69c15592bdd23b7828f5491db5860cdfe27018bf,002050.SZ,,400,,,,,400,"{""close"":""38.74"",""cost_basis"":""14609.15"",""market_value"":""15496.00"",""price_date"":""20260804"",""quantity"":400,""realized_pnl"":""0.00"",""stale_trade_days"":0,""ts_code"":""002050.SZ""}",7717f2e134a77187ab0a8ea58637490619d31946ae96cd657f7a0f61f3820502,docker-scheduler
94597fbed37d4114f8bd,f1ab1e0df6f2b9611c36,2026-08-04T11:53:27.529735+00:00,model_baseline,20260804,5,POSITION,20260804:002837.SZ,c280a90bbc637371f77a819e69c15592bdd23b7828f5491db5860cdfe27018bf,002837.SZ,,300,,,,,300,"{""close"":""49.43"",""cost_basis"":""14885.15"",""market_value"":""14829.00"",""price_date"":""20260804"",""quantity"":300,""realized_pnl"":""0.00"",""stale_trade_days"":0,""ts_code"":""002837.SZ""}",3c72ccc971287a6691b01fc4ae0c3cb51caaae3b91e07cd6fd3d0c42290b7542,docker-scheduler
1413016d8838cd732be2,f1ab1e0df6f2b9611c36,2026-08-04T11:53:27.529735+00:00,model_baseline,20260804,6,POSITION,20260804:003022.SZ,c280a90bbc637371f77a819e69c15592bdd23b7828f5491db5860cdfe27018bf,003022.SZ,,800,,,,,800,"{""close"":""19.7"",""cost_basis"":""15285.15"",""market_value"":""15760.00"",""price_date"":""20260804"",""quantity"":800,""realized_pnl"":""0.00"",""stale_trade_days"":0,""ts_code"":""003022.SZ""}",f6d0e8c924eada5e27d14f76a21f4ff009f5075cc0d9f99a9a401c3edc725d04,docker-scheduler
83e8308015418f6ee309,f1ab1e0df6f2b9611c36,2026-08-04T11:53:27.529735+00:00,model_baseline,20260804,7,POSITION,20260804:300136.SZ,c280a90bbc637371f77a819e69c15592bdd23b7828f5491db5860cdfe27018bf,300136.SZ,,200,,,,,200,"{""close"":""59.55"",""cost_basis"":""15517.16"",""market_value"":""11910.00"",""price_date"":""20260804"",""quantity"":200,""realized_pnl"":""0.00"",""stale_trade_days"":0,""ts_code"":""300136.SZ""}",835075e4ac028f73b8aec2804132782a324e0490a273634ff074a0c247c46a59,docker-scheduler
589cdd1f9a1730afa5ec,f1ab1e0df6f2b9611c36,2026-08-04T11:53:27.529735+00:00,model_baseline,20260804,8,POSITION,20260804:300395.SZ,c280a90bbc637371f77a819e69c15592bdd23b7828f5491db5860cdfe27018bf,300395.SZ,,200,,,,,200,"{""close"":""75.05"",""cost_basis"":""15405.15"",""market_value"":""15010.00"",""price_date"":""20260804"",""quantity"":200,""realized_pnl"":""0.00"",""stale_trade_days"":0,""ts_code"":""300395.SZ""}",84c8e042a841aa0aae2cf6c664d05d59e640efd294e341f50ebef655f9c1c6e6,docker-scheduler
011804e57d9e32af51df,f1ab1e0df6f2b9611c36,2026-08-04T11:53:27.529735+00:00,model_baseline,20260804,9,POSITION,20260804:300548.SZ,c280a90bbc637371f77a819e69c15592bdd23b7828f5491db5860cdfe27018bf,300548.SZ,,100,,,,,100,"{""close"":""159.6"",""cost_basis"":""14205.14"",""market_value"":""15960.00"",""price_date"":""20260804"",""quantity"":100,""realized_pnl"":""0.00"",""stale_trade_days"":0,""ts_code"":""300548.SZ""}",23480a6d4f78e1d5c7f04c20e61486373a393b00c36567997b3a6841f1865844,docker-scheduler
165cc025ccd833e50dec,f1ab1e0df6f2b9611c36,2026-08-04T11:53:27.529735+00:00,model_baseline,20260804,10,POSITION,20260804:300751.SZ,c280a90bbc637371f77a819e69c15592bdd23b7828f5491db5860cdfe27018bf,300751.SZ,,100,,,,,100,"{""close"":""155.87"",""cost_basis"":""15505.16"",""market_value"":""15587.00"",""price_date"":""20260804"",""quantity"":100,""realized_pnl"":""0.00"",""stale_trade_days"":0,""ts_code"":""300751.SZ""}",68054ce75468bd8a60ed37a8f760573b42eeb42e5ec1995ce79527b393ca4881,docker-scheduler
bd86457a1aaa8193d10f,f1ab1e0df6f2b9611c36,2026-08-04T11:53:27.529735+00:00,model_baseline,20260804,11,POSITION,20260804:600105.SH,c280a90bbc637371f77a819e69c15592bdd23b7828f5491db5860cdfe27018bf,600105.SH,,400,,,,,400,"{""close"":""34.29"",""cost_basis"":""14109.14"",""market_value"":""13716.00"",""price_date"":""20260804"",""quantity"":400,""realized_pnl"":""0.00"",""stale_trade_days"":0,""ts_code"":""600105.SH""}",17758e611aefb6804b94e69e8c1993a9e11f40626077b96f5d3fb51391ee209f,docker-scheduler
8330bfbf484cc6014405,f1ab1e0df6f2b9611c36,2026-08-04T11:53:27.529735+00:00,model_baseline,20260804,12,POSITION,20260804:600111.SH,c280a90bbc637371f77a819e69c15592bdd23b7828f5491db5860cdfe27018bf,600111.SH,,300,,,,,300,"{""close"":""40.47"",""cost_basis"":""11840.12"",""market_value"":""12141.00"",""price_date"":""20260804"",""quantity"":300,""realized_pnl"":""0.00"",""stale_trade_days"":0,""ts_code"":""600111.SH""}",c5b4ad6665972a75f97416f18faa8b27c5e8014a9bcb6d141eff7124ea789647,docker-scheduler
8e894924e8a47181a5e9,f1ab1e0df6f2b9611c36,2026-08-04T11:53:27.529735+00:00,model_baseline,20260804,13,POSITION,20260804:600176.SH,c280a90bbc637371f77a819e69c15592bdd23b7828f5491db5860cdfe27018bf,600176.SH,,300,,,,,300,"{""close"":""36.19"",""cost_basis"":""12074.12"",""market_value"":""10857.00"",""price_date"":""20260804"",""quantity"":300,""realized_pnl"":""0.00"",""stale_trade_days"":0,""ts_code"":""600176.SH""}",32908fe030617bb0085a0b5fd61cd52539c8b254189bd236050783604c7a55a9,docker-scheduler
a0251c50acc5ca730376,f1ab1e0df6f2b9611c36,2026-08-04T11:53:27.529735+00:00,model_baseline,20260804,14,POSITION,20260804:600378.SH,c280a90bbc637371f77a819e69c15592bdd23b7828f5491db5860cdfe27018bf,600378.SH,,300,,,,,300,"{""close"":""41.47"",""cost_basis"":""12875.13"",""market_value"":""12441.00"",""price_date"":""20260804"",""quantity"":300,""realized_pnl"":""0.00"",""stale_trade_days"":0,""ts_code"":""600378.SH""}",f14c69d81181a6603432c3dc1118ee72b99be7de017aa3db032cea88f71cb9e5,docker-scheduler
987188ef68aa2039a4d8,f1ab1e0df6f2b9611c36,2026-08-04T11:53:27.529735+00:00,model_baseline,20260804,15,POSITION,20260804:600498.SH,c280a90bbc637371f77a819e69c15592bdd23b7828f5491db5860cdfe27018bf,600498.SH,,400,,,,,400,"{""close"":""34.46"",""cost_basis"":""13697.14"",""market_value"":""13784.00"",""price_date"":""20260804"",""quantity"":400,""realized_pnl"":""0.00"",""stale_trade_days"":0,""ts_code"":""600498.SH""}",56a514dd302a3aa0e29b24e395d8e9b2d98cadf4281f29565a4b8a3be1d2fe05,docker-scheduler
19892de6a345a51f8238,f1ab1e0df6f2b9611c36,2026-08-04T11:53:27.529735+00:00,model_baseline,20260804,16,POSITION,20260804:601138.SH,c280a90bbc637371f77a819e69c15592bdd23b7828f5491db5860cdfe27018bf,601138.SH,,200,,,,,200,"{""close"":""59.93"",""cost_basis"":""11433.11"",""market_value"":""11986.00"",""price_date"":""20260804"",""quantity"":200,""realized_pnl"":""0.00"",""stale_trade_days"":0,""ts_code"":""601138.SH""}",2209f1cd4806816fa4864d3398cc55b7402da2a703ed4697c36f015a52798d52,docker-scheduler
6f5493018ddf305ef0c1,f1ab1e0df6f2b9611c36,2026-08-04T11:53:27.529735+00:00,model_baseline,20260804,17,POSITION,20260804:603119.SH,c280a90bbc637371f77a819e69c15592bdd23b7828f5491db5860cdfe27018bf,603119.SH,,300,,,,,300,"{""close"":""52.09"",""cost_basis"":""13205.13"",""market_value"":""15627.00"",""price_date"":""20260804"",""quantity"":300,""realized_pnl"":""0.00"",""stale_trade_days"":0,""ts_code"":""603119.SH""}",1f6df108e31eef7f54131d7f5f8560a7825bd407fbc63dbf5447af83b0af23d3,docker-scheduler
f653181fdc31d2e66822,f1ab1e0df6f2b9611c36,2026-08-04T11:53:27.529735+00:00,model_baseline,20260804,18,POSITION,20260804:603308.SH,c280a90bbc637371f77a819e69c15592bdd23b7828f5491db5860cdfe27018bf,603308.SH,,300,,,,,300,"{""close"":""45.47"",""cost_basis"":""14402.14"",""market_value"":""13641.00"",""price_date"":""20260804"",""quantity"":300,""realized_pnl"":""0.00"",""stale_trade_days"":0,""ts_code"":""603308.SH""}",9c1add678845433c3c7fff96411ce54ab84ec4ed4b2957a820414146cd6721c6,docker-scheduler
9d63dc244d624bb0635b,f1ab1e0df6f2b9611c36,2026-08-04T11:53:27.529735+00:00,model_baseline,20260804,19,POSITION,20260804:688166.SH,c280a90bbc637371f77a819e69c15592bdd23b7828f5491db5860cdfe27018bf,688166.SH,,493,,,,,493,"{""close"":""34.99"",""cost_basis"":""15490.28"",""market_value"":""17250.07"",""price_date"":""20260804"",""quantity"":493,""realized_pnl"":""0.00"",""stale_trade_days"":0,""ts_code"":""688166.SH""}",bb16ef03c4d0316e1cb4dedb906866be6f6855067515e51a87c05ff61deef37b,docker-scheduler
a098432e7b8b61d33b1e,f1ab1e0df6f2b9611c36,2026-08-04T11:53:27.529735+00:00,model_baseline,20260804,20,POSITION,20260804:688343.SH,c280a90bbc637371f77a819e69c15592bdd23b7828f5491db5860cdfe27018bf,688343.SH,,271,,,,,271,"{""close"":""56.7"",""cost_basis"":""15452.15"",""market_value"":""15365.70"",""price_date"":""20260804"",""quantity"":271,""realized_pnl"":""0.00"",""stale_trade_days"":0,""ts_code"":""688343.SH""}",931011dffa107556cdc1923ee9f889627402fa725da14d67e7d189ea4bd8da92,docker-scheduler
6f3e007a00864ac64fc5,f1ab1e0df6f2b9611c36,2026-08-04T11:53:27.529735+00:00,model_baseline,20260804,21,POSITION,20260804:688676.SH,c280a90bbc637371f77a819e69c15592bdd23b7828f5491db5860cdfe27018bf,688676.SH,,231,,,,,231,"{""close"":""67.53"",""cost_basis"":""15502.94"",""market_value"":""15599.43"",""price_date"":""20260804"",""quantity"":231,""realized_pnl"":""0.00"",""stale_trade_days"":0,""ts_code"":""688676.SH""}",99e57f9b7e6cbd7c2cbdb83932a6a47dbc5b23bb7c327784b9761e9ab18e40f5,docker-scheduler
f0ce491db5b93e1f268c,f1ab1e0df6f2b9611c36,2026-08-04T11:53:27.529735+00:00,model_baseline,20260804,22,POSITION,20260804:688709.SH,c280a90bbc637371f77a819e69c15592bdd23b7828f5491db5860cdfe27018bf,688709.SH,,603,,,,,603,"{""close"":""25.41"",""cost_basis"":""15502.25"",""market_value"":""15322.23"",""price_date"":""20260804"",""quantity"":603,""realized_pnl"":""0.00"",""stale_trade_days"":0,""ts_code"":""688709.SH""}",e8a0ff678188ff81fd0fa61590c270c51a3662141f211fcf26ca0796bc487831,docker-scheduler
ebd508baa07b3c20c60c,f1ab1e0df6f2b9611c36,2026-08-04T11:53:27.529735+00:00,model_baseline,20260804,23,CASH,20260804,c280a90bbc637371f77a819e69c15592bdd23b7828f5491db5860cdfe27018bf,,,,,,,153697.32,,"{""cash"":""153697.32""}",7b3ee7358d82632da8cacc0218473b1b8680a745e64ba5f00ea6d7843f46a94c,docker-scheduler
e08a85479408c4374904,f1ab1e0df6f2b9611c36,2026-08-04T11:53:27.529735+00:00,model_baseline,20260804,24,NAV,20260804,c280a90bbc637371f77a819e69c15592bdd23b7828f5491db5860cdfe27018bf,,,,,,,153697.32,,"{""benchmark_nav"":""0.9804482929392473837012875502"",""cash"":""153697.32"",""cash_ratio"":""0.3252221817245011153918789314"",""cumulative_dividends"":""32.00"",""cumulative_fees"":""438.23"",""daily_fees"":""0.00"",""drawdown"":""-0.0548165"",""equation_difference"":""0.00"",""freshness_status"":""PASS"",""market_value"":""318894.43"",""net_asset"":""472591.75"",""net_excess"":""-0.0352647929392473837012875502"",""normalized_nav"":""0.9451835"",""positions"":[{""close"":""13.92"",""cost_basis"":""18179.19"",""market_value"":""15312.00"",""price_date"":""20260804"",""quantity"":1100,""realized_pnl"":""0.00"",""stale_trade_days"":0,""ts_code"":""000032.SZ""},{""close"":""6.45"",""cost_basis"":""15197.15"",""market_value"":""15480.00"",""price_date"":""20260804"",""quantity"":2400,""realized_pnl"":""0.00"",""stale_trade_days"":0,""ts_code"":""000060.SZ""},{""close"":""22.6"",""cost_basis"":""15167.15"",""market_value"":""15820.00"",""price_date"":""20260804"",""quantity"":700,""realized_pnl"":""0.00"",""stale_trade_days"":0,""ts_code"":""000062.SZ""},{""close"":""38.74"",""cost_basis"":""14609.15"",""market_value"":""15496.00"",""price_date"":""20260804"",""quantity"":400,""realized_pnl"":""0.00"",""stale_trade_days"":0,""ts_code"":""002050.SZ""},{""close"":""49.43"",""cost_basis"":""14885.15"",""market_value"":""14829.00"",""price_date"":""20260804"",""quantity"":300,""realized_pnl"":""0.00"",""stale_trade_days"":0,""ts_code"":""002837.SZ""},{""close"":""19.7"",""cost_basis"":""15285.15"",""market_value"":""15760.00"",""price_date"":""20260804"",""quantity"":800,""realized_pnl"":""0.00"",""stale_trade_days"":0,""ts_code"":""003022.SZ""},{""close"":""59.55"",""cost_basis"":""15517.16"",""market_value"":""11910.00"",""price_date"":""20260804"",""quantity"":200,""realized_pnl"":""0.00"",""stale_trade_days"":0,""ts_code"":""300136.SZ""},{""close"":""75.05"",""cost_basis"":""15405.15"",""market_value"":""15010.00"",""price_date"":""20260804"",""quantity"":200,""realized_pnl"":""0.00"",""stale_trade_days"":0,""ts_code"":""300395.SZ""},{""close"":""159.6"",""cost_basis"":""14205.14"",""market_value"":""15960.00"",""price_date"":""20260804"",""quantity"":100,""realized_pnl"":""0.00"",""stale_trade_days"":0,""ts_code"":""300548.SZ""},{""close"":""155.87"",""cost_basis"":""15505.16"",""market_value"":""15587.00"",""price_date"":""20260804"",""quantity"":100,""realized_pnl"":""0.00"",""stale_trade_days"":0,""ts_code"":""300751.SZ""},{""close"":""34.29"",""cost_basis"":""14109.14"",""market_value"":""13716.00"",""price_date"":""20260804"",""quantity"":400,""realized_pnl"":""0.00"",""stale_trade_days"":0,""ts_code"":""600105.SH""},{""close"":""40.47"",""cost_basis"":""11840.12"",""market_value"":""12141.00"",""price_date"":""20260804"",""quantity"":300,""realized_pnl"":""0.00"",""stale_trade_days"":0,""ts_code"":""600111.SH""},{""close"":""36.19"",""cost_basis"":""12074.12"",""market_value"":""10857.00"",""price_date"":""20260804"",""quantity"":300,""realized_pnl"":""0.00"",""stale_trade_days"":0,""ts_code"":""600176.SH""},{""close"":""41.47"",""cost_basis"":""12875.13"",""market_value"":""12441.00"",""price_date"":""20260804"",""quantity"":300,""realized_pnl"":""0.00"",""stale_trade_days"":0,""ts_code"":""600378.SH""},{""close"":""34.46"",""cost_basis"":""13697.14"",""market_value"":""13784.00"",""price_date"":""20260804"",""quantity"":400,""realized_pnl"":""0.00"",""stale_trade_days"":0,""ts_code"":""600498.SH""},{""close"":""59.93"",""cost_basis"":""11433.11"",""market_value"":""11986.00"",""price_date"":""20260804"",""quantity"":200,""realized_pnl"":""0.00"",""stale_trade_days"":0,""ts_code"":""601138.SH""},{""close"":""52.09"",""cost_basis"":""13205.13"",""market_value"":""15627.00"",""price_date"":""20260804"",""quantity"":300,""realized_pnl"":""0.00"",""stale_trade_days"":0,""ts_code"":""603119.SH""},{""close"":""45.47"",""cost_basis"":""14402.14"",""market_value"":""13641.00"",""price_date"":""20260804"",""quantity"":300,""realized_pnl"":""0.00"",""stale_trade_days"":0,""ts_code"":""603308.SH""},{""close"":""34.99"",""cost_basis"":""15490.28"",""market_value"":""17250.07"",""price_date"":""20260804"",""quantity"":493,""realized_pnl"":""0.00"",""stale_trade_days"":0,""ts_code"":""688166.SH""},{""close"":""56.7"",""cost_basis"":""15452.15"",""market_value"":""15365.70"",""price_date"":""20260804"",""quantity"":271,""realized_pnl"":""0.00"",""stale_trade_days"":0,""ts_code"":""688343.SH""},{""close"":""67.53"",""cost_basis"":""15502.94"",""market_value"":""15599.43"",""price_date"":""20260804"",""quantity"":231,""realized_pnl"":""0.00"",""stale_trade_days"":0,""ts_code"":""688676.SH""},{""close"":""25.41"",""cost_basis"":""15502.25"",""market_value"":""15322.23"",""price_date"":""20260804"",""quantity"":603,""realized_pnl"":""0.00"",""stale_trade_days"":0,""ts_code"":""688709.SH""}],""trade_date"":""20260804"",""turnover"":""0""}",4a09e582f4adf4184990a717e4a4ee7ac7951fd03499c1abcd33178c423c6482,docker-scheduler
9074d99a06b140eb2d1b,6d36c0a54d70728eb5eb,2026-08-04T11:53:48.495385+00:00,model_top20,20260804,1,POSITION,20260804:000032.SZ,c280a90bbc637371f77a819e69c15592bdd23b7828f5491db5860cdfe27018bf,000032.SZ,,1700,,,,,1700,"{""close"":""13.92"",""cost_basis"":""28129.53"",""market_value"":""23664.00"",""price_date"":""20260804"",""quantity"":1700,""realized_pnl"":""0.00"",""stale_trade_days"":0,""ts_code"":""000032.SZ""}",ddd5e93dbfe3cc9c4111e0ec9b65481ef1b3c1ed617f8b27fa097e8f2151f624,docker-scheduler
f096697a97a5a9b3e10c,6d36c0a54d70728eb5eb,2026-08-04T11:53:48.495385+00:00,model_top20,20260804,2,POSITION,20260804:000060.SZ,c280a90bbc637371f77a819e69c15592bdd23b7828f5491db5860cdfe27018bf,000060.SZ,,3500,,,,,3500,"{""close"":""6.45"",""cost_basis"":""22161.87"",""market_value"":""22575.00"",""price_date"":""20260804"",""quantity"":3500,""realized_pnl"":""0.00"",""stale_trade_days"":0,""ts_code"":""000060.SZ""}",d842891ef83c7359d7da12e03002ac485949ac70d93a25fdb5a7c999397a3f0e,docker-scheduler
99197c0571339c0b9571,6d36c0a54d70728eb5eb,2026-08-04T11:53:48.495385+00:00,model_top20,20260804,3,POSITION,20260804:000062.SZ,c280a90bbc637371f77a819e69c15592bdd23b7828f5491db5860cdfe27018bf,000062.SZ,,1000,,,,,1000,"{""close"":""22.6"",""cost_basis"":""21666.72"",""market_value"":""22600.00"",""price_date"":""20260804"",""quantity"":1000,""realized_pnl"":""0.00"",""stale_trade_days"":0,""ts_code"":""000062.SZ""}",19bdbb6a58afac3a2aa12178c5f979ef83d6fb1fb0aa999003d6e92407c788f6,docker-scheduler
8edc24a6a51f9ac44e9a,6d36c0a54d70728eb5eb,2026-08-04T11:53:48.495385+00:00,model_top20,20260804,4,POSITION,20260804:002050.SZ,c280a90bbc637371f77a819e69c15592bdd23b7828f5491db5860cdfe27018bf,002050.SZ,,600,,,,,600,"{""close"":""38.74"",""cost_basis"":""21912.79"",""market_value"":""23244.00"",""price_date"":""20260804"",""quantity"":600,""realized_pnl"":""0.00"",""stale_trade_days"":0,""ts_code"":""002050.SZ""}",cd6a53220d1616e5fc133c0ba5ff84d6af496cc2f2cdf51107110e323c6281ea,docker-scheduler
f9c17d7b2231a399a4f0,6d36c0a54d70728eb5eb,2026-08-04T11:53:48.495385+00:00,model_top20,20260804,5,POSITION,20260804:002837.SZ,c280a90bbc637371f77a819e69c15592bdd23b7828f5491db5860cdfe27018bf,002837.SZ,,400,,,,,400,"{""close"":""49.43"",""cost_basis"":""19846.15"",""market_value"":""19772.00"",""price_date"":""20260804"",""quantity"":400,""realized_pnl"":""0.00"",""stale_trade_days"":0,""ts_code"":""002837.SZ""}",7130b8f4217c1aeb42a474163956767be937a9a9f0a1e153a4dbc89041438ea9,docker-scheduler
b6f3f548e51608aa5eaa,6d36c0a54d70728eb5eb,2026-08-04T11:53:48.495385+00:00,model_top20,20260804,6,POSITION,20260804:003022.SZ,c280a90bbc637371f77a819e69c15592bdd23b7828f5491db5860cdfe27018bf,003022.SZ,,1100,,,,,1100,"{""close"":""19.7"",""cost_basis"":""21016.51"",""market_value"":""21670.00"",""price_date"":""20260804"",""quantity"":1100,""realized_pnl"":""0.00"",""stale_trade_days"":0,""ts_code"":""003022.SZ""}",32e9aa9d78756e804cb0bbd64512372b241e59563511d97be89b7e5c84cbe918,docker-scheduler
004ff1176e0f41f1f82a,6d36c0a54d70728eb5eb,2026-08-04T11:53:48.495385+00:00,model_top20,20260804,7,POSITION,20260804:300136.SZ,c280a90bbc637371f77a819e69c15592bdd23b7828f5491db5860cdfe27018bf,300136.SZ,,300,,,,,300,"{""close"":""59.55"",""cost_basis"":""23275.21"",""market_value"":""17865.00"",""price_date"":""20260804"",""quantity"":300,""realized_pnl"":""0.00"",""stale_trade_days"":0,""ts_code"":""300136.SZ""}",cbcca27eeb7d64e10f68cbcc573b4e5764da28518bc0d0a3bcf7a8efff5e2604,docker-scheduler
531fa838b162c48853d0,6d36c0a54d70728eb5eb,2026-08-04T11:53:48.495385+00:00,model_top20,20260804,8,POSITION,20260804:300395.SZ,c280a90bbc637371f77a819e69c15592bdd23b7828f5491db5860cdfe27018bf,300395.SZ,,200,,,,,200,"{""close"":""75.05"",""cost_basis"":""15405.15"",""market_value"":""15010.00"",""price_date"":""20260804"",""quantity"":200,""realized_pnl"":""0.00"",""stale_trade_days"":0,""ts_code"":""300395.SZ""}",84c8e042a841aa0aae2cf6c664d05d59e640efd294e341f50ebef655f9c1c6e6,docker-scheduler
5a0002378010606f6d6b,6d36c0a54d70728eb5eb,2026-08-04T11:53:48.495385+00:00,model_top20,20260804,9,POSITION,20260804:300476.SZ,c280a90bbc637371f77a819e69c15592bdd23b7828f5491db5860cdfe27018bf,300476.SZ,,100,,,,,100,"{""close"":""201.8"",""cost_basis"":""20262.28"",""market_value"":""20180.00"",""price_date"":""20260804"",""quantity"":100,""realized_pnl"":""0.00"",""stale_trade_days"":0,""ts_code"":""300476.SZ""}",3984d074ae6ac50e7890ee741a40329e205035b20764233bf1eb0c5a4fa9ebda,docker-scheduler
b2253c47717c9bed99e0,6d36c0a54d70728eb5eb,2026-08-04T11:53:48.495385+00:00,model_top20,20260804,10,POSITION,20260804:300548.SZ,c280a90bbc637371f77a819e69c15592bdd23b7828f5491db5860cdfe27018bf,300548.SZ,,100,,,,,100,"{""close"":""159.6"",""cost_basis"":""14205.14"",""market_value"":""15960.00"",""price_date"":""20260804"",""quantity"":100,""realized_pnl"":""0.00"",""stale_trade_days"":0,""ts_code"":""300548.SZ""}",23480a6d4f78e1d5c7f04c20e61486373a393b00c36567997b3a6841f1865844,docker-scheduler
4553746f1693601c1610,6d36c0a54d70728eb5eb,2026-08-04T11:53:48.495385+00:00,model_top20,20260804,11,POSITION,20260804:600111.SH,c280a90bbc637371f77a819e69c15592bdd23b7828f5491db5860cdfe27018bf,600111.SH,,500,,,,,500,"{""close"":""40.47"",""cost_basis"":""19731.12"",""market_value"":""20235.00"",""price_date"":""20260804"",""quantity"":500,""realized_pnl"":""0.00"",""stale_trade_days"":0,""ts_code"":""600111.SH""}",5f31bc33b9d36776855b22aee135cacb1db011c62ff7d7cdf4e208339bcad533,docker-scheduler
d973f7516dfbf5b4bff8,6d36c0a54d70728eb5eb,2026-08-04T11:53:48.495385+00:00,model_top20,20260804,12,POSITION,20260804:600498.SH,c280a90bbc637371f77a819e69c15592bdd23b7828f5491db5860cdfe27018bf,600498.SH,,600,,,,,600,"{""close"":""34.46"",""cost_basis"":""20544.37"",""market_value"":""20676.00"",""price_date"":""20260804"",""quantity"":600,""realized_pnl"":""0.00"",""stale_trade_days"":0,""ts_code"":""600498.SH""}",abf33cb9032bc84ad08c8a30841241112128e421d65efe9deb247dd87c4b3e29,docker-scheduler
f98a2800e68a820f3e17,6d36c0a54d70728eb5eb,2026-08-04T11:53:48.495385+00:00,model_top20,20260804,13,POSITION,20260804:603119.SH,c280a90bbc637371f77a819e69c15592bdd23b7828f5491db5860cdfe27018bf,603119.SH,,500,,,,,500,"{""close"":""52.09"",""cost_basis"":""22006.82"",""market_value"":""26045.00"",""price_date"":""20260804"",""quantity"":500,""realized_pnl"":""0.00"",""stale_trade_days"":0,""ts_code"":""603119.SH""}",46feba016073ad6bacb5c6141d016dac33dcb4f7f9253d37f156b98647a73a49,docker-scheduler
7dab8723152d1ac6ec32,6d36c0a54d70728eb5eb,2026-08-04T11:53:48.495385+00:00,model_top20,20260804,14,POSITION,20260804:603308.SH,c280a90bbc637371f77a819e69c15592bdd23b7828f5491db5860cdfe27018bf,603308.SH,,500,,,,,500,"{""close"":""45.47"",""cost_basis"":""24002.44"",""market_value"":""22735.00"",""price_date"":""20260804"",""quantity"":500,""realized_pnl"":""0.00"",""stale_trade_days"":0,""ts_code"":""603308.SH""}",cb9ec70d1d563f66106dc88eeca60526fa0f037d7574f17105802e195a0b03de,docker-scheduler
b55b8fa322744e71f4ff,6d36c0a54d70728eb5eb,2026-08-04T11:53:48.495385+00:00,model_top20,20260804,15,POSITION,20260804:688166.SH,c280a90bbc637371f77a819e69c15592bdd23b7828f5491db5860cdfe27018bf,688166.SH,,713,,,,,713,"{""close"":""34.99"",""cost_basis"":""22402.27"",""market_value"":""24947.87"",""price_date"":""20260804"",""quantity"":713,""realized_pnl"":""0.00"",""stale_trade_days"":0,""ts_code"":""688166.SH""}",d1052e340e6cd14f1d3aec07c48345396be0cb7878a7b5a5493e12623f3e08d1,docker-scheduler
0fbf0f7657f3fd0afd21,6d36c0a54d70728eb5eb,2026-08-04T11:53:48.495385+00:00,model_top20,20260804,16,POSITION,20260804:688313.SH,c280a90bbc637371f77a819e69c15592bdd23b7828f5491db5860cdfe27018bf,688313.SH,,233,,,,,233,"{""close"":""113.7"",""cost_basis"":""22374.93"",""market_value"":""26492.10"",""price_date"":""20260804"",""quantity"":233,""realized_pnl"":""0.00"",""stale_trade_days"":0,""ts_code"":""688313.SH""}",d52f20a90bccffa2387d801718e446a409180bbee1caa990fc63757991923833,docker-scheduler
4861d79dd753c8204e25,6d36c0a54d70728eb5eb,2026-08-04T11:53:48.495385+00:00,model_top20,20260804,17,POSITION,20260804:688343.SH,c280a90bbc637371f77a819e69c15592bdd23b7828f5491db5860cdfe27018bf,688343.SH,,393,,,,,393,"{""close"":""56.7"",""cost_basis"":""22407.94"",""market_value"":""22283.10"",""price_date"":""20260804"",""quantity"":393,""realized_pnl"":""0.00"",""stale_trade_days"":0,""ts_code"":""688343.SH""}",afb5e8299f4cc9f7f9542082cb42b1b650c2c9801759bdb534046878b978cf96,docker-scheduler
3efb042b01a9d9524763,6d36c0a54d70728eb5eb,2026-08-04T11:53:48.495385+00:00,model_top20,20260804,18,CASH,20260804,c280a90bbc637371f77a819e69c15592bdd23b7828f5491db5860cdfe27018bf,,,,,,,99941.57,,"{""cash"":""99941.57""}",bf1a83b0b25721b0bd189fc4b2c8bf5d3bc875e234b6db43bcbb32232636c6bb,docker-scheduler
7e3a689531f6419406db,6d36c0a54d70728eb5eb,2026-08-04T11:53:48.495385+00:00,model_top20,20260804,19,NAV,20260804,c280a90bbc637371f77a819e69c15592bdd23b7828f5491db5860cdfe27018bf,,,,,,,99941.57,,"{""benchmark_nav"":""0.9804482929392473837012875502"",""cash"":""99941.57"",""cash_ratio"":""0.2145149287080686138208977444"",""cumulative_dividends"":""48.00"",""cumulative_fees"":""477.69"",""daily_fees"":""0.00"",""drawdown"":""-0.06820872"",""equation_difference"":""0.00"",""freshness_status"":""PASS"",""market_value"":""365954.07"",""net_asset"":""465895.64"",""net_excess"":""-0.0486570129392473837012875502"",""normalized_nav"":""0.93179128"",""positions"":[{""close"":""13.92"",""cost_basis"":""28129.53"",""market_value"":""23664.00"",""price_date"":""20260804"",""quantity"":1700,""realized_pnl"":""0.00"",""stale_trade_days"":0,""ts_code"":""000032.SZ""},{""close"":""6.45"",""cost_basis"":""22161.87"",""market_value"":""22575.00"",""price_date"":""20260804"",""quantity"":3500,""realized_pnl"":""0.00"",""stale_trade_days"":0,""ts_code"":""000060.SZ""},{""close"":""22.6"",""cost_basis"":""21666.72"",""market_value"":""22600.00"",""price_date"":""20260804"",""quantity"":1000,""realized_pnl"":""0.00"",""stale_trade_days"":0,""ts_code"":""000062.SZ""},{""close"":""38.74"",""cost_basis"":""21912.79"",""market_value"":""23244.00"",""price_date"":""20260804"",""quantity"":600,""realized_pnl"":""0.00"",""stale_trade_days"":0,""ts_code"":""002050.SZ""},{""close"":""49.43"",""cost_basis"":""19846.15"",""market_value"":""19772.00"",""price_date"":""20260804"",""quantity"":400,""realized_pnl"":""0.00"",""stale_trade_days"":0,""ts_code"":""002837.SZ""},{""close"":""19.7"",""cost_basis"":""21016.51"",""market_value"":""21670.00"",""price_date"":""20260804"",""quantity"":1100,""realized_pnl"":""0.00"",""stale_trade_days"":0,""ts_code"":""003022.SZ""},{""close"":""59.55"",""cost_basis"":""23275.21"",""market_value"":""17865.00"",""price_date"":""20260804"",""quantity"":300,""realized_pnl"":""0.00"",""stale_trade_days"":0,""ts_code"":""300136.SZ""},{""close"":""75.05"",""cost_basis"":""15405.15"",""market_value"":""15010.00"",""price_date"":""20260804"",""quantity"":200,""realized_pnl"":""0.00"",""stale_trade_days"":0,""ts_code"":""300395.SZ""},{""close"":""201.8"",""cost_basis"":""20262.28"",""market_value"":""20180.00"",""price_date"":""20260804"",""quantity"":100,""realized_pnl"":""0.00"",""stale_trade_days"":0,""ts_code"":""300476.SZ""},{""close"":""159.6"",""cost_basis"":""14205.14"",""market_value"":""15960.00"",""price_date"":""20260804"",""quantity"":100,""realized_pnl"":""0.00"",""stale_trade_days"":0,""ts_code"":""300548.SZ""},{""close"":""40.47"",""cost_basis"":""19731.12"",""market_value"":""20235.00"",""price_date"":""20260804"",""quantity"":500,""realized_pnl"":""0.00"",""stale_trade_days"":0,""ts_code"":""600111.SH""},{""close"":""34.46"",""cost_basis"":""20544.37"",""market_value"":""20676.00"",""price_date"":""20260804"",""quantity"":600,""realized_pnl"":""0.00"",""stale_trade_days"":0,""ts_code"":""600498.SH""},{""close"":""52.09"",""cost_basis"":""22006.82"",""market_value"":""26045.00"",""price_date"":""20260804"",""quantity"":500,""realized_pnl"":""0.00"",""stale_trade_days"":0,""ts_code"":""603119.SH""},{""close"":""45.47"",""cost_basis"":""24002.44"",""market_value"":""22735.00"",""price_date"":""20260804"",""quantity"":500,""realized_pnl"":""0.00"",""stale_trade_days"":0,""ts_code"":""603308.SH""},{""close"":""34.99"",""cost_basis"":""22402.27"",""market_value"":""24947.87"",""price_date"":""20260804"",""quantity"":713,""realized_pnl"":""0.00"",""stale_trade_days"":0,""ts_code"":""688166.SH""},{""close"":""113.7"",""cost_basis"":""22374.93"",""market_value"":""26492.10"",""price_date"":""20260804"",""quantity"":233,""realized_pnl"":""0.00"",""stale_trade_days"":0,""ts_code"":""688313.SH""},{""close"":""56.7"",""cost_basis"":""22407.94"",""market_value"":""22283.10"",""price_date"":""20260804"",""quantity"":393,""realized_pnl"":""0.00"",""stale_trade_days"":0,""ts_code"":""688343.SH""}],""trade_date"":""20260804"",""turnover"":""0""}",def90fcfcb9b30e2d73bf099de91a628c53a37495fc922b35e0d78d04cf10cf2,docker-scheduler
7ce135289bee98d5a186,163702eee7352cf77819,2026-08-05T11:55:23.895468+00:00,model_baseline,20260805,1,POSITION,20260805:000032.SZ,97666bceb6828ddca63e2c2bd1bf2ff957053eb1c8ae78da3ea044a263d0ff8d,000032.SZ,,1100,,,,,1100,"{""close"":""14.62"",""cost_basis"":""18179.19"",""market_value"":""16082.00"",""price_date"":""20260805"",""quantity"":1100,""realized_pnl"":""0.00"",""stale_trade_days"":0,""ts_code"":""000032.SZ""}",5b8ca4223f5168fd61e071046d62359dce42ad6d106ceaff4d626b93f811f4ec,docker-scheduler
552ee693b82836b9be32,163702eee7352cf77819,2026-08-05T11:55:23.895468+00:00,model_baseline,20260805,2,POSITION,20260805:000060.SZ,97666bceb6828ddca63e2c2bd1bf2ff957053eb1c8ae78da3ea044a263d0ff8d,000060.SZ,,2400,,,,,2400,"{""close"":""6.71"",""cost_basis"":""15197.15"",""market_value"":""16104.00"",""price_date"":""20260805"",""quantity"":2400,""realized_pnl"":""0.00"",""stale_trade_days"":0,""ts_code"":""000060.SZ""}",c9d07c58938b6f9cbc7761b3c3ba85d99b58aed425a2188eb7e79f5cd28c974f,docker-scheduler
c36f80d30c93b0be2436,163702eee7352cf77819,2026-08-05T11:55:23.895468+00:00,model_baseline,20260805,3,POSITION,20260805:000062.SZ,97666bceb6828ddca63e2c2bd1bf2ff957053eb1c8ae78da3ea044a263d0ff8d,000062.SZ,,700,,,,,700,"{""close"":""23.27"",""cost_basis"":""15167.15"",""market_value"":""16289.00"",""price_date"":""20260805"",""quantity"":700,""realized_pnl"":""0.00"",""stale_trade_days"":0,""ts_code"":""000062.SZ""}",5db269cbac642175b26f5f500503f5f0a6ca352c1e8af21335b4ef0cd2f7ea52,docker-scheduler
88ef4b1229006445fbd4,163702eee7352cf77819,2026-08-05T11:55:23.895468+00:00,model_baseline,20260805,4,POSITION,20260805:002050.SZ,97666bceb6828ddca63e2c2bd1bf2ff957053eb1c8ae78da3ea044a263d0ff8d,002050.SZ,,400,,,,,400,"{""close"":""39.41"",""cost_basis"":""14609.15"",""market_value"":""15764.00"",""price_date"":""20260805"",""quantity"":400,""realized_pnl"":""0.00"",""stale_trade_days"":0,""ts_code"":""002050.SZ""}",6635c614e663b02bb502c8383807670375572314a927c077fc82e694caac87c7,docker-scheduler
8cdd4ca43cf25dcd70dc,163702eee7352cf77819,2026-08-05T11:55:23.895468+00:00,model_baseline,20260805,5,POSITION,20260805:002837.SZ,97666bceb6828ddca63e2c2bd1bf2ff957053eb1c8ae78da3ea044a263d0ff8d,002837.SZ,,300,,,,,300,"{""close"":""52.33"",""cost_basis"":""14885.15"",""market_value"":""15699.00"",""price_date"":""20260805"",""quantity"":300,""realized_pnl"":""0.00"",""stale_trade_days"":0,""ts_code"":""002837.SZ""}",59b8e2b301dbfa413c688f44d38325f6633bbe33247b16c7c9db2ed2f513eb97,docker-scheduler
bd56e4aab9b99b1a429a,163702eee7352cf77819,2026-08-05T11:55:23.895468+00:00,model_baseline,20260805,6,POSITION,20260805:003022.SZ,97666bceb6828ddca63e2c2bd1bf2ff957053eb1c8ae78da3ea044a263d0ff8d,003022.SZ,,800,,,,,800,"{""close"":""19.83"",""cost_basis"":""15285.15"",""market_value"":""15864.00"",""price_date"":""20260805"",""quantity"":800,""realized_pnl"":""0.00"",""stale_trade_days"":0,""ts_code"":""003022.SZ""}",474db6e9925d36e1484fda8e2a72283185c2724d5eaa36b9eee8d5bf73401958,docker-scheduler
d37ff0088b3871875647,163702eee7352cf77819,2026-08-05T11:55:23.895468+00:00,model_baseline,20260805,7,POSITION,20260805:300136.SZ,97666bceb6828ddca63e2c2bd1bf2ff957053eb1c8ae78da3ea044a263d0ff8d,300136.SZ,,200,,,,,200,"{""close"":""63.95"",""cost_basis"":""15517.16"",""market_value"":""12790.00"",""price_date"":""20260805"",""quantity"":200,""realized_pnl"":""0.00"",""stale_trade_days"":0,""ts_code"":""300136.SZ""}",16930331f81310507155ab1c260d527f6e38ab71d6c86573bc1189d9296a6c23,docker-scheduler
768502eacd9d929dcfc0,163702eee7352cf77819,2026-08-05T11:55:23.895468+00:00,model_baseline,20260805,8,POSITION,20260805:300395.SZ,97666bceb6828ddca63e2c2bd1bf2ff957053eb1c8ae78da3ea044a263d0ff8d,300395.SZ,,200,,,,,200,"{""close"":""79.94"",""cost_basis"":""15405.15"",""market_value"":""15988.00"",""price_date"":""20260805"",""quantity"":200,""realized_pnl"":""0.00"",""stale_trade_days"":0,""ts_code"":""300395.SZ""}",ef8477c39b319bdbb50f3acc12e54eb6f6624b35f20a0c076f511a84516da27c,docker-scheduler
828ca43b7c402ba67923,163702eee7352cf77819,2026-08-05T11:55:23.895468+00:00,model_baseline,20260805,9,POSITION,20260805:300548.SZ,97666bceb6828ddca63e2c2bd1bf2ff957053eb1c8ae78da3ea044a263d0ff8d,300548.SZ,,100,,,,,100,"{""close"":""159.43"",""cost_basis"":""14205.14"",""market_value"":""15943.00"",""price_date"":""20260805"",""quantity"":100,""realized_pnl"":""0.00"",""stale_trade_days"":0,""ts_code"":""300548.SZ""}",0662541833101293c70f2606560cb904cf40faca6f63f0c60eacb2dbe3272ab2,docker-scheduler
0102d8c69e30bd7df558,163702eee7352cf77819,2026-08-05T11:55:23.895468+00:00,model_baseline,20260805,10,POSITION,20260805:300751.SZ,97666bceb6828ddca63e2c2bd1bf2ff957053eb1c8ae78da3ea044a263d0ff8d,300751.SZ,,100,,,,,100,"{""close"":""166.55"",""cost_basis"":""15505.16"",""market_value"":""16655.00"",""price_date"":""20260805"",""quantity"":100,""realized_pnl"":""0.00"",""stale_trade_days"":0,""ts_code"":""300751.SZ""}",17ea70d498039603964f140c2439bc0b7f60eff52a4e56ecf9c1ad771bf1694d,docker-scheduler
be50aa8a88d23bbc3c90,163702eee7352cf77819,2026-08-05T11:55:23.895468+00:00,model_baseline,20260805,11,POSITION,20260805:600105.SH,97666bceb6828ddca63e2c2bd1bf2ff957053eb1c8ae78da3ea044a263d0ff8d,600105.SH,,400,,,,,400,"{""close"":""36.55"",""cost_basis"":""14109.14"",""market_value"":""14620.00"",""price_date"":""20260805"",""quantity"":400,""realized_pnl"":""0.00"",""stale_trade_days"":0,""ts_code"":""600105.SH""}",9e7e39ff0d39e3989730a4cf3c8135c54499f3158e9c0b01d076c9d49edd87b6,docker-scheduler
129ecac52fd660990b6f,163702eee7352cf77819,2026-08-05T11:55:23.895468+00:00,model_baseline,20260805,12,POSITION,20260805:600111.SH,97666bceb6828ddca63e2c2bd1bf2ff957053eb1c8ae78da3ea044a263d0ff8d,600111.SH,,300,,,,,300,"{""close"":""41.77"",""cost_basis"":""11840.12"",""market_value"":""12531.00"",""price_date"":""20260805"",""quantity"":300,""realized_pnl"":""0.00"",""stale_trade_days"":0,""ts_code"":""600111.SH""}",e0bc83f93a13477ca894bea208eb385feb4789b6c9eb4dc4c3de05e738709537,docker-scheduler
c6b58d9742f1bf074c08,163702eee7352cf77819,2026-08-05T11:55:23.895468+00:00,model_baseline,20260805,13,POSITION,20260805:600176.SH,97666bceb6828ddca63e2c2bd1bf2ff957053eb1c8ae78da3ea044a263d0ff8d,600176.SH,,300,,,,,300,"{""close"":""39.28"",""cost_basis"":""12074.12"",""market_value"":""11784.00"",""price_date"":""20260805"",""quantity"":300,""realized_pnl"":""0.00"",""stale_trade_days"":0,""ts_code"":""600176.SH""}",17ba870146b41d41de5eb0247e4bed997d45b0a4096b1729e2ce873f58df8734,docker-scheduler
e0f1b2908353f0ee3ff6,163702eee7352cf77819,2026-08-05T11:55:23.895468+00:00,model_baseline,20260805,14,POSITION,20260805:600378.SH,97666bceb6828ddca63e2c2bd1bf2ff957053eb1c8ae78da3ea044a263d0ff8d,600378.SH,,300,,,,,300,"{""close"":""44.07"",""cost_basis"":""12875.13"",""market_value"":""13221.00"",""price_date"":""20260805"",""quantity"":300,""realized_pnl"":""0.00"",""stale_trade_days"":0,""ts_code"":""600378.SH""}",e0943ce67349a93eb1bb65b04cfd2a2047d51f10f5b3c1aad4641bbd915d7913,docker-scheduler
f89cbc8effcb3997290a,163702eee7352cf77819,2026-08-05T11:55:23.895468+00:00,model_baseline,20260805,15,POSITION,20260805:600498.SH,97666bceb6828ddca63e2c2bd1bf2ff957053eb1c8ae78da3ea044a263d0ff8d,600498.SH,,400,,,,,400,"{""close"":""36.9"",""cost_basis"":""13697.14"",""market_value"":""14760.00"",""price_date"":""20260805"",""quantity"":400,""realized_pnl"":""0.00"",""stale_trade_days"":0,""ts_code"":""600498.SH""}",dfdc3e726b6f65c9f4fbd20fb84684c531a8d99ab95d32fbeac9d02718ba0ea0,docker-scheduler
b30c4129645843f7726a,163702eee7352cf77819,2026-08-05T11:55:23.895468+00:00,model_baseline,20260805,16,POSITION,20260805:601138.SH,97666bceb6828ddca63e2c2bd1bf2ff957053eb1c8ae78da3ea044a263d0ff8d,601138.SH,,200,,,,,200,"{""close"":""65.92"",""cost_basis"":""11433.11"",""market_value"":""13184.00"",""price_date"":""20260805"",""quantity"":200,""realized_pnl"":""0.00"",""stale_trade_days"":0,""ts_code"":""601138.SH""}",58a73cee0d16179d1c1bdaf3c4b788eebe48a39e0f0e2f4c729c0989eda8139d,docker-scheduler
7a99c572e09212c44a48,163702eee7352cf77819,2026-08-05T11:55:23.895468+00:00,model_baseline,20260805,17,POSITION,20260805:603119.SH,97666bceb6828ddca63e2c2bd1bf2ff957053eb1c8ae78da3ea044a263d0ff8d,603119.SH,,300,,,,,300,"{""close"":""53.71"",""cost_basis"":""13205.13"",""market_value"":""16113.00"",""price_date"":""20260805"",""quantity"":300,""realized_pnl"":""0.00"",""stale_trade_days"":0,""ts_code"":""603119.SH""}",9f3e4ff4e2d3e43c507c4e842fbb0a287285bf8d76dee9d80ba5e085c995dd76,docker-scheduler
6f861cbab2b2593a1796,163702eee7352cf77819,2026-08-05T11:55:23.895468+00:00,model_baseline,20260805,18,POSITION,20260805:603308.SH,97666bceb6828ddca63e2c2bd1bf2ff957053eb1c8ae78da3ea044a263d0ff8d,603308.SH,,300,,,,,300,"{""close"":""47.69"",""cost_basis"":""14402.14"",""market_value"":""14307.00"",""price_date"":""20260805"",""quantity"":300,""realized_pnl"":""0.00"",""stale_trade_days"":0,""ts_code"":""603308.SH""}",094b0a88f1a8fada9b68bd0cefb59649ad7e725155672f85547390c4951ad77e,docker-scheduler
0a4e9c4afcb975a9442b,163702eee7352cf77819,2026-08-05T11:55:23.895468+00:00,model_baseline,20260805,19,POSITION,20260805:688166.SH,97666bceb6828ddca63e2c2bd1bf2ff957053eb1c8ae78da3ea044a263d0ff8d,688166.SH,,493,,,,,493,"{""close"":""35.7"",""cost_basis"":""15490.28"",""market_value"":""17600.10"",""price_date"":""20260805"",""quantity"":493,""realized_pnl"":""0.00"",""stale_trade_days"":0,""ts_code"":""688166.SH""}",e36e683db758c72296d220717e9fe88e726c48eaffb2a5db2eb8332a04272fd9,docker-scheduler
6f623d8c71f8da123df5,163702eee7352cf77819,2026-08-05T11:55:23.895468+00:00,model_baseline,20260805,20,POSITION,20260805:688343.SH,97666bceb6828ddca63e2c2bd1bf2ff957053eb1c8ae78da3ea044a263d0ff8d,688343.SH,,271,,,,,271,"{""close"":""60.25"",""cost_basis"":""15452.15"",""market_value"":""16327.75"",""price_date"":""20260805"",""quantity"":271,""realized_pnl"":""0.00"",""stale_trade_days"":0,""ts_code"":""688343.SH""}",8c656cbf440e8f93a07a5459ea7c604ea3c9ce4ade4e3995c809a29fa00cf75e,docker-scheduler
8a31b436e83db7ff449c,163702eee7352cf77819,2026-08-05T11:55:23.895468+00:00,model_baseline,20260805,21,POSITION,20260805:688676.SH,97666bceb6828ddca63e2c2bd1bf2ff957053eb1c8ae78da3ea044a263d0ff8d,688676.SH,,231,,,,,231,"{""close"":""69.68"",""cost_basis"":""15502.94"",""market_value"":""16096.08"",""price_date"":""20260805"",""quantity"":231,""realized_pnl"":""0.00"",""stale_trade_days"":0,""ts_code"":""688676.SH""}",a280a3c51f61cfd284354db10ae1ecef76f549221db57470b13238d286d1904a,docker-scheduler
bfe9a5986c10ef2b8ab9,163702eee7352cf77819,2026-08-05T11:55:23.895468+00:00,model_baseline,20260805,22,POSITION,20260805:688709.SH,97666bceb6828ddca63e2c2bd1bf2ff957053eb1c8ae78da3ea044a263d0ff8d,688709.SH,,603,,,,,603,"{""close"":""26.4"",""cost_basis"":""15502.25"",""market_value"":""15919.20"",""price_date"":""20260805"",""quantity"":603,""realized_pnl"":""0.00"",""stale_trade_days"":0,""ts_code"":""688709.SH""}",7b3998e8974c7c9cd04ea2666d21c0be767f925dad1c8fd818256bb25fb6c975,docker-scheduler
365b31e15732c956249d,163702eee7352cf77819,2026-08-05T11:55:23.895468+00:00,model_baseline,20260805,23,CASH,20260805,97666bceb6828ddca63e2c2bd1bf2ff957053eb1c8ae78da3ea044a263d0ff8d,,,,,,,153697.32,,"{""cash"":""153697.32""}",7b3ee7358d82632da8cacc0218473b1b8680a745e64ba5f00ea6d7843f46a94c,docker-scheduler
cc51c809859b659c678f,163702eee7352cf77819,2026-08-05T11:55:23.895468+00:00,model_baseline,20260805,24,NAV,20260805,97666bceb6828ddca63e2c2bd1bf2ff957053eb1c8ae78da3ea044a263d0ff8d,,,,,,,153697.32,,"{""benchmark_nav"":""0.9963296232270615257308713009"",""cash"":""153697.32"",""cash_ratio"":""0.3153810662795024689720254989"",""cumulative_dividends"":""32.00"",""cumulative_fees"":""438.23"",""daily_fees"":""0.00"",""drawdown"":""-0.0253231"",""equation_difference"":""0.00"",""freshness_status"":""PASS"",""market_value"":""333641.13"",""net_asset"":""487338.45"",""net_excess"":""-0.0216527232270615257308713009"",""normalized_nav"":""0.9746769"",""positions"":[{""close"":""14.62"",""cost_basis"":""18179.19"",""market_value"":""16082.00"",""price_date"":""20260805"",""quantity"":1100,""realized_pnl"":""0.00"",""stale_trade_days"":0,""ts_code"":""000032.SZ""},{""close"":""6.71"",""cost_basis"":""15197.15"",""market_value"":""16104.00"",""price_date"":""20260805"",""quantity"":2400,""realized_pnl"":""0.00"",""stale_trade_days"":0,""ts_code"":""000060.SZ""},{""close"":""23.27"",""cost_basis"":""15167.15"",""market_value"":""16289.00"",""price_date"":""20260805"",""quantity"":700,""realized_pnl"":""0.00"",""stale_trade_days"":0,""ts_code"":""000062.SZ""},{""close"":""39.41"",""cost_basis"":""14609.15"",""market_value"":""15764.00"",""price_date"":""20260805"",""quantity"":400,""realized_pnl"":""0.00"",""stale_trade_days"":0,""ts_code"":""002050.SZ""},{""close"":""52.33"",""cost_basis"":""14885.15"",""market_value"":""15699.00"",""price_date"":""20260805"",""quantity"":300,""realized_pnl"":""0.00"",""stale_trade_days"":0,""ts_code"":""002837.SZ""},{""close"":""19.83"",""cost_basis"":""15285.15"",""market_value"":""15864.00"",""price_date"":""20260805"",""quantity"":800,""realized_pnl"":""0.00"",""stale_trade_days"":0,""ts_code"":""003022.SZ""},{""close"":""63.95"",""cost_basis"":""15517.16"",""market_value"":""12790.00"",""price_date"":""20260805"",""quantity"":200,""realized_pnl"":""0.00"",""stale_trade_days"":0,""ts_code"":""300136.SZ""},{""close"":""79.94"",""cost_basis"":""15405.15"",""market_value"":""15988.00"",""price_date"":""20260805"",""quantity"":200,""realized_pnl"":""0.00"",""stale_trade_days"":0,""ts_code"":""300395.SZ""},{""close"":""159.43"",""cost_basis"":""14205.14"",""market_value"":""15943.00"",""price_date"":""20260805"",""quantity"":100,""realized_pnl"":""0.00"",""stale_trade_days"":0,""ts_code"":""300548.SZ""},{""close"":""166.55"",""cost_basis"":""15505.16"",""market_value"":""16655.00"",""price_date"":""20260805"",""quantity"":100,""realized_pnl"":""0.00"",""stale_trade_days"":0,""ts_code"":""300751.SZ""},{""close"":""36.55"",""cost_basis"":""14109.14"",""market_value"":""14620.00"",""price_date"":""20260805"",""quantity"":400,""realized_pnl"":""0.00"",""stale_trade_days"":0,""ts_code"":""600105.SH""},{""close"":""41.77"",""cost_basis"":""11840.12"",""market_value"":""12531.00"",""price_date"":""20260805"",""quantity"":300,""realized_pnl"":""0.00"",""stale_trade_days"":0,""ts_code"":""600111.SH""},{""close"":""39.28"",""cost_basis"":""12074.12"",""market_value"":""11784.00"",""price_date"":""20260805"",""quantity"":300,""realized_pnl"":""0.00"",""stale_trade_days"":0,""ts_code"":""600176.SH""},{""close"":""44.07"",""cost_basis"":""12875.13"",""market_value"":""13221.00"",""price_date"":""20260805"",""quantity"":300,""realized_pnl"":""0.00"",""stale_trade_days"":0,""ts_code"":""600378.SH""},{""close"":""36.9"",""cost_basis"":""13697.14"",""market_value"":""14760.00"",""price_date"":""20260805"",""quantity"":400,""realized_pnl"":""0.00"",""stale_trade_days"":0,""ts_code"":""600498.SH""},{""close"":""65.92"",""cost_basis"":""11433.11"",""market_value"":""13184.00"",""price_date"":""20260805"",""quantity"":200,""realized_pnl"":""0.00"",""stale_trade_days"":0,""ts_code"":""601138.SH""},{""close"":""53.71"",""cost_basis"":""13205.13"",""market_value"":""16113.00"",""price_date"":""20260805"",""quantity"":300,""realized_pnl"":""0.00"",""stale_trade_days"":0,""ts_code"":""603119.SH""},{""close"":""47.69"",""cost_basis"":""14402.14"",""market_value"":""14307.00"",""price_date"":""20260805"",""quantity"":300,""realized_pnl"":""0.00"",""stale_trade_days"":0,""ts_code"":""603308.SH""},{""close"":""35.7"",""cost_basis"":""15490.28"",""market_value"":""17600.10"",""price_date"":""20260805"",""quantity"":493,""realized_pnl"":""0.00"",""stale_trade_days"":0,""ts_code"":""688166.SH""},{""close"":""60.25"",""cost_basis"":""15452.15"",""market_value"":""16327.75"",""price_date"":""20260805"",""quantity"":271,""realized_pnl"":""0.00"",""stale_trade_days"":0,""ts_code"":""688343.SH""},{""close"":""69.68"",""cost_basis"":""15502.94"",""market_value"":""16096.08"",""price_date"":""20260805"",""quantity"":231,""realized_pnl"":""0.00"",""stale_trade_days"":0,""ts_code"":""688676.SH""},{""close"":""26.4"",""cost_basis"":""15502.25"",""market_value"":""15919.20"",""price_date"":""20260805"",""quantity"":603,""realized_pnl"":""0.00"",""stale_trade_days"":0,""ts_code"":""688709.SH""}],""trade_date"":""20260805"",""turnover"":""0""}",78d62488a381db621dbfd8b3b8c564c51c08d9666c9b8a57a4b75be3a28263ec,docker-scheduler
734f95d3000b2fcdee5d,37e62a3e3312a198a853,2026-08-05T11:55:36.230834+00:00,model_top20,20260805,1,POSITION,20260805:000032.SZ,97666bceb6828ddca63e2c2bd1bf2ff957053eb1c8ae78da3ea044a263d0ff8d,000032.SZ,,1700,,,,,1700,"{""close"":""14.62"",""cost_basis"":""28129.53"",""market_value"":""24854.00"",""price_date"":""20260805"",""quantity"":1700,""realized_pnl"":""0.00"",""stale_trade_days"":0,""ts_code"":""000032.SZ""}",85beb3eca1a64403e24f73dd526ecfcfc1fc0d5ce996b69dfc0f404d3f578b2a,docker-scheduler
e9de17bce4f7e93864e9,37e62a3e3312a198a853,2026-08-05T11:55:36.230834+00:00,model_top20,20260805,2,POSITION,20260805:000060.SZ,97666bceb6828ddca63e2c2bd1bf2ff957053eb1c8ae78da3ea044a263d0ff8d,000060.SZ,,3500,,,,,3500,"{""close"":""6.71"",""cost_basis"":""22161.87"",""market_value"":""23485.00"",""price_date"":""20260805"",""quantity"":3500,""realized_pnl"":""0.00"",""stale_trade_days"":0,""ts_code"":""000060.SZ""}",a26483b4f0174ff74f319f56eb30d0f900a7412c971a55406019387f4c6f1a38,docker-scheduler
e6506482b48e120b777d,37e62a3e3312a198a853,2026-08-05T11:55:36.230834+00:00,model_top20,20260805,3,POSITION,20260805:000062.SZ,97666bceb6828ddca63e2c2bd1bf2ff957053eb1c8ae78da3ea044a263d0ff8d,000062.SZ,,1000,,,,,1000,"{""close"":""23.27"",""cost_basis"":""21666.72"",""market_value"":""23270.00"",""price_date"":""20260805"",""quantity"":1000,""realized_pnl"":""0.00"",""stale_trade_days"":0,""ts_code"":""000062.SZ""}",6ec92a6e651e1a77bfec8e4fb4f21a17abf5f5d1ec384860ea69c788ba432d3b,docker-scheduler
f3b0508eab8bc0c3d871,37e62a3e3312a198a853,2026-08-05T11:55:36.230834+00:00,model_top20,20260805,4,POSITION,20260805:002050.SZ,97666bceb6828ddca63e2c2bd1bf2ff957053eb1c8ae78da3ea044a263d0ff8d,002050.SZ,,600,,,,,600,"{""close"":""39.41"",""cost_basis"":""21912.79"",""market_value"":""23646.00"",""price_date"":""20260805"",""quantity"":600,""realized_pnl"":""0.00"",""stale_trade_days"":0,""ts_code"":""002050.SZ""}",4d7579fb8a166a07309deb2e5a7eb97ce1261b290ff7b01665dc868a1a0164b7,docker-scheduler
8f0c52cd89d7df3a3ed2,37e62a3e3312a198a853,2026-08-05T11:55:36.230834+00:00,model_top20,20260805,5,POSITION,20260805:002837.SZ,97666bceb6828ddca63e2c2bd1bf2ff957053eb1c8ae78da3ea044a263d0ff8d,002837.SZ,,400,,,,,400,"{""close"":""52.33"",""cost_basis"":""19846.15"",""market_value"":""20932.00"",""price_date"":""20260805"",""quantity"":400,""realized_pnl"":""0.00"",""stale_trade_days"":0,""ts_code"":""002837.SZ""}",13a1466ea56f3f44e874d9aa0f029eb7629dca1d2d6c59d9a5121055808be23e,docker-scheduler
c2c8c9a2aea582224332,37e62a3e3312a198a853,2026-08-05T11:55:36.230834+00:00,model_top20,20260805,6,POSITION,20260805:003022.SZ,97666bceb6828ddca63e2c2bd1bf2ff957053eb1c8ae78da3ea044a263d0ff8d,003022.SZ,,1100,,,,,1100,"{""close"":""19.83"",""cost_basis"":""21016.51"",""market_value"":""21813.00"",""price_date"":""20260805"",""quantity"":1100,""realized_pnl"":""0.00"",""stale_trade_days"":0,""ts_code"":""003022.SZ""}",dee789463801c167ee277f809087313c9e0989469ffe1470ca2bde9a0ab73a12,docker-scheduler
4aed8922c585f5d34b90,37e62a3e3312a198a853,2026-08-05T11:55:36.230834+00:00,model_top20,20260805,7,POSITION,20260805:300136.SZ,97666bceb6828ddca63e2c2bd1bf2ff957053eb1c8ae78da3ea044a263d0ff8d,300136.SZ,,300,,,,,300,"{""close"":""63.95"",""cost_basis"":""23275.21"",""market_value"":""19185.00"",""price_date"":""20260805"",""quantity"":300,""realized_pnl"":""0.00"",""stale_trade_days"":0,""ts_code"":""300136.SZ""}",b0ea1bd93c6c8fb279b0bb70a37a83c9389ba87e847a61158fd9989d847438e7,docker-scheduler
0e687c93ef17a73709ac,37e62a3e3312a198a853,2026-08-05T11:55:36.230834+00:00,model_top20,20260805,8,POSITION,20260805:300395.SZ,97666bceb6828ddca63e2c2bd1bf2ff957053eb1c8ae78da3ea044a263d0ff8d,300395.SZ,,200,,,,,200,"{""close"":""79.94"",""cost_basis"":""15405.15"",""market_value"":""15988.00"",""price_date"":""20260805"",""quantity"":200,""realized_pnl"":""0.00"",""stale_trade_days"":0,""ts_code"":""300395.SZ""}",ef8477c39b319bdbb50f3acc12e54eb6f6624b35f20a0c076f511a84516da27c,docker-scheduler
a5a3baa3e2df1d6e0435,37e62a3e3312a198a853,2026-08-05T11:55:36.230834+00:00,model_top20,20260805,9,POSITION,20260805:300476.SZ,97666bceb6828ddca63e2c2bd1bf2ff957053eb1c8ae78da3ea044a263d0ff8d,300476.SZ,,100,,,,,100,"{""close"":""236.35"",""cost_basis"":""20262.28"",""market_value"":""23635.00"",""price_date"":""20260805"",""quantity"":100,""realized_pnl"":""0.00"",""stale_trade_days"":0,""ts_code"":""300476.SZ""}",cf4392ba359c6f086ef2cc8b6135d3a89478a3489f3eedee97218a48a8d5ef18,docker-scheduler
d5cfcb7a7f240d92608f,37e62a3e3312a198a853,2026-08-05T11:55:36.230834+00:00,model_top20,20260805,10,POSITION,20260805:300548.SZ,97666bceb6828ddca63e2c2bd1bf2ff957053eb1c8ae78da3ea044a263d0ff8d,300548.SZ,,100,,,,,100,"{""close"":""159.43"",""cost_basis"":""14205.14"",""market_value"":""15943.00"",""price_date"":""20260805"",""quantity"":100,""realized_pnl"":""0.00"",""stale_trade_days"":0,""ts_code"":""300548.SZ""}",0662541833101293c70f2606560cb904cf40faca6f63f0c60eacb2dbe3272ab2,docker-scheduler
37ae477fc22f908e8ebf,37e62a3e3312a198a853,2026-08-05T11:55:36.230834+00:00,model_top20,20260805,11,POSITION,20260805:600111.SH,97666bceb6828ddca63e2c2bd1bf2ff957053eb1c8ae78da3ea044a263d0ff8d,600111.SH,,500,,,,,500,"{""close"":""41.77"",""cost_basis"":""19731.12"",""market_value"":""20885.00"",""price_date"":""20260805"",""quantity"":500,""realized_pnl"":""0.00"",""stale_trade_days"":0,""ts_code"":""600111.SH""}",7ac8d167eacc9ed56529336ebe5a7dbed91a4941cfd79fdb3653d868761440ce,docker-scheduler
cda7c08e544a6f1fa4f7,37e62a3e3312a198a853,2026-08-05T11:55:36.230834+00:00,model_top20,20260805,12,POSITION,20260805:600498.SH,97666bceb6828ddca63e2c2bd1bf2ff957053eb1c8ae78da3ea044a263d0ff8d,600498.SH,,600,,,,,600,"{""close"":""36.9"",""cost_basis"":""20544.37"",""market_value"":""22140.00"",""price_date"":""20260805"",""quantity"":600,""realized_pnl"":""0.00"",""stale_trade_days"":0,""ts_code"":""600498.SH""}",35acd3e36348024eae33d2b9ad082b9b81648943b906d1135cfcfe5cd309009b,docker-scheduler
08799fa2acb0542ab354,37e62a3e3312a198a853,2026-08-05T11:55:36.230834+00:00,model_top20,20260805,13,POSITION,20260805:603119.SH,97666bceb6828ddca63e2c2bd1bf2ff957053eb1c8ae78da3ea044a263d0ff8d,603119.SH,,500,,,,,500,"{""close"":""53.71"",""cost_basis"":""22006.82"",""market_value"":""26855.00"",""price_date"":""20260805"",""quantity"":500,""realized_pnl"":""0.00"",""stale_trade_days"":0,""ts_code"":""603119.SH""}",29490c06c2adf96b7caa755ca674b30c6eb6d4645ad3f80a194da4caf1cf76d9,docker-scheduler
9e25414bcfff6064a45f,37e62a3e3312a198a853,2026-08-05T11:55:36.230834+00:00,model_top20,20260805,14,POSITION,20260805:603308.SH,97666bceb6828ddca63e2c2bd1bf2ff957053eb1c8ae78da3ea044a263d0ff8d,603308.SH,,500,,,,,500,"{""close"":""47.69"",""cost_basis"":""24002.44"",""market_value"":""23845.00"",""price_date"":""20260805"",""quantity"":500,""realized_pnl"":""0.00"",""stale_trade_days"":0,""ts_code"":""603308.SH""}",bce79a1ef1f9bc440e05d9587c5023259c60beb0e49452cf8928da6dedf264c6,docker-scheduler
2bd7fad6a6bf17b15287,37e62a3e3312a198a853,2026-08-05T11:55:36.230834+00:00,model_top20,20260805,15,POSITION,20260805:688166.SH,97666bceb6828ddca63e2c2bd1bf2ff957053eb1c8ae78da3ea044a263d0ff8d,688166.SH,,713,,,,,713,"{""close"":""35.7"",""cost_basis"":""22402.27"",""market_value"":""25454.10"",""price_date"":""20260805"",""quantity"":713,""realized_pnl"":""0.00"",""stale_trade_days"":0,""ts_code"":""688166.SH""}",1366552e12e34e36d54c0aa2856bb48df758d9a15ca4233f917af5a9f4c7eabe,docker-scheduler
e5bad477d233a62ae46c,37e62a3e3312a198a853,2026-08-05T11:55:36.230834+00:00,model_top20,20260805,16,POSITION,20260805:688313.SH,97666bceb6828ddca63e2c2bd1bf2ff957053eb1c8ae78da3ea044a263d0ff8d,688313.SH,,233,,,,,233,"{""close"":""114.61"",""cost_basis"":""22374.93"",""market_value"":""26704.13"",""price_date"":""20260805"",""quantity"":233,""realized_pnl"":""0.00"",""stale_trade_days"":0,""ts_code"":""688313.SH""}",fdee8ffd59ea52685ae94c8d26d6614c10361717b34fbe2c42db8a5d6a3cc1f4,docker-scheduler
06e05f678635e8887025,37e62a3e3312a198a853,2026-08-05T11:55:36.230834+00:00,model_top20,20260805,17,POSITION,20260805:688343.SH,97666bceb6828ddca63e2c2bd1bf2ff957053eb1c8ae78da3ea044a263d0ff8d,688343.SH,,393,,,,,393,"{""close"":""60.25"",""cost_basis"":""22407.94"",""market_value"":""23678.25"",""price_date"":""20260805"",""quantity"":393,""realized_pnl"":""0.00"",""stale_trade_days"":0,""ts_code"":""688343.SH""}",16ba0ce2e11cafc669f06a0f683a4fcbdec34a08127acb07677a6507a21d2be1,docker-scheduler
39b81e2ae93212eaac5f,37e62a3e3312a198a853,2026-08-05T11:55:36.230834+00:00,model_top20,20260805,18,CASH,20260805,97666bceb6828ddca63e2c2bd1bf2ff957053eb1c8ae78da3ea044a263d0ff8d,,,,,,,99941.57,,"{""cash"":""99941.57""}",bf1a83b0b25721b0bd189fc4b2c8bf5d3bc875e234b6db43bcbb32232636c6bb,docker-scheduler
a919c64eaf4db083fdd8,37e62a3e3312a198a853,2026-08-05T11:55:36.230834+00:00,model_top20,20260805,19,NAV,20260805,97666bceb6828ddca63e2c2bd1bf2ff957053eb1c8ae78da3ea044a263d0ff8d,,,,,,,99941.57,,"{""benchmark_nav"":""0.9963296232270615257308713009"",""cash"":""99941.57"",""cash_ratio"":""0.2072384254730468308145882860"",""cumulative_dividends"":""48.00"",""cumulative_fees"":""477.69"",""daily_fees"":""0.00"",""drawdown"":""-0.0354919"",""equation_difference"":""0.00"",""freshness_status"":""PASS"",""market_value"":""382312.48"",""net_asset"":""482254.05"",""net_excess"":""-0.0318215232270615257308713009"",""normalized_nav"":""0.9645081"",""positions"":[{""close"":""14.62"",""cost_basis"":""28129.53"",""market_value"":""24854.00"",""price_date"":""20260805"",""quantity"":1700,""realized_pnl"":""0.00"",""stale_trade_days"":0,""ts_code"":""000032.SZ""},{""close"":""6.71"",""cost_basis"":""22161.87"",""market_value"":""23485.00"",""price_date"":""20260805"",""quantity"":3500,""realized_pnl"":""0.00"",""stale_trade_days"":0,""ts_code"":""000060.SZ""},{""close"":""23.27"",""cost_basis"":""21666.72"",""market_value"":""23270.00"",""price_date"":""20260805"",""quantity"":1000,""realized_pnl"":""0.00"",""stale_trade_days"":0,""ts_code"":""000062.SZ""},{""close"":""39.41"",""cost_basis"":""21912.79"",""market_value"":""23646.00"",""price_date"":""20260805"",""quantity"":600,""realized_pnl"":""0.00"",""stale_trade_days"":0,""ts_code"":""002050.SZ""},{""close"":""52.33"",""cost_basis"":""19846.15"",""market_value"":""20932.00"",""price_date"":""20260805"",""quantity"":400,""realized_pnl"":""0.00"",""stale_trade_days"":0,""ts_code"":""002837.SZ""},{""close"":""19.83"",""cost_basis"":""21016.51"",""market_value"":""21813.00"",""price_date"":""20260805"",""quantity"":1100,""realized_pnl"":""0.00"",""stale_trade_days"":0,""ts_code"":""003022.SZ""},{""close"":""63.95"",""cost_basis"":""23275.21"",""market_value"":""19185.00"",""price_date"":""20260805"",""quantity"":300,""realized_pnl"":""0.00"",""stale_trade_days"":0,""ts_code"":""300136.SZ""},{""close"":""79.94"",""cost_basis"":""15405.15"",""market_value"":""15988.00"",""price_date"":""20260805"",""quantity"":200,""realized_pnl"":""0.00"",""stale_trade_days"":0,""ts_code"":""300395.SZ""},{""close"":""236.35"",""cost_basis"":""20262.28"",""market_value"":""23635.00"",""price_date"":""20260805"",""quantity"":100,""realized_pnl"":""0.00"",""stale_trade_days"":0,""ts_code"":""300476.SZ""},{""close"":""159.43"",""cost_basis"":""14205.14"",""market_value"":""15943.00"",""price_date"":""20260805"",""quantity"":100,""realized_pnl"":""0.00"",""stale_trade_days"":0,""ts_code"":""300548.SZ""},{""close"":""41.77"",""cost_basis"":""19731.12"",""market_value"":""20885.00"",""price_date"":""20260805"",""quantity"":500,""realized_pnl"":""0.00"",""stale_trade_days"":0,""ts_code"":""600111.SH""},{""close"":""36.9"",""cost_basis"":""20544.37"",""market_value"":""22140.00"",""price_date"":""20260805"",""quantity"":600,""realized_pnl"":""0.00"",""stale_trade_days"":0,""ts_code"":""600498.SH""},{""close"":""53.71"",""cost_basis"":""22006.82"",""market_value"":""26855.00"",""price_date"":""20260805"",""quantity"":500,""realized_pnl"":""0.00"",""stale_trade_days"":0,""ts_code"":""603119.SH""},{""close"":""47.69"",""cost_basis"":""24002.44"",""market_value"":""23845.00"",""price_date"":""20260805"",""quantity"":500,""realized_pnl"":""0.00"",""stale_trade_days"":0,""ts_code"":""603308.SH""},{""close"":""35.7"",""cost_basis"":""22402.27"",""market_value"":""25454.10"",""price_date"":""20260805"",""quantity"":713,""realized_pnl"":""0.00"",""stale_trade_days"":0,""ts_code"":""688166.SH""},{""close"":""114.61"",""cost_basis"":""22374.93"",""market_value"":""26704.13"",""price_date"":""20260805"",""quantity"":233,""realized_pnl"":""0.00"",""stale_trade_days"":0,""ts_code"":""688313.SH""},{""close"":""60.25"",""cost_basis"":""22407.94"",""market_value"":""23678.25"",""price_date"":""20260805"",""quantity"":393,""realized_pnl"":""0.00"",""stale_trade_days"":0,""ts_code"":""688343.SH""}],""trade_date"":""20260805"",""turnover"":""0""}",65dd76dbfa69657e433507c0cfb30ea5dd5b5fec53bf4ba37128d480dd47359e,docker-scheduler
452dfa3976187f60ae11,9455fb59450f1e35c63d,2026-08-06T11:55:45.698347+00:00,model_baseline,20260806,1,POSITION,20260806:000032.SZ,927cbf78e17a0e4707118643a9051180cbfacf92f83d2780dfed8a6483c743ef,000032.SZ,,1100,,,,,1100,"{""close"":""14.58"",""cost_basis"":""18179.19"",""market_value"":""16038.00"",""price_date"":""20260806"",""quantity"":1100,""realized_pnl"":""0.00"",""stale_trade_days"":0,""ts_code"":""000032.SZ""}",5cbfccc9ce645db9236083cc297800200b2197289e3c1efaf03e27aabb7b41df,docker-scheduler
c328e9e7f6bba879b047,9455fb59450f1e35c63d,2026-08-06T11:55:45.698347+00:00,model_baseline,20260806,2,POSITION,20260806:000060.SZ,927cbf78e17a0e4707118643a9051180cbfacf92f83d2780dfed8a6483c743ef,000060.SZ,,2400,,,,,2400,"{""close"":""6.59"",""cost_basis"":""15197.15"",""market_value"":""15816.00"",""price_date"":""20260806"",""quantity"":2400,""realized_pnl"":""0.00"",""stale_trade_days"":0,""ts_code"":""000060.SZ""}",e9b4d599cce44175470c41087f4772eed889bbc163c756dd8cf29c21b6ac42a4,docker-scheduler
522e06490b5431d5ef54,9455fb59450f1e35c63d,2026-08-06T11:55:45.698347+00:00,model_baseline,20260806,3,POSITION,20260806:000062.SZ,927cbf78e17a0e4707118643a9051180cbfacf92f83d2780dfed8a6483c743ef,000062.SZ,,700,,,,,700,"{""close"":""22.99"",""cost_basis"":""15167.15"",""market_value"":""16093.00"",""price_date"":""20260806"",""quantity"":700,""realized_pnl"":""0.00"",""stale_trade_days"":0,""ts_code"":""000062.SZ""}",6843dcf6bc2f58934c45efb5cebc9736135ce0a6180504585e247ec70bbaf67b,docker-scheduler
3118e204bbf828ac7cae,9455fb59450f1e35c63d,2026-08-06T11:55:45.698347+00:00,model_baseline,20260806,4,POSITION,20260806:002050.SZ,927cbf78e17a0e4707118643a9051180cbfacf92f83d2780dfed8a6483c743ef,002050.SZ,,400,,,,,400,"{""close"":""38.71"",""cost_basis"":""14609.15"",""market_value"":""15484.00"",""price_date"":""20260806"",""quantity"":400,""realized_pnl"":""0.00"",""stale_trade_days"":0,""ts_code"":""002050.SZ""}",cb0085d72b8b4e1797e8e072f5eec0f2b44f7ec463c70db1b09a96203a12afa0,docker-scheduler
b24e3071ca7af294df41,9455fb59450f1e35c63d,2026-08-06T11:55:45.698347+00:00,model_baseline,20260806,5,POSITION,20260806:002837.SZ,927cbf78e17a0e4707118643a9051180cbfacf92f83d2780dfed8a6483c743ef,002837.SZ,,300,,,,,300,"{""close"":""52.93"",""cost_basis"":""14885.15"",""market_value"":""15879.00"",""price_date"":""20260806"",""quantity"":300,""realized_pnl"":""0.00"",""stale_trade_days"":0,""ts_code"":""002837.SZ""}",6d794d19f647ed8d6552b19784f3aede130a6c809eaeaa7a2e3de3c5096097a7,docker-scheduler
f58ab4663cd36b81b2ef,9455fb59450f1e35c63d,2026-08-06T11:55:45.698347+00:00,model_baseline,20260806,6,POSITION,20260806:003022.SZ,927cbf78e17a0e4707118643a9051180cbfacf92f83d2780dfed8a6483c743ef,003022.SZ,,800,,,,,800,"{""close"":""19.9"",""cost_basis"":""15285.15"",""market_value"":""15920.00"",""price_date"":""20260806"",""quantity"":800,""realized_pnl"":""0.00"",""stale_trade_days"":0,""ts_code"":""003022.SZ""}",714fe4af2c41cab744f82de3530d8f702831b5d59f693593c262e8d45dd8096e,docker-scheduler
980dccb2a5c2c08f593e,9455fb59450f1e35c63d,2026-08-06T11:55:45.698347+00:00,model_baseline,20260806,7,POSITION,20260806:300136.SZ,927cbf78e17a0e4707118643a9051180cbfacf92f83d2780dfed8a6483c743ef,300136.SZ,,200,,,,,200,"{""close"":""65.38"",""cost_basis"":""15517.16"",""market_value"":""13076.00"",""price_date"":""20260806"",""quantity"":200,""realized_pnl"":""0.00"",""stale_trade_days"":0,""ts_code"":""300136.SZ""}",911d2f76135c64be4e45a5a777833441ba45829297d9c871d9059e44efd625a3,docker-scheduler
5d9d40f1775d1bd9d5cf,9455fb59450f1e35c63d,2026-08-06T11:55:45.698347+00:00,model_baseline,20260806,8,POSITION,20260806:300395.SZ,927cbf78e17a0e4707118643a9051180cbfacf92f83d2780dfed8a6483c743ef,300395.SZ,,200,,,,,200,"{""close"":""81.83"",""cost_basis"":""15405.15"",""market_value"":""16366.00"",""price_date"":""20260806"",""quantity"":200,""realized_pnl"":""0.00"",""stale_trade_days"":0,""ts_code"":""300395.SZ""}",9f2071c930fec5526f85c083e3008d6fd1135bfcc29ffc2cd2c5d33e6265adeb,docker-scheduler
5aa4fbdbb82af9e1b535,9455fb59450f1e35c63d,2026-08-06T11:55:45.698347+00:00,model_baseline,20260806,9,POSITION,20260806:300548.SZ,927cbf78e17a0e4707118643a9051180cbfacf92f83d2780dfed8a6483c743ef,300548.SZ,,100,,,,,100,"{""close"":""171.0"",""cost_basis"":""14205.14"",""market_value"":""17100.00"",""price_date"":""20260806"",""quantity"":100,""realized_pnl"":""0.00"",""stale_trade_days"":0,""ts_code"":""300548.SZ""}",1cb0c3448df632a867e47fab9bf87e056ce433cad677b3b333b2a42b7478ceb3,docker-scheduler
e243ae16feac0cd5cc59,9455fb59450f1e35c63d,2026-08-06T11:55:45.698347+00:00,model_baseline,20260806,10,POSITION,20260806:300751.SZ,927cbf78e17a0e4707118643a9051180cbfacf92f83d2780dfed8a6483c743ef,300751.SZ,,100,,,,,100,"{""close"":""169.38"",""cost_basis"":""15505.16"",""market_value"":""16938.00"",""price_date"":""20260806"",""quantity"":100,""realized_pnl"":""0.00"",""stale_trade_days"":0,""ts_code"":""300751.SZ""}",8e0de2aff84b1e01aa0f6d37341e2bd3d992fe2aef061a97dffb2cf143ef7138,docker-scheduler
1aedee07adafc7850a35,9455fb59450f1e35c63d,2026-08-06T11:55:45.698347+00:00,model_baseline,20260806,11,POSITION,20260806:600105.SH,927cbf78e17a0e4707118643a9051180cbfacf92f83d2780dfed8a6483c743ef,600105.SH,,400,,,,,400,"{""close"":""38.38"",""cost_basis"":""14109.14"",""market_value"":""15352.00"",""price_date"":""20260806"",""quantity"":400,""realized_pnl"":""0.00"",""stale_trade_days"":0,""ts_code"":""600105.SH""}",d16823f567f15fb8d9bcf89bcf9e5659c7a6908437909e19bd1e1d9e12817bc9,docker-scheduler
bfff9205f1602a213e53,9455fb59450f1e35c63d,2026-08-06T11:55:45.698347+00:00,model_baseline,20260806,12,POSITION,20260806:600111.SH,927cbf78e17a0e4707118643a9051180cbfacf92f83d2780dfed8a6483c743ef,600111.SH,,300,,,,,300,"{""close"":""41.91"",""cost_basis"":""11840.12"",""market_value"":""12573.00"",""price_date"":""20260806"",""quantity"":300,""realized_pnl"":""0.00"",""stale_trade_days"":0,""ts_code"":""600111.SH""}",325a9d969a823519695f2a2783b9d7ec26baca3973f28560134b2db5578229c7,docker-scheduler
4bed392872e044b5ab19,9455fb59450f1e35c63d,2026-08-06T11:55:45.698347+00:00,model_baseline,20260806,13,POSITION,20260806:600176.SH,927cbf78e17a0e4707118643a9051180cbfacf92f83d2780dfed8a6483c743ef,600176.SH,,300,,,,,300,"{""close"":""40.78"",""cost_basis"":""12074.12"",""market_value"":""12234.00"",""price_date"":""20260806"",""quantity"":300,""realized_pnl"":""0.00"",""stale_trade_days"":0,""ts_code"":""600176.SH""}",212c0708c394c1a423a8c9cc4b6f971563c603a9fa2e016560cbb9b89b3a278b,docker-scheduler
93a5917ddafab46f5e35,9455fb59450f1e35c63d,2026-08-06T11:55:45.698347+00:00,model_baseline,20260806,14,POSITION,20260806:600378.SH,927cbf78e17a0e4707118643a9051180cbfacf92f83d2780dfed8a6483c743ef,600378.SH,,300,,,,,300,"{""close"":""48.26"",""cost_basis"":""12875.13"",""market_value"":""14478.00"",""price_date"":""20260806"",""quantity"":300,""realized_pnl"":""0.00"",""stale_trade_days"":0,""ts_code"":""600378.SH""}",4ed863a68d93d46b72a978fabe9ab8c2df88e3acfc4d72fe6e2d24adfe4c6c65,docker-scheduler
ade18623ab69d0845635,9455fb59450f1e35c63d,2026-08-06T11:55:45.698347+00:00,model_baseline,20260806,15,POSITION,20260806:600498.SH,927cbf78e17a0e4707118643a9051180cbfacf92f83d2780dfed8a6483c743ef,600498.SH,,400,,,,,400,"{""close"":""37.79"",""cost_basis"":""13697.14"",""market_value"":""15116.00"",""price_date"":""20260806"",""quantity"":400,""realized_pnl"":""0.00"",""stale_trade_days"":0,""ts_code"":""600498.SH""}",ea55f2c38f45792a0dbdbaec96f649dd3cd0ff5150c63128663e3cf0a1bec92b,docker-scheduler
c0e97c29ff9acc5ac526,9455fb59450f1e35c63d,2026-08-06T11:55:45.698347+00:00,model_baseline,20260806,16,POSITION,20260806:601138.SH,927cbf78e17a0e4707118643a9051180cbfacf92f83d2780dfed8a6483c743ef,601138.SH,,200,,,,,200,"{""close"":""68.27"",""cost_basis"":""11433.11"",""market_value"":""13654.00"",""price_date"":""20260806"",""quantity"":200,""realized_pnl"":""0.00"",""stale_trade_days"":0,""ts_code"":""601138.SH""}",8cc84f90d3c7e1bb01372daf7461d22070139f3c4765e1a75923e432cef0c1b9,docker-scheduler
756187fbddf5b930e4b5,9455fb59450f1e35c63d,2026-08-06T11:55:45.698347+00:00,model_baseline,20260806,17,POSITION,20260806:603119.SH,927cbf78e17a0e4707118643a9051180cbfacf92f83d2780dfed8a6483c743ef,603119.SH,,300,,,,,300,"{""close"":""53.6"",""cost_basis"":""13205.13"",""market_value"":""16080.00"",""price_date"":""20260806"",""quantity"":300,""realized_pnl"":""0.00"",""stale_trade_days"":0,""ts_code"":""603119.SH""}",9c3f7d4567a4e9f51fea4e401982002e4b35b7d74d9b1b3c657a9b5054714193,docker-scheduler
a8021313696a77c9482f,9455fb59450f1e35c63d,2026-08-06T11:55:45.698347+00:00,model_baseline,20260806,18,POSITION,20260806:603308.SH,927cbf78e17a0e4707118643a9051180cbfacf92f83d2780dfed8a6483c743ef,603308.SH,,300,,,,,300,"{""close"":""48.07"",""cost_basis"":""14402.14"",""market_value"":""14421.00"",""price_date"":""20260806"",""quantity"":300,""realized_pnl"":""0.00"",""stale_trade_days"":0,""ts_code"":""603308.SH""}",e15a70ae1e107fbac7c353fde5d08e47ffb4503ed0a7aca10a4c885db3db435d,docker-scheduler
d8f4d56abb9d085abb44,9455fb59450f1e35c63d,2026-08-06T11:55:45.698347+00:00,model_baseline,20260806,19,POSITION,20260806:688166.SH,927cbf78e17a0e4707118643a9051180cbfacf92f83d2780dfed8a6483c743ef,688166.SH,,493,,,,,493,"{""close"":""34.83"",""cost_basis"":""15490.28"",""market_value"":""17171.19"",""price_date"":""20260806"",""quantity"":493,""realized_pnl"":""0.00"",""stale_trade_days"":0,""ts_code"":""688166.SH""}",80d10a086837979f6f74612aeacde557ae363921a85f85407058dc39fdc6f46a,docker-scheduler
7086d89875f70a0c43f8,9455fb59450f1e35c63d,2026-08-06T11:55:45.698347+00:00,model_baseline,20260806,20,POSITION,20260806:688343.SH,927cbf78e17a0e4707118643a9051180cbfacf92f83d2780dfed8a6483c743ef,688343.SH,,271,,,,,271,"{""close"":""60.47"",""cost_basis"":""15452.15"",""market_value"":""16387.37"",""price_date"":""20260806"",""quantity"":271,""realized_pnl"":""0.00"",""stale_trade_days"":0,""ts_code"":""688343.SH""}",4e4b183755ea352e6848e8666f3911df74d1c29ddb72185b2f5a323fa7b7105b,docker-scheduler
6e14f160d8356c548d0b,9455fb59450f1e35c63d,2026-08-06T11:55:45.698347+00:00,model_baseline,20260806,21,POSITION,20260806:688676.SH,927cbf78e17a0e4707118643a9051180cbfacf92f83d2780dfed8a6483c743ef,688676.SH,,231,,,,,231,"{""close"":""68.36"",""cost_basis"":""15502.94"",""market_value"":""15791.16"",""price_date"":""20260806"",""quantity"":231,""realized_pnl"":""0.00"",""stale_trade_days"":0,""ts_code"":""688676.SH""}",0c09077052b87d298f3144b27b4d549dcd4ec3d5a00a474f532ae64590dd2556,docker-scheduler
ee1645bdd07c364aa57d,9455fb59450f1e35c63d,2026-08-06T11:55:45.698347+00:00,model_baseline,20260806,22,POSITION,20260806:688709.SH,927cbf78e17a0e4707118643a9051180cbfacf92f83d2780dfed8a6483c743ef,688709.SH,,603,,,,,603,"{""close"":""26.29"",""cost_basis"":""15502.25"",""market_value"":""15852.87"",""price_date"":""20260806"",""quantity"":603,""realized_pnl"":""0.00"",""stale_trade_days"":0,""ts_code"":""688709.SH""}",a6f9ec55f684ad45c5605af845369e8dbd97ab4ec31fc8f9ffe1f975200f5a5e,docker-scheduler
951acb8e30a9d7b3a915,9455fb59450f1e35c63d,2026-08-06T11:55:45.698347+00:00,model_baseline,20260806,23,CASH,20260806,927cbf78e17a0e4707118643a9051180cbfacf92f83d2780dfed8a6483c743ef,,,,,,,153697.32,,"{""cash"":""153697.32""}",7b3ee7358d82632da8cacc0218473b1b8680a745e64ba5f00ea6d7843f46a94c,docker-scheduler
c9e55c8936ff59e99ffb,9455fb59450f1e35c63d,2026-08-06T11:55:45.698347+00:00,model_baseline,20260806,24,NAV,20260806,927cbf78e17a0e4707118643a9051180cbfacf92f83d2780dfed8a6483c743ef,,,,,,,153697.32,,"{""benchmark_nav"":""0.9959544172261584849592784141"",""cash"":""153697.32"",""cash_ratio"":""0.3126993276806535900187238345"",""cumulative_dividends"":""32.00"",""cumulative_fees"":""438.23"",""daily_fees"":""0.00"",""drawdown"":""-0.01696418"",""equation_difference"":""0.00"",""freshness_status"":""PASS"",""market_value"":""337820.59"",""net_asset"":""491517.91"",""net_excess"":""-0.0129185972261584849592784141"",""normalized_nav"":""0.98303582"",""positions"":[{""close"":""14.58"",""cost_basis"":""18179.19"",""market_value"":""16038.00"",""price_date"":""20260806"",""quantity"":1100,""realized_pnl"":""0.00"",""stale_trade_days"":0,""ts_code"":""000032.SZ""},{""close"":""6.59"",""cost_basis"":""15197.15"",""market_value"":""15816.00"",""price_date"":""20260806"",""quantity"":2400,""realized_pnl"":""0.00"",""stale_trade_days"":0,""ts_code"":""000060.SZ""},{""close"":""22.99"",""cost_basis"":""15167.15"",""market_value"":""16093.00"",""price_date"":""20260806"",""quantity"":700,""realized_pnl"":""0.00"",""stale_trade_days"":0,""ts_code"":""000062.SZ""},{""close"":""38.71"",""cost_basis"":""14609.15"",""market_value"":""15484.00"",""price_date"":""20260806"",""quantity"":400,""realized_pnl"":""0.00"",""stale_trade_days"":0,""ts_code"":""002050.SZ""},{""close"":""52.93"",""cost_basis"":""14885.15"",""market_value"":""15879.00"",""price_date"":""20260806"",""quantity"":300,""realized_pnl"":""0.00"",""stale_trade_days"":0,""ts_code"":""002837.SZ""},{""close"":""19.9"",""cost_basis"":""15285.15"",""market_value"":""15920.00"",""price_date"":""20260806"",""quantity"":800,""realized_pnl"":""0.00"",""stale_trade_days"":0,""ts_code"":""003022.SZ""},{""close"":""65.38"",""cost_basis"":""15517.16"",""market_value"":""13076.00"",""price_date"":""20260806"",""quantity"":200,""realized_pnl"":""0.00"",""stale_trade_days"":0,""ts_code"":""300136.SZ""},{""close"":""81.83"",""cost_basis"":""15405.15"",""market_value"":""16366.00"",""price_date"":""20260806"",""quantity"":200,""realized_pnl"":""0.00"",""stale_trade_days"":0,""ts_code"":""300395.SZ""},{""close"":""171.0"",""cost_basis"":""14205.14"",""market_value"":""17100.00"",""price_date"":""20260806"",""quantity"":100,""realized_pnl"":""0.00"",""stale_trade_days"":0,""ts_code"":""300548.SZ""},{""close"":""169.38"",""cost_basis"":""15505.16"",""market_value"":""16938.00"",""price_date"":""20260806"",""quantity"":100,""realized_pnl"":""0.00"",""stale_trade_days"":0,""ts_code"":""300751.SZ""},{""close"":""38.38"",""cost_basis"":""14109.14"",""market_value"":""15352.00"",""price_date"":""20260806"",""quantity"":400,""realized_pnl"":""0.00"",""stale_trade_days"":0,""ts_code"":""600105.SH""},{""close"":""41.91"",""cost_basis"":""11840.12"",""market_value"":""12573.00"",""price_date"":""20260806"",""quantity"":300,""realized_pnl"":""0.00"",""stale_trade_days"":0,""ts_code"":""600111.SH""},{""close"":""40.78"",""cost_basis"":""12074.12"",""market_value"":""12234.00"",""price_date"":""20260806"",""quantity"":300,""realized_pnl"":""0.00"",""stale_trade_days"":0,""ts_code"":""600176.SH""},{""close"":""48.26"",""cost_basis"":""12875.13"",""market_value"":""14478.00"",""price_date"":""20260806"",""quantity"":300,""realized_pnl"":""0.00"",""stale_trade_days"":0,""ts_code"":""600378.SH""},{""close"":""37.79"",""cost_basis"":""13697.14"",""market_value"":""15116.00"",""price_date"":""20260806"",""quantity"":400,""realized_pnl"":""0.00"",""stale_trade_days"":0,""ts_code"":""600498.SH""},{""close"":""68.27"",""cost_basis"":""11433.11"",""market_value"":""13654.00"",""price_date"":""20260806"",""quantity"":200,""realized_pnl"":""0.00"",""stale_trade_days"":0,""ts_code"":""601138.SH""},{""close"":""53.6"",""cost_basis"":""13205.13"",""market_value"":""16080.00"",""price_date"":""20260806"",""quantity"":300,""realized_pnl"":""0.00"",""stale_trade_days"":0,""ts_code"":""603119.SH""},{""close"":""48.07"",""cost_basis"":""14402.14"",""market_value"":""14421.00"",""price_date"":""20260806"",""quantity"":300,""realized_pnl"":""0.00"",""stale_trade_days"":0,""ts_code"":""603308.SH""},{""close"":""34.83"",""cost_basis"":""15490.28"",""market_value"":""17171.19"",""price_date"":""20260806"",""quantity"":493,""realized_pnl"":""0.00"",""stale_trade_days"":0,""ts_code"":""688166.SH""},{""close"":""60.47"",""cost_basis"":""15452.15"",""market_value"":""16387.37"",""price_date"":""20260806"",""quantity"":271,""realized_pnl"":""0.00"",""stale_trade_days"":0,""ts_code"":""688343.SH""},{""close"":""68.36"",""cost_basis"":""15502.94"",""market_value"":""15791.16"",""price_date"":""20260806"",""quantity"":231,""realized_pnl"":""0.00"",""stale_trade_days"":0,""ts_code"":""688676.SH""},{""close"":""26.29"",""cost_basis"":""15502.25"",""market_value"":""15852.87"",""price_date"":""20260806"",""quantity"":603,""realized_pnl"":""0.00"",""stale_trade_days"":0,""ts_code"":""688709.SH""}],""trade_date"":""20260806"",""turnover"":""0""}",f1e20520f3fa8deedbe84cbb6888a0f1319b2f3e2a86393a3daa966f3ae0dd0c,docker-scheduler
f0d21790de5e96a5dbae,e617ab4fa01c98dc04c9,2026-08-06T11:55:57.631595+00:00,model_top20,20260806,1,POSITION,20260806:000032.SZ,927cbf78e17a0e4707118643a9051180cbfacf92f83d2780dfed8a6483c743ef,000032.SZ,,1700,,,,,1700,"{""close"":""14.58"",""cost_basis"":""28129.53"",""market_value"":""24786.00"",""price_date"":""20260806"",""quantity"":1700,""realized_pnl"":""0.00"",""stale_trade_days"":0,""ts_code"":""000032.SZ""}",4768a5aa5e1ab3ea77f4f91dea413f63591c97b2af75f1aeb74de978c096267c,docker-scheduler
af1dcfec1929d1e90186,e617ab4fa01c98dc04c9,2026-08-06T11:55:57.631595+00:00,model_top20,20260806,2,POSITION,20260806:000060.SZ,927cbf78e17a0e4707118643a9051180cbfacf92f83d2780dfed8a6483c743ef,000060.SZ,,3500,,,,,3500,"{""close"":""6.59"",""cost_basis"":""22161.87"",""market_value"":""23065.00"",""price_date"":""20260806"",""quantity"":3500,""realized_pnl"":""0.00"",""stale_trade_days"":0,""ts_code"":""000060.SZ""}",1c071caf364b6c6dffc49517f2ba44936cd0b1fc1c1c0bc73fa236eda7257634,docker-scheduler
f412da30cf0b60af43c8,e617ab4fa01c98dc04c9,2026-08-06T11:55:57.631595+00:00,model_top20,20260806,3,POSITION,20260806:000062.SZ,927cbf78e17a0e4707118643a9051180cbfacf92f83d2780dfed8a6483c743ef,000062.SZ,,1000,,,,,1000,"{""close"":""22.99"",""cost_basis"":""21666.72"",""market_value"":""22990.00"",""price_date"":""20260806"",""quantity"":1000,""realized_pnl"":""0.00"",""stale_trade_days"":0,""ts_code"":""000062.SZ""}",b51ed8390c18affda62a7ef50cca475ea6db7510eadebd4670655044db065e16,docker-scheduler
e7c4e20304c89b9c5779,e617ab4fa01c98dc04c9,2026-08-06T11:55:57.631595+00:00,model_top20,20260806,4,POSITION,20260806:002050.SZ,927cbf78e17a0e4707118643a9051180cbfacf92f83d2780dfed8a6483c743ef,002050.SZ,,600,,,,,600,"{""close"":""38.71"",""cost_basis"":""21912.79"",""market_value"":""23226.00"",""price_date"":""20260806"",""quantity"":600,""realized_pnl"":""0.00"",""stale_trade_days"":0,""ts_code"":""002050.SZ""}",3bf76e6f0004c3d8e408f60f7cfe7601eca831941e0f19b3c87e144c16412670,docker-scheduler
8979e43f72061c7604af,e617ab4fa01c98dc04c9,2026-08-06T11:55:57.631595+00:00,model_top20,20260806,5,POSITION,20260806:002837.SZ,927cbf78e17a0e4707118643a9051180cbfacf92f83d2780dfed8a6483c743ef,002837.SZ,,400,,,,,400,"{""close"":""52.93"",""cost_basis"":""19846.15"",""market_value"":""21172.00"",""price_date"":""20260806"",""quantity"":400,""realized_pnl"":""0.00"",""stale_trade_days"":0,""ts_code"":""002837.SZ""}",121261dc989d5112400b5fe321d9448704c0a109b3905c5cca45b619d8ba67c0,docker-scheduler
68c2ebc7dc783b283e69,e617ab4fa01c98dc04c9,2026-08-06T11:55:57.631595+00:00,model_top20,20260806,6,POSITION,20260806:003022.SZ,927cbf78e17a0e4707118643a9051180cbfacf92f83d2780dfed8a6483c743ef,003022.SZ,,1100,,,,,1100,"{""close"":""19.9"",""cost_basis"":""21016.51"",""market_value"":""21890.00"",""price_date"":""20260806"",""quantity"":1100,""realized_pnl"":""0.00"",""stale_trade_days"":0,""ts_code"":""003022.SZ""}",dd45ca0e0f8ca78604abeb875580ce827f73de7fcead18029f39195d25c5c58b,docker-scheduler
3a14893d458f8048032b,e617ab4fa01c98dc04c9,2026-08-06T11:55:57.631595+00:00,model_top20,20260806,7,POSITION,20260806:300136.SZ,927cbf78e17a0e4707118643a9051180cbfacf92f83d2780dfed8a6483c743ef,300136.SZ,,300,,,,,300,"{""close"":""65.38"",""cost_basis"":""23275.21"",""market_value"":""19614.00"",""price_date"":""20260806"",""quantity"":300,""realized_pnl"":""0.00"",""stale_trade_days"":0,""ts_code"":""300136.SZ""}",00a6d22454e6530a84fbb445d93d8fda1d05010b4076b957604395f3e5d935e8,docker-scheduler
142f0176a5faf55f6ca7,e617ab4fa01c98dc04c9,2026-08-06T11:55:57.631595+00:00,model_top20,20260806,8,POSITION,20260806:300395.SZ,927cbf78e17a0e4707118643a9051180cbfacf92f83d2780dfed8a6483c743ef,300395.SZ,,200,,,,,200,"{""close"":""81.83"",""cost_basis"":""15405.15"",""market_value"":""16366.00"",""price_date"":""20260806"",""quantity"":200,""realized_pnl"":""0.00"",""stale_trade_days"":0,""ts_code"":""300395.SZ""}",9f2071c930fec5526f85c083e3008d6fd1135bfcc29ffc2cd2c5d33e6265adeb,docker-scheduler
da651f28ce1099e7e642,e617ab4fa01c98dc04c9,2026-08-06T11:55:57.631595+00:00,model_top20,20260806,9,POSITION,20260806:300476.SZ,927cbf78e17a0e4707118643a9051180cbfacf92f83d2780dfed8a6483c743ef,300476.SZ,,100,,,,,100,"{""close"":""250.15"",""cost_basis"":""20262.28"",""market_value"":""25015.00"",""price_date"":""20260806"",""quantity"":100,""realized_pnl"":""0.00"",""stale_trade_days"":0,""ts_code"":""300476.SZ""}",7ce06d232059dfebf968103f0a2030e603f19d941af59db633e07a180e631807,docker-scheduler
ae93f9a642ac43bd6556,e617ab4fa01c98dc04c9,2026-08-06T11:55:57.631595+00:00,model_top20,20260806,10,POSITION,20260806:300548.SZ,927cbf78e17a0e4707118643a9051180cbfacf92f83d2780dfed8a6483c743ef,300548.SZ,,100,,,,,100,"{""close"":""171.0"",""cost_basis"":""14205.14"",""market_value"":""17100.00"",""price_date"":""20260806"",""quantity"":100,""realized_pnl"":""0.00"",""stale_trade_days"":0,""ts_code"":""300548.SZ""}",1cb0c3448df632a867e47fab9bf87e056ce433cad677b3b333b2a42b7478ceb3,docker-scheduler
8d53193a7b7725a5b5d4,e617ab4fa01c98dc04c9,2026-08-06T11:55:57.631595+00:00,model_top20,20260806,11,POSITION,20260806:600111.SH,927cbf78e17a0e4707118643a9051180cbfacf92f83d2780dfed8a6483c743ef,600111.SH,,500,,,,,500,"{""close"":""41.91"",""cost_basis"":""19731.12"",""market_value"":""20955.00"",""price_date"":""20260806"",""quantity"":500,""realized_pnl"":""0.00"",""stale_trade_days"":0,""ts_code"":""600111.SH""}",0283bcd01cd3a9e19de91b5181119bbf284f178fdddde31b05ff5a6d520240ae,docker-scheduler
e9542f9d0521bcbd8756,e617ab4fa01c98dc04c9,2026-08-06T11:55:57.631595+00:00,model_top20,20260806,12,POSITION,20260806:600498.SH,927cbf78e17a0e4707118643a9051180cbfacf92f83d2780dfed8a6483c743ef,600498.SH,,600,,,,,600,"{""close"":""37.79"",""cost_basis"":""20544.37"",""market_value"":""22674.00"",""price_date"":""20260806"",""quantity"":600,""realized_pnl"":""0.00"",""stale_trade_days"":0,""ts_code"":""600498.SH""}",4d0f8135531c8368ca0f816d671dd1ae2ddfd13b50bf9a1e1fc012c49c4c04e9,docker-scheduler
a3caef86be64660b8805,e617ab4fa01c98dc04c9,2026-08-06T11:55:57.631595+00:00,model_top20,20260806,13,POSITION,20260806:603119.SH,927cbf78e17a0e4707118643a9051180cbfacf92f83d2780dfed8a6483c743ef,603119.SH,,500,,,,,500,"{""close"":""53.6"",""cost_basis"":""22006.82"",""market_value"":""26800.00"",""price_date"":""20260806"",""quantity"":500,""realized_pnl"":""0.00"",""stale_trade_days"":0,""ts_code"":""603119.SH""}",13d68c2e5a1189960cdc12a988def0b406f9c514b240c133aa4a769d7433f241,docker-scheduler
70f0497fa6208bfb7bb6,e617ab4fa01c98dc04c9,2026-08-06T11:55:57.631595+00:00,model_top20,20260806,14,POSITION,20260806:603308.SH,927cbf78e17a0e4707118643a9051180cbfacf92f83d2780dfed8a6483c743ef,603308.SH,,500,,,,,500,"{""close"":""48.07"",""cost_basis"":""24002.44"",""market_value"":""24035.00"",""price_date"":""20260806"",""quantity"":500,""realized_pnl"":""0.00"",""stale_trade_days"":0,""ts_code"":""603308.SH""}",27d51b762e48b699f80ae62268f452d458b6a313abe6c6256f601bd754772c9a,docker-scheduler
975a6698f46722d43a71,e617ab4fa01c98dc04c9,2026-08-06T11:55:57.631595+00:00,model_top20,20260806,15,POSITION,20260806:688166.SH,927cbf78e17a0e4707118643a9051180cbfacf92f83d2780dfed8a6483c743ef,688166.SH,,713,,,,,713,"{""close"":""34.83"",""cost_basis"":""22402.27"",""market_value"":""24833.79"",""price_date"":""20260806"",""quantity"":713,""realized_pnl"":""0.00"",""stale_trade_days"":0,""ts_code"":""688166.SH""}",4fd1a89ba5142be91a9dbb5b430b6db2133778369f8eee1019536de33830b888,docker-scheduler
384bda39f8a9436680fa,e617ab4fa01c98dc04c9,2026-08-06T11:55:57.631595+00:00,model_top20,20260806,16,POSITION,20260806:688313.SH,927cbf78e17a0e4707118643a9051180cbfacf92f83d2780dfed8a6483c743ef,688313.SH,,233,,,,,233,"{""close"":""118.75"",""cost_basis"":""22374.93"",""market_value"":""27668.75"",""price_date"":""20260806"",""quantity"":233,""realized_pnl"":""0.00"",""stale_trade_days"":0,""ts_code"":""688313.SH""}",51dec497401ca8be9d8adc65864042d371b27ac9aeb1d39264e17f082df4693b,docker-scheduler
19b4c457ab326cf8398f,e617ab4fa01c98dc04c9,2026-08-06T11:55:57.631595+00:00,model_top20,20260806,17,POSITION,20260806:688343.SH,927cbf78e17a0e4707118643a9051180cbfacf92f83d2780dfed8a6483c743ef,688343.SH,,393,,,,,393,"{""close"":""60.47"",""cost_basis"":""22407.94"",""market_value"":""23764.71"",""price_date"":""20260806"",""quantity"":393,""realized_pnl"":""0.00"",""stale_trade_days"":0,""ts_code"":""688343.SH""}",8f6ba65e61b89094e41fde2055084d415828413c6997a3d2e5892bf74e0e8300,docker-scheduler
805395c8664dd54dcb56,e617ab4fa01c98dc04c9,2026-08-06T11:55:57.631595+00:00,model_top20,20260806,18,CASH,20260806,927cbf78e17a0e4707118643a9051180cbfacf92f83d2780dfed8a6483c743ef,,,,,,,99941.57,,"{""cash"":""99941.57""}",bf1a83b0b25721b0bd189fc4b2c8bf5d3bc875e234b6db43bcbb32232636c6bb,docker-scheduler
61a22cb7b778265b17a0,e617ab4fa01c98dc04c9,2026-08-06T11:55:57.631595+00:00,model_top20,20260806,19,NAV,20260806,927cbf78e17a0e4707118643a9051180cbfacf92f83d2780dfed8a6483c743ef,,,,,,,99941.57,,"{""benchmark_nav"":""0.9959544172261584849592784141"",""cash"":""99941.57"",""cash_ratio"":""0.2056847583402583289184728560"",""cumulative_dividends"":""48.00"",""cumulative_fees"":""477.69"",""daily_fees"":""0.00"",""drawdown"":""-0.02820636"",""equation_difference"":""0.00"",""freshness_status"":""PASS"",""market_value"":""385955.25"",""net_asset"":""485896.82"",""net_excess"":""-0.0241607772261584849592784141"",""normalized_nav"":""0.97179364"",""positions"":[{""close"":""14.58"",""cost_basis"":""28129.53"",""market_value"":""24786.00"",""price_date"":""20260806"",""quantity"":1700,""realized_pnl"":""0.00"",""stale_trade_days"":0,""ts_code"":""000032.SZ""},{""close"":""6.59"",""cost_basis"":""22161.87"",""market_value"":""23065.00"",""price_date"":""20260806"",""quantity"":3500,""realized_pnl"":""0.00"",""stale_trade_days"":0,""ts_code"":""000060.SZ""},{""close"":""22.99"",""cost_basis"":""21666.72"",""market_value"":""22990.00"",""price_date"":""20260806"",""quantity"":1000,""realized_pnl"":""0.00"",""stale_trade_days"":0,""ts_code"":""000062.SZ""},{""close"":""38.71"",""cost_basis"":""21912.79"",""market_value"":""23226.00"",""price_date"":""20260806"",""quantity"":600,""realized_pnl"":""0.00"",""stale_trade_days"":0,""ts_code"":""002050.SZ""},{""close"":""52.93"",""cost_basis"":""19846.15"",""market_value"":""21172.00"",""price_date"":""20260806"",""quantity"":400,""realized_pnl"":""0.00"",""stale_trade_days"":0,""ts_code"":""002837.SZ""},{""close"":""19.9"",""cost_basis"":""21016.51"",""market_value"":""21890.00"",""price_date"":""20260806"",""quantity"":1100,""realized_pnl"":""0.00"",""stale_trade_days"":0,""ts_code"":""003022.SZ""},{""close"":""65.38"",""cost_basis"":""23275.21"",""market_value"":""19614.00"",""price_date"":""20260806"",""quantity"":300,""realized_pnl"":""0.00"",""stale_trade_days"":0,""ts_code"":""300136.SZ""},{""close"":""81.83"",""cost_basis"":""15405.15"",""market_value"":""16366.00"",""price_date"":""20260806"",""quantity"":200,""realized_pnl"":""0.00"",""stale_trade_days"":0,""ts_code"":""300395.SZ""},{""close"":""250.15"",""cost_basis"":""20262.28"",""market_value"":""25015.00"",""price_date"":""20260806"",""quantity"":100,""realized_pnl"":""0.00"",""stale_trade_days"":0,""ts_code"":""300476.SZ""},{""close"":""171.0"",""cost_basis"":""14205.14"",""market_value"":""17100.00"",""price_date"":""20260806"",""quantity"":100,""realized_pnl"":""0.00"",""stale_trade_days"":0,""ts_code"":""300548.SZ""},{""close"":""41.91"",""cost_basis"":""19731.12"",""market_value"":""20955.00"",""price_date"":""20260806"",""quantity"":500,""realized_pnl"":""0.00"",""stale_trade_days"":0,""ts_code"":""600111.SH""},{""close"":""37.79"",""cost_basis"":""20544.37"",""market_value"":""22674.00"",""price_date"":""20260806"",""quantity"":600,""realized_pnl"":""0.00"",""stale_trade_days"":0,""ts_code"":""600498.SH""},{""close"":""53.6"",""cost_basis"":""22006.82"",""market_value"":""26800.00"",""price_date"":""20260806"",""quantity"":500,""realized_pnl"":""0.00"",""stale_trade_days"":0,""ts_code"":""603119.SH""},{""close"":""48.07"",""cost_basis"":""24002.44"",""market_value"":""24035.00"",""price_date"":""20260806"",""quantity"":500,""realized_pnl"":""0.00"",""stale_trade_days"":0,""ts_code"":""603308.SH""},{""close"":""34.83"",""cost_basis"":""22402.27"",""market_value"":""24833.79"",""price_date"":""20260806"",""quantity"":713,""realized_pnl"":""0.00"",""stale_trade_days"":0,""ts_code"":""688166.SH""},{""close"":""118.75"",""cost_basis"":""22374.93"",""market_value"":""27668.75"",""price_date"":""20260806"",""quantity"":233,""realized_pnl"":""0.00"",""stale_trade_days"":0,""ts_code"":""688313.SH""},{""close"":""60.47"",""cost_basis"":""22407.94"",""market_value"":""23764.71"",""price_date"":""20260806"",""quantity"":393,""realized_pnl"":""0.00"",""stale_trade_days"":0,""ts_code"":""688343.SH""}],""trade_date"":""20260806"",""turnover"":""0""}",0473eb74b2c21a9edba3d770d280b317554a4c0ea25cd8aa43e2cd4ff327b595,docker-scheduler
11b02ed8a5a6642a2b1e,a649986c579ab72406cd,2026-08-07T11:57:43.001082+00:00,model_baseline,20260807,1,POSITION,20260807:000032.SZ,506c40195c0c820f2447e042cf306cb3a72b90c1e76ef3457544adeb9f0e8130,000032.SZ,,1100,,,,,1100,"{""close"":""14.8"",""cost_basis"":""18179.19"",""market_value"":""16280.00"",""price_date"":""20260807"",""quantity"":1100,""realized_pnl"":""0.00"",""stale_trade_days"":0,""ts_code"":""000032.SZ""}",d7a7bf3c3e8fc86328a6fd58667bfed18d052f764c3fc37c7cd5e254d6ed38e8,docker-scheduler
0273726fa91110cefc14,a649986c579ab72406cd,2026-08-07T11:57:43.001082+00:00,model_baseline,20260807,2,POSITION,20260807:000060.SZ,506c40195c0c820f2447e042cf306cb3a72b90c1e76ef3457544adeb9f0e8130,000060.SZ,,2400,,,,,2400,"{""close"":""6.81"",""cost_basis"":""15197.15"",""market_value"":""16344.00"",""price_date"":""20260807"",""quantity"":2400,""realized_pnl"":""0.00"",""stale_trade_days"":0,""ts_code"":""000060.SZ""}",89172b3b77fc54f8944e69bb62e5daebf3d196b1b813c1eeece7ab36a8068169,docker-scheduler
70f37b42257cb3a6ac6a,a649986c579ab72406cd,2026-08-07T11:57:43.001082+00:00,model_baseline,20260807,3,POSITION,20260807:000062.SZ,506c40195c0c820f2447e042cf306cb3a72b90c1e76ef3457544adeb9f0e8130,000062.SZ,,700,,,,,700,"{""close"":""23.42"",""cost_basis"":""15167.15"",""market_value"":""16394.00"",""price_date"":""20260807"",""quantity"":700,""realized_pnl"":""0.00"",""stale_trade_days"":0,""ts_code"":""000062.SZ""}",2bc6d2d5bad578987cd93482e937711a3698427abb36c5f9e9e575b1493ec83c,docker-scheduler
240940b98c62a45302b8,a649986c579ab72406cd,2026-08-07T11:57:43.001082+00:00,model_baseline,20260807,4,POSITION,20260807:002050.SZ,506c40195c0c820f2447e042cf306cb3a72b90c1e76ef3457544adeb9f0e8130,002050.SZ,,400,,,,,400,"{""close"":""39.12"",""cost_basis"":""14609.15"",""market_value"":""15648.00"",""price_date"":""20260807"",""quantity"":400,""realized_pnl"":""0.00"",""stale_trade_days"":0,""ts_code"":""002050.SZ""}",c6a4700291281b7bcccf548c92d7dfed26aebc2efd2e6dbabca8fbbad02e0964,docker-scheduler
f5be1d6d8eadd91aa5d4,a649986c579ab72406cd,2026-08-07T11:57:43.001082+00:00,model_baseline,20260807,5,POSITION,20260807:002837.SZ,506c40195c0c820f2447e042cf306cb3a72b90c1e76ef3457544adeb9f0e8130,002837.SZ,,300,,,,,300,"{""close"":""55.9"",""cost_basis"":""14885.15"",""market_value"":""16770.00"",""price_date"":""20260807"",""quantity"":300,""realized_pnl"":""0.00"",""stale_trade_days"":0,""ts_code"":""002837.SZ""}",1ad7a6c2d044ecd85b5a8e1b9a72d3458f5f0255c8c8f2f568f4882f7078cbf4,docker-scheduler
3a33fa6dcc279b83e418,a649986c579ab72406cd,2026-08-07T11:57:43.001082+00:00,model_baseline,20260807,6,POSITION,20260807:003022.SZ,506c40195c0c820f2447e042cf306cb3a72b90c1e76ef3457544adeb9f0e8130,003022.SZ,,800,,,,,800,"{""close"":""20.22"",""cost_basis"":""15285.15"",""market_value"":""16176.00"",""price_date"":""20260807"",""quantity"":800,""realized_pnl"":""0.00"",""stale_trade_days"":0,""ts_code"":""003022.SZ""}",599b417201115854ac366a113fd677365aa8d0fc508c9db45abb20ec58354871,docker-scheduler
f9d0d4e5dc64b1be5e79,a649986c579ab72406cd,2026-08-07T11:57:43.001082+00:00,model_baseline,20260807,7,POSITION,20260807:300136.SZ,506c40195c0c820f2447e042cf306cb3a72b90c1e76ef3457544adeb9f0e8130,300136.SZ,,200,,,,,200,"{""close"":""68.12"",""cost_basis"":""15517.16"",""market_value"":""13624.00"",""price_date"":""20260807"",""quantity"":200,""realized_pnl"":""0.00"",""stale_trade_days"":0,""ts_code"":""300136.SZ""}",a9d79145a070d55d7201881c1f2a700bd59addb4674f73e3f32fb4d385bbd68f,docker-scheduler
a5965c90e736d593a4ba,a649986c579ab72406cd,2026-08-07T11:57:43.001082+00:00,model_baseline,20260807,8,POSITION,20260807:300395.SZ,506c40195c0c820f2447e042cf306cb3a72b90c1e76ef3457544adeb9f0e8130,300395.SZ,,200,,,,,200,"{""close"":""89.6"",""cost_basis"":""15405.15"",""market_value"":""17920.00"",""price_date"":""20260807"",""quantity"":200,""realized_pnl"":""0.00"",""stale_trade_days"":0,""ts_code"":""300395.SZ""}",3c5d364fa7223305763f293c2e3ee6b5b3c9970ccd4f24fe15faa65cc3d5d5bc,docker-scheduler
1a01b831cdd57807421e,a649986c579ab72406cd,2026-08-07T11:57:43.001082+00:00,model_baseline,20260807,9,POSITION,20260807:300548.SZ,506c40195c0c820f2447e042cf306cb3a72b90c1e76ef3457544adeb9f0e8130,300548.SZ,,100,,,,,100,"{""close"":""177.04"",""cost_basis"":""14205.14"",""market_value"":""17704.00"",""price_date"":""20260807"",""quantity"":100,""realized_pnl"":""0.00"",""stale_trade_days"":0,""ts_code"":""300548.SZ""}",c3b221f13574c03f2834bf98f408d4e40fd4e5de0cf66e5c90a51e91d6cf92f9,docker-scheduler
0223fd7b053170d16abd,a649986c579ab72406cd,2026-08-07T11:57:43.001082+00:00,model_baseline,20260807,10,POSITION,20260807:300751.SZ,506c40195c0c820f2447e042cf306cb3a72b90c1e76ef3457544adeb9f0e8130,300751.SZ,,100,,,,,100,"{""close"":""171.77"",""cost_basis"":""15505.16"",""market_value"":""17177.00"",""price_date"":""20260807"",""quantity"":100,""realized_pnl"":""0.00"",""stale_trade_days"":0,""ts_code"":""300751.SZ""}",a0c15976c0f24bcba453c3527c3ff3dc2e9ceedc1a469539d36e599a8c40e117,docker-scheduler
90e368fb810b2d97bba9,a649986c579ab72406cd,2026-08-07T11:57:43.001082+00:00,model_baseline,20260807,11,POSITION,20260807:600105.SH,506c40195c0c820f2447e042cf306cb3a72b90c1e76ef3457544adeb9f0e8130,600105.SH,,400,,,,,400,"{""close"":""39.0"",""cost_basis"":""14109.14"",""market_value"":""15600.00"",""price_date"":""20260807"",""quantity"":400,""realized_pnl"":""0.00"",""stale_trade_days"":0,""ts_code"":""600105.SH""}",7baa8df8dd5fc965603438dd791a34267dec226c1612178579c1b1ea0c26a452,docker-scheduler
f1f0e6136b49b1ff0695,a649986c579ab72406cd,2026-08-07T11:57:43.001082+00:00,model_baseline,20260807,12,POSITION,20260807:600111.SH,506c40195c0c820f2447e042cf306cb3a72b90c1e76ef3457544adeb9f0e8130,600111.SH,,300,,,,,300,"{""close"":""44.06"",""cost_basis"":""11840.12"",""market_value"":""13218.00"",""price_date"":""20260807"",""quantity"":300,""realized_pnl"":""0.00"",""stale_trade_days"":0,""ts_code"":""600111.SH""}",99f97a6e3a0bb7398642cc07139ac7ebf6a98f22ad27662471bee0bd9ac84be7,docker-scheduler
6f165058608d769b436e,a649986c579ab72406cd,2026-08-07T11:57:43.001082+00:00,model_baseline,20260807,13,POSITION,20260807:600176.SH,506c40195c0c820f2447e042cf306cb3a72b90c1e76ef3457544adeb9f0e8130,600176.SH,,300,,,,,300,"{""close"":""44.38"",""cost_basis"":""12074.12"",""market_value"":""13314.00"",""price_date"":""20260807"",""quantity"":300,""realized_pnl"":""0.00"",""stale_trade_days"":0,""ts_code"":""600176.SH""}",dadc3ad7a86d35ba1873fdbd304a79e76a2b89257516a157ddcdefaca9c6fdb9,docker-scheduler
27ee0b24edd265d8fa6b,a649986c579ab72406cd,2026-08-07T11:57:43.001082+00:00,model_baseline,20260807,14,POSITION,20260807:600378.SH,506c40195c0c820f2447e042cf306cb3a72b90c1e76ef3457544adeb9f0e8130,600378.SH,,300,,,,,300,"{""close"":""49.09"",""cost_basis"":""12875.13"",""market_value"":""14727.00"",""price_date"":""20260807"",""quantity"":300,""realized_pnl"":""0.00"",""stale_trade_days"":0,""ts_code"":""600378.SH""}",cfc87c50a9d43803eb6b9616e3bdb5a3d538017a744a8cb6e149577b41de7c16,docker-scheduler
8c953b97fcbf4865b8b3,a649986c579ab72406cd,2026-08-07T11:57:43.001082+00:00,model_baseline,20260807,15,POSITION,20260807:600498.SH,506c40195c0c820f2447e042cf306cb3a72b90c1e76ef3457544adeb9f0e8130,600498.SH,,400,,,,,400,"{""close"":""39.21"",""cost_basis"":""13697.14"",""market_value"":""15684.00"",""price_date"":""20260807"",""quantity"":400,""realized_pnl"":""0.00"",""stale_trade_days"":0,""ts_code"":""600498.SH""}",4a6966ecdcadf9c52ffb566da1a05116d863e38ba5721e9cd8255dcc7daa406f,docker-scheduler
135398710e564c7377e4,a649986c579ab72406cd,2026-08-07T11:57:43.001082+00:00,model_baseline,20260807,16,POSITION,20260807:601138.SH,506c40195c0c820f2447e042cf306cb3a72b90c1e76ef3457544adeb9f0e8130,601138.SH,,200,,,,,200,"{""close"":""68.18"",""cost_basis"":""11433.11"",""market_value"":""13636.00"",""price_date"":""20260807"",""quantity"":200,""realized_pnl"":""0.00"",""stale_trade_days"":0,""ts_code"":""601138.SH""}",771d85718915bae8554b8cd67d53765bb29fb0de96f538daf82c73d4affe3338,docker-scheduler
7d34ddffd15e80a1722d,a649986c579ab72406cd,2026-08-07T11:57:43.001082+00:00,model_baseline,20260807,17,POSITION,20260807:603119.SH,506c40195c0c820f2447e042cf306cb3a72b90c1e76ef3457544adeb9f0e8130,603119.SH,,300,,,,,300,"{""close"":""54.49"",""cost_basis"":""13205.13"",""market_value"":""16347.00"",""price_date"":""20260807"",""quantity"":300,""realized_pnl"":""0.00"",""stale_trade_days"":0,""ts_code"":""603119.SH""}",a65c20159975fbd877e8ffcd6798e80d55e6a7b5028038a8b69863ff050eff6f,docker-scheduler
1acbdeef92c500849094,a649986c579ab72406cd,2026-08-07T11:57:43.001082+00:00,model_baseline,20260807,18,POSITION,20260807:603308.SH,506c40195c0c820f2447e042cf306cb3a72b90c1e76ef3457544adeb9f0e8130,603308.SH,,300,,,,,300,"{""close"":""48.52"",""cost_basis"":""14402.14"",""market_value"":""14556.00"",""price_date"":""20260807"",""quantity"":300,""realized_pnl"":""0.00"",""stale_trade_days"":0,""ts_code"":""603308.SH""}",35ef735a03b21aed3c72833e3d68ff16d9b5cb4c810f44378c21142f764bdb3d,docker-scheduler
3838efed3777f7ccdae4,a649986c579ab72406cd,2026-08-07T11:57:43.001082+00:00,model_baseline,20260807,19,POSITION,20260807:688166.SH,506c40195c0c820f2447e042cf306cb3a72b90c1e76ef3457544adeb9f0e8130,688166.SH,,493,,,,,493,"{""close"":""38.14"",""cost_basis"":""15490.28"",""market_value"":""18803.02"",""price_date"":""20260807"",""quantity"":493,""realized_pnl"":""0.00"",""stale_trade_days"":0,""ts_code"":""688166.SH""}",f59368fc1fd2bf4efbd90681ef1c4d5d228a140dad1c7e85c3881f0083f03f92,docker-scheduler
b40d401ec8178bcbd34f,a649986c579ab72406cd,2026-08-07T11:57:43.001082+00:00,model_baseline,20260807,20,POSITION,20260807:688343.SH,506c40195c0c820f2447e042cf306cb3a72b90c1e76ef3457544adeb9f0e8130,688343.SH,,271,,,,,271,"{""close"":""61.55"",""cost_basis"":""15452.15"",""market_value"":""16680.05"",""price_date"":""20260807"",""quantity"":271,""realized_pnl"":""0.00"",""stale_trade_days"":0,""ts_code"":""688343.SH""}",3f3db7ded328f03b63a4165cfd8484c5b5e5ab4c396701b50314141a8ccad712,docker-scheduler
63ef27febbef60baff79,a649986c579ab72406cd,2026-08-07T11:57:43.001082+00:00,model_baseline,20260807,21,POSITION,20260807:688676.SH,506c40195c0c820f2447e042cf306cb3a72b90c1e76ef3457544adeb9f0e8130,688676.SH,,231,,,,,231,"{""close"":""69.33"",""cost_basis"":""15502.94"",""market_value"":""16015.23"",""price_date"":""20260807"",""quantity"":231,""realized_pnl"":""0.00"",""stale_trade_days"":0,""ts_code"":""688676.SH""}",f1c47d7f958a0d403f8cf01ef4354c20ba2a273e4703a20eb9e471e4a76ef2f6,docker-scheduler
be324f3e28db5d2ada46,a649986c579ab72406cd,2026-08-07T11:57:43.001082+00:00,model_baseline,20260807,22,POSITION,20260807:688709.SH,506c40195c0c820f2447e042cf306cb3a72b90c1e76ef3457544adeb9f0e8130,688709.SH,,603,,,,,603,"{""close"":""27.12"",""cost_basis"":""15502.25"",""market_value"":""16353.36"",""price_date"":""20260807"",""quantity"":603,""realized_pnl"":""0.00"",""stale_trade_days"":0,""ts_code"":""688709.SH""}",d4a2d8698af607a39e51a70404e5b3485862c83d633039b43b15b0bf0c8e6c63,docker-scheduler
a1a2c9e5c4807325e390,a649986c579ab72406cd,2026-08-07T11:57:43.001082+00:00,model_baseline,20260807,23,CASH,20260807,506c40195c0c820f2447e042cf306cb3a72b90c1e76ef3457544adeb9f0e8130,,,,,,,153697.32,,"{""cash"":""153697.32""}",7b3ee7358d82632da8cacc0218473b1b8680a745e64ba5f00ea6d7843f46a94c,docker-scheduler
81359f0325c9ad4635b6,a649986c579ab72406cd,2026-08-07T11:57:43.001082+00:00,model_baseline,20260807,24,NAV,20260807,506c40195c0c820f2447e042cf306cb3a72b90c1e76ef3457544adeb9f0e8130,,,,,,,153697.32,,"{""benchmark_nav"":""1.007879805380678010742457665"",""cash"":""153697.32"",""cash_ratio"":""0.3057631003271781902638795493"",""cumulative_dividends"":""32.00"",""cumulative_fees"":""438.23"",""daily_fees"":""0.00"",""drawdown"":""0"",""equation_difference"":""0.00"",""freshness_status"":""PASS"",""market_value"":""348970.66"",""net_asset"":""502667.98"",""net_excess"":""-0.002543845380678010742457665"",""normalized_nav"":""1.00533596"",""positions"":[{""close"":""14.8"",""cost_basis"":""18179.19"",""market_value"":""16280.00"",""price_date"":""20260807"",""quantity"":1100,""realized_pnl"":""0.00"",""stale_trade_days"":0,""ts_code"":""000032.SZ""},{""close"":""6.81"",""cost_basis"":""15197.15"",""market_value"":""16344.00"",""price_date"":""20260807"",""quantity"":2400,""realized_pnl"":""0.00"",""stale_trade_days"":0,""ts_code"":""000060.SZ""},{""close"":""23.42"",""cost_basis"":""15167.15"",""market_value"":""16394.00"",""price_date"":""20260807"",""quantity"":700,""realized_pnl"":""0.00"",""stale_trade_days"":0,""ts_code"":""000062.SZ""},{""close"":""39.12"",""cost_basis"":""14609.15"",""market_value"":""15648.00"",""price_date"":""20260807"",""quantity"":400,""realized_pnl"":""0.00"",""stale_trade_days"":0,""ts_code"":""002050.SZ""},{""close"":""55.9"",""cost_basis"":""14885.15"",""market_value"":""16770.00"",""price_date"":""20260807"",""quantity"":300,""realized_pnl"":""0.00"",""stale_trade_days"":0,""ts_code"":""002837.SZ""},{""close"":""20.22"",""cost_basis"":""15285.15"",""market_value"":""16176.00"",""price_date"":""20260807"",""quantity"":800,""realized_pnl"":""0.00"",""stale_trade_days"":0,""ts_code"":""003022.SZ""},{""close"":""68.12"",""cost_basis"":""15517.16"",""market_value"":""13624.00"",""price_date"":""20260807"",""quantity"":200,""realized_pnl"":""0.00"",""stale_trade_days"":0,""ts_code"":""300136.SZ""},{""close"":""89.6"",""cost_basis"":""15405.15"",""market_value"":""17920.00"",""price_date"":""20260807"",""quantity"":200,""realized_pnl"":""0.00"",""stale_trade_days"":0,""ts_code"":""300395.SZ""},{""close"":""177.04"",""cost_basis"":""14205.14"",""market_value"":""17704.00"",""price_date"":""20260807"",""quantity"":100,""realized_pnl"":""0.00"",""stale_trade_days"":0,""ts_code"":""300548.SZ""},{""close"":""171.77"",""cost_basis"":""15505.16"",""market_value"":""17177.00"",""price_date"":""20260807"",""quantity"":100,""realized_pnl"":""0.00"",""stale_trade_days"":0,""ts_code"":""300751.SZ""},{""close"":""39.0"",""cost_basis"":""14109.14"",""market_value"":""15600.00"",""price_date"":""20260807"",""quantity"":400,""realized_pnl"":""0.00"",""stale_trade_days"":0,""ts_code"":""600105.SH""},{""close"":""44.06"",""cost_basis"":""11840.12"",""market_value"":""13218.00"",""price_date"":""20260807"",""quantity"":300,""realized_pnl"":""0.00"",""stale_trade_days"":0,""ts_code"":""600111.SH""},{""close"":""44.38"",""cost_basis"":""12074.12"",""market_value"":""13314.00"",""price_date"":""20260807"",""quantity"":300,""realized_pnl"":""0.00"",""stale_trade_days"":0,""ts_code"":""600176.SH""},{""close"":""49.09"",""cost_basis"":""12875.13"",""market_value"":""14727.00"",""price_date"":""20260807"",""quantity"":300,""realized_pnl"":""0.00"",""stale_trade_days"":0,""ts_code"":""600378.SH""},{""close"":""39.21"",""cost_basis"":""13697.14"",""market_value"":""15684.00"",""price_date"":""20260807"",""quantity"":400,""realized_pnl"":""0.00"",""stale_trade_days"":0,""ts_code"":""600498.SH""},{""close"":""68.18"",""cost_basis"":""11433.11"",""market_value"":""13636.00"",""price_date"":""20260807"",""quantity"":200,""realized_pnl"":""0.00"",""stale_trade_days"":0,""ts_code"":""601138.SH""},{""close"":""54.49"",""cost_basis"":""13205.13"",""market_value"":""16347.00"",""price_date"":""20260807"",""quantity"":300,""realized_pnl"":""0.00"",""stale_trade_days"":0,""ts_code"":""603119.SH""},{""close"":""48.52"",""cost_basis"":""14402.14"",""market_value"":""14556.00"",""price_date"":""20260807"",""quantity"":300,""realized_pnl"":""0.00"",""stale_trade_days"":0,""ts_code"":""603308.SH""},{""close"":""38.14"",""cost_basis"":""15490.28"",""market_value"":""18803.02"",""price_date"":""20260807"",""quantity"":493,""realized_pnl"":""0.00"",""stale_trade_days"":0,""ts_code"":""688166.SH""},{""close"":""61.55"",""cost_basis"":""15452.15"",""market_value"":""16680.05"",""price_date"":""20260807"",""quantity"":271,""realized_pnl"":""0.00"",""stale_trade_days"":0,""ts_code"":""688343.SH""},{""close"":""69.33"",""cost_basis"":""15502.94"",""market_value"":""16015.23"",""price_date"":""20260807"",""quantity"":231,""realized_pnl"":""0.00"",""stale_trade_days"":0,""ts_code"":""688676.SH""},{""close"":""27.12"",""cost_basis"":""15502.25"",""market_value"":""16353.36"",""price_date"":""20260807"",""quantity"":603,""realized_pnl"":""0.00"",""stale_trade_days"":0,""ts_code"":""688709.SH""}],""trade_date"":""20260807"",""turnover"":""0""}",392f86efcfb1d7d7680c1e3e8891a62bb473d6f84ae5c7f8d9e5d54894fcd68a,docker-scheduler
5bc8ad1311539773a122,2e6d3f14f5ab0cfd9d51,2026-08-07T11:57:55.188598+00:00,model_top20,20260807,1,POSITION,20260807:000032.SZ,506c40195c0c820f2447e042cf306cb3a72b90c1e76ef3457544adeb9f0e8130,000032.SZ,,1700,,,,,1700,"{""close"":""14.8"",""cost_basis"":""28129.53"",""market_value"":""25160.00"",""price_date"":""20260807"",""quantity"":1700,""realized_pnl"":""0.00"",""stale_trade_days"":0,""ts_code"":""000032.SZ""}",6f3697ba9da37fede048b4b95c78eafbcfb9ad459a890a997f940c37a17c378b,docker-scheduler
a2ae1b6e8c4b183940eb,2e6d3f14f5ab0cfd9d51,2026-08-07T11:57:55.188598+00:00,model_top20,20260807,2,POSITION,20260807:000060.SZ,506c40195c0c820f2447e042cf306cb3a72b90c1e76ef3457544adeb9f0e8130,000060.SZ,,3500,,,,,3500,"{""close"":""6.81"",""cost_basis"":""22161.87"",""market_value"":""23835.00"",""price_date"":""20260807"",""quantity"":3500,""realized_pnl"":""0.00"",""stale_trade_days"":0,""ts_code"":""000060.SZ""}",e1516f3868645b3c8cf1037ce131bb8ea0efdbcb55721fde79055ae3647d07b8,docker-scheduler
fb270b4107da9a85676a,2e6d3f14f5ab0cfd9d51,2026-08-07T11:57:55.188598+00:00,model_top20,20260807,3,POSITION,20260807:000062.SZ,506c40195c0c820f2447e042cf306cb3a72b90c1e76ef3457544adeb9f0e8130,000062.SZ,,1000,,,,,1000,"{""close"":""23.42"",""cost_basis"":""21666.72"",""market_value"":""23420.00"",""price_date"":""20260807"",""quantity"":1000,""realized_pnl"":""0.00"",""stale_trade_days"":0,""ts_code"":""000062.SZ""}",87ca781cc0b5b9abbd6c93a6cf5a97bb08728d8884a83c06fd19ffbd329e2dc8,docker-scheduler
7db4e23b89def708f0fb,2e6d3f14f5ab0cfd9d51,2026-08-07T11:57:55.188598+00:00,model_top20,20260807,4,POSITION,20260807:002050.SZ,506c40195c0c820f2447e042cf306cb3a72b90c1e76ef3457544adeb9f0e8130,002050.SZ,,600,,,,,600,"{""close"":""39.12"",""cost_basis"":""21912.79"",""market_value"":""23472.00"",""price_date"":""20260807"",""quantity"":600,""realized_pnl"":""0.00"",""stale_trade_days"":0,""ts_code"":""002050.SZ""}",7d273927db3237d6eed81d2e89111c196af35d7f7fa600b6f12289e2624f64d7,docker-scheduler
c85568ab5319d180c169,2e6d3f14f5ab0cfd9d51,2026-08-07T11:57:55.188598+00:00,model_top20,20260807,5,POSITION,20260807:002837.SZ,506c40195c0c820f2447e042cf306cb3a72b90c1e76ef3457544adeb9f0e8130,002837.SZ,,400,,,,,400,"{""close"":""55.9"",""cost_basis"":""19846.15"",""market_value"":""22360.00"",""price_date"":""20260807"",""quantity"":400,""realized_pnl"":""0.00"",""stale_trade_days"":0,""ts_code"":""002837.SZ""}",7965a581d317e4c17c1d443fc6102f0e9203f3b6f3407adc7118e1fe59c47f16,docker-scheduler
df408eabf2b7a8fc7ebc,2e6d3f14f5ab0cfd9d51,2026-08-07T11:57:55.188598+00:00,model_top20,20260807,6,POSITION,20260807:003022.SZ,506c40195c0c820f2447e042cf306cb3a72b90c1e76ef3457544adeb9f0e8130,003022.SZ,,1100,,,,,1100,"{""close"":""20.22"",""cost_basis"":""21016.51"",""market_value"":""22242.00"",""price_date"":""20260807"",""quantity"":1100,""realized_pnl"":""0.00"",""stale_trade_days"":0,""ts_code"":""003022.SZ""}",3ce5650c1b082613c376c7821c5b56b8dd0d3aa03798fef11217e9416fa69398,docker-scheduler
84dcb904895a589ecdb9,2e6d3f14f5ab0cfd9d51,2026-08-07T11:57:55.188598+00:00,model_top20,20260807,7,POSITION,20260807:300136.SZ,506c40195c0c820f2447e042cf306cb3a72b90c1e76ef3457544adeb9f0e8130,300136.SZ,,300,,,,,300,"{""close"":""68.12"",""cost_basis"":""23275.21"",""market_value"":""20436.00"",""price_date"":""20260807"",""quantity"":300,""realized_pnl"":""0.00"",""stale_trade_days"":0,""ts_code"":""300136.SZ""}",37c77d0921923e91030639d56a18d2f47988f9c447d54953cafd4d37bdfe1a20,docker-scheduler
ef1fefe4857f9188f56d,2e6d3f14f5ab0cfd9d51,2026-08-07T11:57:55.188598+00:00,model_top20,20260807,8,POSITION,20260807:300395.SZ,506c40195c0c820f2447e042cf306cb3a72b90c1e76ef3457544adeb9f0e8130,300395.SZ,,200,,,,,200,"{""close"":""89.6"",""cost_basis"":""15405.15"",""market_value"":""17920.00"",""price_date"":""20260807"",""quantity"":200,""realized_pnl"":""0.00"",""stale_trade_days"":0,""ts_code"":""300395.SZ""}",3c5d364fa7223305763f293c2e3ee6b5b3c9970ccd4f24fe15faa65cc3d5d5bc,docker-scheduler
8a3f76dcf0550c5b575d,2e6d3f14f5ab0cfd9d51,2026-08-07T11:57:55.188598+00:00,model_top20,20260807,9,POSITION,20260807:300476.SZ,506c40195c0c820f2447e042cf306cb3a72b90c1e76ef3457544adeb9f0e8130,300476.SZ,,100,,,,,100,"{""close"":""280.2"",""cost_basis"":""20262.28"",""market_value"":""28020.00"",""price_date"":""20260807"",""quantity"":100,""realized_pnl"":""0.00"",""stale_trade_days"":0,""ts_code"":""300476.SZ""}",37e4e937eeaf9f6863be90e7279b71305fbd31665f740e6eb8de9268597cffa3,docker-scheduler
7563eb14214d59444d6f,2e6d3f14f5ab0cfd9d51,2026-08-07T11:57:55.188598+00:00,model_top20,20260807,10,POSITION,20260807:300548.SZ,506c40195c0c820f2447e042cf306cb3a72b90c1e76ef3457544adeb9f0e8130,300548.SZ,,100,,,,,100,"{""close"":""177.04"",""cost_basis"":""14205.14"",""market_value"":""17704.00"",""price_date"":""20260807"",""quantity"":100,""realized_pnl"":""0.00"",""stale_trade_days"":0,""ts_code"":""300548.SZ""}",c3b221f13574c03f2834bf98f408d4e40fd4e5de0cf66e5c90a51e91d6cf92f9,docker-scheduler
0a617a4530e2768d11e5,2e6d3f14f5ab0cfd9d51,2026-08-07T11:57:55.188598+00:00,model_top20,20260807,11,POSITION,20260807:600111.SH,506c40195c0c820f2447e042cf306cb3a72b90c1e76ef3457544adeb9f0e8130,600111.SH,,500,,,,,500,"{""close"":""44.06"",""cost_basis"":""19731.12"",""market_value"":""22030.00"",""price_date"":""20260807"",""quantity"":500,""realized_pnl"":""0.00"",""stale_trade_days"":0,""ts_code"":""600111.SH""}",bb144e0c5ebaaddcb042555a65191b76215f5e9099c4a3e71acad3c0e4f9b188,docker-scheduler
d1d529e560e45fa5e7a7,2e6d3f14f5ab0cfd9d51,2026-08-07T11:57:55.188598+00:00,model_top20,20260807,12,POSITION,20260807:600498.SH,506c40195c0c820f2447e042cf306cb3a72b90c1e76ef3457544adeb9f0e8130,600498.SH,,600,,,,,600,"{""close"":""39.21"",""cost_basis"":""20544.37"",""market_value"":""23526.00"",""price_date"":""20260807"",""quantity"":600,""realized_pnl"":""0.00"",""stale_trade_days"":0,""ts_code"":""600498.SH""}",c34c1d1d445ff46f49ca4099b36861324e259a179988e7b4029ca46fdf08c193,docker-scheduler
4e3aecdfea63b661b98a,2e6d3f14f5ab0cfd9d51,2026-08-07T11:57:55.188598+00:00,model_top20,20260807,13,POSITION,20260807:603119.SH,506c40195c0c820f2447e042cf306cb3a72b90c1e76ef3457544adeb9f0e8130,603119.SH,,500,,,,,500,"{""close"":""54.49"",""cost_basis"":""22006.82"",""market_value"":""27245.00"",""price_date"":""20260807"",""quantity"":500,""realized_pnl"":""0.00"",""stale_trade_days"":0,""ts_code"":""603119.SH""}",d7f4c26be4ea61f1d32f7384158577b89736620054c6c513cd9ccfa7e5b3575f,docker-scheduler
efb8df03fa304d1dc0af,2e6d3f14f5ab0cfd9d51,2026-08-07T11:57:55.188598+00:00,model_top20,20260807,14,POSITION,20260807:603308.SH,506c40195c0c820f2447e042cf306cb3a72b90c1e76ef3457544adeb9f0e8130,603308.SH,,500,,,,,500,"{""close"":""48.52"",""cost_basis"":""24002.44"",""market_value"":""24260.00"",""price_date"":""20260807"",""quantity"":500,""realized_pnl"":""0.00"",""stale_trade_days"":0,""ts_code"":""603308.SH""}",f2d354e85388d24f716730ba1dd53dd926ed7c63794aab113784b80add8289f0,docker-scheduler
d95011afe71651ad93de,2e6d3f14f5ab0cfd9d51,2026-08-07T11:57:55.188598+00:00,model_top20,20260807,15,POSITION,20260807:688166.SH,506c40195c0c820f2447e042cf306cb3a72b90c1e76ef3457544adeb9f0e8130,688166.SH,,713,,,,,713,"{""close"":""38.14"",""cost_basis"":""22402.27"",""market_value"":""27193.82"",""price_date"":""20260807"",""quantity"":713,""realized_pnl"":""0.00"",""stale_trade_days"":0,""ts_code"":""688166.SH""}",ff3b74bc8f03d725eabe046844e5a60e192241a00d2602fe61a45128778b06c0,docker-scheduler
84672f791801d6e3984c,2e6d3f14f5ab0cfd9d51,2026-08-07T11:57:55.188598+00:00,model_top20,20260807,16,POSITION,20260807:688313.SH,506c40195c0c820f2447e042cf306cb3a72b90c1e76ef3457544adeb9f0e8130,688313.SH,,233,,,,,233,"{""close"":""127.7"",""cost_basis"":""22374.93"",""market_value"":""29754.10"",""price_date"":""20260807"",""quantity"":233,""realized_pnl"":""0.00"",""stale_trade_days"":0,""ts_code"":""688313.SH""}",b4a7b270d7fcb6509360f6f31971ba79e6dbe47247f3e586accecd1168f5a986,docker-scheduler
26f7245a703133b23de4,2e6d3f14f5ab0cfd9d51,2026-08-07T11:57:55.188598+00:00,model_top20,20260807,17,POSITION,20260807:688343.SH,506c40195c0c820f2447e042cf306cb3a72b90c1e76ef3457544adeb9f0e8130,688343.SH,,393,,,,,393,"{""close"":""61.55"",""cost_basis"":""22407.94"",""market_value"":""24189.15"",""price_date"":""20260807"",""quantity"":393,""realized_pnl"":""0.00"",""stale_trade_days"":0,""ts_code"":""688343.SH""}",5ff8e60cc552b9425c38554cdb0e19988ca0231d3be1dca034fb60010b5a8e0c,docker-scheduler
79039083c31e546a0b58,2e6d3f14f5ab0cfd9d51,2026-08-07T11:57:55.188598+00:00,model_top20,20260807,18,CASH,20260807,506c40195c0c820f2447e042cf306cb3a72b90c1e76ef3457544adeb9f0e8130,,,,,,,99941.57,,"{""cash"":""99941.57""}",bf1a83b0b25721b0bd189fc4b2c8bf5d3bc875e234b6db43bcbb32232636c6bb,docker-scheduler
36e4f5f462cd3658b09e,2e6d3f14f5ab0cfd9d51,2026-08-07T11:57:55.188598+00:00,model_top20,20260807,19,NAV,20260807,506c40195c0c820f2447e042cf306cb3a72b90c1e76ef3457544adeb9f0e8130,,,,,,,99941.57,,"{""benchmark_nav"":""1.007879805380678010742457665"",""cash"":""99941.57"",""cash_ratio"":""0.1988061514120783760549649594"",""cumulative_dividends"":""48.00"",""cumulative_fees"":""477.69"",""daily_fees"":""0.00"",""drawdown"":""0"",""equation_difference"":""0.00"",""freshness_status"":""PASS"",""market_value"":""402767.07"",""net_asset"":""502708.64"",""net_excess"":""-0.002462525380678010742457665"",""normalized_nav"":""1.00541728"",""positions"":[{""close"":""14.8"",""cost_basis"":""28129.53"",""market_value"":""25160.00"",""price_date"":""20260807"",""quantity"":1700,""realized_pnl"":""0.00"",""stale_trade_days"":0,""ts_code"":""000032.SZ""},{""close"":""6.81"",""cost_basis"":""22161.87"",""market_value"":""23835.00"",""price_date"":""20260807"",""quantity"":3500,""realized_pnl"":""0.00"",""stale_trade_days"":0,""ts_code"":""000060.SZ""},{""close"":""23.42"",""cost_basis"":""21666.72"",""market_value"":""23420.00"",""price_date"":""20260807"",""quantity"":1000,""realized_pnl"":""0.00"",""stale_trade_days"":0,""ts_code"":""000062.SZ""},{""close"":""39.12"",""cost_basis"":""21912.79"",""market_value"":""23472.00"",""price_date"":""20260807"",""quantity"":600,""realized_pnl"":""0.00"",""stale_trade_days"":0,""ts_code"":""002050.SZ""},{""close"":""55.9"",""cost_basis"":""19846.15"",""market_value"":""22360.00"",""price_date"":""20260807"",""quantity"":400,""realized_pnl"":""0.00"",""stale_trade_days"":0,""ts_code"":""002837.SZ""},{""close"":""20.22"",""cost_basis"":""21016.51"",""market_value"":""22242.00"",""price_date"":""20260807"",""quantity"":1100,""realized_pnl"":""0.00"",""stale_trade_days"":0,""ts_code"":""003022.SZ""},{""close"":""68.12"",""cost_basis"":""23275.21"",""market_value"":""20436.00"",""price_date"":""20260807"",""quantity"":300,""realized_pnl"":""0.00"",""stale_trade_days"":0,""ts_code"":""300136.SZ""},{""close"":""89.6"",""cost_basis"":""15405.15"",""market_value"":""17920.00"",""price_date"":""20260807"",""quantity"":200,""realized_pnl"":""0.00"",""stale_trade_days"":0,""ts_code"":""300395.SZ""},{""close"":""280.2"",""cost_basis"":""20262.28"",""market_value"":""28020.00"",""price_date"":""20260807"",""quantity"":100,""realized_pnl"":""0.00"",""stale_trade_days"":0,""ts_code"":""300476.SZ""},{""close"":""177.04"",""cost_basis"":""14205.14"",""market_value"":""17704.00"",""price_date"":""20260807"",""quantity"":100,""realized_pnl"":""0.00"",""stale_trade_days"":0,""ts_code"":""300548.SZ""},{""close"":""44.06"",""cost_basis"":""19731.12"",""market_value"":""22030.00"",""price_date"":""20260807"",""quantity"":500,""realized_pnl"":""0.00"",""stale_trade_days"":0,""ts_code"":""600111.SH""},{""close"":""39.21"",""cost_basis"":""20544.37"",""market_value"":""23526.00"",""price_date"":""20260807"",""quantity"":600,""realized_pnl"":""0.00"",""stale_trade_days"":0,""ts_code"":""600498.SH""},{""close"":""54.49"",""cost_basis"":""22006.82"",""market_value"":""27245.00"",""price_date"":""20260807"",""quantity"":500,""realized_pnl"":""0.00"",""stale_trade_days"":0,""ts_code"":""603119.SH""},{""close"":""48.52"",""cost_basis"":""24002.44"",""market_value"":""24260.00"",""price_date"":""20260807"",""quantity"":500,""realized_pnl"":""0.00"",""stale_trade_days"":0,""ts_code"":""603308.SH""},{""close"":""38.14"",""cost_basis"":""22402.27"",""market_value"":""27193.82"",""price_date"":""20260807"",""quantity"":713,""realized_pnl"":""0.00"",""stale_trade_days"":0,""ts_code"":""688166.SH""},{""close"":""127.7"",""cost_basis"":""22374.93"",""market_value"":""29754.10"",""price_date"":""20260807"",""quantity"":233,""realized_pnl"":""0.00"",""stale_trade_days"":0,""ts_code"":""688313.SH""},{""close"":""61.55"",""cost_basis"":""22407.94"",""market_value"":""24189.15"",""price_date"":""20260807"",""quantity"":393,""realized_pnl"":""0.00"",""stale_trade_days"":0,""ts_code"":""688343.SH""}],""trade_date"":""20260807"",""turnover"":""0""}",2bc895eb22503765d14a8b79991efc8d5417a7edc14a2642b10268dc33b7770a,docker-scheduler
53227f273707502d48fc,85727fc5931b0c0c53b9,2026-08-10T11:46:52.226302+00:00,model_baseline,20260810,1,POSITION,20260810:000032.SZ,5b8fd330ffdf4f43ed88ab4031b4748d678c48215dea3987ca54a89a936ee350,000032.SZ,,1100,,,,,1100,"{""close"":""14.5"",""cost_basis"":""18179.19"",""market_value"":""15950.00"",""price_date"":""20260810"",""quantity"":1100,""realized_pnl"":""0.00"",""stale_trade_days"":0,""ts_code"":""000032.SZ""}",1b5afdb83d025c5d2addab6d433ec659663e86d8b0bfbc7534da0cfb995021c6,docker-scheduler
ea4d87eef912a3299f4b,85727fc5931b0c0c53b9,2026-08-10T11:46:52.226302+00:00,model_baseline,20260810,2,POSITION,20260810:000060.SZ,5b8fd330ffdf4f43ed88ab4031b4748d678c48215dea3987ca54a89a936ee350,000060.SZ,,2400,,,,,2400,"{""close"":""6.94"",""cost_basis"":""15197.15"",""market_value"":""16656.00"",""price_date"":""20260810"",""quantity"":2400,""realized_pnl"":""0.00"",""stale_trade_days"":0,""ts_code"":""000060.SZ""}",dcb30c836d5fa324c2250944576f2cf88df5ac6e7221efd8bb11406d0c2c3625,docker-scheduler
8e0bfe968fc557929d6a,85727fc5931b0c0c53b9,2026-08-10T11:46:52.226302+00:00,model_baseline,20260810,3,POSITION,20260810:000062.SZ,5b8fd330ffdf4f43ed88ab4031b4748d678c48215dea3987ca54a89a936ee350,000062.SZ,,700,,,,,700,"{""close"":""23.24"",""cost_basis"":""15167.15"",""market_value"":""16268.00"",""price_date"":""20260810"",""quantity"":700,""realized_pnl"":""0.00"",""stale_trade_days"":0,""ts_code"":""000062.SZ""}",74c00f1ffb85c94ac484881c78c06d7991889f4fa384e2d3dd6cc20508cec06a,docker-scheduler
23553bc50a297531baa3,85727fc5931b0c0c53b9,2026-08-10T11:46:52.226302+00:00,model_baseline,20260810,4,POSITION,20260810:002050.SZ,5b8fd330ffdf4f43ed88ab4031b4748d678c48215dea3987ca54a89a936ee350,002050.SZ,,400,,,,,400,"{""close"":""38.53"",""cost_basis"":""14609.15"",""market_value"":""15412.00"",""price_date"":""20260810"",""quantity"":400,""realized_pnl"":""0.00"",""stale_trade_days"":0,""ts_code"":""002050.SZ""}",9a401a63cd43ec65af43a6e380c84548bd235780d1bc3deb69072674e249d448,docker-scheduler
07a1c7014f04af197449,85727fc5931b0c0c53b9,2026-08-10T11:46:52.226302+00:00,model_baseline,20260810,5,POSITION,20260810:002837.SZ,5b8fd330ffdf4f43ed88ab4031b4748d678c48215dea3987ca54a89a936ee350,002837.SZ,,300,,,,,300,"{""close"":""55.24"",""cost_basis"":""14885.15"",""market_value"":""16572.00"",""price_date"":""20260810"",""quantity"":300,""realized_pnl"":""0.00"",""stale_trade_days"":0,""ts_code"":""002837.SZ""}",7682a2c462790961c94b1da2254b1dcf54e39263e07051a98699f6da25ff3fa2,docker-scheduler
394ef44befb47294ba2f,85727fc5931b0c0c53b9,2026-08-10T11:46:52.226302+00:00,model_baseline,20260810,6,POSITION,20260810:003022.SZ,5b8fd330ffdf4f43ed88ab4031b4748d678c48215dea3987ca54a89a936ee350,003022.SZ,,800,,,,,800,"{""close"":""20.59"",""cost_basis"":""15285.15"",""market_value"":""16472.00"",""price_date"":""20260810"",""quantity"":800,""realized_pnl"":""0.00"",""stale_trade_days"":0,""ts_code"":""003022.SZ""}",913dba5b12fa367f3caeb77407f5818970b664677bccecbcba7fef52bf1ae2c4,docker-scheduler
6a8b3cf720b13a9d8cee,85727fc5931b0c0c53b9,2026-08-10T11:46:52.226302+00:00,model_baseline,20260810,7,POSITION,20260810:300136.SZ,5b8fd330ffdf4f43ed88ab4031b4748d678c48215dea3987ca54a89a936ee350,300136.SZ,,200,,,,,200,"{""close"":""68.36"",""cost_basis"":""15517.16"",""market_value"":""13672.00"",""price_date"":""20260810"",""quantity"":200,""realized_pnl"":""0.00"",""stale_trade_days"":0,""ts_code"":""300136.SZ""}",e56dd794256ed11cf48907115ae781e9b7cf672e92ccfa9b936993ec1fc301c9,docker-scheduler
68805dfbc831e1a57c98,85727fc5931b0c0c53b9,2026-08-10T11:46:52.226302+00:00,model_baseline,20260810,8,POSITION,20260810:300395.SZ,5b8fd330ffdf4f43ed88ab4031b4748d678c48215dea3987ca54a89a936ee350,300395.SZ,,200,,,,,200,"{""close"":""86.95"",""cost_basis"":""15405.15"",""market_value"":""17390.00"",""price_date"":""20260810"",""quantity"":200,""realized_pnl"":""0.00"",""stale_trade_days"":0,""ts_code"":""300395.SZ""}",985f0610a8e97fa285c45e548b18d0076385e77e569bac15e6404a71fd5ecd65,docker-scheduler
4f3747e4eb7f33dd3f80,85727fc5931b0c0c53b9,2026-08-10T11:46:52.226302+00:00,model_baseline,20260810,9,POSITION,20260810:300548.SZ,5b8fd330ffdf4f43ed88ab4031b4748d678c48215dea3987ca54a89a936ee350,300548.SZ,,100,,,,,100,"{""close"":""171.15"",""cost_basis"":""14205.14"",""market_value"":""17115.00"",""price_date"":""20260810"",""quantity"":100,""realized_pnl"":""0.00"",""stale_trade_days"":0,""ts_code"":""300548.SZ""}",c1023ab166429456954478fd465902f7a5408e04323e3ae737332f6958dd9b31,docker-scheduler
1391ea59aea5ade14102,85727fc5931b0c0c53b9,2026-08-10T11:46:52.226302+00:00,model_baseline,20260810,10,POSITION,20260810:300751.SZ,5b8fd330ffdf4f43ed88ab4031b4748d678c48215dea3987ca54a89a936ee350,300751.SZ,,100,,,,,100,"{""close"":""172.14"",""cost_basis"":""15505.16"",""market_value"":""17214.00"",""price_date"":""20260810"",""quantity"":100,""realized_pnl"":""0.00"",""stale_trade_days"":0,""ts_code"":""300751.SZ""}",a95e3ac4f5191716766976432f60dd04ba957ee1b51a57de77e232cfd32c70bf,docker-scheduler
abd05c55e3c67a9f0eb4,85727fc5931b0c0c53b9,2026-08-10T11:46:52.226302+00:00,model_baseline,20260810,11,POSITION,20260810:600105.SH,5b8fd330ffdf4f43ed88ab4031b4748d678c48215dea3987ca54a89a936ee350,600105.SH,,400,,,,,400,"{""close"":""37.67"",""cost_basis"":""14109.14"",""market_value"":""15068.00"",""price_date"":""20260810"",""quantity"":400,""realized_pnl"":""0.00"",""stale_trade_days"":0,""ts_code"":""600105.SH""}",b20deabbf2657c95ce15f21fe29a777fb32886f19eba36646347742844675bcd,docker-scheduler
012addf05ed8a4ddd421,85727fc5931b0c0c53b9,2026-08-10T11:46:52.226302+00:00,model_baseline,20260810,12,POSITION,20260810:600111.SH,5b8fd330ffdf4f43ed88ab4031b4748d678c48215dea3987ca54a89a936ee350,600111.SH,,300,,,,,300,"{""close"":""43.67"",""cost_basis"":""11840.12"",""market_value"":""13101.00"",""price_date"":""20260810"",""quantity"":300,""realized_pnl"":""0.00"",""stale_trade_days"":0,""ts_code"":""600111.SH""}",9c2c35001e4b3fcec1f2af14066e1afa1c96a1a9e41dea980b52856dc5c9e7ba,docker-scheduler
e28f3d2856efdde4336f,85727fc5931b0c0c53b9,2026-08-10T11:46:52.226302+00:00,model_baseline,20260810,13,POSITION,20260810:600176.SH,5b8fd330ffdf4f43ed88ab4031b4748d678c48215dea3987ca54a89a936ee350,600176.SH,,300,,,,,300,"{""close"":""43.28"",""cost_basis"":""12074.12"",""market_value"":""12984.00"",""price_date"":""20260810"",""quantity"":300,""realized_pnl"":""0.00"",""stale_trade_days"":0,""ts_code"":""600176.SH""}",73bc01cf526e818cbe5ba713c83f5e00793256ffbe6b1b55d9af784d78fe5ba2,docker-scheduler
724c5d00428b2a8ad98a,85727fc5931b0c0c53b9,2026-08-10T11:46:52.226302+00:00,model_baseline,20260810,14,POSITION,20260810:600378.SH,5b8fd330ffdf4f43ed88ab4031b4748d678c48215dea3987ca54a89a936ee350,600378.SH,,300,,,,,300,"{""close"":""48.83"",""cost_basis"":""12875.13"",""market_value"":""14649.00"",""price_date"":""20260810"",""quantity"":300,""realized_pnl"":""0.00"",""stale_trade_days"":0,""ts_code"":""600378.SH""}",40c9be116b4d4b98bbc39d200a31c49de8bacc2a48f1a85a0998dbe08122583b,docker-scheduler
4f02d64a75c765c54fa7,85727fc5931b0c0c53b9,2026-08-10T11:46:52.226302+00:00,model_baseline,20260810,15,POSITION,20260810:600498.SH,5b8fd330ffdf4f43ed88ab4031b4748d678c48215dea3987ca54a89a936ee350,600498.SH,,400,,,,,400,"{""close"":""38.3"",""cost_basis"":""13697.14"",""market_value"":""15320.00"",""price_date"":""20260810"",""quantity"":400,""realized_pnl"":""0.00"",""stale_trade_days"":0,""ts_code"":""600498.SH""}",052ff74c8b74bed26fc9dac3a7e2d31936b80820483dd2b6c0a3578dfa2a4ef0,docker-scheduler
878947ee9c7b39af2c5a,85727fc5931b0c0c53b9,2026-08-10T11:46:52.226302+00:00,model_baseline,20260810,16,POSITION,20260810:601138.SH,5b8fd330ffdf4f43ed88ab4031b4748d678c48215dea3987ca54a89a936ee350,601138.SH,,200,,,,,200,"{""close"":""69.18"",""cost_basis"":""11433.11"",""market_value"":""13836.00"",""price_date"":""20260810"",""quantity"":200,""realized_pnl"":""0.00"",""stale_trade_days"":0,""ts_code"":""601138.SH""}",e9fa1339e9167b8aa626a09be462f79ff3256250b0d70563334bb53666fc21d4,docker-scheduler
1ae110cdf8b7f02b104e,85727fc5931b0c0c53b9,2026-08-10T11:46:52.226302+00:00,model_baseline,20260810,17,POSITION,20260810:603119.SH,5b8fd330ffdf4f43ed88ab4031b4748d678c48215dea3987ca54a89a936ee350,603119.SH,,300,,,,,300,"{""close"":""53.8"",""cost_basis"":""13205.13"",""market_value"":""16140.00"",""price_date"":""20260810"",""quantity"":300,""realized_pnl"":""0.00"",""stale_trade_days"":0,""ts_code"":""603119.SH""}",00151bd529a385acbc1b92528b8e32d6bc8b606879b5f0be12fce07f57f15923,docker-scheduler
7a9eb947f3d07a5a9bad,85727fc5931b0c0c53b9,2026-08-10T11:46:52.226302+00:00,model_baseline,20260810,18,POSITION,20260810:603308.SH,5b8fd330ffdf4f43ed88ab4031b4748d678c48215dea3987ca54a89a936ee350,603308.SH,,300,,,,,300,"{""close"":""48.38"",""cost_basis"":""14402.14"",""market_value"":""14514.00"",""price_date"":""20260810"",""quantity"":300,""realized_pnl"":""0.00"",""stale_trade_days"":0,""ts_code"":""603308.SH""}",bf31fc2ca0b56211cc23a6f6843359630d07469a5f88e87df069fce95458e1f2,docker-scheduler
b56ee2808e6a2bd4f022,85727fc5931b0c0c53b9,2026-08-10T11:46:52.226302+00:00,model_baseline,20260810,19,POSITION,20260810:688166.SH,5b8fd330ffdf4f43ed88ab4031b4748d678c48215dea3987ca54a89a936ee350,688166.SH,,493,,,,,493,"{""close"":""37.41"",""cost_basis"":""15490.28"",""market_value"":""18443.13"",""price_date"":""20260810"",""quantity"":493,""realized_pnl"":""0.00"",""stale_trade_days"":0,""ts_code"":""688166.SH""}",0436f9624bdf262c82e4655fcb903a99a05508fa7a54e2c4c1b540fd3916a769,docker-scheduler
a62e279fef9d5edcdd9a,85727fc5931b0c0c53b9,2026-08-10T11:46:52.226302+00:00,model_baseline,20260810,20,POSITION,20260810:688343.SH,5b8fd330ffdf4f43ed88ab4031b4748d678c48215dea3987ca54a89a936ee350,688343.SH,,271,,,,,271,"{""close"":""59.99"",""cost_basis"":""15452.15"",""market_value"":""16257.29"",""price_date"":""20260810"",""quantity"":271,""realized_pnl"":""0.00"",""stale_trade_days"":0,""ts_code"":""688343.SH""}",ec0a638f058cb52e3750fff5ad034eb39b400c031ddfa27aeb08a054aa31db1e,docker-scheduler
210817b68680bd20a978,85727fc5931b0c0c53b9,2026-08-10T11:46:52.226302+00:00,model_baseline,20260810,21,POSITION,20260810:688676.SH,5b8fd330ffdf4f43ed88ab4031b4748d678c48215dea3987ca54a89a936ee350,688676.SH,,231,,,,,231,"{""close"":""70.0"",""cost_basis"":""15502.94"",""market_value"":""16170.00"",""price_date"":""20260810"",""quantity"":231,""realized_pnl"":""0.00"",""stale_trade_days"":0,""ts_code"":""688676.SH""}",24b1f515e629255fa3a9d73a1bf4408bdd528f99e3fac864f8f3912e924160b6,docker-scheduler
228651e9bb46c44de18a,85727fc5931b0c0c53b9,2026-08-10T11:46:52.226302+00:00,model_baseline,20260810,22,POSITION,20260810:688709.SH,5b8fd330ffdf4f43ed88ab4031b4748d678c48215dea3987ca54a89a936ee350,688709.SH,,603,,,,,603,"{""close"":""27.01"",""cost_basis"":""15502.25"",""market_value"":""16287.03"",""price_date"":""20260810"",""quantity"":603,""realized_pnl"":""0.00"",""stale_trade_days"":0,""ts_code"":""688709.SH""}",b9b45b3bd2297e78c5e078e13e7700b4d08102d0f704cf8606c0bc6a3fb59b36,docker-scheduler
52577bc27d7b185704b6,85727fc5931b0c0c53b9,2026-08-10T11:46:52.226302+00:00,model_baseline,20260810,23,CASH,20260810,5b8fd330ffdf4f43ed88ab4031b4748d678c48215dea3987ca54a89a936ee350,,,,,,,153697.32,,"{""cash"":""153697.32""}",7b3ee7358d82632da8cacc0218473b1b8680a745e64ba5f00ea6d7843f46a94c,docker-scheduler
04e58e2eb3287a95fe9d,85727fc5931b0c0c53b9,2026-08-10T11:46:52.226302+00:00,model_baseline,20260810,24,NAV,20260810,5b8fd330ffdf4f43ed88ab4031b4748d678c48215dea3987ca54a89a936ee350,,,,,,,153697.32,,"{""benchmark_nav"":""1.010814496143669230906696959"",""cash"":""153697.32"",""cash_ratio"":""0.3078948027913424241142766779"",""cumulative_dividends"":""32.00"",""cumulative_fees"":""438.23"",""daily_fees"":""0.00"",""drawdown"":""-0.0069234766057706719254327678"",""equation_difference"":""0.00"",""freshness_status"":""PASS"",""market_value"":""345490.45"",""net_asset"":""499187.77"",""net_excess"":""-0.012438956143669230906696959"",""normalized_nav"":""0.99837554"",""positions"":[{""close"":""14.5"",""cost_basis"":""18179.19"",""market_value"":""15950.00"",""price_date"":""20260810"",""quantity"":1100,""realized_pnl"":""0.00"",""stale_trade_days"":0,""ts_code"":""000032.SZ""},{""close"":""6.94"",""cost_basis"":""15197.15"",""market_value"":""16656.00"",""price_date"":""20260810"",""quantity"":2400,""realized_pnl"":""0.00"",""stale_trade_days"":0,""ts_code"":""000060.SZ""},{""close"":""23.24"",""cost_basis"":""15167.15"",""market_value"":""16268.00"",""price_date"":""20260810"",""quantity"":700,""realized_pnl"":""0.00"",""stale_trade_days"":0,""ts_code"":""000062.SZ""},{""close"":""38.53"",""cost_basis"":""14609.15"",""market_value"":""15412.00"",""price_date"":""20260810"",""quantity"":400,""realized_pnl"":""0.00"",""stale_trade_days"":0,""ts_code"":""002050.SZ""},{""close"":""55.24"",""cost_basis"":""14885.15"",""market_value"":""16572.00"",""price_date"":""20260810"",""quantity"":300,""realized_pnl"":""0.00"",""stale_trade_days"":0,""ts_code"":""002837.SZ""},{""close"":""20.59"",""cost_basis"":""15285.15"",""market_value"":""16472.00"",""price_date"":""20260810"",""quantity"":800,""realized_pnl"":""0.00"",""stale_trade_days"":0,""ts_code"":""003022.SZ""},{""close"":""68.36"",""cost_basis"":""15517.16"",""market_value"":""13672.00"",""price_date"":""20260810"",""quantity"":200,""realized_pnl"":""0.00"",""stale_trade_days"":0,""ts_code"":""300136.SZ""},{""close"":""86.95"",""cost_basis"":""15405.15"",""market_value"":""17390.00"",""price_date"":""20260810"",""quantity"":200,""realized_pnl"":""0.00"",""stale_trade_days"":0,""ts_code"":""300395.SZ""},{""close"":""171.15"",""cost_basis"":""14205.14"",""market_value"":""17115.00"",""price_date"":""20260810"",""quantity"":100,""realized_pnl"":""0.00"",""stale_trade_days"":0,""ts_code"":""300548.SZ""},{""close"":""172.14"",""cost_basis"":""15505.16"",""market_value"":""17214.00"",""price_date"":""20260810"",""quantity"":100,""realized_pnl"":""0.00"",""stale_trade_days"":0,""ts_code"":""300751.SZ""},{""close"":""37.67"",""cost_basis"":""14109.14"",""market_value"":""15068.00"",""price_date"":""20260810"",""quantity"":400,""realized_pnl"":""0.00"",""stale_trade_days"":0,""ts_code"":""600105.SH""},{""close"":""43.67"",""cost_basis"":""11840.12"",""market_value"":""13101.00"",""price_date"":""20260810"",""quantity"":300,""realized_pnl"":""0.00"",""stale_trade_days"":0,""ts_code"":""600111.SH""},{""close"":""43.28"",""cost_basis"":""12074.12"",""market_value"":""12984.00"",""price_date"":""20260810"",""quantity"":300,""realized_pnl"":""0.00"",""stale_trade_days"":0,""ts_code"":""600176.SH""},{""close"":""48.83"",""cost_basis"":""12875.13"",""market_value"":""14649.00"",""price_date"":""20260810"",""quantity"":300,""realized_pnl"":""0.00"",""stale_trade_days"":0,""ts_code"":""600378.SH""},{""close"":""38.3"",""cost_basis"":""13697.14"",""market_value"":""15320.00"",""price_date"":""20260810"",""quantity"":400,""realized_pnl"":""0.00"",""stale_trade_days"":0,""ts_code"":""600498.SH""},{""close"":""69.18"",""cost_basis"":""11433.11"",""market_value"":""13836.00"",""price_date"":""20260810"",""quantity"":200,""realized_pnl"":""0.00"",""stale_trade_days"":0,""ts_code"":""601138.SH""},{""close"":""53.8"",""cost_basis"":""13205.13"",""market_value"":""16140.00"",""price_date"":""20260810"",""quantity"":300,""realized_pnl"":""0.00"",""stale_trade_days"":0,""ts_code"":""603119.SH""},{""close"":""48.38"",""cost_basis"":""14402.14"",""market_value"":""14514.00"",""price_date"":""20260810"",""quantity"":300,""realized_pnl"":""0.00"",""stale_trade_days"":0,""ts_code"":""603308.SH""},{""close"":""37.41"",""cost_basis"":""15490.28"",""market_value"":""18443.13"",""price_date"":""20260810"",""quantity"":493,""realized_pnl"":""0.00"",""stale_trade_days"":0,""ts_code"":""688166.SH""},{""close"":""59.99"",""cost_basis"":""15452.15"",""market_value"":""16257.29"",""price_date"":""20260810"",""quantity"":271,""realized_pnl"":""0.00"",""stale_trade_days"":0,""ts_code"":""688343.SH""},{""close"":""70.0"",""cost_basis"":""15502.94"",""market_value"":""16170.00"",""price_date"":""20260810"",""quantity"":231,""realized_pnl"":""0.00"",""stale_trade_days"":0,""ts_code"":""688676.SH""},{""close"":""27.01"",""cost_basis"":""15502.25"",""market_value"":""16287.03"",""price_date"":""20260810"",""quantity"":603,""realized_pnl"":""0.00"",""stale_trade_days"":0,""ts_code"":""688709.SH""}],""trade_date"":""20260810"",""turnover"":""0""}",9e140b4b6088a92784eee95e8a788a28ec292ec90d61a1e45324968418064ff7,docker-scheduler
11bf246beb90ca3bfd21,6a0e70008d58316cb4bf,2026-08-10T11:47:06.309644+00:00,model_top20,20260810,1,POSITION,20260810:000032.SZ,5b8fd330ffdf4f43ed88ab4031b4748d678c48215dea3987ca54a89a936ee350,000032.SZ,,1700,,,,,1700,"{""close"":""14.5"",""cost_basis"":""28129.53"",""market_value"":""24650.00"",""price_date"":""20260810"",""quantity"":1700,""realized_pnl"":""0.00"",""stale_trade_days"":0,""ts_code"":""000032.SZ""}",3399c19e15cc6517231c4c27474d76d8f1636ebbbce977b62979bcb15c21a711,docker-scheduler
5f67d8a61fa24cd30bd5,6a0e70008d58316cb4bf,2026-08-10T11:47:06.309644+00:00,model_top20,20260810,2,POSITION,20260810:000060.SZ,5b8fd330ffdf4f43ed88ab4031b4748d678c48215dea3987ca54a89a936ee350,000060.SZ,,3500,,,,,3500,"{""close"":""6.94"",""cost_basis"":""22161.87"",""market_value"":""24290.00"",""price_date"":""20260810"",""quantity"":3500,""realized_pnl"":""0.00"",""stale_trade_days"":0,""ts_code"":""000060.SZ""}",66ff47dc7b4ad1e3ddbfa6c1280dc9d2ce935dcca8b8189837c14e0131be731a,docker-scheduler
9dd7847cf926afc42d39,6a0e70008d58316cb4bf,2026-08-10T11:47:06.309644+00:00,model_top20,20260810,3,POSITION,20260810:000062.SZ,5b8fd330ffdf4f43ed88ab4031b4748d678c48215dea3987ca54a89a936ee350,000062.SZ,,1000,,,,,1000,"{""close"":""23.24"",""cost_basis"":""21666.72"",""market_value"":""23240.00"",""price_date"":""20260810"",""quantity"":1000,""realized_pnl"":""0.00"",""stale_trade_days"":0,""ts_code"":""000062.SZ""}",6d45623db718cd72510e23e6e252b0fa5c14ef1e987004ba15f0f646a9cf6377,docker-scheduler
3fc75f9578ceb3149c39,6a0e70008d58316cb4bf,2026-08-10T11:47:06.309644+00:00,model_top20,20260810,4,POSITION,20260810:002050.SZ,5b8fd330ffdf4f43ed88ab4031b4748d678c48215dea3987ca54a89a936ee350,002050.SZ,,600,,,,,600,"{""close"":""38.53"",""cost_basis"":""21912.79"",""market_value"":""23118.00"",""price_date"":""20260810"",""quantity"":600,""realized_pnl"":""0.00"",""stale_trade_days"":0,""ts_code"":""002050.SZ""}",411c2d0786e1cda9a71cbe746529aef63a0e7aa4db50b52478bd716c8d3f0914,docker-scheduler
8dbc83d06fcfbed0177a,6a0e70008d58316cb4bf,2026-08-10T11:47:06.309644+00:00,model_top20,20260810,5,POSITION,20260810:002837.SZ,5b8fd330ffdf4f43ed88ab4031b4748d678c48215dea3987ca54a89a936ee350,002837.SZ,,400,,,,,400,"{""close"":""55.24"",""cost_basis"":""19846.15"",""market_value"":""22096.00"",""price_date"":""20260810"",""quantity"":400,""realized_pnl"":""0.00"",""stale_trade_days"":0,""ts_code"":""002837.SZ""}",d5cfdae28f778b64896900adf26320108634d084462ee492ac912cacfd315c67,docker-scheduler
915a1ea01d7ba856f81e,6a0e70008d58316cb4bf,2026-08-10T11:47:06.309644+00:00,model_top20,20260810,6,POSITION,20260810:003022.SZ,5b8fd330ffdf4f43ed88ab4031b4748d678c48215dea3987ca54a89a936ee350,003022.SZ,,1100,,,,,1100,"{""close"":""20.59"",""cost_basis"":""21016.51"",""market_value"":""22649.00"",""price_date"":""20260810"",""quantity"":1100,""realized_pnl"":""0.00"",""stale_trade_days"":0,""ts_code"":""003022.SZ""}",eab640ff76b3bb14d832a0e5321add279b4f2f0dec65c7c1640772695e58a3c1,docker-scheduler
0d343db96ee63b3ec305,6a0e70008d58316cb4bf,2026-08-10T11:47:06.309644+00:00,model_top20,20260810,7,POSITION,20260810:300136.SZ,5b8fd330ffdf4f43ed88ab4031b4748d678c48215dea3987ca54a89a936ee350,300136.SZ,,300,,,,,300,"{""close"":""68.36"",""cost_basis"":""23275.21"",""market_value"":""20508.00"",""price_date"":""20260810"",""quantity"":300,""realized_pnl"":""0.00"",""stale_trade_days"":0,""ts_code"":""300136.SZ""}",0f164fb61a32e2d8801d26e2ad6e516b1ffb11040817d3986383c51fcb8e9440,docker-scheduler
d54f2c91c30217d0982b,6a0e70008d58316cb4bf,2026-08-10T11:47:06.309644+00:00,model_top20,20260810,8,POSITION,20260810:300395.SZ,5b8fd330ffdf4f43ed88ab4031b4748d678c48215dea3987ca54a89a936ee350,300395.SZ,,200,,,,,200,"{""close"":""86.95"",""cost_basis"":""15405.15"",""market_value"":""17390.00"",""price_date"":""20260810"",""quantity"":200,""realized_pnl"":""0.00"",""stale_trade_days"":0,""ts_code"":""300395.SZ""}",985f0610a8e97fa285c45e548b18d0076385e77e569bac15e6404a71fd5ecd65,docker-scheduler
b98db30652ac6491669f,6a0e70008d58316cb4bf,2026-08-10T11:47:06.309644+00:00,model_top20,20260810,9,POSITION,20260810:300476.SZ,5b8fd330ffdf4f43ed88ab4031b4748d678c48215dea3987ca54a89a936ee350,300476.SZ,,100,,,,,100,"{""close"":""286.0"",""cost_basis"":""20262.28"",""market_value"":""28600.00"",""price_date"":""20260810"",""quantity"":100,""realized_pnl"":""0.00"",""stale_trade_days"":0,""ts_code"":""300476.SZ""}",6e30773fc2a23c8ace353e399e983a3b157c6019543e3fb90d5118666b71bc45,docker-scheduler
b062e3dbc4f148ba4303,6a0e70008d58316cb4bf,2026-08-10T11:47:06.309644+00:00,model_top20,20260810,10,POSITION,20260810:300548.SZ,5b8fd330ffdf4f43ed88ab4031b4748d678c48215dea3987ca54a89a936ee350,300548.SZ,,100,,,,,100,"{""close"":""171.15"",""cost_basis"":""14205.14"",""market_value"":""17115.00"",""price_date"":""20260810"",""quantity"":100,""realized_pnl"":""0.00"",""stale_trade_days"":0,""ts_code"":""300548.SZ""}",c1023ab166429456954478fd465902f7a5408e04323e3ae737332f6958dd9b31,docker-scheduler
7a89293db120ee1a19de,6a0e70008d58316cb4bf,2026-08-10T11:47:06.309644+00:00,model_top20,20260810,11,POSITION,20260810:600111.SH,5b8fd330ffdf4f43ed88ab4031b4748d678c48215dea3987ca54a89a936ee350,600111.SH,,500,,,,,500,"{""close"":""43.67"",""cost_basis"":""19731.12"",""market_value"":""21835.00"",""price_date"":""20260810"",""quantity"":500,""realized_pnl"":""0.00"",""stale_trade_days"":0,""ts_code"":""600111.SH""}",8448ed95cfbb8085479edb927018d03fd22089fd3f59c4a71b6b839ed2ef0c1c,docker-scheduler
7a52157ed4ca7e822c35,6a0e70008d58316cb4bf,2026-08-10T11:47:06.309644+00:00,model_top20,20260810,12,POSITION,20260810:600498.SH,5b8fd330ffdf4f43ed88ab4031b4748d678c48215dea3987ca54a89a936ee350,600498.SH,,600,,,,,600,"{""close"":""38.3"",""cost_basis"":""20544.37"",""market_value"":""22980.00"",""price_date"":""20260810"",""quantity"":600,""realized_pnl"":""0.00"",""stale_trade_days"":0,""ts_code"":""600498.SH""}",fd52618ff72207339137c590e6a4514ae0b8227efcf373918c935dd2dc32200a,docker-scheduler
2cbe2d96b5d95cf357a7,6a0e70008d58316cb4bf,2026-08-10T11:47:06.309644+00:00,model_top20,20260810,13,POSITION,20260810:603119.SH,5b8fd330ffdf4f43ed88ab4031b4748d678c48215dea3987ca54a89a936ee350,603119.SH,,500,,,,,500,"{""close"":""53.8"",""cost_basis"":""22006.82"",""market_value"":""26900.00"",""price_date"":""20260810"",""quantity"":500,""realized_pnl"":""0.00"",""stale_trade_days"":0,""ts_code"":""603119.SH""}",14879325b071cbbf1f48fcc31eead0ba437565ffcdaa9f15a895d379788203c4,docker-scheduler
0c41eb622e98d054060a,6a0e70008d58316cb4bf,2026-08-10T11:47:06.309644+00:00,model_top20,20260810,14,POSITION,20260810:603308.SH,5b8fd330ffdf4f43ed88ab4031b4748d678c48215dea3987ca54a89a936ee350,603308.SH,,500,,,,,500,"{""close"":""48.38"",""cost_basis"":""24002.44"",""market_value"":""24190.00"",""price_date"":""20260810"",""quantity"":500,""realized_pnl"":""0.00"",""stale_trade_days"":0,""ts_code"":""603308.SH""}",7120c75bbcca4a3725541a7639300cc3fddf7b107cba1e9d257640e61732c9fa,docker-scheduler
781ce80938bffe72a015,6a0e70008d58316cb4bf,2026-08-10T11:47:06.309644+00:00,model_top20,20260810,15,POSITION,20260810:688166.SH,5b8fd330ffdf4f43ed88ab4031b4748d678c48215dea3987ca54a89a936ee350,688166.SH,,713,,,,,713,"{""close"":""37.41"",""cost_basis"":""22402.27"",""market_value"":""26673.33"",""price_date"":""20260810"",""quantity"":713,""realized_pnl"":""0.00"",""stale_trade_days"":0,""ts_code"":""688166.SH""}",5c1fd6eb071b655016d4c7d98381384c820a790117722e841675d37c78029f39,docker-scheduler
cf3cf4f90eb32bbacbda,6a0e70008d58316cb4bf,2026-08-10T11:47:06.309644+00:00,model_top20,20260810,16,POSITION,20260810:688313.SH,5b8fd330ffdf4f43ed88ab4031b4748d678c48215dea3987ca54a89a936ee350,688313.SH,,233,,,,,233,"{""close"":""134.01"",""cost_basis"":""22374.93"",""market_value"":""31224.33"",""price_date"":""20260810"",""quantity"":233,""realized_pnl"":""0.00"",""stale_trade_days"":0,""ts_code"":""688313.SH""}",dfe421558537cd0b81590276ba93fd4d9231710683eb3f931ad1598ca0adf344,docker-scheduler
0932bb818c02521e1362,6a0e70008d58316cb4bf,2026-08-10T11:47:06.309644+00:00,model_top20,20260810,17,POSITION,20260810:688343.SH,5b8fd330ffdf4f43ed88ab4031b4748d678c48215dea3987ca54a89a936ee350,688343.SH,,393,,,,,393,"{""close"":""59.99"",""cost_basis"":""22407.94"",""market_value"":""23576.07"",""price_date"":""20260810"",""quantity"":393,""realized_pnl"":""0.00"",""stale_trade_days"":0,""ts_code"":""688343.SH""}",264c1ca956715f74a9647407740ddf275dfcb93a1a4114b4d10bdb29c2c2db30,docker-scheduler
9bca55221b9def3ba743,6a0e70008d58316cb4bf,2026-08-10T11:47:06.309644+00:00,model_top20,20260810,18,CASH,20260810,5b8fd330ffdf4f43ed88ab4031b4748d678c48215dea3987ca54a89a936ee350,,,,,,,99941.57,,"{""cash"":""99941.57""}",bf1a83b0b25721b0bd189fc4b2c8bf5d3bc875e234b6db43bcbb32232636c6bb,docker-scheduler
ea50125a4f666ae9ec2d,6a0e70008d58316cb4bf,2026-08-10T11:47:06.309644+00:00,model_top20,20260810,19,NAV,20260810,5b8fd330ffdf4f43ed88ab4031b4748d678c48215dea3987ca54a89a936ee350,,,,,,,99941.57,,"{""benchmark_nav"":""1.010814496143669230906696959"",""cash"":""99941.57"",""cash_ratio"":""0.1994936087794971538573780836"",""cumulative_dividends"":""48.00"",""cumulative_fees"":""477.69"",""daily_fees"":""0.00"",""drawdown"":""-0.0034460119881766901798226504"",""equation_difference"":""0.00"",""freshness_status"":""PASS"",""market_value"":""401034.73"",""net_asset"":""500976.30"",""net_excess"":""-0.008861896143669230906696959"",""normalized_nav"":""1.0019526"",""positions"":[{""close"":""14.5"",""cost_basis"":""28129.53"",""market_value"":""24650.00"",""price_date"":""20260810"",""quantity"":1700,""realized_pnl"":""0.00"",""stale_trade_days"":0,""ts_code"":""000032.SZ""},{""close"":""6.94"",""cost_basis"":""22161.87"",""market_value"":""24290.00"",""price_date"":""20260810"",""quantity"":3500,""realized_pnl"":""0.00"",""stale_trade_days"":0,""ts_code"":""000060.SZ""},{""close"":""23.24"",""cost_basis"":""21666.72"",""market_value"":""23240.00"",""price_date"":""20260810"",""quantity"":1000,""realized_pnl"":""0.00"",""stale_trade_days"":0,""ts_code"":""000062.SZ""},{""close"":""38.53"",""cost_basis"":""21912.79"",""market_value"":""23118.00"",""price_date"":""20260810"",""quantity"":600,""realized_pnl"":""0.00"",""stale_trade_days"":0,""ts_code"":""002050.SZ""},{""close"":""55.24"",""cost_basis"":""19846.15"",""market_value"":""22096.00"",""price_date"":""20260810"",""quantity"":400,""realized_pnl"":""0.00"",""stale_trade_days"":0,""ts_code"":""002837.SZ""},{""close"":""20.59"",""cost_basis"":""21016.51"",""market_value"":""22649.00"",""price_date"":""20260810"",""quantity"":1100,""realized_pnl"":""0.00"",""stale_trade_days"":0,""ts_code"":""003022.SZ""},{""close"":""68.36"",""cost_basis"":""23275.21"",""market_value"":""20508.00"",""price_date"":""20260810"",""quantity"":300,""realized_pnl"":""0.00"",""stale_trade_days"":0,""ts_code"":""300136.SZ""},{""close"":""86.95"",""cost_basis"":""15405.15"",""market_value"":""17390.00"",""price_date"":""20260810"",""quantity"":200,""realized_pnl"":""0.00"",""stale_trade_days"":0,""ts_code"":""300395.SZ""},{""close"":""286.0"",""cost_basis"":""20262.28"",""market_value"":""28600.00"",""price_date"":""20260810"",""quantity"":100,""realized_pnl"":""0.00"",""stale_trade_days"":0,""ts_code"":""300476.SZ""},{""close"":""171.15"",""cost_basis"":""14205.14"",""market_value"":""17115.00"",""price_date"":""20260810"",""quantity"":100,""realized_pnl"":""0.00"",""stale_trade_days"":0,""ts_code"":""300548.SZ""},{""close"":""43.67"",""cost_basis"":""19731.12"",""market_value"":""21835.00"",""price_date"":""20260810"",""quantity"":500,""realized_pnl"":""0.00"",""stale_trade_days"":0,""ts_code"":""600111.SH""},{""close"":""38.3"",""cost_basis"":""20544.37"",""market_value"":""22980.00"",""price_date"":""20260810"",""quantity"":600,""realized_pnl"":""0.00"",""stale_trade_days"":0,""ts_code"":""600498.SH""},{""close"":""53.8"",""cost_basis"":""22006.82"",""market_value"":""26900.00"",""price_date"":""20260810"",""quantity"":500,""realized_pnl"":""0.00"",""stale_trade_days"":0,""ts_code"":""603119.SH""},{""close"":""48.38"",""cost_basis"":""24002.44"",""market_value"":""24190.00"",""price_date"":""20260810"",""quantity"":500,""realized_pnl"":""0.00"",""stale_trade_days"":0,""ts_code"":""603308.SH""},{""close"":""37.41"",""cost_basis"":""22402.27"",""market_value"":""26673.33"",""price_date"":""20260810"",""quantity"":713,""realized_pnl"":""0.00"",""stale_trade_days"":0,""ts_code"":""688166.SH""},{""close"":""134.01"",""cost_basis"":""22374.93"",""market_value"":""31224.33"",""price_date"":""20260810"",""quantity"":233,""realized_pnl"":""0.00"",""stale_trade_days"":0,""ts_code"":""688313.SH""},{""close"":""59.99"",""cost_basis"":""22407.94"",""market_value"":""23576.07"",""price_date"":""20260810"",""quantity"":393,""realized_pnl"":""0.00"",""stale_trade_days"":0,""ts_code"":""688343.SH""}],""trade_date"":""20260810"",""turnover"":""0""}",e2f5fc7654149afdc81c1d56204f849268ef3457889dd009b1e11e12b122879f,docker-scheduler
